{"data":[{"author_id":"126133550","text":"Grosse force à vous les amis de l’ Algérie \uD83C\uDDE9\uD83C\uDDFF les images que l’on voit sont affreuses. \nOn peut pas faire grand chose, mais on pense à vous. #Kabylie","created_at":"2021-08-13T09:51:10.000Z","public_metrics":{"retweet_count":0,"reply_count":0,"like_count":0,"quote_count":0},"id":"1426119124774801409","lang":"fr"},{"author_id":"1037640382815895554","text":"#Algerie : le père du jeune bénévole assassiné en #Kabylie . Les habitants demandent le pardon.\nhttps://t.co/aM0uqsAjLD\n #Tunisie","created_at":"2021-08-13T09:43:31.000Z","public_metrics":{"retweet_count":0,"reply_count":0,"like_count":0,"quote_count":0},"id":"1426117202680373251","lang":"fr"},{"author_id":"2201283403","text":"#EMSR533 - #Kabylie #Algeria #wildfires\n\nDozens of km of fire fronts\uD83D\uDD25are active\n\nIt took our #RapidMappingTeam all night to delineate the many extreme blazes\n\nTizi Ouzou:\uD83E\uDDD1‍\uD83E\uDD1D‍\uD83E\uDDD148,700 people,\uD83C\uDF3346,600 ha of vegetation &amp;\uD83C\uDFE0700 buildings affected\nAokas:\uD83E\uDDD1‍\uD83E\uDD1D‍\uD83E\uDDD14,500 people &amp;\uD83C\uDF335,750 ha affected https://t.co/Svhi62CPJc","attachments":{"media_keys":["3_1426116389237051392"]},"created_at":"2021-08-13T09:42:29.000Z","public_metrics":{"retweet_count":5,"reply_count":2,"like_count":9,"quote_count":0},"id":"1426116939580166148","lang":"en"},{"author_id":"1049253524","text":"En ce Vendredi #Joumou3a \nQu’Allah préserve et protège ts mes frères et mes sœurs\uD83E\uDD32\uD83C\uDFFB#Algériens\nQu’Allah vienne en aide aux plus démunis\uD83E\uDD32\uD83C\uDFFB\nQu’Allah fasse miséricorde à tous nos morts\uD83E\uDD32\uD83C\uDFFB\nQu’Allah guérit tous les malades\uD83E\uDD32\uD83C\uDFFB\nQu’Allah accorde la pluie en #Kabylie #Algérie #AlgerieBrule https://t.co/VUNbb9eaah","attachments":{"media_keys":["3_1426116769446510599","3_1426116769454960640","3_1426116769450704897","3_1426116769434030082"]},"created_at":"2021-08-13T09:41:50.000Z","public_metrics":{"retweet_count":0,"reply_count":0,"like_count":2,"quote_count":0},"id":"1426116778623635461","lang":"fr"},{"author_id":"1201950552508260355","text":"https://t.co/MIwssD1fz1 #Algerie_brule #kabylie #Tizi_Ouzou #JusticePourDjamelBenIsmail #jijel #Guelma #bouira #tebessa #sétif #assassinat #medea #chlef #Bejaia #boumerdes #COVID","created_at":"2021-08-13T09:28:28.000Z","public_metrics":{"retweet_count":0,"reply_count":0,"like_count":0,"quote_count":0},"id":"1426113412984102912","lang":"und"},{"author_id":"1293122607609458689","text":"#Algerie #Kabylie #kabylie_brule  #libération un État absent un peuple présent. https://t.co/Rp5gXukUHZ","attachments":{"media_keys":["3_1426112602111889410"]},"created_at":"2021-08-13T09:25:16.000Z","public_metrics":{"retweet_count":1,"reply_count":0,"like_count":3,"quote_count":0},"id":"1426112607656849410","lang":"fr"},{"author_id":"2364321492","text":"@Hassan_Bousetta Le retour au moyen âge? Dramatique ! #Algérie #Kabylie","created_at":"2021-08-13T09:25:11.000Z","public_metrics":{"retweet_count":0,"reply_count":0,"like_count":2,"quote_count":0},"id":"1426112586328772609","lang":"fr"},{"author_id":"14366588","text":"«Les informations prioritaires du JT étaient les activités parlementaires» #Kabylie #Algerie \nhttps://t.co/NFzxvHC3pW","created_at":"2021-08-13T09:20:07.000Z","public_metrics":{"retweet_count":3,"reply_count":0,"like_count":3,"quote_count":0},"id":"1426111311088336898","lang":"fr"},{"author_id":"1026507115345719297","text":"#kabyliebrule #kabylie #PrayForAlgeria #تيزي_وزو_تحترق https://t.co/YeBINVcYVb","created_at":"2021-08-13T09:17:10.000Z","public_metrics":{"retweet_count":0,"reply_count":0,"like_count":0,"quote_count":0},"id":"1426110570533691397","lang":"und"},{"author_id":"2593896270","text":"#Algerie \n#Kabylie \n#kabyliebrule \n#PrayForAlgeria https://t.co/jxVWcqdMc8","attachments":{"media_keys":["3_1426109784307216385"]},"created_at":"2021-08-13T09:14:04.000Z","public_metrics":{"retweet_count":4,"reply_count":0,"like_count":5,"quote_count":0},"id":"1426109789902446593","lang":"und"},{"author_id":"471076259","text":"Les 2 #Canadair et le Beech sont arrivés en #Algérie.\nLes premiers largages ont été réalisés pour faire face aux #FeuxDeForêt qui touchent la #Kabylie. \uD83C\uDDEB\uD83C\uDDF7\uD83C\uDDE9\uD83C\uDDFF https://t.co/P1b2t5qV8C","created_at":"2021-08-13T09:08:49.000Z","public_metrics":{"retweet_count":2,"reply_count":0,"like_count":2,"quote_count":0},"id":"1426108467442503690","lang":"fr"},{"author_id":"1356895296219930626","text":"\uD83D\uDD34Les 2 #Canadairs \uD83D\uDEE9️ mis à disposition par la France via l'UE \uD83C\uDDEA\uD83C\uDDFA pour lutter contre les #incendies en #kabylie\uD83D\uDD25ont effectué hier les premiers largages avec 32 attaques sur 3 zones différentes. Les #pompiers de l'air français continueront la lutte aujourd'hui.\n#prayforalgeria https://t.co/SFZpFF20Io","attachments":{"media_keys":["3_1426107186913161218"]},"created_at":"2021-08-13T09:03:44.000Z","public_metrics":{"retweet_count":12,"reply_count":3,"like_count":18,"quote_count":1},"id":"1426107189404520448","lang":"fr"},{"author_id":"1393197498504818689","text":"Tous ceux qui adorent et preferent l'#Algerie...qui s'affichent avec DZ et les drapeaux, ALLEZ AIDER a eteindre les feux en #Kabylie ! Allez dans vos bleds car la #kabyliebrule et si vous oubliez de revenir, pas grave ! #Marseille va etre vide... et les prisons aussi","created_at":"2021-08-13T09:03:42.000Z","public_metrics":{"retweet_count":0,"reply_count":3,"like_count":1,"quote_count":0},"id":"1426107180013522946","lang":"fr"},{"author_id":"1188597713346158592","text":"Le peuple algérien \uD83C\uDDE9\uD83C\uDDFFet la diaspora ici en france \uD83C\uDDE8\uD83C\uDDF5 vous remercie ainsi que les Parisiens #paris pour votre élan de générosité \uD83D\uDE4F.\n\n #PrayForAlgeria #MaKabylieBrule #Kabylie #Algerie #Algeria https://t.co/iqYU11kexV","created_at":"2021-08-13T08:56:01.000Z","public_metrics":{"retweet_count":0,"reply_count":0,"like_count":0,"quote_count":0},"id":"1426105245814374400","lang":"fr"},{"author_id":"1053034133608386562","text":"This is the WORST « Algeria » of all time.\n\nهذه أسوأ “جزائر” على مر الزمن.\n\nC'est la pire “Algérie” de tous les temps.\n#Algerie #Kabylie #PrayForAlgeria","created_at":"2021-08-13T08:55:52.000Z","public_metrics":{"retweet_count":0,"reply_count":0,"like_count":1,"quote_count":0},"id":"1426105209009410050","lang":"ca"},{"author_id":"1386068413538258945","text":"Pris pour un pyromane, Djamail Bensmail a été lynché par une foule en délire #Kabylie #Algérie I https://t.co/8gIfNiCmQv","created_at":"2021-08-13T08:52:13.000Z","public_metrics":{"retweet_count":0,"reply_count":0,"like_count":1,"quote_count":1},"id":"1426104290070908928","lang":"fr"},{"author_id":"1076554829273673728","text":"#Algerie #Algeria #الجزائر\n#اتحاد\n#Kabylie\n\nCheikh Arezki Hadj Said au sujet de\n#DjamelBensmail, adi sgunfu di thalwith/Allah irahmo, et des paroles de son père\n\nhttps://t.co/RgM0ZYgHdn","created_at":"2021-08-13T08:51:20.000Z","public_metrics":{"retweet_count":0,"reply_count":0,"like_count":0,"quote_count":0},"id":"1426104070260002816","lang":"fr"},{"author_id":"4857492965","text":"#Incendies #Kabylie : L’Europe débloque des aides pour les sinistrés des incendies https://t.co/He6tS35muK","created_at":"2021-08-13T08:51:10.000Z","public_metrics":{"retweet_count":0,"reply_count":0,"like_count":0,"quote_count":0},"id":"1426104025234219009","lang":"fr"},{"author_id":"275253266","text":"https://t.co/foF9MEhoTD\nTinkiet petite tu retourneras chez toi .\n#PrayForKabylia #kabyliebrule #kabylie","created_at":"2021-08-13T08:47:58.000Z","public_metrics":{"retweet_count":0,"reply_count":0,"like_count":0,"quote_count":0},"id":"1426103221433552899","lang":"fr"},{"author_id":"1204875750165426182","text":"À partager autour de vous #Algerie #Kabylie https://t.co/DOUgMcRNCS","attachments":{"media_keys":["3_1426103191549235200"]},"created_at":"2021-08-13T08:47:54.000Z","public_metrics":{"retweet_count":0,"reply_count":0,"like_count":0,"quote_count":0},"id":"1426103204262170627","lang":"fr"},{"author_id":"119832224","text":"1/2 le piège de se retrouver dans les villes, après les pertes écologiques qui va suivre dans le monde. La nature mère est notre maison à tous. Restez unis. Vous êtes souverains.  Vous avez toutes les capacités pour surmonter maladies, guerres…l’énergie libre de l’éther #kabylie","created_at":"2021-08-13T08:45:59.000Z","public_metrics":{"retweet_count":0,"reply_count":0,"like_count":0,"quote_count":0},"id":"1426102721850007553","lang":"fr"},{"author_id":"225166253","text":"Courage à toute la population algérienne\uD83D\uDE4F\uD83C\uDFFC#incendie #feux #Kabylie https://t.co/VK5jeEuFwN","created_at":"2021-08-13T08:43:22.000Z","public_metrics":{"retweet_count":0,"reply_count":0,"like_count":3,"quote_count":0},"id":"1426102062933237761","lang":"fr"},{"author_id":"1188597713346158592","text":"Le peuple algérien \uD83C\uDDE9\uD83C\uDDFF est un peuple courageux ! #Kabylie    #PrayForAlgeria https://t.co/SipYHf7Zf2","attachments":{"media_keys":["3_1426101210512306176"]},"created_at":"2021-08-13T08:39:59.000Z","public_metrics":{"retweet_count":2,"reply_count":0,"like_count":3,"quote_count":0},"id":"1426101212768882692","lang":"fr"},{"author_id":"169018852","text":"@SergeZaka @eu_echo @FeuxdeForet_FR @infoclimat @cassouman40 @JouzelJean @SecCivileFrance @Forumeteoclimat @CNRS @laydgeur Oui.. Mêmes si ces pays connaissent de lourds #incendies chaque été, ceux qui arrivent et ceux en cours (#Grèce #Kabylie etc.) sont très importants. Sans oublier qu'il faut 50 ans pour régénérer entièrement une #forêt méditerranéenne (source @INRAE_France / projet Irise Irstea).","created_at":"2021-08-13T08:36:16.000Z","public_metrics":{"retweet_count":0,"reply_count":0,"like_count":2,"quote_count":0},"id":"1426100277875290113","lang":"fr"},{"author_id":"564811530","text":"@taharhani Elle est magnifique #Kabylie","created_at":"2021-08-13T08:36:03.000Z","public_metrics":{"retweet_count":0,"reply_count":1,"like_count":0,"quote_count":0},"id":"1426100222237741057","lang":"fr"},{"author_id":"1188597713346158592","text":"C'est un drame humain et écologique que mon pays \uD83C\uDDE9\uD83C\uDDFF , ma #kabylie vit actuellement . Le lien avec mon 2 ème pays \uD83C\uDDE8\uD83C\uDDF5 est fort et indéfectible ! Merci @vpecresse et la @iledefrance pour votre aide et votre générosité. #PrayForAlgeria #MaKabylieBrule https://t.co/CwmmEw4Mi9","created_at":"2021-08-13T08:33:11.000Z","public_metrics":{"retweet_count":0,"reply_count":0,"like_count":0,"quote_count":0},"id":"1426099503078203396","lang":"fr"},{"author_id":"2593896270","text":"Alah yerahmak. Inchalah ouine rak kheir min hadhi el denya ta3 el mehabele. Assmahena Djamel Bensmail\uD83D\uDC94\n#Algerie \n#Kabylie \n#kabyliebrule \n#PrayForAlgeria https://t.co/XnhD9kmPtN","attachments":{"media_keys":["3_1426098611008512002","3_1426098613936181251","3_1426098627571748885"]},"created_at":"2021-08-13T08:29:43.000Z","public_metrics":{"retweet_count":3,"reply_count":2,"like_count":4,"quote_count":0},"id":"1426098629773832192","lang":"in"},{"author_id":"1273218547846729729","text":"#VIDEO\n#Algérie, la lutte contre les #incendies ravageurs se poursuit en #Kabylie https://t.co/3gYU8stPGb","attachments":{"media_keys":["7_1426097599916822529"]},"created_at":"2021-08-13T08:26:14.000Z","public_metrics":{"retweet_count":0,"reply_count":1,"like_count":3,"quote_count":0},"id":"1426097753164185601","lang":"fr"},{"author_id":"1393197498504818689","text":"1. L'#Algerie n est plus francaise\n2. La #France est algerienne\n3. La #Kabylie brule c est leurs soucis\n4. #Benzema peut faire un don\n5. On a 1.8 millions de main d'oeuvre gratis ici qui peuvent y aller\n\n#touchepasamesgosses !","created_at":"2021-08-13T08:25:20.000Z","public_metrics":{"retweet_count":0,"reply_count":0,"like_count":0,"quote_count":0},"id":"1426097527431049218","lang":"fr"},{"author_id":"1219222929743007744","text":"cc/FYI #Kabylie #Algeria #wildfires @adlenmeddi @JournaLiberteDZ @JTAtv5monde @jeune_afrique @JournalMouradia @Tamazgha_ @AmazighWNews  @Dr_lyes_ @khaleddrareni @ElkadiIhsane @kdjdz @TSAlgerie @LeilaBeratto @radioalgerie @entv_dz @MehdiAlioui","created_at":"2021-08-13T08:21:42.000Z","public_metrics":{"retweet_count":3,"reply_count":1,"like_count":3,"quote_count":0},"id":"1426096609964740615","lang":"in"},{"author_id":"1219222929743007744","text":"cc/FYI #Kabylie #Algeria #wildfires @EUinArabic @euneighbours @MAdelAbdelaziz @nafcoast @essamheggy @africa_ci @DEarthAfrica @SpacehubsAfrica @touattar @OulaAmrouni @icpac_igad @RCMRD_ @CRASTE_LF @TheDailyClimate @ClimateHome @HealthandEnv @EO_OPEN_SCIENCE @APS_Algerie @UNALGERIA","created_at":"2021-08-13T08:21:41.000Z","public_metrics":{"retweet_count":0,"reply_count":1,"like_count":2,"quote_count":0},"id":"1426096608303853568","lang":"in"},{"author_id":"1352310164","text":"« Cette fois, c’est incontrôlable » : en #Algérie, la détresse de la population face aux feux qui ravagent la #Kabylie – via @lemondefr  https://t.co/H44TzOdPMH","created_at":"2021-08-13T08:21:33.000Z","public_metrics":{"retweet_count":0,"reply_count":0,"like_count":0,"quote_count":0},"id":"1426096575793795073","lang":"fr"},{"author_id":"563128011","text":"Vive émotion face aux incendies meurtriers qui ravagent la #Kabylie. Face à une telle crise humanitaire, le refus des autorités algériennes de saisir la main tendue par l'aide internationale est incompréhensible. https://t.co/jl8ma3yF57","created_at":"2021-08-13T08:13:59.000Z","public_metrics":{"retweet_count":1,"reply_count":0,"like_count":7,"quote_count":0},"id":"1426094668761243649","lang":"fr"},{"author_id":"1021855300335357953","text":"Ces incendies vont laisser une trace indélébile sur la terre, dans les cœurs et dans les têtes. \n#Algerie \n#Kabylie","created_at":"2021-08-13T08:05:07.000Z","public_metrics":{"retweet_count":11,"reply_count":3,"like_count":26,"quote_count":0},"id":"1426092438716878850","lang":"fr"},{"author_id":"1195808256083537921","text":"@grandlyon qd président de métropole @grandlyon est alerté sur graves dysfonctionnements de ses sces ASE qui ont brisé vie d enfants #zaghouane innocents pr cause de conflits perso avec leur papa, abus zèle conflit intérêt il vs bloque\nbelle démocratie #EELV\nRéparez\n#Algerie\n#Kabylie\n#Messi https://t.co/wcjdnSQFIo","attachments":{"media_keys":["3_1426091448450129921","3_1426091452061425665"]},"created_at":"2021-08-13T08:01:12.000Z","public_metrics":{"retweet_count":0,"reply_count":0,"like_count":0,"quote_count":0},"id":"1426091453978136581","lang":"fr"},{"author_id":"1246288309","text":"#Algérie #kabyliebrule #Kabylie #soutien #solidarite #Marseille #France Urgent, collecte de dons à Marseille https://t.co/mMdOdpwuUa","attachments":{"media_keys":["3_1426090779630571523"]},"created_at":"2021-08-13T07:58:53.000Z","public_metrics":{"retweet_count":1,"reply_count":0,"like_count":2,"quote_count":0},"id":"1426090868189147142","lang":"fr"},{"author_id":"93847998","text":"Aux drames du #Covid_19 ,des #incendies #algerie  #Kabylie , le #lynchage de #DjamelBensmail ajoute l'effroi et l'horreur. Face à la violence des passions déchaînée quand l'individu et le peuple sont remplacés par la foule, son père admirable appelle à l'unité et à la fraternité https://t.co/Lj1AsuhyaM","created_at":"2021-08-13T07:54:37.000Z","public_metrics":{"retweet_count":1,"reply_count":0,"like_count":4,"quote_count":0},"id":"1426089794942246913","lang":"fr"},{"author_id":"163803115","text":"Bonjour à tous. Images de la #Kabylie avant les incendies https://t.co/IkY427XtUM","attachments":{"media_keys":["3_1426089329051545600","3_1426089329126936576","3_1426089329122754561","3_1426089329122807809"]},"created_at":"2021-08-13T07:52:47.000Z","public_metrics":{"retweet_count":0,"reply_count":1,"like_count":10,"quote_count":0},"id":"1426089332893421568","lang":"fr"},{"author_id":"2410681966","text":"Suivre les incendies en #kabylie et les voir s'approcher jours après jours de mon village... Courage à tout ceux touchés (émotionnellement, physiquement...). On s'en sortira inch'allah","created_at":"2021-08-13T07:48:09.000Z","public_metrics":{"retweet_count":0,"reply_count":0,"like_count":1,"quote_count":0},"id":"1426088169888485376","lang":"fr"},{"author_id":"71572820","text":"Plusieurs départs de feu simultanés, la piste criminelle ne fait aucun doute. La terre (La #Kabylie) qui a vu naître mes parents brûle. Fier de voir que le pays dans lequel je suis né, j’ai grandi et je vis apporte son soutien indéfectible. Vive la République. Vive la #France. https://t.co/kqD2XCWaUF","attachments":{"media_keys":["3_1426087713070059522"]},"created_at":"2021-08-13T07:46:22.000Z","public_metrics":{"retweet_count":0,"reply_count":0,"like_count":1,"quote_count":0},"id":"1426087721089515521","lang":"fr"},{"author_id":"848826626","text":"\uD83D\uDD25Toute ma solidarité avec l’#Algerie\uD83C\uDDE9\uD83C\uDDFFface à ces flammes meurtrières. \n\nCes drames cumulés en  #Kabylie, #Grèce, #Italie nous disent et redisent qu’il faut lutter contre le réchauffement climatique. L’#Europe \uD83C\uDDEA\uD83C\uDDFApeut et doit aider à contrôler ses effets. @lemondefr https://t.co/N3tbcVQC4W","created_at":"2021-08-13T07:43:38.000Z","public_metrics":{"retweet_count":1,"reply_count":1,"like_count":9,"quote_count":1},"id":"1426087031705325568","lang":"fr"},{"author_id":"550310523","text":"Alĝerio :  la incendioj plu frapas Kabilion\nĴaŭdon 12an de aŭgusto, la provizora bilanco mencias 69 mortintojn en Alĝerio post la perfortaj incendioj, kiuj komenciĝis tri tagojn antaŭe.\nhttps://t.co/aaUG9gr9wd\n#Kabylie\n#Algeriaisburning\n#Tiziouzou\n#Esperanto https://t.co/uq025JvPty","attachments":{"media_keys":["3_1426085371599888385"]},"created_at":"2021-08-13T07:37:16.000Z","public_metrics":{"retweet_count":0,"reply_count":0,"like_count":1,"quote_count":0},"id":"1426085427715452934","lang":"cs"},{"author_id":"1617383198","text":"#Afrique - #Kabylie - #Algérie : \"Les incendies de forêt ont fait plus de 69 décès est d’importants dégâts à Tizi Ouzou : Au cœur du désastre\" https://t.co/AMsxpgs6l9","created_at":"2021-08-13T07:29:16.000Z","public_metrics":{"retweet_count":0,"reply_count":0,"like_count":0,"quote_count":0},"id":"1426083418257952768","lang":"fr"},{"author_id":"1617383198","text":"#Afrique - #Kabylie - #Algérie : \"Suite aux incendies qui ont fait plus de 69 décès à Tizi Ouzou : La solidarité avec les familles sinistrées prend forme\" https://t.co/5ytZfKGLdK","created_at":"2021-08-13T07:29:16.000Z","public_metrics":{"retweet_count":0,"reply_count":0,"like_count":0,"quote_count":0},"id":"1426083415108071424","lang":"fr"},{"author_id":"1617383198","text":"#Afrique - #Kabylie - #Algérie : \"Les feux font 5 morts et imposent le plan ORSEC à Béjaïa\" https://t.co/OPmoERToF2","created_at":"2021-08-13T07:29:15.000Z","public_metrics":{"retweet_count":0,"reply_count":0,"like_count":0,"quote_count":0},"id":"1426083412960546816","lang":"fr"},{"author_id":"1617383198","text":"#Afrique - #Kabylie - #Algérie : \"Incendies dans le centre du pays : Bouira accueille des sinistrés de Tizi Ouzou\" https://t.co/5ouc2x10uH","created_at":"2021-08-13T07:29:14.000Z","public_metrics":{"retweet_count":0,"reply_count":0,"like_count":0,"quote_count":0},"id":"1426083408837545985","lang":"fr"},{"author_id":"1231922522549104641","text":"Incendies : Valérie Pécresse, Présidente du Conseil Régional d'Ile de France, annonce une enveloppe de 100.000 euros d’aide pour la Kabylie. \nLes associations et ONG qui activent sur le terrain peuvent bénéficier de cette aide urgencekabylie@iledefrance.fr\n#kabylie_brule #kabylie https://t.co/nZsSU1gvN4","attachments":{"media_keys":["3_1426081260162756609"]},"created_at":"2021-08-13T07:20:42.000Z","public_metrics":{"retweet_count":0,"reply_count":0,"like_count":1,"quote_count":0},"id":"1426081262217879553","lang":"fr"},{"author_id":"3063975899","text":"La #Kabylie brûle, la #Grece brûle la #Californie brûle,...et c'est #Messi qui met le feu \uD83D\uDD25...On aurait pas un problème de priorité pour ne pas vivre, été après été, l'enchaînement #domedechaleur #incendies dramatiques? #RapportGIEC #ChangementClimatique https://t.co/bbu6983G6y]","created_at":"2021-08-13T07:19:11.000Z","public_metrics":{"retweet_count":5,"reply_count":0,"like_count":5,"quote_count":0},"id":"1426080878246117378","lang":"fr"},{"author_id":"781402954163159040","text":"RT meteofrance : \uD83D\uDEF0️ Vu de l'espace || Depuis plusieurs jours, de nombreux incendies sévissent dans la région de la #Kabylie. Les panaches de ces nombreux feux se distinguent sur l'image dans des teintes grisâtres. Des nuages blancs se mêlent également à … https://t.co/gmX5ItZaUd","created_at":"2021-08-13T07:16:13.000Z","public_metrics":{"retweet_count":0,"reply_count":0,"like_count":1,"quote_count":0},"id":"1426080132549201921","lang":"fr"},{"author_id":"1589391517","text":"I see many so called Algerians online bashing the government response to the fires in the #Kabylie and other regions without taking in consideration the 3 day mourning period. Tell me please? Do they have a God in their lives? Do they have any empathy for the dead?\n#AlgeriaStrong","created_at":"2021-08-13T07:07:50.000Z","public_metrics":{"retweet_count":0,"reply_count":0,"like_count":0,"quote_count":0},"id":"1426078022810046468","lang":"en"},{"author_id":"222277722","text":"Nos oliviers sont brulés ainsi que les vergers et les champs, c'est devenue une terre de désolation Mais le plus important sont les vies sauvées et le magnifique élan de solidarité. Milles mercis à tous ceux qui se mobilisent pour sauver la #Kabylie","created_at":"2021-08-13T06:55:24.000Z","public_metrics":{"retweet_count":3,"reply_count":0,"like_count":6,"quote_count":0},"id":"1426074895138578438","lang":"fr"},{"author_id":"379728288","text":"La France, l'Europe,  doivent aider vite et fort la #Kabylie en flammes !\nSolidarité active avec le peuple algérien !","created_at":"2021-08-13T06:55:21.000Z","public_metrics":{"retweet_count":0,"reply_count":0,"like_count":2,"quote_count":0},"id":"1426074881846808576","lang":"fr"},{"author_id":"1246288309","text":"#Algerie #Kabylie #solidarite #soutien #urgence  \nDonnons du souffle à l'Algérie. cagnotte.\nhttps://t.co/hn8QYdJ7xH","created_at":"2021-08-13T06:51:10.000Z","public_metrics":{"retweet_count":0,"reply_count":0,"like_count":0,"quote_count":0},"id":"1426073827344322562","lang":"fr"},{"author_id":"1609128032","text":"Il faut lancer une compagne de reboisement #kabylie #PrayForAlgeria","created_at":"2021-08-13T06:46:00.000Z","public_metrics":{"retweet_count":0,"reply_count":0,"like_count":1,"quote_count":0},"id":"1426072530020884482","lang":"fr"},{"author_id":"1185831053249990656","text":"Supporting victims of fires  en faisant un don. https://t.co/f456Sbo5Sp via @helloasso #Kabylie #Algerie #AlgeriaIsBurning","created_at":"2021-08-13T06:19:36.000Z","public_metrics":{"retweet_count":0,"reply_count":0,"like_count":0,"quote_count":0},"id":"1426065884611809280","lang":"en"},{"author_id":"930421909","text":"« Cette fois, c’est incontrôlable » !\nen #Algérie, la détresse de la population face aux feux qui ravagent la #Kabylie\nhttps://t.co/YQ0R2TKE5m\n\"incendies qui ont déjà causé la mort d’au moins 69 personnes, 41 civils et 28 militaires...\"\n#kabyliebrule #incendie","created_at":"2021-08-13T06:16:55.000Z","public_metrics":{"retweet_count":0,"reply_count":0,"like_count":2,"quote_count":0},"id":"1426065210595581955","lang":"fr"},{"author_id":"1241140173922086912","text":"#algerie  @eu_echo @franceinter\n@libe @time @nytimesworld @derspiegel @lemondefr #الجزائر\nHELP\nMerci Mr le Président @EmmanuelMacron\nPour votre humanisme et surtout d'avoir défoncé cette barrière de nos dictateurs génocidaires dont nous sommes otages\nLa #Kabylie brûle depuis 5j! https://t.co/qkyJdtfR4J https://t.co/WGACpP87cW","attachments":{"media_keys":["3_1426064974208765955"]},"created_at":"2021-08-13T06:16:00.000Z","public_metrics":{"retweet_count":0,"reply_count":0,"like_count":0,"quote_count":0},"id":"1426064976515670018","lang":"fr"},{"author_id":"437774410","text":"#Algérie : accusé d’avoir tenté de provoquer un incendie, un jeune lynché à mort en #Kabylie https://t.co/i0R5owZy8C via @Observateurs","created_at":"2021-08-13T06:07:36.000Z","public_metrics":{"retweet_count":0,"reply_count":0,"like_count":1,"quote_count":0},"id":"1426062865723760642","lang":"fr"},{"author_id":"2806136484","text":"La #Kabylie brûle, la solidarité flamboie, la colère couve. #Climat  https://t.co/OAoSY5lmhi","created_at":"2021-08-13T06:04:12.000Z","public_metrics":{"retweet_count":1,"reply_count":0,"like_count":0,"quote_count":0},"id":"1426062007560720386","lang":"fr"},{"author_id":"3253083733","text":"#Hidalgo 30k€ en aide pour la #Kabylie #Incendies https://t.co/ZqlJIxTZw2","created_at":"2021-08-13T06:03:08.000Z","public_metrics":{"retweet_count":0,"reply_count":0,"like_count":0,"quote_count":0},"id":"1426061742006837248","lang":"fr"},{"author_id":"3253083733","text":"#kabylie #Incendies https://t.co/0DiWrchs54","created_at":"2021-08-13T05:52:00.000Z","public_metrics":{"retweet_count":0,"reply_count":0,"like_count":0,"quote_count":0},"id":"1426058937338667008","lang":"und"},{"author_id":"710898065981444098","text":"Rappel : les dramatiques et bien médiatisés \uD83D\uDD25 en #Grèce ont fait 2 victimes.\nEn #Algérie et #Kabylie, ce sont 69 morts et on en a  beaucoup moins entendu parler. https://t.co/ACl7dgZoZD","created_at":"2021-08-13T05:47:19.000Z","public_metrics":{"retweet_count":0,"reply_count":0,"like_count":0,"quote_count":0},"id":"1426057761016647681","lang":"fr"},{"author_id":"4142730315","text":"#OnNeBadinePasAvecLeLive            c’est quoi tout ça  ? \n☹\nDe son côté la presse algérienne officielle, bras armé du régime préfère insulter le Souverain marocain ce qui prouve, une fois de plus, sa mesquinerie.\n\n#MAROC #ALGERIE #KABYLIE #MAGHREB","created_at":"2021-08-13T05:46:23.000Z","public_metrics":{"retweet_count":0,"reply_count":0,"like_count":0,"quote_count":0},"id":"1426057526261465089","lang":"fr"},{"author_id":"1513828290","text":"This young man in Kabylie is begging for help. They lost everything. It’s heartbreaking. #Algeria #Kabylie #PrayForAlgeria https://t.co/D7h5BPEv1d","created_at":"2021-08-13T05:40:24.000Z","public_metrics":{"retweet_count":1,"reply_count":0,"like_count":9,"quote_count":0},"id":"1426056018925129729","lang":"en"},{"author_id":"15718863","text":"L’Algérie démunie face à la violence des incendies en #Kabylie #algerie  https://t.co/I8HytMMJSh https://t.co/4hR883vPfR","attachments":{"media_keys":["3_1426054134663364608"]},"created_at":"2021-08-13T05:32:56.000Z","public_metrics":{"retweet_count":0,"reply_count":0,"like_count":1,"quote_count":0},"id":"1426054138606014466","lang":"fr"},{"author_id":"1239266313622753282","text":"Je pense personnellement que le Président Algerien a des comptes à rendre à son peuple. #Algerie #Kabylie","created_at":"2021-08-13T05:28:04.000Z","public_metrics":{"retweet_count":0,"reply_count":1,"like_count":0,"quote_count":0},"id":"1426052914947272704","lang":"fr"},{"author_id":"2507651323","text":"Merci à toutes les personnes mobilisées ici et en Algérie pour aider la population de #Kabylie \nComment comprendre que l’#Algerie ne dispose pas de canadairs ? \nLe pouvoir algérien doit accepter toutes les aides, comme celle du #Maroc et d’autres. \nIl s’agit de sauver un peuple ! https://t.co/UY8RWmOhBz","created_at":"2021-08-13T05:24:22.000Z","public_metrics":{"retweet_count":9,"reply_count":1,"like_count":26,"quote_count":0},"id":"1426051985829240834","lang":"fr"},{"author_id":"3253083733","text":"#Kabylie #Solidarité citoyenne https://t.co/RXh0P4uJ99","created_at":"2021-08-13T05:04:17.000Z","public_metrics":{"retweet_count":1,"reply_count":0,"like_count":1,"quote_count":0},"id":"1426046931386736648","lang":"fr"},{"author_id":"68440549","text":"Des réseaux de citoyens, dénonçant l’impréparation des autorités, s’organisent eux-mêmes pour porter secours aux habitants de #Kabylie dévastée par les flammes. https://t.co/uzAB9ZCdrn","created_at":"2021-08-13T05:01:38.000Z","public_metrics":{"retweet_count":28,"reply_count":5,"like_count":74,"quote_count":4},"id":"1426046264085516291","lang":"fr"},{"author_id":"1016287835505221632","text":"Que Dieu accorde sa Miséricorde à ce petit bébé et cette étudiante partis dans les incendies en #Kabylie.\n\nMultiplions les prières pour eux et pour toutes les personnes en ce moment en péril\uD83D\uDE22\uD83D\uDE22 https://t.co/mvK69ot4cy","attachments":{"media_keys":["3_1426044969228423171","3_1426044971652685825"]},"created_at":"2021-08-13T04:56:31.000Z","public_metrics":{"retweet_count":38,"reply_count":7,"like_count":156,"quote_count":1},"id":"1426044974118936576","lang":"fr"},{"author_id":"1064585223101431811","text":"This is a preplanned by billgates. depopulation worldwide vaccines company under in to billgates and Target fire worldwide forest shortage foods\n#تيزي_وزو_تحترق \n#تيزي_وزو \n#Algerie \n#Algeria \n#Kabylie https://t.co/7kVDmLxZWG","attachments":{"media_keys":["3_1426042047115546629"]},"created_at":"2021-08-13T04:44:53.000Z","public_metrics":{"retweet_count":0,"reply_count":0,"like_count":1,"quote_count":1},"id":"1426042050177380352","lang":"en"},{"author_id":"1064585223101431811","text":"This is a preplanned by billgates. depopulation worldwide vaccines company under in to billgates and Target fire worldwide forest shortage foods\n#تيزي_وزو_تحترق \n#تيزي_وزو \n#Algerie \n#Algeria \n#Kabylie https://t.co/Izkw7KXAdV","attachments":{"media_keys":["3_1426041898175717380"]},"created_at":"2021-08-13T04:44:18.000Z","public_metrics":{"retweet_count":0,"reply_count":6,"like_count":1,"quote_count":1},"id":"1426041901405384705","lang":"en"},{"author_id":"1064585223101431811","text":"This is a preplanned by billgates. depopulation worldwide vaccines company under in to billgates and Target fire worldwide forest shortage foods\n#تيزي_وزو_تحترق \n#تيزي_وزو \n#Algerie \n#Algeria \n#Kabylie https://t.co/Lt22xWGAgT","attachments":{"media_keys":["3_1426041736892125186"]},"created_at":"2021-08-13T04:43:40.000Z","public_metrics":{"retweet_count":0,"reply_count":1,"like_count":0,"quote_count":0},"id":"1426041741057183746","lang":"en"},{"author_id":"1090680067","text":"Pitoyables dirigeants algériens qui ne méritent pas la #Kabylie .\nUne région riche culturellement, mais pauvre économiquement et en eau.\nPas même un Canadair en Algérie!\nPensées pour la Grèce, autre berceau de notre civilisation.","created_at":"2021-08-13T04:23:33.000Z","public_metrics":{"retweet_count":0,"reply_count":0,"like_count":1,"quote_count":0},"id":"1426036679882821637","lang":"fr"},{"author_id":"1321055726756892673","text":"Pourquoi un pays si riche comme #Algerie manque t-im cruellement de moyens ? Solidarité totale avec le peuple algérien #Kabylie","created_at":"2021-08-13T04:19:23.000Z","public_metrics":{"retweet_count":0,"reply_count":2,"like_count":0,"quote_count":0},"id":"1426035628957970434","lang":"fr"},{"author_id":"1409551759266230278","text":"@FaridFarone #Kabylie,  meurtrie et condamnée par des complots concoctés par des  agents DRS, sur le DOS  DE LA KABYLIE","created_at":"2021-08-13T04:07:00.000Z","public_metrics":{"retweet_count":0,"reply_count":1,"like_count":0,"quote_count":0},"id":"1426032516461383684","lang":"fr"},{"author_id":"1149097376637947904","text":"Ces personne ne représente pas les kabyle !ces des merde, des sauvages c tt  il était innocent et même si ce n’était pas le cas n’importe qu’elle humain mérite un procès équitable que justice soit faite et que ces fdp finissent leur vie derrière les barreau #Kabylie #Tizi_Ouzou","created_at":"2021-08-13T04:01:38.000Z","public_metrics":{"retweet_count":0,"reply_count":0,"like_count":2,"quote_count":0},"id":"1426031164058443779","lang":"fr"},{"author_id":"1423428911921258496","text":"#Kabylie \n * Suite à  1 Réunion regroupant les Sages de la ville de Larbaa Nath Iraten , il a été décidé l'envoi d'une forte délégation sur khemis-miliana pour présenter les condoléances à la famille du jeune #Djamel_Bensmail tué par des mercenaires commandités de l'étranger https://t.co/8S6sv6q2sv","attachments":{"media_keys":["3_1426026295637561345"]},"created_at":"2021-08-13T03:47:00.000Z","public_metrics":{"retweet_count":0,"reply_count":0,"like_count":0,"quote_count":0},"id":"1426027482571067395","lang":"fr"},{"author_id":"1193786760356085761","text":"#kabyliebrule #Kabylie \nLe réchauffement climatique et la sécheresse seraient la cause de ces incendies hein \uD83E\uDD14\uD83E\uDD28\uD83E\uDD2C\nLes coupables paieront... https://t.co/4r6UWUUDGS","created_at":"2021-08-13T03:33:25.000Z","public_metrics":{"retweet_count":0,"reply_count":0,"like_count":0,"quote_count":0},"id":"1426024061671514119","lang":"fr"},{"author_id":"1244418502552883200","text":"S’il vous plaît arrêtez de nous associer à ça alors que ça nous brûle le cœur ce qu’ils ont fait !!! C’est horrible il n’y a pas les mots\uD83D\uDE22 allah y rahmo #Algerie #Kabylie https://t.co/s9YhbNg80f","created_at":"2021-08-13T03:27:19.000Z","public_metrics":{"retweet_count":0,"reply_count":1,"like_count":1,"quote_count":0},"id":"1426022526988259328","lang":"fr"},{"author_id":"1374390604088504329","text":"#savedz #Bejaia #Kabylie #AlgeriaIsBurning https://t.co/PPOOWEdqix","created_at":"2021-08-13T02:56:24.000Z","public_metrics":{"retweet_count":0,"reply_count":0,"like_count":0,"quote_count":0},"id":"1426014747691003909","lang":"und"},{"author_id":"1201077311522652160","text":"\uD83D\uDC4DHIS EXCELLENCY PRESIDENT #JOVENELMOïSE (1968-2021) #Eulogy To A #President That Stood On The Shoulders Of #giants \n\uD83D\uDC49https://t.co/xyYoVJCJBG\nGet Your #eBook Today ! \n#KCORP #Omar #KCxSamsungOdyssey #Evangelion #jeudiphoto #Antilles #Guadeloupe #Algérie #Kabylie #BasseTerre","created_at":"2021-08-13T02:50:22.000Z","public_metrics":{"retweet_count":0,"reply_count":0,"like_count":0,"quote_count":0},"id":"1426013229239701513","lang":"en"},{"author_id":"1425808896564793348","text":"\uD83D\uDE21 #Tebboune criminel \n#kabylie #Algerie https://t.co/CBju7iva53","created_at":"2021-08-13T02:03:08.000Z","public_metrics":{"retweet_count":0,"reply_count":0,"like_count":0,"quote_count":0},"id":"1426001341474824203","lang":"es"},{"author_id":"1258038420871557121","text":"Incendies en Algérie: l’émouvant message de Belmadi aux victimes et aux héros en « première ligne » https://t.co/UbObuXnOmV via @Le Score \n#Belmadi #Algerie #Kabylie #incendie","created_at":"2021-08-13T02:00:40.000Z","public_metrics":{"retweet_count":0,"reply_count":0,"like_count":0,"quote_count":0},"id":"1426000723284791308","lang":"fr"},{"author_id":"1041008721164476418","text":"Il est président autoproclamée de 1118 abonnés \uD83D\uDE02\uD83E\uDD23\uD83E\uDD23\uD83E\uDD23\uD83E\uDD23\uD83D\uDE02\uD83D\uDE02\uD83E\uDD23\uD83E\uDD23\uD83E\uDD23\uD83E\uDD2A aucun #Kabyles ne peut oublier que « les Arabes » été là lorsque nous étions en enfer, qu’ils nous on rejoint en enfer!  tahia dzazair \uD83C\uDDE9\uD83C\uDDFF #Algerie #Kabylie https://t.co/zhhhZjTtEx","attachments":{"media_keys":["3_1425996803812597760"]},"created_at":"2021-08-13T01:45:07.000Z","public_metrics":{"retweet_count":1,"reply_count":2,"like_count":1,"quote_count":0},"id":"1425996808342355973","lang":"fr"},{"author_id":"1311032864759308290","text":"\uD83D\uDD25\uD83C\uDDE9\uD83C\uDDFF Retenez son nom :\n\n#Jamal Ben Ismaïl.\n\n\uD83D\uDC49 Cet homme a été lâchement assassiné ! Il fut brûlé vif...par les siens !!\n\n\uD83D\uDC49 Son crime ? Il a voulu aider ses compatriotes à éteindre les #incendies dans la #Kabylie.\n\n\uD83D\uDC49 Ils l'ont pris pour un #pyromane !! #PrayForKabylia #Algerie https://t.co/tzSmjRiOyk","attachments":{"media_keys":["3_1425989235962695680"]},"created_at":"2021-08-13T01:15:02.000Z","public_metrics":{"retweet_count":1,"reply_count":0,"like_count":6,"quote_count":0},"id":"1425989238403829761","lang":"fr"},{"author_id":"1385233706755973122","text":"Au milieu de la pire catastrophe qui frappe la #Kabylie\n\nLe gouvernement algerien fait tout pour recuperer la solidarité des citoyens à son profit et recuperer le peuple kabyle, le peuple le plus opposé a ce gouvernement des généraux\n#kabyliebrule  #Maroc   #KABYLIESBURNING","created_at":"2021-08-13T01:07:55.000Z","public_metrics":{"retweet_count":1,"reply_count":0,"like_count":2,"quote_count":0},"id":"1425987447947776001","lang":"fr"},{"author_id":"782205937360769024","text":"Les gens ne veulent pas comprendre que c'est votre gouvernement qui a tué Djamel BenIsmail, ils l'ont interviewé a Ain Mlila et l'ont tué quelques heures plus tard, le crime parfait, ils essayent de déstabilisé le pays, voire le diviser!!!\n#الجزاير_تحترق\n#تيزي_وزو_تحترق \n#kabylie","created_at":"2021-08-13T00:59:17.000Z","public_metrics":{"retweet_count":0,"reply_count":2,"like_count":3,"quote_count":0},"id":"1425985273679302661","lang":"fr"},{"author_id":"1112875661138579456","text":"Share your #Best content\nDownload the Best #app ==&gt; https://t.co/d9gQTtSJkW \n#afrique #algérie #coronavirus #covid19 #kabylie #lejournaldel_afrique #tunisie #zambie #france24 #news #Électionprésidentielle  https://t.co/qK9Abyk3MK","created_at":"2021-08-13T00:55:41.000Z","public_metrics":{"retweet_count":0,"reply_count":0,"like_count":0,"quote_count":0},"id":"1425984368787566597","lang":"en"},{"author_id":"1112875661138579456","text":"Share your #Best content\nDownload the Best #app ==&gt; https://t.co/d9gQTtB7Wm \n#afrique #algérie #coronavirus #covid19 #kabylie #lejournaldel_afrique #tunisie #zambie #france24 #news #Électionprésidentielle  https://t.co/s0A5njKv0T","created_at":"2021-08-13T00:55:41.000Z","public_metrics":{"retweet_count":0,"reply_count":0,"like_count":0,"quote_count":0},"id":"1425984367277473798","lang":"en"},{"author_id":"1112875661138579456","text":"#Best on https://t.co/7lzs8etPpX\nEn Algérie La Solidarité S'organise Face Aux Feux Destructeurs • France 24\nhttps://t.co/7bCh8iOzWw\n#actualités #afrique #algérie #coronavirus #covid19 #kabylie","created_at":"2021-08-13T00:55:40.000Z","public_metrics":{"retweet_count":0,"reply_count":0,"like_count":0,"quote_count":0},"id":"1425984363427151880","lang":"fr"},{"author_id":"2300501173","text":"Download the Best #app to share your #Best content\n==&gt; https://t.co/wIy9Y1KHKh &lt;== \n#afrique #algérie #coronavirus #covid19 #kabylie #lejournaldel_afrique #tunisie #zambie #france24 #news  https://t.co/KseEygoMkQ","created_at":"2021-08-13T00:55:40.000Z","public_metrics":{"retweet_count":0,"reply_count":0,"like_count":0,"quote_count":0},"id":"1425984362001190918","lang":"en"},{"author_id":"17214347","text":"#kabylie incendies Planifiés par les services d'#Algérie? https://t.co/n6Yh1GdgI0","attachments":{"media_keys":["7_1425982073639161860"]},"created_at":"2021-08-13T00:47:02.000Z","public_metrics":{"retweet_count":1,"reply_count":0,"like_count":0,"quote_count":1},"id":"1425982190626775041","lang":"fr"},{"author_id":"1324111502027218952","text":"@theogghizlane @razika_matcho Voici une carte Google maps qui ne regroupe que quelques uns des messages twitter(avec le liens des tweets)pour venir en aide a la population Algerienne\n\nhttps://t.co/6mgpW3sJUB \n\n#Algerie #SOS_FEU_ALGERIE  #PrayForAlgeria #PrayForKabylia #Kabylie #AlgeriaIsBurning","created_at":"2021-08-13T00:41:57.000Z","public_metrics":{"retweet_count":0,"reply_count":0,"like_count":0,"quote_count":0},"id":"1425980913846992899","lang":"fr"},{"author_id":"1324111502027218952","text":"@razika_matcho Voici une carte Google maps qui ne regroupe que quelques uns des messages twitter(avec le liens des tweets)pour venir en aide a la population Algerienne\n\nhttps://t.co/6mgpW3sJUB \n\n#Algerie #SOS_FEU_ALGERIE  #PrayForAlgeria #PrayForKabylia #Kabylie #AlgeriaIsBurning","created_at":"2021-08-13T00:41:33.000Z","public_metrics":{"retweet_count":0,"reply_count":0,"like_count":0,"quote_count":0},"id":"1425980811833221120","lang":"fr"},{"author_id":"1311032864759308290","text":"\uD83D\uDD25\uD83C\uDDE9\uD83C\uDDFF\uD83C\uDDF2\uD83C\uDDE6 Je suis outré par le refus permanent des autorités algériennes de répondre à la main tendue du #Maroc, même s’il s’agit de leur venir en aide au moment où ils sont victimes d’un sinistre naturel meurtrier comme les incendies dans la #Kabylie ! \uD83D\uDE21\nhttps://t.co/mn4B42XA7Z","attachments":{"media_keys":["7_1425911813758230528"]},"created_at":"2021-08-13T00:27:35.000Z","public_metrics":{"retweet_count":0,"reply_count":4,"like_count":4,"quote_count":0},"id":"1425977297920794628","lang":"fr"},{"author_id":"2677234969","text":"#Algerie #kabylie https://t.co/B1LBJ0BO1y","attachments":{"media_keys":["3_1425976372904742912"]},"created_at":"2021-08-13T00:23:56.000Z","public_metrics":{"retweet_count":8,"reply_count":0,"like_count":24,"quote_count":0},"id":"1425976378663522306","lang":"und"},{"author_id":"1425550080602431488","text":"\uD83D\uDD34 URGENT:\nAprès que les dons aient atteint les frères #Kabylie\nil est temps de jeter un œil sur les états de l'Est \n✔️ #Jijel\n✔️ #Annaba\n✔️ #Skikda\n✔️ #sétif\n\uD83D\uDCE2Surtout #ElTarf,plus de 20 incendies et 8 mines ont explosé de l'époque coloniale\n#Algeria #Algeria_is_burning #savedz https://t.co/0Qf4zZGz7t","attachments":{"media_keys":["3_1425972198255247360","3_1425972229532176386","3_1425972236251500549","3_1425972251795591172"]},"created_at":"2021-08-13T00:07:33.000Z","public_metrics":{"retweet_count":0,"reply_count":0,"like_count":0,"quote_count":0},"id":"1425972254622486529","lang":"fr"},{"author_id":"726250086","text":"يا رب الغيث أغثنا \uD83D\uDE4F❤️\n#Tizi_Ouzou\n#TiziOuzou_brule\n#kabyliebrule\n#kabylie\n#béjaia\n#taref\n#GuelmaBrûle\n#skikda\n#douaa\n#دعاء\n#الجزائر_تحترق\n#الجزائر_تستغيث\n#الجزائر https://t.co/X7nsbqAuDj","attachments":{"media_keys":["3_1425970268728668161"]},"created_at":"2021-08-12T23:59:40.000Z","public_metrics":{"retweet_count":0,"reply_count":0,"like_count":0,"quote_count":0},"id":"1425970271379394560","lang":"ar"},{"author_id":"4219120229","text":"Si seulement ce con de #Tebboune avait accepté l'aide du #Maroc la #Kabylie aurait pu être sauvé à temps et l' #Algerie avec et qui sait peut être #جمال_بن_سماعيل  également.\nلا حول و لا قوة إلا بالله حسبي الله و نعم الوكيل https://t.co/NlK3q5QGfi","attachments":{"media_keys":["3_1425969675972788228","3_1425969679970013186","3_1425969684344672256","3_1425969688383836178"]},"created_at":"2021-08-12T23:57:22.000Z","public_metrics":{"retweet_count":1,"reply_count":1,"like_count":3,"quote_count":0},"id":"1425969690409676801","lang":"ca"}],"includes":{"media":[{"media_key":"3_1426116389237051392","type":"photo","url":"https://pbs.twimg.com/media/E8qVTNTWUAAa_yq.jpg"},{"media_key":"3_1426116769446510599","type":"photo","url":"https://pbs.twimg.com/media/E8qVpVsWQAcZRWh.jpg"},{"media_key":"3_1426116769454960640","type":"photo","url":"https://pbs.twimg.com/media/E8qVpVuXMAA1gqc.jpg"},{"media_key":"3_1426116769450704897","type":"photo","url":"https://pbs.twimg.com/media/E8qVpVtWQAE-ipo.jpg"},{"media_key":"3_1426116769434030082","type":"photo","url":"https://pbs.twimg.com/media/E8qVpVpX0AIT7dq.jpg"},{"media_key":"3_1426112602111889410","type":"photo","url":"https://pbs.twimg.com/media/E8qR2xKWUAI5V2F.jpg"},{"media_key":"3_1426109784307216385","type":"photo","url":"https://pbs.twimg.com/media/E8qPSwBXMAENl0g.jpg"},{"media_key":"3_1426107186913161218","type":"photo","url":"https://pbs.twimg.com/media/E8qM7j-XMAIbK9M.jpg"},{"media_key":"3_1426103191549235200","type":"photo","url":"https://pbs.twimg.com/media/E8qJTAFX0AAjzQp.jpg"},{"media_key":"3_1426101210512306176","type":"photo","url":"https://pbs.twimg.com/media/E8qHfsJXMAAJHp7.jpg"},{"media_key":"3_1426098611008512002","type":"photo","url":"https://pbs.twimg.com/media/E8qFIYPXIAIMtuU.jpg"},{"media_key":"3_1426098613936181251","type":"photo","url":"https://pbs.twimg.com/media/E8qFIjJX0AMapJG.jpg"},{"media_key":"3_1426098627571748885","type":"photo","url":"https://pbs.twimg.com/media/E8qFJV8WEBUc4if.jpg"},{"media_key":"7_1426097599916822529","public_metrics":{"view_count":169},"type":"video"},{"media_key":"3_1426091448450129921","type":"photo","url":"https://pbs.twimg.com/media/E8p-ndoXoAEW83F.jpg"},{"media_key":"3_1426091452061425665","type":"photo","url":"https://pbs.twimg.com/media/E8p-nrFXoAEpyqD.jpg"},{"media_key":"3_1426090779630571523","type":"photo","url":"https://pbs.twimg.com/media/E8p-AiFXEAMZ9rA.png"},{"media_key":"3_1426089329051545600","type":"photo","url":"https://pbs.twimg.com/media/E8p8sGQXsAAOcA8.jpg"},{"media_key":"3_1426089329126936576","type":"photo","url":"https://pbs.twimg.com/media/E8p8sGiWEAAD8pu.jpg"},{"media_key":"3_1426089329122754561","type":"photo","url":"https://pbs.twimg.com/media/E8p8sGhWQAEfjjN.jpg"},{"media_key":"3_1426089329122807809","type":"photo","url":"https://pbs.twimg.com/media/E8p8sGhXEAEV42p.jpg"},{"media_key":"3_1426087713070059522","type":"photo","url":"https://pbs.twimg.com/media/E8p7OCQXEAIFjx_.jpg"},{"media_key":"3_1426085371599888385","type":"photo","url":"https://pbs.twimg.com/media/E8p5FvmXoAEkPmf.jpg"},{"media_key":"3_1426081260162756609","type":"photo","url":"https://pbs.twimg.com/media/E8p1WbTXsAE5WkV.jpg"},{"media_key":"3_1426064974208765955","type":"photo","url":"https://pbs.twimg.com/media/E8pmidZXEAMdkwf.jpg"},{"media_key":"3_1426054134663364608","type":"photo","url":"https://pbs.twimg.com/media/E8pcrg8WQAAUBv3.jpg"},{"media_key":"3_1426044969228423171","type":"photo","url":"https://pbs.twimg.com/media/E8pUWBCX0AM3L8Q.jpg"},{"media_key":"3_1426044971652685825","type":"photo","url":"https://pbs.twimg.com/media/E8pUWKEXIAE2bEo.jpg"},{"media_key":"3_1426042047115546629","type":"photo","url":"https://pbs.twimg.com/media/E8pRr7UX0AU84hJ.jpg"},{"media_key":"3_1426041898175717380","type":"photo","url":"https://pbs.twimg.com/media/E8pRjQeWYAQcmkg.jpg"},{"media_key":"3_1426041736892125186","type":"photo","url":"https://pbs.twimg.com/media/E8pRZ3pWEAIe7TS.jpg"},{"media_key":"3_1426026295637561345","type":"photo","url":"https://pbs.twimg.com/media/E8pDXEfX0AE63BD.jpg"},{"media_key":"3_1425996803812597760","type":"photo","url":"https://pbs.twimg.com/media/E8ooia4XoAAhgZd.jpg"},{"media_key":"3_1425989235962695680","type":"photo","url":"https://pbs.twimg.com/media/E8ohp6cWUAAT4Ab.jpg"},{"media_key":"7_1425982073639161860","public_metrics":{"view_count":140},"type":"video"},{"media_key":"7_1425911813758230528","public_metrics":{"view_count":3635},"type":"video"},{"media_key":"3_1425976372904742912","type":"photo","url":"https://pbs.twimg.com/media/E8oV9L0WUAAa7eB.jpg"},{"media_key":"3_1425972198255247360","type":"photo","url":"https://pbs.twimg.com/media/E8oSKMCWQAAP4es.jpg"},{"media_key":"3_1425972229532176386","type":"photo","url":"https://pbs.twimg.com/media/E8oSMAjWUAImHRS.jpg"},{"media_key":"3_1425972236251500549","type":"photo","url":"https://pbs.twimg.com/media/E8oSMZlXEAUrXgl.jpg"},{"media_key":"3_1425972251795591172","type":"photo","url":"https://pbs.twimg.com/media/E8oSNTfXEAQ7aJr.jpg"},{"media_key":"3_1425970268728668161","type":"photo","url":"https://pbs.twimg.com/media/E8oQZ3_XMAEqpGQ.jpg"},{"media_key":"3_1425969675972788228","type":"photo","url":"https://pbs.twimg.com/media/E8oP3XzWQAQWu9A.jpg"},{"media_key":"3_1425969679970013186","type":"photo","url":"https://pbs.twimg.com/media/E8oP3msXEAIpIR_.jpg"},{"media_key":"3_1425969684344672256","type":"photo","url":"https://pbs.twimg.com/media/E8oP32_XEAAE-Uv.jpg"},{"media_key":"3_1425969688383836178","type":"photo","url":"https://pbs.twimg.com/media/E8oP4GCX0BIoaLt.jpg"}]},"meta":{"newest_id":"1426119124774801409","oldest_id":"1425969690409676801","result_count":100,"next_token":"b26v89c19zqg8o3fpdm8kx2th583dsvcsycs7uwvpo1a5"}}