{"data":[{"attachments":{"media_keys":["3_1425551885499568131"]},"lang":"fr","author_id":"1410985602191929347","public_metrics":{"retweet_count":1,"reply_count":1,"like_count":1,"quote_count":0},"created_at":"2021-08-11T20:17:10.000Z","text":"Les gens d’Azeffoun ça brûle nagh ala ? #kabylie #Tizi_Ouzou #MaKabylieBrule #kabylie_brule https://t.co/TIbjSVoQyk","id":"1425551890465673216"},{"attachments":{"media_keys":["3_1425551746349375490"]},"lang":"fr","author_id":"1298257552761712640","public_metrics":{"retweet_count":0,"reply_count":0,"like_count":2,"quote_count":0},"created_at":"2021-08-11T20:16:37.000Z","text":"Un seul héros le peuples \uD83D\uDE4C\uD83C\uDFFD\uD83C\uDDE9\uD83C\uDDFF❤️#Kabylie https://t.co/bf1pbVI5LA","id":"1425551750623375362"},{"attachments":{"media_keys":["7_1425551163064258564"]},"lang":"fr","author_id":"2938255713","public_metrics":{"retweet_count":5,"reply_count":2,"like_count":8,"quote_count":1},"created_at":"2021-08-11T20:15:08.000Z","text":"\uD83C\uDD98 partagez s’il vous plaît\nLa cheffe cuisinier sherazade parle d’une application qui s’appelle temtem one pour aider nos frères simple facile et rapide\nJe l’ai essayé et ça marche, je vous montre les étapes dans le prochain twe\n#Kabylie #Tiziouzou #الجزائر_تحترق\n #PrayForAlgeria https://t.co/ay8BSmcFQ0","id":"1425551375514152962"},{"lang":"fr","author_id":"257062289","public_metrics":{"retweet_count":4,"reply_count":3,"like_count":10,"quote_count":0},"created_at":"2021-08-11T20:14:18.000Z","text":"@BensSihem @AissiNath J'assume et il n'y a aucune gravité  et j'insiste sur ce que j'ai dit ! Ils veulent mettre à terre la #Kabylie qui est resté la seule à être au rdv du #Hirak \nLe temps le prouvera comme il a toujours fait","id":"1425551169255088139"},{"lang":"fr","author_id":"976198023742214144","public_metrics":{"retweet_count":0,"reply_count":0,"like_count":1,"quote_count":0},"created_at":"2021-08-11T20:14:16.000Z","text":"Le cynisme des gouvernements est sans limite. Qui vous dit que laisser bruler la #Kabylie n'est pas une stratégie. https://t.co/vUHxgTFCds","id":"1425551160623210500"},{"lang":"fr","author_id":"18115983","public_metrics":{"retweet_count":6,"reply_count":2,"like_count":9,"quote_count":0},"created_at":"2021-08-11T20:12:48.000Z","text":"L’Anavad remercie les secours internationaux retardés par l’Algérie #Kabylie https://t.co/U15OwFa5hL","id":"1425550792145186821"},{"lang":"fr","author_id":"252660689","public_metrics":{"retweet_count":0,"reply_count":0,"like_count":1,"quote_count":0},"created_at":"2021-08-11T20:12:18.000Z","text":"Ceux qui ont brûlé la #Kabylie n’ont fait que réveiller le dragon qui y dort…alors préparez vous à la lutte sans répit d’un peuple désavoué et qui dit BARAKA MEN LHOGRA #Algerie","id":"1425550662331420677"},{"lang":"en","author_id":"1589391517","public_metrics":{"retweet_count":0,"reply_count":2,"like_count":2,"quote_count":1},"created_at":"2021-08-11T20:12:17.000Z","text":"We advice Algeria NOT to accept any help from Morocco\nregarding the criminal fires that were started by their agents/useful idiots. Especially when they offered the 2 bombardiers to combat the fires, because they will be equipped with Israeli spyware. #Kabylie #kabyliebrule","id":"1425550658967461891"},{"lang":"fr","author_id":"1216802273336184832","public_metrics":{"retweet_count":1,"reply_count":0,"like_count":0,"quote_count":1},"created_at":"2021-08-11T20:11:21.000Z","text":"A Boumerdes : \nOpération de collecte de dons en produits ou argent pour les habitants de Tizi Ouzou.\nL'acheminement se fera vendredi au niveau de SANTA BIO.\nContact : 0770901455\n#Algerie #kabyliebrule #Kabylie #AlgerieBrule #Appel #AlgeriaIsBurning #KABYLIESBURNING #soskabylie","id":"1425550424283787266"},{"lang":"fr","author_id":"823479684365225984","public_metrics":{"retweet_count":0,"reply_count":1,"like_count":5,"quote_count":0},"created_at":"2021-08-11T20:10:53.000Z","text":"BREAKING NEWS ! \uD83D\uDDDE\n\nEnfin…….le gouvernement algerien de Tebboune a accepté l’aide de la France pour lutter contre les incendies en Kabylie ! \n\n(Une fois que la Kabylie a bien été consumée feu \uD83D\uDD25\uD83D\uDE21!)\n\n#kabylie, #incendie, #makabyliebrule, #algerie https://t.co/sBBpKalt74","id":"1425550307640152074"},{"lang":"fr","author_id":"1122492791903404035","public_metrics":{"retweet_count":1,"reply_count":0,"like_count":1,"quote_count":0},"created_at":"2021-08-11T20:08:49.000Z","text":"⭕️Incendies : l'Algérie affrète deux avions bombardiers d'eau auprès de l'UE #incendies #feuxDeForet #Algérie #Kabylie https://t.co/qta9Ab8hlk","id":"1425549786867019778"},{"attachments":{"media_keys":["3_1425549755715817479"]},"lang":"fr","author_id":"552966799","public_metrics":{"retweet_count":2,"reply_count":0,"like_count":8,"quote_count":0},"created_at":"2021-08-11T20:08:42.000Z","text":"Elle renaîtra de ses cendres \uD83D\uDC94\n\n#Kabylie #KabylieBrule https://t.co/kbk9LXGduY","id":"1425549760392581120"},{"attachments":{"media_keys":["3_1425549458499149830"]},"lang":"en","author_id":"957306384","public_metrics":{"retweet_count":0,"reply_count":0,"like_count":4,"quote_count":0},"created_at":"2021-08-11T20:07:33.000Z","text":"#Kabylie\n\nI pray for our brothers and sisters in Algeria \uD83C\uDDE9\uD83C\uDDFF for this difficult time.\n#AlgeriaIsBurning #Somaliland is with you. https://t.co/sa3Ng0zB3T","id":"1425549468028612608"},{"attachments":{"media_keys":["7_1425549379277107204"]},"lang":"in","author_id":"1421519332081872897","public_metrics":{"retweet_count":1,"reply_count":0,"like_count":1,"quote_count":0},"created_at":"2021-08-11T20:07:30.000Z","text":"#Kabylie Ya Rab, Astafirulah https://t.co/LHXCjVv5vg","id":"1425549456313921540"},{"attachments":{"media_keys":["7_1425549036493451267"]},"lang":"fr","author_id":"1224007587345117184","public_metrics":{"retweet_count":0,"reply_count":0,"like_count":0,"quote_count":0},"created_at":"2021-08-11T20:06:38.000Z","text":"La Kabylie brûle, le pouvoir est responsable de ce crime ! Le point de non retour a été atteint ! #Kabylie #kabyliebrule https://t.co/5puVCXoDz3","id":"1425549237304049676"},{"lang":"fr","author_id":"1375357127376637954","public_metrics":{"retweet_count":0,"reply_count":0,"like_count":0,"quote_count":0},"created_at":"2021-08-11T20:06:27.000Z","text":"On ce s'en impuissant fasse au désastre et au Chao qui règne c'est horrible \nTout les pays en \uD83D\uDD25 feu et spécialement la #Kabylie  c'est trop tout ça \uD83D\uDE13\uD83D\uDE13\uD83D\uDE13","id":"1425549190818680835"},{"attachments":{"media_keys":["3_1425548647119392770"]},"lang":"fr","author_id":"919135076","public_metrics":{"retweet_count":3,"reply_count":0,"like_count":7,"quote_count":0},"created_at":"2021-08-11T20:04:18.000Z","text":"Une vague de chaleur touche l’#Algérie et des incendies sévissent dans plusieurs régions, notamment en #Kabylie. \n \nSi vous êtes dans ou à proximité d’une zone touchée, évitez les activités extérieures et soyez prêts à modifier vos plans ou à évacuer. \n \nhttps://t.co/19XFIjl4kd https://t.co/yZwnu28qKO","id":"1425548649178746890"},{"lang":"fr","author_id":"1244372484","public_metrics":{"retweet_count":0,"reply_count":0,"like_count":4,"quote_count":0},"created_at":"2021-08-11T20:03:25.000Z","text":"Les actions concrètes de solidarité de l'algérien non kabyle pour la kabylie est entrain de montrer au monde entier qu'il n'y a que des algériens en Algérie. J'en ai jamais douté et j'en suis tellement fier ✊\n#Algerie #AlgeriaIsBurning #Algerie_brule #kabyliebrule #Kabylie #dz","id":"1425548429250473994"},{"attachments":{"media_keys":["3_1425548270823149568"]},"lang":"fr","author_id":"1177542373477441536","public_metrics":{"retweet_count":0,"reply_count":2,"like_count":0,"quote_count":0},"created_at":"2021-08-11T20:02:51.000Z","text":"Espérons que cet incident ne submergera pas notre élan de solidarité ! #kabylie #kabyliebrule #kabylie_brule  #PrayForKabylia #savekabylie https://t.co/VJPQ7UFHIu","id":"1425548287130677249"},{"lang":"fr","author_id":"1310536352027545600","public_metrics":{"retweet_count":0,"reply_count":0,"like_count":0,"quote_count":0},"created_at":"2021-08-11T20:01:34.000Z","text":"@Fedwa69058687 @houss_houcine @MarocDiplomatie Une petite dou3a pour les civils ne mangent pas de pain. #Kabylie","id":"1425547964185993224"},{"attachments":{"media_keys":["3_1425546895699681298"]},"lang":"fr","author_id":"786625296","public_metrics":{"retweet_count":0,"reply_count":0,"like_count":0,"quote_count":0},"created_at":"2021-08-11T19:57:20.000Z","text":"(France TV Info): #Algérie : les incendies qui ravagent la #Kabylie ont fait au moins 69 morts : Le président algérien, Abdelmadjid Tebboune, a décrété un deuil national pour trois jours à compter du jeudi 12 août. Les incendies.. https://t.co/JpxQ0Rw0yQ https://t.co/iUAlq0noZP","id":"1425546897004105733"},{"attachments":{"media_keys":["3_1425546839974158343"]},"lang":"fr","author_id":"1176909973206573057","public_metrics":{"retweet_count":3,"reply_count":0,"like_count":7,"quote_count":0},"created_at":"2021-08-11T19:57:07.000Z","text":"“L'impuissance est peut-être notre plus douloureuse abdication en ce monde.”\n\nUne pensée aux familles et aux victimes \uD83D\uDE4F\n\n#Algerie \n#Kabylie \n#PrayForAlgeria https://t.co/4xbTqrHKfw","id":"1425546844340371460"},{"attachments":{"media_keys":["3_1425546303275257864"]},"lang":"und","author_id":"1368734129295155204","public_metrics":{"retweet_count":0,"reply_count":0,"like_count":0,"quote_count":0},"created_at":"2021-08-11T19:55:47.000Z","text":"#تيزي_وزو_تحترق #الجزائر_تحترق #PrayforAlgeria #algeriebrule #kabylie #Algerie https://t.co/z63znt1qbJ","id":"1425546506283667456"},{"lang":"und","author_id":"563046106","public_metrics":{"retweet_count":0,"reply_count":0,"like_count":0,"quote_count":0},"created_at":"2021-08-11T19:55:40.000Z","text":"#Kabylie","id":"1425546478949486594"},{"attachments":{"media_keys":["3_1425546361018146827"]},"lang":"fr","author_id":"252660689","public_metrics":{"retweet_count":0,"reply_count":0,"like_count":0,"quote_count":0},"created_at":"2021-08-11T19:55:13.000Z","text":"Wellah le cœur se déchire regardant les images des terribles scènes de la #Kabylie qui brûle et écoutant les cris de détresse et douleurs exprimés des pauvres populations délaissées à leurs sort par ce régime corrompu qui n’a pas de cœur #Algerie https://t.co/WF7kD4LpSz","id":"1425546367225708545"},{"attachments":{"media_keys":["3_1425546347026001924"]},"lang":"und","author_id":"1375357127376637954","public_metrics":{"retweet_count":0,"reply_count":0,"like_count":2,"quote_count":0},"created_at":"2021-08-11T19:55:11.000Z","text":"#touchepasamesgosses\n#USA  #Canada  #Washington #London  #manif14aout  #Italia  #Portugal  #Kabylie  #Algerie  #Belgium  #NonAuPassDeLaHonte  #NonALaVaccinationObligatoire https://t.co/Yf1jixJt9K","id":"1425546357570482178"},{"attachments":{"media_keys":["7_1425546113017331721"]},"lang":"fr","author_id":"500494913","public_metrics":{"retweet_count":4,"reply_count":0,"like_count":6,"quote_count":1},"created_at":"2021-08-11T19:54:24.000Z","text":"#kabyliebrule La pauvre population qui essaye de sauver leurs vies au village Igoufaf Ain El Hammam. Ça déchire le cœur \uD83D\uDC94 sauvez-les!!!! #Tiziouzou #Kabylie #Algerie #incendies @CACIFrance @afpfr @APS_Algerie @ambafrancealger @francediplo @hugoclement @BFMTV @CNEWS https://t.co/Ooz8HHJoIb","id":"1425546159398006784"},{"attachments":{"media_keys":["3_1425545299540459520"]},"lang":"fr","author_id":"4178697094","public_metrics":{"retweet_count":0,"reply_count":0,"like_count":0,"quote_count":0},"created_at":"2021-08-11T19:53:55.000Z","text":"Kabylie : Le bilan des incendies porté à 65 morts, la France envoie deux Canadair et un avion de commandement.  https://t.co/ZnCDjSbPnG #algerie #Kabylie #kabyliebrule https://t.co/LMT1d8Y5VZ","id":"1425546036647546886"},{"lang":"fr","author_id":"2507651323","public_metrics":{"retweet_count":17,"reply_count":6,"like_count":64,"quote_count":1},"created_at":"2021-08-11T19:53:51.000Z","text":"L’engagement de la région @iledefrance aux côtés de la #Kabylie et plus largement l’#Algerie est nécessaire et à saluer. \nJe suis certain que le vote de l’aide de notre région proposée par @vpecresse recueillera l’accord des Conseillères et Conseillers régionaux. \n#kabyliebrule https://t.co/PdquyZbrz7","id":"1425546021019475986"},{"attachments":{"media_keys":["3_1425545413680107523"]},"lang":"und","author_id":"785851845960925184","public_metrics":{"retweet_count":0,"reply_count":0,"like_count":0,"quote_count":0},"created_at":"2021-08-11T19:52:43.000Z","text":"#PrayForAlgeria #kabyliebrule #Algerie #Algerie_brule #Algeriaburning #Kabylie https://t.co/3aoHWtDfdG","id":"1425545734565285910"},{"attachments":{"media_keys":["3_1425544947676205061"]},"lang":"und","author_id":"1271732329585815552","public_metrics":{"retweet_count":1,"reply_count":0,"like_count":3,"quote_count":1},"created_at":"2021-08-11T19:51:20.000Z","text":"#تيزي_وزو_تحترق #الجزائر_تحترق #PrayforAlgeria #algeriebrule #kabylie #Algerie https://t.co/h6V2RKG05W","id":"1425545386027110410"},{"attachments":{"media_keys":["3_1425545084796391429","3_1425545108712271875"]},"lang":"fr","author_id":"1254042949001842688","public_metrics":{"retweet_count":1,"reply_count":0,"like_count":4,"quote_count":0},"created_at":"2021-08-11T19:50:40.000Z","text":"J'ai mal au coeur qu'Allah nous vienne en aide \uD83D\uDE1E\uD83E\uDD32\uD83E\uDD0D #Kabylie #Algerie #kabyliebrule https://t.co/gzCszlgWD0","id":"1425545218921832449"},{"lang":"fr","author_id":"1401421013364187142","public_metrics":{"retweet_count":1,"reply_count":0,"like_count":2,"quote_count":0},"created_at":"2021-08-11T19:50:40.000Z","text":"#Maroc #kabylie desolant pour le peuple kabyle \uD83D\uDE14 https://t.co/pcJ6icZIwy","id":"1425545218665889799"},{"attachments":{"media_keys":["7_1425545060502974471"]},"lang":"und","author_id":"1276532059570405379","public_metrics":{"retweet_count":0,"reply_count":0,"like_count":2,"quote_count":1},"created_at":"2021-08-11T19:50:28.000Z","text":"#PrayForAlgeria #PrayForKabylia #Algeria #Kabylie https://t.co/jJAPkIllb2","id":"1425545168996929537"},{"lang":"fr","author_id":"2984900975","public_metrics":{"retweet_count":0,"reply_count":0,"like_count":2,"quote_count":0},"created_at":"2021-08-11T19:49:21.000Z","text":"@MohandOulmas Amène \uD83D\uDE25 \uD83D\uDE4F\uD83C\uDDE9\uD83C\uDDFF \uD83D\uDC94\n\n#Kabylie ⵣ\n\nhttps://t.co/JGhLQGnKrn","id":"1425544887705948163"},{"lang":"fr","author_id":"1265757132537954305","public_metrics":{"retweet_count":2,"reply_count":0,"like_count":2,"quote_count":0},"created_at":"2021-08-11T19:45:03.000Z","text":"Share, retweet and bring more or correct/update previous information.\n\nPartagez, retweetez et corrigez et/ou mettez à jour les informations cités.\n\nTags:\n#Algerie #kabyliebrule #SaveAlgeria #incendies #FeuxDeForêt #Kabylie #crisesanitaire #canicule #rechauffementclimatique #crise","id":"1425543807186124803"},{"lang":"fr","author_id":"463133503","public_metrics":{"retweet_count":8,"reply_count":0,"like_count":16,"quote_count":0},"created_at":"2021-08-11T19:44:56.000Z","text":"\uD83D\uDD6F\uD83E\uDD32\uD83C\uDFFB\n\nUne veillée sera organisée demain sur l’esplanade du @Mucem à 20h à @marseille en la mémoire de toutes les victimes des incendies qui ravagent la #Kabylie et d’autres régions en Algérie et en solidarité à nos frères et sœurs qui se battent. \n\n#kabyliebrule #AlgerieBrule ♓️","id":"1425543778987880450"},{"lang":"fr","author_id":"1224007587345117184","public_metrics":{"retweet_count":0,"reply_count":0,"like_count":1,"quote_count":0},"created_at":"2021-08-11T19:43:59.000Z","text":"Les dirigeants algériens méritent une mort lente et très douloureuse ! #Algerie #Kabylie https://t.co/QI9QxnVkBB","id":"1425543536590704643"},{"lang":"en","author_id":"1367558679248134145","public_metrics":{"retweet_count":0,"reply_count":0,"like_count":0,"quote_count":0},"created_at":"2021-08-11T19:43:42.000Z","text":"Must join. This is legit airdrop and great project\n\n#Jammu #Ramos #Kabylie #PFF  @Petflybsc https://t.co/PTWM9EY1ZI","id":"1425543464993923072"},{"lang":"fr","author_id":"190784132","public_metrics":{"retweet_count":0,"reply_count":0,"like_count":0,"quote_count":0},"created_at":"2021-08-11T19:43:28.000Z","text":"Il attend quoi ce général pour intervenir en #Kabylie? #PrayForAlgeria https://t.co/1NQLutAHsR","id":"1425543408677007362"},{"attachments":{"media_keys":["3_1425543330998390806","3_1425543338216853512"]},"lang":"und","author_id":"1362412321843388422","public_metrics":{"retweet_count":0,"reply_count":0,"like_count":1,"quote_count":0},"created_at":"2021-08-11T19:43:12.000Z","text":"#Kabylie https://t.co/0XNfAmjydb","id":"1425543341324873735"},{"attachments":{"media_keys":["3_1425543117068017670"]},"lang":"fr","author_id":"93397975","public_metrics":{"retweet_count":2,"reply_count":1,"like_count":7,"quote_count":0},"created_at":"2021-08-11T19:42:19.000Z","text":"À l'instant un témoin intervenant à partit de Michelet #Kabylie sur @BerbereTV :\"Lors de l'opération Jumelles et les bombardements au napalm, on savait d'où venaient les coups, aujourd'hui, on ne sait pas qui sont les incendiaires. Le feu est partout, vient de partout.\" https://t.co/M784ONkGLS","id":"1425543118632411150"},{"lang":"fr","author_id":"1408869064320114689","public_metrics":{"retweet_count":0,"reply_count":0,"like_count":2,"quote_count":0},"created_at":"2021-08-11T19:42:17.000Z","text":"Je sais pas comment cette catastrophe va se terminer mais,\n\nJe sais une chose c'est quoiqu'il arrive, malgré les pertes humaines, matériels et environnementales qui feront saigner nos cœurs nous allons renaître des cendres de nos souffrance plus forts que jamais.\n#Kabylie","id":"1425543109891563526"},{"lang":"fr","author_id":"257062289","public_metrics":{"retweet_count":14,"reply_count":7,"like_count":56,"quote_count":0},"created_at":"2021-08-11T19:42:05.000Z","text":"On est tous en colère,on a perdu des proches,nos terres sont brûlés,la kabylie est en deuil et elle brûle toujours a l'instant même mais on doit pas déraper et prendre le même chemin que le système nous a tracé.on est un peuple pacifique le #Hirak l'a prouvé,la #Kabylie est forte","id":"1425543062147805186"},{"attachments":{"media_keys":["3_1425542655489024002","3_1425542731888316416"]},"lang":"fr","author_id":"1423399250143158272","public_metrics":{"retweet_count":1,"reply_count":1,"like_count":1,"quote_count":0},"created_at":"2021-08-11T19:40:49.000Z","text":"que dieu protège notre pays faites       des douas s'il vous plaît\uD83C\uDDE9\uD83C\uDDFF\n\n#kabyliebrule #Kabylie  #Béjaïa #Tiziouzou #TiziOuzou_brule #تيزي_وزو_تحترق #تيزي_وزو #بجاية https://t.co/zGX5sHNHoJ","id":"1425542740251750407"},{"lang":"fr","author_id":"1291746571500093441","public_metrics":{"retweet_count":2,"reply_count":2,"like_count":7,"quote_count":0},"created_at":"2021-08-11T19:40:39.000Z","text":"MERCI BCP AUX ORANAIS , ALGÉROIS , CONSTANTINE , TAREF , BOUMERDES , TLEMCEN........ D'AVOIR APPORTER VOTRE AIDE A TRAVERS TOUS CES DONS\n\nVOUS VOUS ETES DES VRAIS ALGÉRIENS PAS COMME CE GOUVERNEMENT ET CES RACISTES QUI SE FOUTENT DE NOTRE GUEULE\n\n#Kabylie #kabyliebrule","id":"1425542698174500869"},{"attachments":{"media_keys":["3_1425542087685156873"]},"lang":"in","author_id":"1274757037155651584","public_metrics":{"retweet_count":0,"reply_count":0,"like_count":3,"quote_count":0},"created_at":"2021-08-11T19:38:14.000Z","text":"inch'Allah dzair tardje3 fiha ro7 ya rabi #Algerie #Kabylie ❤️\uD83D\uDE4F https://t.co/9RBugfRO5v","id":"1425542091933954054"},{"lang":"fr","author_id":"1305724318740029440","public_metrics":{"retweet_count":9,"reply_count":1,"like_count":25,"quote_count":0},"created_at":"2021-08-11T19:36:37.000Z","text":"Signalez la video de lynchage svp!\nUtilisons  cette force pour nous entraider et reconstruire notre #Kabylie et notre pays .\nNous ne sommes pas des assassins, nous sommes pas des sauvages ! \nSTOP à l'incitation à la violence et la haine.","id":"1425541684855820295"},{"lang":"fr","author_id":"942146305","public_metrics":{"retweet_count":0,"reply_count":1,"like_count":3,"quote_count":0},"created_at":"2021-08-11T19:36:23.000Z","text":"Ce qui s'est passé à Larba Nath Irathen est une barbarie ,pauvre #Kabylie  ,il ne faut jamais tomber dans leurs jeu .  #kabyliebrule #Tiziouzou  #TiziOuzou_brule  #TiziBrule  #Boghni","id":"1425541626231939078"},{"lang":"in","author_id":"1111414904488161280","public_metrics":{"retweet_count":0,"reply_count":0,"like_count":0,"quote_count":0},"created_at":"2021-08-11T19:36:23.000Z","text":"@zerekkoo Rebi yerhemhom \uD83E\uDD32\uD83E\uDD32\uD83D\uDC94\n#Tiziouzou \n#TiziOuzou_brule \n#PrayForKabylia \n#تيزي_وزو \n#soskabylie \n#Kabylie","id":"1425541625363771399"},{"attachments":{"media_keys":["3_1425541363454590980"]},"lang":"fr","author_id":"1404957881666048004","public_metrics":{"retweet_count":5,"reply_count":9,"like_count":15,"quote_count":5},"created_at":"2021-08-11T19:35:39.000Z","text":"Ce qu'a connue LNI en #Kabylie est inacceptable. Au delà du sentiment de colère et de désarroi qu'on peut ressentir face aux #FeuxDeForêt et aux pertes des uns et des autres, tuer une personne (présumé coupable) et bruler son corps sur la place publique, ce n'est pas mon #Algérie https://t.co/R2ZDevk7jg","id":"1425541442877984781"},{"lang":"fr","author_id":"1113934795711623169","public_metrics":{"retweet_count":0,"reply_count":0,"like_count":0,"quote_count":0},"created_at":"2021-08-11T19:34:52.000Z","text":"Des incendies en #Grece, en #Kabylie, en #Turquie, en #Siberie, aux #EtatsUnis... Près de 50°c en Italie, et plus de 49°c au Canada. L'urgence climatique est sous nos yeux. En 2030, si rien n'est fait, notre monde sera dévasté. #Climat #ClimateEmergency","id":"1425541243778617344"},{"attachments":{"media_keys":["7_1425539765617766404"]},"lang":"fr","author_id":"1418675883909521411","public_metrics":{"retweet_count":0,"reply_count":1,"like_count":0,"quote_count":0},"created_at":"2021-08-11T19:31:03.000Z","text":"Cagnotte pour les victimes des incendies à Tizi-Ouzou, ne les oublions pas \uD83D\uDE4C\uD83C\uDFFB\n\n#Kabylie #PrayForKabylia #incendies\n\n\uD83D\uDD17 https://t.co/51RTGf34i4 https://t.co/45fvuYhCma","id":"1425540283094163473"},{"attachments":{"media_keys":["3_1425540058094911493"]},"lang":"und","author_id":"840509742170701824","public_metrics":{"retweet_count":0,"reply_count":0,"like_count":4,"quote_count":0},"created_at":"2021-08-11T19:30:10.000Z","text":"#PrayForKabylia \n#kabylie https://t.co/kHNro1U0v7","id":"1425540062092177410"},{"lang":"fr","author_id":"1298318259473854466","public_metrics":{"retweet_count":0,"reply_count":0,"like_count":1,"quote_count":0},"created_at":"2021-08-11T19:29:57.000Z","text":"A cette minute aucune autorisation de la junte militaire algérienne pour les deux Canadair \uD83C\uDDF2\uD83C\uDDE6\n\nCette mafia est à \uD83E\uDD2E\uD83E\uDD2E\uD83E\uDD2E\uD83E\uDD2E\n\nPauvre Peuple de #KABYLIE \n\n#Maroc #Morocco #Marruecos","id":"1425540005360021509"},{"lang":"fr","author_id":"456414192","public_metrics":{"retweet_count":0,"reply_count":0,"like_count":1,"quote_count":0},"created_at":"2021-08-11T19:25:51.000Z","text":"Alors que des incendies dévastées et tuent, notamment la #Kabylie ,  en France on s'extasie sur la venue de ce pro sioniste #Messi !\n\nOn oublie pas.\nOn prie pour la #Kabylie","id":"1425538974580363265"},{"lang":"fr","author_id":"2163452170","public_metrics":{"retweet_count":0,"reply_count":0,"like_count":0,"quote_count":0},"created_at":"2021-08-11T19:25:48.000Z","text":"Les incendies criminels en Kabylie seraient-ils liés à un problème démocratiques ? \nJe pose la question. \nL'épidémie de COVID étouffe aussi la démocratie on dirait. \n#Kabylie\nhttps://t.co/qqzitJ4KRZ","id":"1425538962194583558"},{"lang":"fr","author_id":"940699370114121728","public_metrics":{"retweet_count":6,"reply_count":7,"like_count":12,"quote_count":3},"created_at":"2021-08-11T19:24:07.000Z","text":"L'Algérie loue deux Canadairs auprès de l'Union Européenne\n\n#algerie #Europe #FeuxDeForêt #Kabylie\nhttps://t.co/goSRJ7ZuiA","id":"1425538538737647627"},{"lang":"fr","author_id":"91315796","public_metrics":{"retweet_count":0,"reply_count":0,"like_count":0,"quote_count":0},"created_at":"2021-08-11T19:20:38.000Z","text":"\uD83D\uDE0E #Tourisme #PrayForAlgeria, #Kabylie : sur les réseaux sociaux, stars et anonymes se mobilisent pour l'Algérie après les incendies en Kabylie #ETXdailyup https://t.co/N2v7dmJtp1","id":"1425537662744662018"},{"lang":"fr","author_id":"2289466514","public_metrics":{"retweet_count":0,"reply_count":0,"like_count":3,"quote_count":0},"created_at":"2021-08-11T19:19:41.000Z","text":"des héros en #Kabylie il y en a plusieurs actuellement, des civils, des pompiers, etc. Mais ce que fait  #Numidia Lezoul est exceptionnel. Une artiste qui a réussi à mobiliser toute la diaspora algérienne via les réseaux sociaux \uD83D\uDC4D","id":"1425537424361467918"},{"lang":"und","author_id":"1206220395260633090","public_metrics":{"retweet_count":1,"reply_count":0,"like_count":1,"quote_count":0},"created_at":"2021-08-11T19:18:31.000Z","text":"#PrayForAlgeria #savedz #SaveAlgeria #تيزي_وزو #تيزي_وزو_تحترق #Tiziouzou #TiziOuzou_brule #Kabylie #الجزاير_تحترق https://t.co/S1TQtLHwTp","id":"1425537129166385154"},{"lang":"fr","author_id":"1166388187922612224","public_metrics":{"retweet_count":0,"reply_count":0,"like_count":1,"quote_count":0},"created_at":"2021-08-11T19:17:59.000Z","text":"Feux de forêts en #Algérie : La #France envoie deux canadairs en #Kabylie\n\nLire l’article ici ⤵⤵⤵\n\n#PrayForAlgeria #PrayForKabylia\n#FeuxDeForêt #Macron \n\nhttps://t.co/9Yek8jrMNQ","id":"1425536994411679754"},{"lang":"fr","author_id":"743789552972800000","public_metrics":{"retweet_count":19,"reply_count":17,"like_count":93,"quote_count":3},"created_at":"2021-08-11T19:17:18.000Z","text":"Ce qui s'est passé à #LNI est un acte à dénoncer, même si le pyromane est un criminel et monstre mais la population ne devait réagir sous l'émotion et attendre l'enquête et son jugement.\nJe condamne ce que ces personnes ont fait.\n#Kabylie","id":"1425536825087647754"},{"attachments":{"media_keys":["3_1425535595984609280"]},"lang":"fr","author_id":"1056679254723911682","public_metrics":{"retweet_count":0,"reply_count":2,"like_count":2,"quote_count":0},"created_at":"2021-08-11T19:12:34.000Z","text":"@AnaelSabah Que D.ieu protège la #Kabylie ravagée par les flammes \uD83D\uDE4F\nUne excellente soirée Yelda \uD83D\uDE4F\n☺️\uD83D\uDC90 https://t.co/U5lXmwJ3c0","id":"1425535630176571396"},{"attachments":{"media_keys":["3_1425535432201285639"]},"lang":"und","author_id":"1252645872128659458","public_metrics":{"retweet_count":0,"reply_count":0,"like_count":1,"quote_count":0},"created_at":"2021-08-11T19:11:47.000Z","text":"#Kabylie #kabyliebrule #Algeriaburning https://t.co/eEFtVZaCtb","id":"1425535434751348736"},{"attachments":{"media_keys":["7_1425535294086991879"]},"lang":"ht","author_id":"1344106568174989312","public_metrics":{"retweet_count":1,"reply_count":4,"like_count":10,"quote_count":5},"created_at":"2021-08-11T19:11:33.000Z","text":"définition du mot bent el kehba #Kabylie #kabyliebrule #Algerie https://t.co/3szoieerUb","id":"1425535376198971395"},{"attachments":{"media_keys":["3_1425535240450228228","3_1425535240454475777"]},"lang":"ar","author_id":"362318479","public_metrics":{"retweet_count":1,"reply_count":0,"like_count":2,"quote_count":0},"created_at":"2021-08-11T19:11:02.000Z","text":"https://t.co/0HuL2zT7Ao \n\nلا حول ولا قوة إلا بالله.\n\n#تيزي_وزو_تحترق\n#Kabylie  #PrayForAlgeria \n#feuxDeForet https://t.co/Q4Ut3tZ0Hn","id":"1425535245869322246"},{"lang":"ca","author_id":"726250086","public_metrics":{"retweet_count":0,"reply_count":0,"like_count":1,"quote_count":0},"created_at":"2021-08-11T19:10:17.000Z","text":"On construit tous ce qui était détruit \uD83D\uDCAA\nستُزهِرُ من جديدٍ بإذن الله ❤\nUn seul peuple \uD83D\uDE4F❤️ #\uD83C\uDDE9\uD83C\uDDFF \n#Algerie #AlgeriaIsBurning #Algerie_brule #dz #FiresInAlgeria\n#kabyliebrule #kabylie #Tizi_Ouzou #taref #béjaia #soug_ahras","id":"1425535057264058371"},{"attachments":{"media_keys":["3_1425534650093551616"]},"lang":"fr","author_id":"1294390730291646464","public_metrics":{"retweet_count":1,"reply_count":1,"like_count":3,"quote_count":0},"created_at":"2021-08-11T19:08:41.000Z","text":"Comment expliquez vous ces feux un peu partout ?\nDes feux aussi grandioses ne peuvent pas être causés par des gens avec des allumettes...\n#savedz #Kabylie  #kabyliebrule https://t.co/SNk8QUhkjU","id":"1425534653121826816"},{"lang":"fr","author_id":"743789552972800000","public_metrics":{"retweet_count":12,"reply_count":1,"like_count":40,"quote_count":0},"created_at":"2021-08-11T19:07:43.000Z","text":"Les villages at xlifa et ouarja. Les feux maîtrisés et les maisons hors danger.\nUne très forte mobilisation de citoyens venus de #Bouira et #Béjaïa.\n#Kabylie #savedz","id":"1425534411655819272"},{"attachments":{"media_keys":["3_1425534338616250375"]},"lang":"fr","author_id":"3360724569","public_metrics":{"retweet_count":1,"reply_count":0,"like_count":4,"quote_count":0},"created_at":"2021-08-11T19:07:28.000Z","text":"#Kabylie #kabyliebrule \nForce a toutes les familles qui n'auront pas de toit ce soir .. que SIDNA AISSA VOUS AIDE . https://t.co/wkuJ80U5m5","id":"1425534348812595205"},{"attachments":{"media_keys":["7_1425534085292777479"]},"lang":"fr","author_id":"1103326875781337090","public_metrics":{"retweet_count":21,"reply_count":1,"like_count":30,"quote_count":2},"created_at":"2021-08-11T19:07:08.000Z","text":"Notre Skikda brûle \uD83D\uDC94\uD83C\uDDE9\uD83C\uDDFF\n\n#skikda #Tiziouzou #Algeriaburning #kabyliebrule #Kabylie #Bejaia https://t.co/HO9NfSlcFT","id":"1425534265127849994"},{"lang":"und","author_id":"567125574","public_metrics":{"retweet_count":0,"reply_count":0,"like_count":0,"quote_count":0},"created_at":"2021-08-11T19:06:19.000Z","text":"#Kabylie \uD83D\uDC94","id":"1425534057639780353"},{"lang":"fr","author_id":"879106081053691904","public_metrics":{"retweet_count":0,"reply_count":1,"like_count":3,"quote_count":0},"created_at":"2021-08-11T19:05:29.000Z","text":"Le rôle premier de l'Etat est de protéger ses citoyens de leurs peurs. Car quand ils ont peur. Ils deviennent violents. Ils tuent, ils lynchent. Exactement comme ça s'est passé à Larbaa Nat Iraten. #Tizi_Ouzou #Kabylie #Algérie #PrayForAlgeria","id":"1425533847605850116"},{"attachments":{"media_keys":["3_1425533690935971851"]},"lang":"fr","author_id":"1105979557293764615","public_metrics":{"retweet_count":28,"reply_count":1,"like_count":33,"quote_count":0},"created_at":"2021-08-11T19:04:55.000Z","text":"RT SVP ❤️\uD83D\uDE4F #Kabylie #Algerie https://t.co/NpJpq0aPxX","id":"1425533705121054723"},{"lang":"fr","author_id":"200743464","public_metrics":{"retweet_count":1,"reply_count":0,"like_count":0,"quote_count":0},"created_at":"2021-08-11T19:01:03.000Z","text":"Algérie : en Kabylie, des incendies, criminels selon les autorités, font 65 morts dont 28 militaires venus épauler les pompiers #Kabylie  https://t.co/VjpLS0aYAq","id":"1425532734512971777"},{"attachments":{"media_keys":["7_1425532198413914115"]},"lang":"fr","author_id":"1390708816078065666","public_metrics":{"retweet_count":2,"reply_count":0,"like_count":0,"quote_count":0},"created_at":"2021-08-11T18:59:58.000Z","text":"#Algerie #feuxDeForet #Kabylie #Juifs #Paris2024 #manif14aout #Tokyo2020 #COVID19 #vaccinatevi_e_basta #MessiForever #ClimateEmergency #TheSuicideSquad #bavuresPolicieres #bassem #MessiPSG Ajoutez-moi sur Snapchat !https://t.co/AM9YV0ADE0 https://t.co/wO81xnLqey","id":"1425532459706355713"},{"attachments":{"media_keys":["7_1425532198145429507"]},"lang":"fr","author_id":"1390708816078065666","public_metrics":{"retweet_count":3,"reply_count":0,"like_count":3,"quote_count":0},"created_at":"2021-08-11T18:59:57.000Z","text":"#Algerie #feuxDeForet #Kabylie #Juifs #Paris2024 #manif14aout #Tokyo2020 #COVID19 #vaccinatevi_e_basta #MessiForever #ClimateEmergency #TheSuicideSquad #bavuresPolicieres #bassem #MessiPSG Ajoutez-moi sur Snapchat !https://t.co/AM9YV0ADE0 https://t.co/0OeZxzHRr4","id":"1425532455629598723"},{"lang":"fr","author_id":"1010998194","public_metrics":{"retweet_count":0,"reply_count":1,"like_count":3,"quote_count":0},"created_at":"2021-08-11T18:59:00.000Z","text":"\uD83C\uDF10 [#RDWEB]\n\n⚽️ Une première au #Maroc.\n\uD83C\uDDF2\uD83C\uDDE6\uD83E\uDDA0Nouveau record de décès dus au #Covid_19.\n⚽️ #Messi signe au #PSG.\n\uD83C\uDF99️ Un micro-trottoir fait le buzz.\n\uD83C\uDDE9\uD83C\uDDFF Les incendies continuent de ravager la #Kabylie \nhttps://t.co/1H7RX8dLfn","id":"1425532216675762176"},{"lang":"fr","author_id":"1617383198","public_metrics":{"retweet_count":0,"reply_count":0,"like_count":2,"quote_count":0},"created_at":"2021-08-11T18:58:54.000Z","text":"#Kabylie, #TiziOuzou , la #France a annoncé l’envoi de 2 Canadair contre les feux de forets qui ravagent plusieurs régions https://t.co/EgtZokYMQ3","id":"1425532194102071301"},{"attachments":{"media_keys":["3_1425531964241682433"]},"lang":"fr","author_id":"1317058665476722689","public_metrics":{"retweet_count":1,"reply_count":0,"like_count":4,"quote_count":0},"created_at":"2021-08-11T18:58:10.000Z","text":"Pensées et soutien aux familles endeuillées. #Kabylie https://t.co/YRPakS2z7q","id":"1425532006222467073"},{"attachments":{"media_keys":["3_1425531770703859718"]},"lang":"fr","author_id":"3014468247","public_metrics":{"retweet_count":0,"reply_count":0,"like_count":9,"quote_count":0},"created_at":"2021-08-11T18:57:14.000Z","text":"Solidarité avec le peuple algérien plus particulièrement dans la région de la Kabylie qui doit faire face a de graves incendies. #Kabylie https://t.co/pbICx9xFA3","id":"1425531773979697154"},{"attachments":{"media_keys":["3_1425531453505429505","3_1425531453492928515"]},"lang":"fr","author_id":"1411650566141493252","public_metrics":{"retweet_count":0,"reply_count":0,"like_count":4,"quote_count":0},"created_at":"2021-08-11T18:55:59.000Z","text":"@pm_gov_dz @TebbouneAmadjid Vous construisez une mosquée à prés de 3 milliard de dollars et vous n’avez pas un seul Canadair ? Vous critiquez le  #marco qui est à des années de lumière de l’Algerie ! C’est la guillotine qu’il vous faut ! #Kabylie #Algerie https://t.co/SVszVu69uw","id":"1425531458404372485"},{"lang":"und","author_id":"1267604790563024897","public_metrics":{"retweet_count":13,"reply_count":1,"like_count":24,"quote_count":0},"created_at":"2021-08-11T18:53:24.000Z","text":"#Algerie #SaveAlgeria #Kabylie","id":"1425530808199229443"},{"lang":"fr","author_id":"400244379","public_metrics":{"retweet_count":0,"reply_count":0,"like_count":0,"quote_count":0},"created_at":"2021-08-11T18:53:16.000Z","text":"@EmmanuelMacron Merci infiniment ! #Solidarité la #kabylie en a besoin.","id":"1425530775739543562"},{"lang":"fr","author_id":"4857843196","public_metrics":{"retweet_count":0,"reply_count":1,"like_count":2,"quote_count":0},"created_at":"2021-08-11T18:49:56.000Z","text":"Alors que ça fait 3 jours que des feux soit disant naturel ravage la #Kabylie , exactement 12 point au même temps.\nCertains villageois on était obligé de quitter leurs foyers et leurs bétail.\nLaissant derrière eux toute une vie, et même parfois des membres de la famille...","id":"1425529934655672326"},{"lang":"fr","author_id":"875490776","public_metrics":{"retweet_count":1,"reply_count":0,"like_count":0,"quote_count":0},"created_at":"2021-08-11T18:48:46.000Z","text":"LES PERSONNES QUI SONT SUR PLACE SVP!!!! #savedz #kabylie #Tizi_Ouzou #algerie https://t.co/rlhatiuCtj","id":"1425529642916667395"},{"lang":"und","author_id":"1170727032835248130","public_metrics":{"retweet_count":0,"reply_count":0,"like_count":0,"quote_count":0},"created_at":"2021-08-11T18:48:31.000Z","text":"#Algerie_brule #Algeriaburning #AlgeriaWildfires #Tiziouzou #savedz #savekabylie #Kabylie #kabyliebrule #SaveAlgeria","id":"1425529580237033473"},{"attachments":{"media_keys":["3_1425529415111487488"]},"lang":"und","author_id":"149444487","public_metrics":{"retweet_count":1,"reply_count":0,"like_count":7,"quote_count":0},"created_at":"2021-08-11T18:47:54.000Z","text":"#Algerie\n#PrayforAlgerie \n#Kabylie https://t.co/Y73IPIccYo","id":"1425529422959058945"},{"lang":"fr","author_id":"1154302884428812288","public_metrics":{"retweet_count":3,"reply_count":0,"like_count":12,"quote_count":1},"created_at":"2021-08-11T18:47:47.000Z","text":"Unis par l’histoire,  nos peuples le sont aussi dans le respect dû aux défunts et le soutien à l’ensemble des victimes . #Algérie #Kabylie https://t.co/saRFfRrisl","id":"1425529394907471878"},{"attachments":{"media_keys":["3_1425529272572301313"]},"lang":"fr","author_id":"1222295644410449920","public_metrics":{"retweet_count":2,"reply_count":0,"like_count":11,"quote_count":0},"created_at":"2021-08-11T18:47:18.000Z","text":"\uD83D\uDED1 ALERTE INFO \uD83D\uDED1\nLe #Maroc est prêt à envoyer deux canadairs afin de soutenir l'#Algérie dans leur lutte contre les #incendies touchant la région de #kabylie.\n#Algeriaburning \n#AlgeriaWildfires \n#PrayForKabylia \n#prayforalgeria https://t.co/EQkuaLbyRz","id":"1425529274652626957"},{"lang":"fr","author_id":"1416253127511138305","public_metrics":{"retweet_count":0,"reply_count":0,"like_count":2,"quote_count":0},"created_at":"2021-08-11T18:47:13.000Z","text":"Un crime !? La question ne se pose même pas.\nJe pleure ma #Kabylie #PrayForKabylia https://t.co/sU8nj6JHyv","id":"1425529252192133126"},{"lang":"fr","author_id":"1302232724049190912","public_metrics":{"retweet_count":1,"reply_count":2,"like_count":2,"quote_count":0},"created_at":"2021-08-11T18:46:20.000Z","text":"On leur envoie nos #Canadairs pour lutter contre les incendies, ils nous envoient leur Mineurs Non Accompagnés pour alimenter nos faits divers. #Kabylie https://t.co/wxHM5thClR","id":"1425529030829281285"},{"lang":"und","author_id":"254559439","public_metrics":{"retweet_count":0,"reply_count":0,"like_count":0,"quote_count":0},"created_at":"2021-08-11T18:46:19.000Z","text":"#Kabylie https://t.co/cv6vwchkug","id":"1425529027209617415"},{"lang":"fr","author_id":"436987962","public_metrics":{"retweet_count":0,"reply_count":0,"like_count":0,"quote_count":0},"created_at":"2021-08-11T18:44:07.000Z","text":"#Algérie(Sos #Enfance) #RCD++ #TransitionDémocratique++ #Tamazight(Officielle) #Kabylie-#Aures-#MZab++ #Afrique[#Dz++/#Ww3 #VendreDire(SolidaritéDétenu(e)s #KhaledDRARENI++ #8Mars(Jidf)++  #Ww4(Vs#COVID19/Vaccinat°++]..: https://t.co/Hz0Amej6BP","id":"1425528470394884098"},{"attachments":{"media_keys":["7_1425528120086614016"]},"lang":"fr","author_id":"1258533052466290689","public_metrics":{"retweet_count":282,"reply_count":4,"like_count":412,"quote_count":8},"created_at":"2021-08-11T18:43:56.000Z","text":"\uD83C\uDDE9\uD83C\uDDFF| Mobilisations et collectes de vivres dans l’Ouest Algérien pour la #Kabylie actuellement touchée par des incendies forestiers \n\n(Dérouler pour avoir la listes des points de collecte et la liste des vivres nécessaires)  \n\n\uD83D\uDCCDOran ⤵️ https://t.co/28WfdI0Y9v","id":"1425528426404925444"},{"attachments":{"media_keys":["7_1425527908425207811"]},"lang":"fr","author_id":"4857843196","public_metrics":{"retweet_count":2,"reply_count":1,"like_count":4,"quote_count":0},"created_at":"2021-08-11T18:43:35.000Z","text":"On vas résumé les choses, aujourd'hui c'est le deuxième jour des incendies en #Algerie exactement en #Kabylie a la commune du #larbaa_nath_irathen (#fort_national).\nEt aujourd'hui on as retrouvé les pyromane (3 a vrai dire) qui sont à l'origine de tout cela (des boucs émissaires) https://t.co/4zMWXBPl7e","id":"1425528336210702345"},{"lang":"fr","author_id":"381031307","public_metrics":{"retweet_count":0,"reply_count":0,"like_count":1,"quote_count":0},"created_at":"2021-08-11T18:43:25.000Z","text":"Les feux reprennent, et s'éparpillent encore sur les zones non touchées, des pays ont proposé leur aide, que fait le gouvernement, qu'attendent-ils pour accepter l'aide des autres ? #Kabylie","id":"1425528296800980993"},{"lang":"en","author_id":"1335989153889214468","public_metrics":{"retweet_count":0,"reply_count":0,"like_count":0,"quote_count":0},"created_at":"2021-08-11T18:42:56.000Z","text":"hello https://t.co/oDF4z23cPR #YouTube #omar #MessiPSG #Messi #PSGxMESSI #NasserAlKhelaifi #Kabylie #WhatIf #WhatIfMarvel #WhatIfMarvel","id":"1425528176269316103"}],"includes":{"media":[{"media_key":"3_1425551885499568131","type":"photo","url":"https://pbs.twimg.com/media/E8iT4xAXEAMrLef.jpg"},{"media_key":"3_1425551746349375490","type":"photo","url":"https://pbs.twimg.com/media/E8iTwqoXoAIkRHZ.jpg"},{"media_key":"7_1425551163064258564","public_metrics":{"view_count":480},"type":"video"},{"media_key":"3_1425549755715817479","type":"photo","url":"https://pbs.twimg.com/media/E8iR8y8WEAcRTrw.jpg"},{"media_key":"3_1425549458499149830","type":"photo","url":"https://pbs.twimg.com/media/E8iRrfuXoAYS6hc.jpg"},{"media_key":"7_1425549379277107204","public_metrics":{"view_count":119},"type":"video"},{"media_key":"7_1425549036493451267","public_metrics":{"view_count":36},"type":"video"},{"media_key":"3_1425548647119392770","type":"photo","url":"https://pbs.twimg.com/media/E8iQ8RGXEAIFojc.jpg"},{"media_key":"3_1425548270823149568","type":"photo","url":"https://pbs.twimg.com/media/E8iQmXSWEAAlM0V.jpg"},{"media_key":"3_1425546895699681298","type":"photo","url":"https://pbs.twimg.com/media/E8iPWUjXIBIjqPk.jpg"},{"media_key":"3_1425546839974158343","type":"photo","url":"https://pbs.twimg.com/media/E8iPTE9XIAcYBuF.jpg"},{"media_key":"3_1425546303275257864","type":"photo","url":"https://pbs.twimg.com/media/E8iOz1mX0Agtiaw.png"},{"media_key":"3_1425546361018146827","type":"photo","url":"https://pbs.twimg.com/media/E8iO3MtWYAsuX0p.jpg"},{"media_key":"3_1425546347026001924","type":"photo","url":"https://pbs.twimg.com/media/E8iO2YlXMAQOre1.jpg"},{"media_key":"7_1425546113017331721","public_metrics":{"view_count":657},"type":"video"},{"media_key":"3_1425545299540459520","type":"photo","url":"https://pbs.twimg.com/media/E8iN5aZWQAAm6TG.jpg"},{"media_key":"3_1425545413680107523","type":"photo","url":"https://pbs.twimg.com/media/E8iOADmXEAMSOEq.jpg"},{"media_key":"3_1425544947676205061","type":"photo","url":"https://pbs.twimg.com/media/E8iNk7mX0AU9YIl.png"},{"media_key":"3_1425545084796391429","type":"photo","url":"https://pbs.twimg.com/media/E8iNs6aX0AUt1po.jpg"},{"media_key":"3_1425545108712271875","type":"photo","url":"https://pbs.twimg.com/media/E8iNuTgXMAMR-Uu.jpg"},{"media_key":"7_1425545060502974471","public_metrics":{"view_count":94},"type":"video"},{"media_key":"3_1425543330998390806","type":"photo","url":"https://pbs.twimg.com/media/E8iMG1AWEBY8Ynw.jpg"},{"media_key":"3_1425543338216853512","type":"photo","url":"https://pbs.twimg.com/media/E8iMHP5XEAgaGPw.jpg"},{"media_key":"3_1425543117068017670","type":"photo","url":"https://pbs.twimg.com/media/E8iL6YDXoAY-TTf.jpg"},{"media_key":"3_1425542655489024002","type":"photo","url":"https://pbs.twimg.com/media/E8iLfgiXIAIUqJV.jpg"},{"media_key":"3_1425542731888316416","type":"photo","url":"https://pbs.twimg.com/media/E8iLj9JX0AAqpqm.jpg"},{"media_key":"3_1425542087685156873","type":"photo","url":"https://pbs.twimg.com/media/E8iK-dTXsAkxa2g.jpg"},{"media_key":"3_1425541363454590980","type":"photo","url":"https://pbs.twimg.com/media/E8iKUTVWQAQDlyo.jpg"},{"media_key":"7_1425539765617766404","public_metrics":{"view_count":138},"type":"video"},{"media_key":"3_1425540058094911493","type":"photo","url":"https://pbs.twimg.com/media/E8iJIUfWQAUnACw.jpg"},{"media_key":"3_1425535595984609280","type":"photo","url":"https://pbs.twimg.com/media/E8iFEl1WYAAA0-i.jpg"},{"media_key":"3_1425535432201285639","type":"photo","url":"https://pbs.twimg.com/media/E8iE7DsXMAcuEuC.jpg"},{"media_key":"7_1425535294086991879","public_metrics":{"view_count":699},"type":"video"},{"media_key":"3_1425535240450228228","type":"photo","url":"https://pbs.twimg.com/media/E8iEv5XWQAQgHNV.jpg"},{"media_key":"3_1425535240454475777","type":"photo","url":"https://pbs.twimg.com/media/E8iEv5YXEAEGMye.jpg"},{"media_key":"3_1425534650093551616","type":"photo","url":"https://pbs.twimg.com/media/E8iENiHWQAAO3YN.jpg"},{"media_key":"3_1425534338616250375","type":"photo","url":"https://pbs.twimg.com/media/E8iD7ZxX0AcIhLr.jpg"},{"media_key":"7_1425534085292777479","public_metrics":{"view_count":772},"type":"video"},{"media_key":"3_1425533690935971851","type":"photo","url":"https://pbs.twimg.com/media/E8iDVs-XEAsYdTw.jpg"},{"media_key":"7_1425532198413914115","public_metrics":{"view_count":230},"type":"video"},{"media_key":"7_1425532198145429507","public_metrics":{"view_count":147},"type":"video"},{"media_key":"3_1425531964241682433","type":"photo","url":"https://pbs.twimg.com/media/E8iBxMiXIAELVhW.jpg"},{"media_key":"3_1425531770703859718","type":"photo","url":"https://pbs.twimg.com/media/E8iBl7jWUAYqX88.jpg"},{"media_key":"3_1425531453505429505","type":"photo","url":"https://pbs.twimg.com/media/E8iBTd5WYAEeYZW.jpg"},{"media_key":"3_1425531453492928515","type":"photo","url":"https://pbs.twimg.com/media/E8iBTd2XoAMiy0j.jpg"},{"media_key":"3_1425529415111487488","type":"photo","url":"https://pbs.twimg.com/media/E8h_c0SXMAAN6G8.jpg"},{"media_key":"3_1425529272572301313","type":"photo","url":"https://pbs.twimg.com/media/E8h_UhSX0AEY5oI.jpg"},{"media_key":"7_1425528120086614016","public_metrics":{"view_count":9687},"type":"video"},{"media_key":"7_1425527908425207811","public_metrics":{"view_count":1454},"type":"video"}]},"meta":{"newest_id":"1425551890465673216","oldest_id":"1425528176269316103","result_count":99,"next_token":"b26v89c19zqg8o3fpdm8koipok6v30odbost62grsgkfx"}}