{"data":[{"id":"1425527786232549384","text":"Un grand PEUPLE \uD83C\uDDE9\uD83C\uDDFFépuisé, mais tjrs DEBOUT depuis plusieurs semaines\nDe la collecte d'#O2 pour sauver les patients #Covid_19, à l'aide des victimes/incendies de la région #Kabylie\nUne SOLIDARITÉ INCROYABLE \uD83C\uDFA9\n\nCe PEUPLE a dépassé de LOIN ses dirigeants..❤️\nhttps://t.co/1FyEM64g0l","author_id":"1062802978749464577","attachments":{"media_keys":["7_1425512899947155465"]},"lang":"fr","created_at":"2021-08-11T18:41:23.000Z","public_metrics":{"retweet_count":5,"reply_count":4,"like_count":21,"quote_count":1}},{"id":"1425527658104950791","text":"@RedTheBot_ @LydiaGuirous @DomJDom (pas étonnant). Pensées pour la #Kabylie.","author_id":"28666886","lang":"fr","created_at":"2021-08-11T18:40:53.000Z","public_metrics":{"retweet_count":1,"reply_count":0,"like_count":1,"quote_count":0}},{"id":"1425527429402136577","text":"l'Algérie va probablement refuser cette aide.  Donc, c'est par politesse, on ne sait jamais. #Maroc #Algerie #Kabylie https://t.co/HeN0rdofek","author_id":"17685800","lang":"fr","created_at":"2021-08-11T18:39:58.000Z","public_metrics":{"retweet_count":0,"reply_count":0,"like_count":0,"quote_count":0}},{"id":"1425527184580612101","text":"Les salauds ont mis le feu à mon paradis \uD83D\uDC94\n#PrayForKabylia #Kabylie #PrayForAlgeria https://t.co/B5M7zP1Yru","author_id":"1313047465508175872","attachments":{"media_keys":["3_1425527129257750533"]},"lang":"fr","created_at":"2021-08-11T18:39:00.000Z","public_metrics":{"retweet_count":1,"reply_count":1,"like_count":4,"quote_count":0}},{"id":"1425527108613378048","text":"@Riktaa55 We are calling all the countries who can help us.We are perished and devastated with the more than 20fires. The ones that we can’t stop are still going so strong.We don’t have fire fighting planes to stop it!\n#helpalgeria #globalcall #LaKabylieBrûle #kabylie #PrayForAlgeria","author_id":"847614788","lang":"en","created_at":"2021-08-11T18:38:42.000Z","public_metrics":{"retweet_count":0,"reply_count":0,"like_count":0,"quote_count":0}},{"id":"1425526965755392004","text":"#SAVEALGERIA #PRAYFORALGERIA #Algérie #Algeria #COVID19 #COVID_19 #CoronaVirus #CovidAlgerie #CovidAlgeria #CovidDZ #Covid_Algerie #Covid_Algeria #CoronaDZ #covid_dz #solidaritecovid19 #Kabylie #savedz https://t.co/avZSkCp1KQ","author_id":"1422317824681316353","lang":"und","created_at":"2021-08-11T18:38:08.000Z","public_metrics":{"retweet_count":0,"reply_count":0,"like_count":1,"quote_count":0}},{"id":"1425526944708313092","text":"We are calling all the countries who can help us.We are perished and devastated with the more than 20fires. The ones that we can’t stop are still going so strong.We don’t have fire fighting planes to stop it!\n#helpalgeria #globalcall #LaKabylieBrûle #kabylie #PrayForAlgeria https://t.co/jUt3xGpbE2","author_id":"847614788","lang":"en","created_at":"2021-08-11T18:38:03.000Z","public_metrics":{"retweet_count":0,"reply_count":0,"like_count":1,"quote_count":0}},{"id":"1425526912068243462","text":"@franceinfo We are calling all the countries who can help us.We are perished and devastated with the more than 20fires. The ones that we can’t stop are still going so strong.We don’t have fire fighting planes to stop it!\n#helpalgeria #globalcall #LaKabylieBrûle #kabylie #PrayForAlgeria","author_id":"847614788","lang":"en","created_at":"2021-08-11T18:37:55.000Z","public_metrics":{"retweet_count":0,"reply_count":0,"like_count":0,"quote_count":0}},{"id":"1425526786448822274","text":"@France24_fr We are calling all the countries who can help us.We are perished and devastated with the more than 20fires. The ones that we can’t stop are still going so strong.We don’t have fire fighting planes to stop it!\n#helpalgeria #globalcall #LaKabylieBrûle #kabylie #PrayForAlgeria","author_id":"847614788","lang":"en","created_at":"2021-08-11T18:37:25.000Z","public_metrics":{"retweet_count":0,"reply_count":0,"like_count":0,"quote_count":0}},{"id":"1425526728085094404","text":"We are calling all the countries who can help us.We are perished and devastated with the more than 20fires. The ones that we can’t stop are still going so strong.We don’t have fire fighting planes to stop it!\n#helpalgeria #globalcall #LaKabylieBrûle #kabylie #PrayForAlgeria https://t.co/IjbviGKEZ1","author_id":"847614788","lang":"en","created_at":"2021-08-11T18:37:11.000Z","public_metrics":{"retweet_count":0,"reply_count":0,"like_count":0,"quote_count":0}},{"id":"1425526605221355522","text":"#Algérie(Sos #Enfance) #RCD++ #TransitionDémocratique++ #Tamazight(Officielle) #Kabylie-#Aures-#MZab++ #Afrique[#Dz++/#Ww3 #VendreDire(SolidaritéDétenu(e)s #KhaledDRARENI++ #8Mars(Jidf) #Ww4(Vs#COVID19/Vaccinat°+]\n\nSolidaritéVsLesCriminels #FeuxDeForêts..: https://t.co/AoRbIlCU8k","author_id":"436987962","lang":"fr","created_at":"2021-08-11T18:36:42.000Z","public_metrics":{"retweet_count":0,"reply_count":0,"like_count":0,"quote_count":0}},{"id":"1425526090487959555","text":"#Algérie(Sos #Enfance) #RCD++ #TransitionDémocratique++ #Tamazight(Officielle) #Kabylie-#Aures-#MZab++ #Afrique[#Dz++/#Ww3 #VendreDire(SolidaritéDétenu(e)s #KhaledDRARENI++ #8Mars(Jidf) #Ww4(Vs#COVID19/Vaccinat°+]\n\nLa #France(2 #Canadair++)SolidaireVsLesCriminels #FeuxDeForêts..: https://t.co/QP6h4Cpoqt","author_id":"436987962","lang":"fr","created_at":"2021-08-11T18:34:39.000Z","public_metrics":{"retweet_count":0,"reply_count":0,"like_count":0,"quote_count":0}},{"id":"1425525979699716099","text":"L’arrivée de l’aide de toute l’Algerie ! C’est ce pays là, mon pays de naissance, que j’aime ❤️❤️❤️ ! #Kabylie #Algerie #solidarite https://t.co/5nsC947BAs","author_id":"1411650566141493252","lang":"fr","created_at":"2021-08-11T18:34:13.000Z","public_metrics":{"retweet_count":0,"reply_count":0,"like_count":3,"quote_count":0}},{"id":"1425525729010360322","text":"Le feu à Toudja a été maitrisé .\nBravo à tous ceux qui ont contribué.\n#Kabylie #savedz #Béjaïa","author_id":"743789552972800000","lang":"fr","created_at":"2021-08-11T18:33:13.000Z","public_metrics":{"retweet_count":16,"reply_count":0,"like_count":83,"quote_count":1}},{"id":"1425525675616780289","text":"#Algérie(Sos #Enfance) #RCD++ #TransitionDémocratique++ #Tamazight(Officielle) #Kabylie-#Aures-#MZab++ #Afrique[#Dz++/#Ww3 #VendreDire(SolidaritéDétenu(e)s #KhaledDRARENI++ #8Mars(Jidf) #Ww4(Vs#COVID19/Vaccinat°+]\n\nLa #France(2 #Canadair)SolidaireVsLesCriminels #FeuxDeForêts..: https://t.co/9VJHKxc9gI","author_id":"436987962","lang":"fr","created_at":"2021-08-11T18:33:00.000Z","public_metrics":{"retweet_count":0,"reply_count":0,"like_count":0,"quote_count":0}},{"id":"1425525669300166660","text":"We are calling all the countries who can help us.We are perished and devastated with the more than 20fires. The ones that we can’t stop are still going so strong.We don’t have fire fighting planes to stop it!\n#helpalgeria #globalcall #LaKabylieBrûle #kabylie #PrayForAlgeria https://t.co/g45NgiyWtk","author_id":"847614788","lang":"en","created_at":"2021-08-11T18:32:59.000Z","public_metrics":{"retweet_count":0,"reply_count":0,"like_count":0,"quote_count":0}},{"id":"1425525536936316930","text":"We are calling all the countries who can help us.We are perished and devastated with the more than 20fires. The ones that we can’t stop are still going so strong.We don’t have fire fighting planes to stop it!\n#helpalgeria #globalcall #LaKabylieBrûle #kabylie #PrayForAlgeria https://t.co/3bDUxjSGW5","author_id":"847614788","lang":"en","created_at":"2021-08-11T18:32:27.000Z","public_metrics":{"retweet_count":0,"reply_count":0,"like_count":0,"quote_count":0}},{"id":"1425525507836231690","text":"le monde entier brûle \uD83D\uDD25\uD83D\uDC94\uD83D\uDE2D#PrayForAlgeria \n#AlgeriaIsBurning \n#FiresInAlgeria \n#Tizi_Ouzou \n#Kabylie\n#تيزي_وزو_تحترق \n#الجزائر_تحترق #Angola #Malawi #Algerie #Tunisie #feu #Tanzania https://t.co/Gp6WQENaEU#PrayForAlgeria https://t.co/0QSY2XizzU","author_id":"1425523145063211010","attachments":{"media_keys":["3_1425525489578528768","3_1425525495123296256","3_1425525500936654856","3_1425525505516871680"]},"lang":"fr","created_at":"2021-08-11T18:32:20.000Z","public_metrics":{"retweet_count":1,"reply_count":2,"like_count":6,"quote_count":0}},{"id":"1425525478253809666","text":"بعض الاماكن لي طفاة فيهم النار \uD83D\uDE25\uD83D\uDE25\n\n#Tizi_Ouzou #Tiziouzou #feu #algerie #Kabylie \n#PrayForAlgeria #الجزائر_تحترق #الجزائر #تيزي_وزو #تيزي_وزو_تحترق https://t.co/SIkhEW1MxI","author_id":"899746609109532672","attachments":{"media_keys":["3_1425525458737799168","3_1425525466195243009","3_1425525475678593031"]},"lang":"ar","created_at":"2021-08-11T18:32:13.000Z","public_metrics":{"retweet_count":3,"reply_count":0,"like_count":2,"quote_count":0}},{"id":"1425525437711720460","text":"@_xAa09 Qui pourra m'aider as passé l'information , j'ai les vidéo et j'ai les renseignements sur tout ce qui se passe au bled actuellement vos retwitte vont énormément aidé la #Kabylie et sont peuple\n#LaKabylieBrule \nOn as attrapé les déclencheurs du feu https://t.co/R0tEPbLImn","author_id":"4857843196","attachments":{"media_keys":["3_1425525435086086163"]},"lang":"fr","created_at":"2021-08-11T18:32:03.000Z","public_metrics":{"retweet_count":3,"reply_count":2,"like_count":2,"quote_count":0}},{"id":"1425524645646815239","text":"We are calling all the countries who can help us.We are perished and devastated with the more than 20fires. The ones that we can’t stop are still going so strong.We don’t have fire fighting planes to stop it!\n#helpalgeria #globalcall #LaKabylieBrûle #kabylie #PrayForAlgeria https://t.co/bNlnMnSTyN","author_id":"847614788","lang":"en","created_at":"2021-08-11T18:28:55.000Z","public_metrics":{"retweet_count":0,"reply_count":0,"like_count":2,"quote_count":0}},{"id":"1425524535927922694","text":"Si quelqu’un a des cagnottes fiables pour aider la #Kabylie la #Grece la #Turquie et autres (adresses pour envoyer des colis) je suis preneuse svp ! Merci ! #incendies","author_id":"928272187","lang":"fr","created_at":"2021-08-11T18:28:28.000Z","public_metrics":{"retweet_count":0,"reply_count":1,"like_count":2,"quote_count":0}},{"id":"1425524504978247686","text":"@afpfr We are calling all the countries who can help us.We are perished and devastated with the more than 20fires. The ones that we can’t stop are still going so strong.We don’t have fire fighting planes to stop it!\n#helpalgeria #globalcall #LaKabylieBrûle #kabylie #PrayForAlgeria","author_id":"847614788","lang":"en","created_at":"2021-08-11T18:28:21.000Z","public_metrics":{"retweet_count":0,"reply_count":0,"like_count":0,"quote_count":0}},{"id":"1425524497235513353","text":"village athe zmenzer \uD83E\uDD32\uD83D\uDE25قلبي راه يتقطع \uD83D\uDC94ربي يحميكم ان شاء الله \uD83E\uDD32\uD83D\uDC94\uD83D\uDC94\uD83D\uDC94\n#Tizi_Ouzou #Tiziouzou  #algerie #Kabylie \n#PrayForAlgeria #الجزائر_تحترق #الجزائر #تيزي_وزو #تيزي_وزو_تحترق https://t.co/wmvSOzP4LH","author_id":"388795387","attachments":{"media_keys":["7_1425522581042569225"]},"lang":"ar","created_at":"2021-08-11T18:28:19.000Z","public_metrics":{"retweet_count":0,"reply_count":1,"like_count":2,"quote_count":1}},{"id":"1425524479367712774","text":"We are calling all the countries who can help us.We are perished and devastated with the more than 20fires. The ones that we can’t stop are still going so strong.We don’t have fire fighting planes to stop it!\n#helpalgeria #globalcall #LaKabylieBrûle #kabylie #PrayForAlgeria https://t.co/UtXdfblfti","author_id":"847614788","lang":"en","created_at":"2021-08-11T18:28:15.000Z","public_metrics":{"retweet_count":0,"reply_count":0,"like_count":0,"quote_count":0}},{"id":"1425524380784791559","text":"@ZinMocro Juste pour info on a pas de gouvernement on a des nazz fachos qui veulent exterminer la #kabylie ou complices","author_id":"1242871386","lang":"fr","created_at":"2021-08-11T18:27:51.000Z","public_metrics":{"retweet_count":0,"reply_count":1,"like_count":7,"quote_count":1}},{"id":"1425524352599175171","text":"J’arrive pas à avoir des infos sur Cherchell et Sidi Amar !!! Apparement il y a des incendies à 50 km de Cherchell est ce vrai ??!! S’il vous plaît \uD83D\uDE4F #Kabylie #kabylie_brule #Algerie #Algerie_brule","author_id":"1279085147082670080","lang":"fr","created_at":"2021-08-11T18:27:45.000Z","public_metrics":{"retweet_count":0,"reply_count":0,"like_count":0,"quote_count":0}},{"id":"1425524299805470721","text":"We are calling all the countries who can help us.We are perished and devastated with the more than 20fires. The ones that we can’t stop are still going so strong.We don’t have fire fighting planes to stop it!\n#helpalgeria #globalcall #LaKabylieBrûle #kabylie #PrayForAlgeria https://t.co/KSHrN93SwX","author_id":"847614788","lang":"en","created_at":"2021-08-11T18:27:32.000Z","public_metrics":{"retweet_count":0,"reply_count":0,"like_count":1,"quote_count":0}},{"id":"1425524246160232455","text":"#Algérie(Sos #Enfance) #RCD++ #TransitionDémocratique++ #Tamazight(Officielle) #Kabylie-#Aures-#MZab++ #Afrique[#Dz++/#Ww3 #VendreDire(SolidaritéDétenu(e)s #KhaledDRARENI++ #8Mars(Jidf) #Ww4(Vs#COVID19/Vaccinat°+]\n\nLa #France(2 #Canadair)SolidaireVsLesCriminels #FeuxDeForêts: https://t.co/Eht05iTVi6","author_id":"436987962","lang":"fr","created_at":"2021-08-11T18:27:19.000Z","public_metrics":{"retweet_count":0,"reply_count":0,"like_count":0,"quote_count":0}},{"id":"1425524211607646211","text":"We are calling all the countries who can help us.We are perished and devastated with the more than 20fires. The ones that we can’t stop are still going so strong.We don’t have fire fighting planes to stop it!\n#helpalgeria #globalcall #LaKabylieBrûle #kabylie #PrayForAlgeria https://t.co/0YLmgXHXpp","author_id":"847614788","lang":"en","created_at":"2021-08-11T18:27:11.000Z","public_metrics":{"retweet_count":2,"reply_count":0,"like_count":1,"quote_count":0}},{"id":"1425523695901102081","text":"@MoorishMovement HELP \n#helpalgeria #globalcall #LaKabylieBrûle #kabylie #PrayForAlgeria","author_id":"847614788","lang":"en","created_at":"2021-08-11T18:25:08.000Z","public_metrics":{"retweet_count":0,"reply_count":0,"like_count":0,"quote_count":0}},{"id":"1425523493429563395","text":"A l'attention de Monsieur\n#EmmanuelMacron\nPrésident de la République\nPalais de l'Elysée55, rue du  Faubourg Saint-Honoré \n75008 PARIS\nMonsieur le Président de la République\nAu nom du peuple #kabyle je tiens à vous remercier pour votre engagement pour venir en aide à la #kabylie https://t.co/BZwpbXLFk2","author_id":"1120762402222505984","attachments":{"media_keys":["3_1425523487305871366"]},"lang":"fr","created_at":"2021-08-11T18:24:20.000Z","public_metrics":{"retweet_count":0,"reply_count":0,"like_count":4,"quote_count":0}},{"id":"1425523430191939587","text":"Les convois en direction de la Kabylie, qu'Allah préserve nôtres peuples solidaires et unis ! ila ch3b mina ch3b \uD83C\uDDE9\uD83C\uDDFF\n\n#savedz #AlgeriaIsBurning #Algerie #SaveAlgeria #kabyliebrule #kabylie_brûle #PrayForAlgeria #تيزي_وزو_تحترق #الجزايٴر_تستغيث #Algeria #Kabylie https://t.co/jdy9rud9jp","author_id":"820658617212870656","attachments":{"media_keys":["7_1425523343848058882"]},"lang":"fr","created_at":"2021-08-11T18:24:05.000Z","public_metrics":{"retweet_count":19,"reply_count":2,"like_count":39,"quote_count":0}},{"id":"1425523390878818306","text":"\uD83D\uDD34Incendies en Algérie : le bilan s’alourdit à 68 morts (actualisé) #incendies #kabylie #Algérie https://t.co/tOTJV4kCdF","author_id":"1122492791903404035","lang":"fr","created_at":"2021-08-11T18:23:55.000Z","public_metrics":{"retweet_count":2,"reply_count":0,"like_count":1,"quote_count":0}},{"id":"1425523303985340420","text":"#Algérie(Sos #Enfance) #RCD++ #TransitionDémocratique++ #Tamazight(Officielle) #Kabylie-#Aures-#MZab+ #Afrique[#Dz+/#Ww3 #VendreDire(SolidaritéDétenu(e)s #KhaledDRARENI+ #8Mars(Jidf) #Ww4(Vs#COVID19/Vaccinat°+]\n\nSolidaritéVsLesCriminels #FeuxDeForêts/EnKabylie PasDans\"TiziSeule': https://t.co/bA9bRZQitt","author_id":"436987962","lang":"fr","created_at":"2021-08-11T18:23:35.000Z","public_metrics":{"retweet_count":0,"reply_count":0,"like_count":0,"quote_count":0}},{"id":"1425522863830863873","text":"@MoorishMovement We are calling all the countries who can help us.We are perished and devastated with the more than 20fires. The ones that we can’t stop are still going so strong.We don’t have fire fighting planes to stop it!\n#helpalgeria #globalcall #LaKabylieBrûle #kabylie #PrayForAlgeria","author_id":"847614788","lang":"en","created_at":"2021-08-11T18:21:50.000Z","public_metrics":{"retweet_count":0,"reply_count":0,"like_count":0,"quote_count":0}},{"id":"1425522823402041344","text":"We are calling all the countries who can help us.We are perished and devastated with the more than 20fires. The ones that we can’t stop are still going so strong.We don’t have fire fighting planes to stop it!\n#helpalgeria #globalcall #LaKabylieBrûle #kabylie #PrayForAlgeria https://t.co/hwc7Aj2YeM","author_id":"847614788","lang":"en","created_at":"2021-08-11T18:21:40.000Z","public_metrics":{"retweet_count":0,"reply_count":0,"like_count":1,"quote_count":0}},{"id":"1425522617251995648","text":"@mohamed99495136 @EmmanuelMacron @manuelvalls Je suis Kabyle et je vous dis .. momo .. franchement, ceux qui divisent c’est vous et allez manger le beau gâteau de votre super président qui se soigne à l’étranger tandis que le peuple se meure #Kabylie","author_id":"1596881311","lang":"fr","created_at":"2021-08-11T18:20:51.000Z","public_metrics":{"retweet_count":0,"reply_count":0,"like_count":0,"quote_count":0}},{"id":"1425522526638297097","text":"We are calling all the countries who can help us.We are perished and devastated with the more than 20fires. The ones that we can’t stop are still going so strong.We don’t have fire fighting planes to stop it!\n#helpalgeria #globalcall #LaKabylieBrûle #kabylie #PrayForAlgeria https://t.co/pFk15XXbrH","author_id":"847614788","lang":"en","created_at":"2021-08-11T18:20:29.000Z","public_metrics":{"retweet_count":0,"reply_count":0,"like_count":2,"quote_count":0}},{"id":"1425522425236701187","text":"Hasbi Allah wa ni mal wakil \nPartagez en masse svp #kabylie https://t.co/s7D9rcHMiE","author_id":"529629675","lang":"fr","created_at":"2021-08-11T18:20:05.000Z","public_metrics":{"retweet_count":1,"reply_count":0,"like_count":2,"quote_count":0}},{"id":"1425522246534279176","text":"#Algérie(Sos #Enfance) #RCD++ #TransitionDémocratique++ #Tamazight(Officielle) #Kabylie-#Aures-#MZab+ #Afrique[#Dz+/#Ww3 #VendreDire(SolidaritéDétenu(e)s #KhaledDRARENI+ #8Mars(Jidf) #Ww4(Vs#COVID19/Vaccinat°+]\n\n#Maroc(2 #Canadair)SolidaireDansLaLutteVsLesCriminels #FeuxDeForêts: https://t.co/Zn3CHqkgmj","author_id":"436987962","lang":"fr","created_at":"2021-08-11T18:19:23.000Z","public_metrics":{"retweet_count":0,"reply_count":0,"like_count":0,"quote_count":0}},{"id":"1425521955529179142","text":"I am calling all the countries who can help us.We are perished and devastated with the more than 20fires. The ones that we can’t stop are still going so strong.We don’t have fire fighting planes to stop it!\n#helpalgeria #globalcall #LaKabylieBrûle #kabylie #PrayForAlgeria https://t.co/4qXmpYreW6","author_id":"847614788","lang":"en","created_at":"2021-08-11T18:18:13.000Z","public_metrics":{"retweet_count":0,"reply_count":0,"like_count":1,"quote_count":0}},{"id":"1425521939238506500","text":"#NouvellePhotoDeProfil #Kabylie #helpalgeria #prayforalgeria https://t.co/OHPhXbGdur","author_id":"695250834096050176","attachments":{"media_keys":["3_1425521936398946315"]},"lang":"und","created_at":"2021-08-11T18:18:09.000Z","public_metrics":{"retweet_count":0,"reply_count":0,"like_count":1,"quote_count":0}},{"id":"1425521886134480905","text":"I am calling all the countries who can help us.We are perished and devastated with the more than 20fires. The ones that we can’t stop are still going so strong.We don’t have fire fighting planes to stop it!\n#helpalgeria #globalcall #LaKabylieBrûle #kabylie #PrayForAlgeria https://t.co/KSHrN93SwX","author_id":"847614788","lang":"en","created_at":"2021-08-11T18:17:57.000Z","public_metrics":{"retweet_count":0,"reply_count":0,"like_count":1,"quote_count":0}},{"id":"1425521685680230405","text":"@Videos2Riles we are calling all the countries who can help us.We are perished and devastated with the more than 20fires. The ones that we can’t stop are still going so strong.We don’t have fire fighting planes to stop it!\n#helpalgeria #globalcall #LaKabylieBrûle #kabylie #PrayForAlgeria","author_id":"847614788","lang":"en","created_at":"2021-08-11T18:17:09.000Z","public_metrics":{"retweet_count":0,"reply_count":0,"like_count":0,"quote_count":0}},{"id":"1425521637613522949","text":"@Videos2Riles I am calling all the countries who can help us.We are perished and devastated with the more than 20fires. The ones that we can’t stop are still going so strong.We don’t have fire fighting planes to stop it!\n#helpalgeria #globalcall #LaKabylieBrûle #kabylie #PrayForAlgeria","author_id":"847614788","lang":"en","created_at":"2021-08-11T18:16:57.000Z","public_metrics":{"retweet_count":0,"reply_count":0,"like_count":0,"quote_count":0}},{"id":"1425521547087917061","text":"C'est hallucinant d'être obligés d'envoyer deux #Canadairs en #Kabylie. Que sont devenus les milliards du pétrole en @algerie ? Toujours cette volonté de rester des assistés.","author_id":"2827790874","lang":"fr","created_at":"2021-08-11T18:16:36.000Z","public_metrics":{"retweet_count":0,"reply_count":1,"like_count":0,"quote_count":0}},{"id":"1425521524321181701","text":"I am calling all the countries who can help us.We are perished and devastated with the more than 20fires. The ones that we can’t stop are still going so strong.We don’t have fire fighting planes to stop it!\n#helpalgeria #globalcall #LaKabylieBrûle #kabylie #PrayForAlgeria https://t.co/q1ERj3RiCe","author_id":"847614788","lang":"en","created_at":"2021-08-11T18:16:30.000Z","public_metrics":{"retweet_count":0,"reply_count":0,"like_count":0,"quote_count":0}},{"id":"1425521338278686729","text":"I am calling all the countries who can help us.We are perished and devastated with the more than 20fires. The ones that we can’t stop are still going so strong.We don’t have fire fighting planes to stop it!\n#helpalgeria #globalcall #LaKabylieBrûle #kabylie #PrayForAlgeria https://t.co/m39tI2DB9h","author_id":"847614788","lang":"en","created_at":"2021-08-11T18:15:46.000Z","public_metrics":{"retweet_count":0,"reply_count":0,"like_count":0,"quote_count":0}},{"id":"1425521289540812801","text":"\uD83D\uDED1 ALERTE INFO \uD83D\uDED1\nLe premier ministère a annoncé la location de deux #canadairs. Ces  avions servaient à éteindre les #incendies en Grèce.\nLes appareils seront mises en activité dès demain dans le but de combattre les incendies survenu en #Kabylie ces derniers jours.\n#algerie https://t.co/1K7ZqUeJao","author_id":"1222295644410449920","attachments":{"media_keys":["3_1425521287288471558"]},"lang":"fr","created_at":"2021-08-11T18:15:34.000Z","public_metrics":{"retweet_count":2,"reply_count":0,"like_count":2,"quote_count":0}},{"id":"1425520626689888263","text":"#kabylie #kabylia #algerie #algeria #SOS https://t.co/fBjOKeWUa5","author_id":"1371546038281064449","lang":"und","created_at":"2021-08-11T18:12:56.000Z","public_metrics":{"retweet_count":0,"reply_count":0,"like_count":0,"quote_count":0}},{"id":"1425520381604028419","text":"However, this aid is awaiting the agreement of the #Algerian \uD83C\uDDE9\uD83C\uDDFF #KABYLIESBURNING #kabylie_brule #Kabylie authorities. https://t.co/ynL1Dw5h8E","author_id":"1353912304996392964","attachments":{"media_keys":["3_1425520375446790158"]},"lang":"en","created_at":"2021-08-11T18:11:58.000Z","public_metrics":{"retweet_count":1,"reply_count":1,"like_count":5,"quote_count":0}},{"id":"1425520282786279424","text":"#Tizi_Ouzou #Tiziouzou #feu #algerie #Kabylie\n #PrayForAlgeria\n#تيزي_وزو_تحترق\n#الجزائر_تحترق \n#الجزائر_تستغيث\n#ماعدناش_دولة_عندنا_شعب \uD83D\uDD25\uD83D\uDCAA\uD83C\uDFFB\uD83C\uDDE9\uD83C\uDDFF https://t.co/p6jIqutMgy","author_id":"1393559805755854849","attachments":{"media_keys":["3_1425520264767541254","3_1425520270509592589","3_1425520277488799744","3_1425520280580014080"]},"lang":"und","created_at":"2021-08-11T18:11:34.000Z","public_metrics":{"retweet_count":0,"reply_count":0,"like_count":1,"quote_count":0}},{"id":"1425519886797840386","text":"Sauvons la #Kabylie, Sauvons notre #Algérie \uD83D\uDE4F https://t.co/uqJv9iprO9","author_id":"1062802978749464577","lang":"fr","created_at":"2021-08-11T18:10:00.000Z","public_metrics":{"retweet_count":7,"reply_count":5,"like_count":38,"quote_count":1}},{"id":"1425519343337607169","text":"Pensées très fort à la #kabylie les images sont très dures à regarder , des hommes brûlés et blessés , les animaux morts , les maisons et la végétations tout ça parti en fumée . Le chaos en Méditerranée continue .. Hélas #kabylie_brûle \uD83D\uDE2D https://t.co/VIkE9G2Ql1","author_id":"302177302","attachments":{"media_keys":["3_1425519338090639371","3_1425519338228957186","3_1425519338623229961"]},"lang":"fr","created_at":"2021-08-11T18:07:50.000Z","public_metrics":{"retweet_count":1,"reply_count":0,"like_count":2,"quote_count":0}},{"id":"1425519328514957312","text":"La différence entre un roi au #maroc et un clown nommé président en #Algérie... sur instruction de sa majesté des canadairs #marocains prêts au decollage pour aider a eteindre les feux en #kabylie dès réception du feu vert d'Alger.. a vous de voir https://t.co/v4ytCj5SbE","author_id":"1368251482886320136","lang":"fr","created_at":"2021-08-11T18:07:47.000Z","public_metrics":{"retweet_count":12,"reply_count":3,"like_count":64,"quote_count":0}},{"id":"1425519173866827778","text":"pouvoir assassin #kabylie https://t.co/CL8ilUMIco","author_id":"325784133","lang":"fr","created_at":"2021-08-11T18:07:10.000Z","public_metrics":{"retweet_count":0,"reply_count":0,"like_count":2,"quote_count":0}},{"id":"1425519018572722184","text":"Ma #Kabylie (Tizi Ouzou, Bejaia) est en train de lutter contre des #incendies criminels, qui la ravagent. Ce coin de Paradis verdoyant, ces montagnes sauvages, ces oliviers qui me régalent d'une huile exquise comme je n'en ai jamais goûté, partent en feu.","author_id":"1100481856443768832","lang":"fr","created_at":"2021-08-11T18:06:33.000Z","public_metrics":{"retweet_count":7,"reply_count":2,"like_count":33,"quote_count":1}},{"id":"1425518886359810056","text":"@EmmanuelMacron Merci! \n\nLa #Kabylie remercie le gouvernement français pour cette aide précieuse.","author_id":"799643893092544512","lang":"fr","created_at":"2021-08-11T18:06:02.000Z","public_metrics":{"retweet_count":0,"reply_count":0,"like_count":0,"quote_count":0}},{"id":"1425518641437626368","text":"Le président algérien Abdelmadjid Tebboune vient de s'exprimer à l'instant sur la situation désastreuse que connaît le pays depuis trois jours suite aux incendies qui ont ravagé l'est du pays.\n\n#algerie #Prayforalgeria #kabylie https://t.co/ungeEQFhtf","author_id":"1376249289161252865","attachments":{"media_keys":["7_1425518585934450694"]},"lang":"fr","created_at":"2021-08-11T18:05:03.000Z","public_metrics":{"retweet_count":0,"reply_count":1,"like_count":1,"quote_count":0}},{"id":"1425518602564800515","text":"Les gens de Medea ,Blida cv ?!!! طمنونا عليكم surtout li jayin f la région tmesguida?!!\uD83D\uDE4F #Algeriaburning #Blida #Medea #Algerie_brule #Alger #Tiziouzou #Kabylie","author_id":"1254870802987655169","lang":"ca","created_at":"2021-08-11T18:04:54.000Z","public_metrics":{"retweet_count":0,"reply_count":0,"like_count":0,"quote_count":0}},{"id":"1425518359207108616","text":"@ConflitsFrance @EmmanuelMacron we are calling all the countries who can help us.We are perished and devastated with the more than 20fires. The ones that we can’t stop are still going so strong.We don’t have fire fighting planes to stop it!\n#helpalgeria #globalcall #LaKabylieBrûle #kabylie #PrayForAlgeria","author_id":"847614788","lang":"en","created_at":"2021-08-11T18:03:56.000Z","public_metrics":{"retweet_count":0,"reply_count":0,"like_count":1,"quote_count":0}},{"id":"1425518211441823751","text":"I am calling all the countries who can help us.We are perished and devastated with the more than 20fires. The ones that we can’t stop are still going so strong.We don’t have fire fighting planes to stop it!\n#helpalgeria #globalcall #LaKabylieBrûle #kabylie #PrayForAlgeria https://t.co/ZCygfZkqZr","author_id":"847614788","lang":"en","created_at":"2021-08-11T18:03:21.000Z","public_metrics":{"retweet_count":0,"reply_count":0,"like_count":1,"quote_count":0}},{"id":"1425518197676118017","text":"Important\nListe des points de collecte pour les dons sur Alger #kabylie_brule #algerie #kabylie #Tiziouzou https://t.co/lmAdSO4iNF","author_id":"1377887749311762435","attachments":{"media_keys":["3_1425518195360813061"]},"lang":"fr","created_at":"2021-08-11T18:03:17.000Z","public_metrics":{"retweet_count":1,"reply_count":0,"like_count":1,"quote_count":0}},{"id":"1425518039605383169","text":"BIAFINE!!!!!! RT SVP! #savedz #algerie #kabylie https://t.co/1trLVO1eXj","author_id":"875490776","lang":"fr","created_at":"2021-08-11T18:02:40.000Z","public_metrics":{"retweet_count":2,"reply_count":0,"like_count":3,"quote_count":0}},{"id":"1425517698742734852","text":"pour toute personne qui a besoin de déplacement pour les dons (hydra, le val, el biar, alger centre…etc) veuillez contacter @benj1ii même après le couvre feu!!!!! \n#savedz #kabylie #algerie","author_id":"875490776","lang":"fr","created_at":"2021-08-11T18:01:18.000Z","public_metrics":{"retweet_count":64,"reply_count":1,"like_count":32,"quote_count":1}},{"id":"1425517678408708098","text":"Signalez ces vidéos en masse !\nUtilisons  cette force pour nous entraider et reconstruire notre #Kabylie ! \nNous ne sommes pas des assassins, nous sommes un peuple pacifique ! \nSTOP à l'incitation à la violence et la haine\nhttps://t.co/rMvzSisNf4","author_id":"161399187","lang":"fr","created_at":"2021-08-11T18:01:14.000Z","public_metrics":{"retweet_count":0,"reply_count":0,"like_count":0,"quote_count":0}},{"id":"1425517558380351491","text":"@KarimaDelli I am calling all the countries who can help us.We are perished and devastated with the more than 20fires. The ones that we can’t stop are still going so strong.We don’t have fire fighting planes to stop it!\n#helpalgeria #globalcall #LaKabylieBrûle #kabylie #PrayForAlgeria","author_id":"847614788","lang":"en","created_at":"2021-08-11T18:00:45.000Z","public_metrics":{"retweet_count":0,"reply_count":0,"like_count":0,"quote_count":0}},{"id":"1425517411747438597","text":"\uD83C\uDD98 Besoin d’aide au village Aboudid Larbaa Nath iraten sur la route nationale qui mène à tadart oufella \uD83C\uDD98 URGENT #kabylie #prayfortiziouzou","author_id":"1292939144084299783","lang":"fr","created_at":"2021-08-11T18:00:10.000Z","public_metrics":{"retweet_count":2,"reply_count":0,"like_count":2,"quote_count":0}},{"id":"1425517075414626305","text":"Qu'on vienne me dire qu'il n'y a pas ici la volonté d'orchestrer un génocide. #Algerie #AlgerieBrule \n#Tizi_Ouzou #LarbaaNathIrathen #LNI #Kabylie https://t.co/RD8iFG8ovV","author_id":"1227355398165999616","lang":"fr","created_at":"2021-08-11T17:58:50.000Z","public_metrics":{"retweet_count":3,"reply_count":2,"like_count":11,"quote_count":2}},{"id":"1425516924331569157","text":"L'Algérie décrète un deuil de 3 jours à partir de Jeudi  \uD83D\uDC94\uD83E\uDD32. \uD83D\uDD25\uD83C\uDDE9\uD83C\uDDFF \uD83D\uDD25 Des incendies meurtriers ravagent la #Kabylie : le bilan provisoire est de 65 morts.Les autorités évoquent des feux \"d'origine criminelle\"\n#kabyliebrule #kabylie #PrayforAlgeria","author_id":"41083378","lang":"fr","created_at":"2021-08-11T17:58:14.000Z","public_metrics":{"retweet_count":2,"reply_count":0,"like_count":2,"quote_count":0}},{"id":"1425516838927093762","text":"Ivry sur Seine \nEl kseur \nLes deux rives\nLa famille \nForce et soutien\n#kabylie","author_id":"2318565578","lang":"fr","created_at":"2021-08-11T17:57:53.000Z","public_metrics":{"retweet_count":1,"reply_count":0,"like_count":6,"quote_count":0}},{"id":"1425516733524287492","text":"@MarocDiplomatie we are calling all the countries who can help us.We are perished and devastated with the more than 20fires. The ones that we can’t stop are still going so strong.We don’t have fire fighting planes to stop it!\n#helpalgeria #globalcall #LaKabylieBrûle #kabylie #PrayForAlgeria","author_id":"847614788","lang":"en","created_at":"2021-08-11T17:57:28.000Z","public_metrics":{"retweet_count":1,"reply_count":0,"like_count":1,"quote_count":1}},{"id":"1425516641119621124","text":"\uD83D\uDE2D\uD83D\uDE2D\uD83E\uDD32\uD83C\uDDE9\uD83C\uDDFF #AlgeriaIsBurning #kabylie #PrayForAlgeria #algeria #Algerie #AlgerieBrule #PrayForKabylia #kabylie_brûle https://t.co/oAXp9FrCET","author_id":"3025012269","attachments":{"media_keys":["3_1425516635113332743"]},"lang":"und","created_at":"2021-08-11T17:57:06.000Z","public_metrics":{"retweet_count":1,"reply_count":0,"like_count":1,"quote_count":0}},{"id":"1425516580398579715","text":"#kabylie #demandeaideinternationnal https://t.co/fE6CqadPGE","author_id":"1425515295322615811","attachments":{"media_keys":["7_1425516379793395715"]},"lang":"und","created_at":"2021-08-11T17:56:52.000Z","public_metrics":{"retweet_count":1,"reply_count":0,"like_count":1,"quote_count":0}},{"id":"1425516557413888007","text":"C’est horrible quand t’est en France impuissant, alors que ton pays brûle \uD83E\uDD27 #kabylie_brule #kabylie #Algerie","author_id":"1205834163447840775","lang":"fr","created_at":"2021-08-11T17:56:46.000Z","public_metrics":{"retweet_count":0,"reply_count":0,"like_count":2,"quote_count":0}},{"id":"1425516429722411013","text":"I am calling all the countries who can help us.We are perished and devastated with the more than 20fires. The ones that we can’t stop are still going so strong.We don’t have fire fighting planes to stop it!\n#helpalgeria #globalcall #LaKabylieBrûle #kabylie #PrayForKabylia https://t.co/3YTVBQ0hhl","author_id":"847614788","lang":"en","created_at":"2021-08-11T17:56:16.000Z","public_metrics":{"retweet_count":0,"reply_count":0,"like_count":1,"quote_count":0}},{"id":"1425516086464765958","text":"#kabylie #demandeaideinternationnal https://t.co/MTFgGEyYv9","author_id":"1425515295322615811","attachments":{"media_keys":["3_1425516084061483017"]},"lang":"und","created_at":"2021-08-11T17:54:54.000Z","public_metrics":{"retweet_count":0,"reply_count":0,"like_count":0,"quote_count":0}},{"id":"1425516027216023556","text":"I am calling all the countries who can help us.We are perished and devastated with the more than 20fires. The ones that we can’t stop are still going so strong.We don’t have fire fighting planes to stop it!\n#helpalgeria #globalcall #LaKabylieBrûle #kabylie #PrayForKabylia https://t.co/whar73SPC7","author_id":"847614788","lang":"en","created_at":"2021-08-11T17:54:40.000Z","public_metrics":{"retweet_count":1,"reply_count":0,"like_count":3,"quote_count":0}},{"id":"1425515992243920896","text":"لم استطيع امساك دموعي و انا اشاهد هذا المشهد\uD83D\uDE2D شاب يحاول منع حيوان يركض باتجاه النيران ثم يعود الى احضانه..\nحيث حرائق كبيرة التهمت منطقة القبائل الامازيغية في الجزائر و مناطق متفرقة اخرى\nبرداً و سلاماً ايها الطيبين #القبايل #القبائل\n#الامازيغ #امازيغ #kabylie #SOS_Kabylie https://t.co/5rqeHsAmBt","author_id":"753629075802038272","attachments":{"media_keys":["7_1425515873905909761"]},"lang":"ar","created_at":"2021-08-11T17:54:32.000Z","public_metrics":{"retweet_count":0,"reply_count":1,"like_count":2,"quote_count":0}},{"id":"1425515828418580487","text":"I am calling all the countries who can help us.We are perished and devastated with the more than 20fires. The ones that we can’t stop are still going so strong.We don’t have fire fighting planes to stop it!\n#helpalgeria #globalcall #LaKabylieBrûle #kabylie #PrayForKabylia https://t.co/kCiFU1Uhs2","author_id":"847614788","lang":"en","created_at":"2021-08-11T17:53:52.000Z","public_metrics":{"retweet_count":2,"reply_count":1,"like_count":3,"quote_count":0}},{"id":"1425515581290254348","text":"Ma Kabylie brûle \uD83D\uDE22\uD83D\uDC94 #Algerie #TiziOuzou #Kabylie https://t.co/rUdbLTtFY5","author_id":"1279133612651220992","attachments":{"media_keys":["7_1425515401669140495"]},"lang":"fr","created_at":"2021-08-11T17:52:54.000Z","public_metrics":{"retweet_count":19,"reply_count":1,"like_count":25,"quote_count":3}},{"id":"1425515421093011462","text":"Vont-ils finir par accepter l’aide du Maroc? Stop au conflit diplomatique , il y a des vies et des villages à sauver! #Algerie #Algerie_brule #Maroc #Canadairs #Maghreb #Kabylie #incendies \uD83C\uDDF2\uD83C\uDDE6\uD83C\uDDE9\uD83C\uDDFF #StopTebboune! https://t.co/U6vPHMp0oL","author_id":"2233943920","lang":"fr","created_at":"2021-08-11T17:52:15.000Z","public_metrics":{"retweet_count":0,"reply_count":0,"like_count":3,"quote_count":0}},{"id":"1425515095879213064","text":"#bejaia #kabylie #incendies https://t.co/0yOxi8OSxZ","author_id":"17214347","lang":"und","created_at":"2021-08-11T17:50:58.000Z","public_metrics":{"retweet_count":0,"reply_count":0,"like_count":0,"quote_count":0}},{"id":"1425515095086481414","text":"\uD83D\uDD34#Algérie| Le président de la France Emmanuel Macron, annonce le déploiement de deux canadairs en #Kabylie dès demain. https://t.co/l5uGu88uDu","author_id":"2715219673","attachments":{"media_keys":["3_1425515089512308739"]},"lang":"fr","created_at":"2021-08-11T17:50:58.000Z","public_metrics":{"retweet_count":1,"reply_count":10,"like_count":16,"quote_count":1}},{"id":"1425514829968723969","text":"Anarez wala anaknu #kabylie","author_id":"1566570636","lang":"tl","created_at":"2021-08-11T17:49:54.000Z","public_metrics":{"retweet_count":0,"reply_count":0,"like_count":1,"quote_count":0}},{"id":"1425514655401787400","text":"#kabylie #oran #algerie #dons https://t.co/QezJAt1dPB","author_id":"17214347","lang":"und","created_at":"2021-08-11T17:49:13.000Z","public_metrics":{"retweet_count":1,"reply_count":0,"like_count":2,"quote_count":0}},{"id":"1425514484286869512","text":"#Algérie : incendies en #Kabylie et dans le nord du pays, qui ont fait au moins 65 morts en deux jours. Comme dans d'autres pays cet été, le dérèglement climatique contribue au phénomène. https://t.co/gbP5vwRAlZ","author_id":"92945903","lang":"fr","created_at":"2021-08-11T17:48:32.000Z","public_metrics":{"retweet_count":17,"reply_count":5,"like_count":25,"quote_count":2}},{"id":"1425514358394740740","text":"C'est malheureux et touchant..\uD83D\uDC94\n#TiziOuzouBrule #AlgeriaIsBurning #savedz #Kabylie #soskabylie #تيزي_وزو_تحترق #تيزي_وزو #الجزائر_تحترق\n#الجزاير_تحترق https://t.co/bKK456VTYG","author_id":"1313188109492908032","attachments":{"media_keys":["3_1425514355425222656"]},"lang":"fr","created_at":"2021-08-11T17:48:02.000Z","public_metrics":{"retweet_count":4,"reply_count":4,"like_count":38,"quote_count":0}},{"id":"1425514239003873287","text":"C'est la France qui envoie des Canadair... #Kabylie\nMerci Macron. #Algérie","author_id":"499710513","lang":"fr","created_at":"2021-08-11T17:47:34.000Z","public_metrics":{"retweet_count":2,"reply_count":0,"like_count":10,"quote_count":0}},{"id":"1425513871217995777","text":"\uD83D\uDE2D\uD83D\uDE2D\uD83E\uDD32 #kabylie #PrayForKabylia #PrayForkabylie https://t.co/W0su3Q4zxB","author_id":"3025012269","attachments":{"media_keys":["3_1425513865417306115"]},"lang":"und","created_at":"2021-08-11T17:46:06.000Z","public_metrics":{"retweet_count":1,"reply_count":0,"like_count":2,"quote_count":0}},{"id":"1425513297399500802","text":"\uD83D\uDE4F\uD83C\uDFFC\uD83D\uDE4F\uD83C\uDFFC\uD83D\uDE4F\uD83C\uDFFC #kabylie","author_id":"98941752","lang":"und","created_at":"2021-08-11T17:43:49.000Z","public_metrics":{"retweet_count":0,"reply_count":0,"like_count":1,"quote_count":0}},{"id":"1425512282931568641","text":"Je suis #kabylie\n#kabylie_brule \n#savekabylia","author_id":"1425207210456518658","lang":"fr","created_at":"2021-08-11T17:39:47.000Z","public_metrics":{"retweet_count":0,"reply_count":0,"like_count":0,"quote_count":0}},{"id":"1425511470738165768","text":"Ath yenni a besoin de nous RT appréciés svp \uD83C\uDD98\uD83D\uDEA8 #SaveAlgeria #kabylie_brule #TiziOuzou_brule #تيزي_وزو_تحترق #Algerie #kabylie #Tizi_Ouzou https://t.co/n0pan5vhbS","author_id":"1374390604088504329","attachments":{"media_keys":["3_1425511464874520587"]},"lang":"fr","created_at":"2021-08-11T17:36:34.000Z","public_metrics":{"retweet_count":8,"reply_count":0,"like_count":10,"quote_count":0}},{"id":"1425511367877009414","text":"Les algerien qui critique la france dite lui merci parce que la france vien d’envoyer 2 canadére pour eteindre les feux donc arreter de cracher sur se pays. #algerie #france #kabylie","author_id":"1416074303297179648","lang":"fr","created_at":"2021-08-11T17:36:09.000Z","public_metrics":{"retweet_count":1,"reply_count":0,"like_count":1,"quote_count":0}},{"id":"1425511087445774345","text":"Algerijnse pers: Marokko verantwoordelijk voor bosbranden in Noord-Algerije - https://t.co/F144Krtthb #algerije #kabylië #marokko #bosbranden #kamelbeldjoud #separatisme #inlichtingendienst","author_id":"25515939","lang":"nl","created_at":"2021-08-11T17:35:02.000Z","public_metrics":{"retweet_count":0,"reply_count":0,"like_count":0,"quote_count":2}},{"id":"1425511050175254528","text":"what is happening in #Algeria ?\n#AlgeriaIsBurning \n#PrayForAlgeria \n#FiresInAlgeria \n#Tizi_Ouzou \n#Kabylie\n#savedz \n#SaveAlgeria \n#تيزي_وزو_تحترق \n#الجزائر_تحترق https://t.co/lbGitZYKno","author_id":"1211706428014022656","attachments":{"media_keys":["3_1425510301777240068","3_1425510710029783040","3_1425510734788796419","3_1425510754669809680"]},"lang":"en","created_at":"2021-08-11T17:34:53.000Z","public_metrics":{"retweet_count":7,"reply_count":3,"like_count":14,"quote_count":0}},{"id":"1425511018017533953","text":"⚡DERNIERE MINUTE - #Politique : Incendies en Kabylie : @EmmanuelMacron  annonce l'envoi de deux Canadairs en #Algérie. #Algerie_brule #feuxDeForet #kabylie #TiziOuzou_brule #Tizi_Ouzou https://t.co/GbYfPfWLjz","author_id":"784636611183214592","attachments":{"media_keys":["3_1425511011755380743"]},"lang":"fr","created_at":"2021-08-11T17:34:46.000Z","public_metrics":{"retweet_count":4,"reply_count":0,"like_count":15,"quote_count":0}},{"id":"1425510916284682247","text":"@EmmanuelMacron La #Kabylie mérite le soutien de la France: nous vous remercions pour votre humanité en ce moment tragique. \nNous sommes affectés par le sort des #Kabyles, opprimés par le pouvoir colonial #algerien qui met en oeuvre le plan #zerokabyle.\n\n#PrayForKabylia\uD83E\uDD32\nhttps://t.co/hj0kKTnLPs","author_id":"1230624730492829696","lang":"fr","created_at":"2021-08-11T17:34:21.000Z","public_metrics":{"retweet_count":3,"reply_count":0,"like_count":15,"quote_count":0}},{"id":"1425510535097880580","text":"Incendies en Kabylie : Macron annonce l'envoi de deux Canadairs en Algérie\nLire l'article \uD83D\uDC49 : https://t.co/IONLEV3z8u\n\n#Algérie #Kabylie #Macron #France https://t.co/6nRiwGgXTy","author_id":"782934172243492864","attachments":{"media_keys":["3_1425510520950558721"]},"lang":"fr","created_at":"2021-08-11T17:32:50.000Z","public_metrics":{"retweet_count":5,"reply_count":5,"like_count":16,"quote_count":1}}],"includes":{"media":[{"media_key":"7_1425512899947155465","public_metrics":{"view_count":3776},"type":"video"},{"media_key":"3_1425527129257750533","type":"photo","url":"https://pbs.twimg.com/media/E8h9Xw0XMAUU8oi.jpg"},{"media_key":"3_1425525489578528768","type":"photo","url":"https://pbs.twimg.com/media/E8h74UiX0AAoDJf.jpg"},{"media_key":"3_1425525495123296256","type":"photo","url":"https://pbs.twimg.com/media/E8h74pMWQAAmprS.jpg"},{"media_key":"3_1425525500936654856","type":"photo","url":"https://pbs.twimg.com/media/E8h74-2XEAgxmja.jpg"},{"media_key":"3_1425525505516871680","type":"photo","url":"https://pbs.twimg.com/media/E8h75P6XoAAE4dA.jpg"},{"media_key":"3_1425525458737799168","type":"photo","url":"https://pbs.twimg.com/media/E8h72hpXoAAp87h.jpg"},{"media_key":"3_1425525466195243009","type":"photo","url":"https://pbs.twimg.com/media/E8h729bXMAEZx8f.jpg"},{"media_key":"3_1425525475678593031","type":"photo","url":"https://pbs.twimg.com/media/E8h73gwXoAcIE8H.jpg"},{"media_key":"3_1425525435086086163","type":"photo","url":"https://pbs.twimg.com/media/E8h71JiXIBM0xjV.jpg"},{"media_key":"7_1425522581042569225","public_metrics":{"view_count":547},"type":"video"},{"media_key":"3_1425523487305871366","type":"photo","url":"https://pbs.twimg.com/media/E8h6DxfXsAY-igh.jpg"},{"media_key":"7_1425523343848058882","public_metrics":{"view_count":1106},"type":"video"},{"media_key":"3_1425521936398946315","type":"photo","url":"https://pbs.twimg.com/media/E8h4pf6WEAsvL6-.jpg"},{"media_key":"3_1425521287288471558","type":"photo","url":"https://pbs.twimg.com/media/E8h4DtyWQAYhVRw.jpg"},{"media_key":"3_1425520375446790158","type":"photo","url":"https://pbs.twimg.com/media/E8h3Oo6WYA4YUXn.jpg"},{"media_key":"3_1425520264767541254","type":"photo","url":"https://pbs.twimg.com/media/E8h3IMmXEAYQvrP.jpg"},{"media_key":"3_1425520270509592589","type":"photo","url":"https://pbs.twimg.com/media/E8h3Ih_X0A0EZ-F.jpg"},{"media_key":"3_1425520277488799744","type":"photo","url":"https://pbs.twimg.com/media/E8h3I7_WEAAylzz.jpg"},{"media_key":"3_1425520280580014080","type":"photo","url":"https://pbs.twimg.com/media/E8h3JHgWQAAoM6l.jpg"},{"media_key":"3_1425519338090639371","type":"photo","url":"https://pbs.twimg.com/media/E8h2SQdXsAsX1DQ.jpg"},{"media_key":"3_1425519338228957186","type":"photo","url":"https://pbs.twimg.com/media/E8h2SQ-WQAIkTTL.jpg"},{"media_key":"3_1425519338623229961","type":"photo","url":"https://pbs.twimg.com/media/E8h2SScWYAkVrpK.jpg"},{"media_key":"7_1425518585934450694","public_metrics":{"view_count":187},"type":"video"},{"media_key":"3_1425518195360813061","type":"photo","url":"https://pbs.twimg.com/media/E8h1PvdWUAUE2uF.png"},{"media_key":"3_1425516635113332743","type":"photo","url":"https://pbs.twimg.com/media/E8hz07FXIAc5eiB.jpg"},{"media_key":"7_1425516379793395715","public_metrics":{"view_count":47},"type":"video"},{"media_key":"3_1425516084061483017","type":"photo","url":"https://pbs.twimg.com/media/E8hzU2QXMAkMdBG.jpg"},{"media_key":"7_1425515873905909761","public_metrics":{"view_count":3},"type":"video"},{"media_key":"7_1425515401669140495","public_metrics":{"view_count":1560},"type":"video"},{"media_key":"3_1425515089512308739","type":"photo","url":"https://pbs.twimg.com/media/E8hya9RXIAMS5VX.jpg"},{"media_key":"3_1425514355425222656","type":"photo","url":"https://pbs.twimg.com/media/E8hxwOlXIAA_6wv.jpg"},{"media_key":"3_1425513865417306115","type":"photo","url":"https://pbs.twimg.com/media/E8hxTtKXsAMrXeD.jpg"},{"media_key":"3_1425511464874520587","type":"photo","url":"https://pbs.twimg.com/media/E8hvH-cXsAsTedQ.jpg"},{"media_key":"3_1425510301777240068","type":"photo","url":"https://pbs.twimg.com/media/E8huERkXoAQ_loR.jpg"},{"media_key":"3_1425510710029783040","type":"photo","url":"https://pbs.twimg.com/media/E8hucCbXEAABCyD.jpg"},{"media_key":"3_1425510734788796419","type":"photo","url":"https://pbs.twimg.com/media/E8hudeqXoAMLu6R.jpg"},{"media_key":"3_1425510754669809680","type":"photo","url":"https://pbs.twimg.com/media/E8hueouX0BArPs_.jpg"},{"media_key":"3_1425511011755380743","type":"photo","url":"https://pbs.twimg.com/media/E8hutmcWUAczGsH.jpg"},{"media_key":"3_1425510520950558721","type":"photo","url":"https://pbs.twimg.com/media/E8huRCDXEAER3lQ.jpg"}]},"meta":{"newest_id":"1425527786232549384","oldest_id":"1425510535097880580","result_count":100,"next_token":"b26v89c19zqg8o3fpdm8koiek0oodr874o656bhmuvhj1"}}