{"data":[{"created_at":"2021-08-11T17:32:27.000Z","text":"Merci M. le Président @EmmanuelMacron. Fiers de notre #France Fraternelle et Solidaire qui vient en aide de l’#Algérie qui lutte contre de gigantesques incendies qui ravagent la #Kabylie \uD83E\uDD75✊✊\uD83C\uDFFF https://t.co/hv5SFMv38u","lang":"fr","author_id":"372315720","public_metrics":{"retweet_count":2,"reply_count":0,"like_count":4,"quote_count":0},"id":"1425510438628909065"},{"created_at":"2021-08-11T17:30:59.000Z","text":"Alors s’il vous plaît il y’a une personne qui est prête à donner des draps matelas canapés..etc qui est peut aller les récupérer ??? au niveau de la concorde!!!!! #savedz #kabylie #Tizi_Ouzou","lang":"fr","author_id":"875490776","public_metrics":{"retweet_count":58,"reply_count":2,"like_count":32,"quote_count":1},"id":"1425510067860803590"},{"created_at":"2021-08-11T17:29:51.000Z","text":"Enfin des canadairs de #France\nVers #kabylie en #Algerie.. il etait temps.. les algeriens fatigués de chanter :\nOu t'es papaoutai?\nOu t'es papoutai... https://t.co/9xrxNwYzNi","lang":"fr","author_id":"1368251482886320136","public_metrics":{"retweet_count":7,"reply_count":2,"like_count":38,"quote_count":0},"id":"1425509783675805705"},{"created_at":"2021-08-11T17:29:13.000Z","text":"#AlgeriaIsBurning #MaKabylieBrule \n#Algerie #Kabylie #Tizi_Ouzou #LNI \nIl semblerait que darria n lhram iri chathen se trimbale tranquillement avec du mazout dans leur coffre bandes de chiens \uD83E\uDD2C\uD83E\uDD2C\uD83E\uDD2C https://t.co/Qf8ar4EjDC","lang":"fr","author_id":"1227355398165999616","attachments":{"media_keys":["7_1425509542931095554"]},"public_metrics":{"retweet_count":0,"reply_count":2,"like_count":4,"quote_count":1},"id":"1425509623117852678"},{"created_at":"2021-08-11T17:29:05.000Z","text":"M le Président @EmmanuelMacron, la #kabylie brule de partout, les kabyles sont livrés à eux même, c’est dramatique sur le plan humain. La France doit aider et intervenir auprès de ce peuple ami et frère qui a tant donné à notre pays. Agissez svp auprès des algériens @JY_LeDrian","lang":"fr","author_id":"396820680","public_metrics":{"retweet_count":2,"reply_count":1,"like_count":3,"quote_count":0},"id":"1425509591094284293"},{"created_at":"2021-08-11T17:28:21.000Z","text":"I am calling all the countries who can help us.We are perished and devastated with the more than 20fires. The ones that we can’t stop are still going so strong.We don’t have fire fighting planes to stop it!\n#helpalgeria #globalcall #LaKabylieBrûle #kabylie #KABYLIESBURNING https://t.co/vzkai1IaAZ","lang":"en","author_id":"847614788","public_metrics":{"retweet_count":0,"reply_count":0,"like_count":1,"quote_count":0},"id":"1425509403680256005"},{"created_at":"2021-08-11T17:27:55.000Z","text":"I am calling all the countries who can help us.We are perished and devastated with the more than 20fires. The ones that we can’t stop are still going so strong.We don’t have fire fighting planes to stop it!\n#helpalgeria #globalcall #LaKabylieBrûle #kabylie #KABYLIESBURNING https://t.co/0mrPisOHtl","lang":"en","author_id":"847614788","public_metrics":{"retweet_count":0,"reply_count":0,"like_count":3,"quote_count":0},"id":"1425509295882440704"},{"created_at":"2021-08-11T17:25:33.000Z","text":"Merci à mes amis @MDelafosse @BenoitPayan ou @MathieuHanotin \nMerci également à la formidable mobilisation de la diaspora kabyle. \nMerci aux populations et acteurs locaux qui luttent contre le feu malgré le risque de perte humaine, déjà trop lourde. \n#Algerie #kabylie","lang":"fr","author_id":"2507651323","public_metrics":{"retweet_count":3,"reply_count":1,"like_count":15,"quote_count":0},"id":"1425508700924612608"},{"created_at":"2021-08-11T17:24:25.000Z","text":"Quel drame avec des feux qui se déclarent partout, peu de pompiers et sans moyens aériens et le gouvernement algérien qui refuse la main tendue! C’est criminel! Est ce de la fierté mal placée ou une volonté de laisser la #kabylie bruler à petit feu ? https://t.co/6mRxqjus69","lang":"fr","author_id":"396820680","public_metrics":{"retweet_count":1,"reply_count":1,"like_count":5,"quote_count":0},"id":"1425508413547683840"},{"created_at":"2021-08-11T17:24:07.000Z","text":"\uD83D\uDD34 Ce qu’il se passe en #Kabylie, en #Grèce et partout dans le monde doit nous alerter sur le désastre écologique que nous vivons.\n\n➡️ Nous pensons aussi aux désastres humains engendrés suite à ces incendies, comme actuellement en #Algérie.\n\n\uD83D\uDE4C Toute notre solidarité.","lang":"fr","author_id":"34103634","public_metrics":{"retweet_count":12,"reply_count":0,"like_count":20,"quote_count":2},"id":"1425508340067676163"},{"created_at":"2021-08-11T17:23:34.000Z","text":"Que dieu protège l'Algérie et la #kabylie en particulier \uD83D\uDE4F\n#kabylie_brule #PrayForkabylie https://t.co/yHSxTctJ9z","lang":"fr","author_id":"908470678298533889","public_metrics":{"retweet_count":0,"reply_count":0,"like_count":6,"quote_count":0},"id":"1425508199571070990"},{"created_at":"2021-08-11T17:23:30.000Z","text":"\uD83D\uDED1 Kabylia is burning \uD83D\uDED1\n\n#humain #savetheworld #Kabylie  #fires #donatetoday #helpthepeople #onelove #animals #future  #life https://t.co/5bkrLK0X9W","lang":"en","author_id":"1425502100797235203","attachments":{"media_keys":["3_1425508177106321410","3_1425508179358765058","3_1425508181401296900","3_1425508184110809095"]},"public_metrics":{"retweet_count":0,"reply_count":0,"like_count":2,"quote_count":0},"id":"1425508186342166534"},{"created_at":"2021-08-11T17:22:32.000Z","text":"@EmmanuelMacron \uD83D\uDED1 La Kabylie brûle \uD83D\uDED1\n \uD83E\uDD7A\uD83E\uDD7A\uD83E\uDD7A\uD83E\uDD7A\uD83E\uDD7A\uD83E\uDD7A\uD83E\uDD7A\uD83E\uDD7A\nVoici l'état d'avancement des incendies hier, aujourd'hui c'est pire !\n#humain #savetheworld #Kabylie  #fires #donatetoday #helpthepeople #onelove #animals #future  #life https://t.co/v4oNna1jh8","lang":"fr","author_id":"1425502100797235203","attachments":{"media_keys":["3_1425507938953842690"]},"public_metrics":{"retweet_count":0,"reply_count":0,"like_count":0,"quote_count":0},"id":"1425507941164138496"},{"created_at":"2021-08-11T17:21:42.000Z","text":"Deux individus suspectés d'avoir allumé les feux ont été appréhendé par les habitants en #Kabylie dans un véhicule sans plaque d'immatriculation. \n#Algerie https://t.co/nXQiMokDYb","lang":"fr","author_id":"1178032051","attachments":{"media_keys":["7_1425507604336451587"]},"public_metrics":{"retweet_count":3,"reply_count":3,"like_count":4,"quote_count":4},"id":"1425507729926467584"},{"created_at":"2021-08-11T17:18:54.000Z","text":"#Kabylie @france24, quel honte ! Vous montrez les images de petites flammes alors que les réseaux sociaux grouillent d'images de vrais incendies qui ravagent la région. Et vous faites parler @Fmetaoui qui est tranquille avec sa clim au lieu d'appeler des responsables locaux.","lang":"fr","author_id":"960856499714224134","public_metrics":{"retweet_count":1,"reply_count":0,"like_count":3,"quote_count":0},"id":"1425507028135522310"},{"created_at":"2021-08-11T17:18:51.000Z","text":"Nightmarish scenes as wildfires ravage #Algeria. Praying for our brothers &amp; sisters in Algeria. O Allah give them rain. #PrayForAlgeria  #AlgeriaIsBurning #TiziOuzou #Kabylie  \uD83C\uDDE9\uD83C\uDDFF\uD83C\uDDE9\uD83C\uDDFF\uD83C\uDDE9\uD83C\uDDFF https://t.co/rX2LPVrRFk","lang":"en","author_id":"159279589","attachments":{"media_keys":["3_1425506790721171458"]},"public_metrics":{"retweet_count":8,"reply_count":5,"like_count":55,"quote_count":1},"id":"1425507015707738113"},{"created_at":"2021-08-11T17:17:20.000Z","text":"#Pray_For_Algeria\n\uD83D\uDD25\uD83D\uDD25\uD83C\uDDE9\uD83C\uDDFF\uD83C\uDDE9\uD83C\uDDFFالجزائر تحترق\uD83D\uDD25\uD83D\uDD25\n\uD83D\uDD25\uD83D\uDD25الجزائر تحترق\uD83C\uDDE9\uD83C\uDDFF\uD83C\uDDE9\uD83C\uDDFF\uD83D\uDE22\uD83D\uDC94\uD83D\uDE2D\n#متداول \n#Pray_For_Algeria\n#PrayforAlgeria\n#الجزائر_تحترق\n#الجزائرتحترق\n#الجزائر\n#تيزي__وزو\n#tiziouzou\n#solidarity\n#solidarite\n#تضامن\n\n#kabylie\n\n#pray_for_algeria \n#عنابة_تحترق\n#سكيكدة_تستغيث\n\n#sava_algeria https://t.co/QWdLR7WmGX","lang":"ar","author_id":"1370285996164665345","attachments":{"media_keys":["3_1425506612714819589","3_1425506617915842563","3_1425506624194682882","3_1425506630393896960"]},"public_metrics":{"retweet_count":0,"reply_count":0,"like_count":1,"quote_count":0},"id":"1425506632998559750"},{"created_at":"2021-08-11T17:14:01.000Z","text":"The government has deployed the army to help fight the fires, which have burnt most fiercely in the mountainous #Kabylie region, and 28 of the dead are soldiers, with another 12 critically injured with burns. #Algeriaburning https://t.co/afAUrq1LWP","lang":"en","author_id":"96224067","attachments":{"media_keys":["3_1425505740802990090"]},"public_metrics":{"retweet_count":1,"reply_count":0,"like_count":4,"quote_count":0},"id":"1425505797577003017"},{"created_at":"2021-08-11T17:12:34.000Z","text":"SubhanAllah tout a brûlé il a perdu sa maison et tous ses biens sauf le Noble Coran qui vaut plus que 1000 biens ✨\nC’est une bénédiction d’Allah ta3ala \uD83D\uDE4F\uD83C\uDFFC #Tiziouzou #algerie #PrayForAlgeria #kabylie #tmurtleqbayel https://t.co/uvKRit5PtP","lang":"fr","author_id":"1193097148533002240","attachments":{"media_keys":["7_1425505329954148354"]},"public_metrics":{"retweet_count":140,"reply_count":7,"like_count":440,"quote_count":10},"id":"1425505432026615808"},{"created_at":"2021-08-11T17:11:59.000Z","text":"6/6 En #Kabylie, par exemple, cinq personnes ont trouvé la mort. En l'espace de deux mois, des dizaines de milliers d'hectares de forêts et de pâturages ont été détruits.","lang":"fr","author_id":"1102508772755423233","public_metrics":{"retweet_count":0,"reply_count":0,"like_count":3,"quote_count":0},"id":"1425505286694002689"},{"created_at":"2021-08-11T17:11:58.000Z","text":"3/6 Lakhdaria était connu pour être un lieu de transit des groupes #terroristes: ils passaient par là pour se rendre en #Kabylie, à #Djidjel ou dans l'est du pays. Le terrain très boisé facilitait leurs déplacements: il était impossible de voir quoi que ce soit par hélicoptère.","lang":"fr","author_id":"1102508772755423233","public_metrics":{"retweet_count":0,"reply_count":1,"like_count":1,"quote_count":0},"id":"1425505281056944128"},{"created_at":"2021-08-11T17:11:57.000Z","text":"2/6 L'été 1993 s'annonçait très chaud. Mais il ne s'agissait pas des conditions climatiques. Le général #Medjahed et le colonel #Chengriha nous avaient donné l'ordre d'incendier, avec de l'essence, plusieurs montagnes près de #Lakhdaria et en #Kabylie.","lang":"fr","author_id":"1102508772755423233","public_metrics":{"retweet_count":0,"reply_count":1,"like_count":1,"quote_count":0},"id":"1425505279488274433"},{"created_at":"2021-08-11T17:09:51.000Z","text":"Incendies en Kabylie : L'UE achemine une aide d'urgence aux sinistrés\nLire l'article \uD83D\uDC49 : https://t.co/Q9VJYhlkE0\n\n#Algérie #Kabylie #UE https://t.co/lgavjuskhg","lang":"fr","author_id":"782934172243492864","attachments":{"media_keys":["3_1425504730013474817"]},"public_metrics":{"retweet_count":3,"reply_count":2,"like_count":12,"quote_count":0},"id":"1425504750758506500"},{"created_at":"2021-08-11T17:09:23.000Z","text":"Les incendies en kabylie #kabyliebrûle #kabylie #Tiziouzou #Algerie https://t.co/OPvr6MSzVh","lang":"nl","author_id":"3170817652","attachments":{"media_keys":["3_1425504617291567115"]},"public_metrics":{"retweet_count":0,"reply_count":0,"like_count":1,"quote_count":0},"id":"1425504631019511810"},{"created_at":"2021-08-11T17:07:41.000Z","text":"أيتها الجميلة أي نفس فرطت فيك\nيما ڨورايا بعد الحرائق\nقلبي ينزف على وطني\nحسبنا الله ونعم الوكيل\n#PrayForAlgeria\n#savedz\n#الجزائر_تحترق #تيزي_وزو_تحترق #الجزائر\n#تيزي_وزو\n#Tizi_Ouzou #Kabylie\n#Algerie #Algeria https://t.co/WYmmaJ5ZUF","lang":"ar","author_id":"1318541207618936834","attachments":{"media_keys":["3_1425504203057807366"]},"public_metrics":{"retweet_count":0,"reply_count":0,"like_count":0,"quote_count":0},"id":"1425504205759041538"},{"created_at":"2021-08-11T17:06:49.000Z","text":"@inter_lignes La réaction du peuple de #kabylie après la fin je l’espère des incendies, va être brutal et sans précédent. #LaKabylieBrule","lang":"fr","author_id":"1153399619411415041","public_metrics":{"retweet_count":0,"reply_count":0,"like_count":3,"quote_count":0},"id":"1425503984413036555"},{"created_at":"2021-08-11T17:06:38.000Z","text":"أيتها الجميلة أي نفس فرطت فيك\nيما ڨورايا بعد الحرائق\nقلبي ينزف على وطني\nحسبنا الله ونعم الوكيل\n#PrayForAlgeria\n#savedz\n#الجزائر_تحترق #تيزي_وزو_تحترق #الجزائر\n#تيزي_وزو\n#Tizi_Ouzou #Kabylie\n#Algerie #Algeria https://t.co/ihL8EDAiWq","lang":"ar","author_id":"1318541207618936834","attachments":{"media_keys":["3_1425503938208571393"]},"public_metrics":{"retweet_count":0,"reply_count":0,"like_count":0,"quote_count":0},"id":"1425503941165522949"},{"created_at":"2021-08-11T17:05:20.000Z","text":"La \uD83C\uDDEB\uD83C\uDDF7 apporte son aide et son soutien au peuple algerien, durement frappé par des incendies en #Kabylie. Merci @EmmanuelMacron. https://t.co/A8TMebXen6","lang":"fr","author_id":"243354097","public_metrics":{"retweet_count":17,"reply_count":4,"like_count":78,"quote_count":0},"id":"1425503613003223042"},{"created_at":"2021-08-11T17:05:03.000Z","text":"#macron #GabrielAttal #Covid_19  #vaccin #PasseSanitaire #PrayForAlgeria \uD83C\uDDE9\uD83C\uDDFF#kabylie #incendie \uD83D\uDE1E#confinement #Martinique #Quadeloupe #soignants #volantaires bonsoir assalem alikom un jour ✅ une pensée sincère à nos amis en \uD83C\uDDE9\uD83C\uDDFFque Dieu \uD83E\uDD0DVous et Nous préserve de tout malheur \uD83D\uDE4C\uD83D\uDE22 https://t.co/hiB1LfAtOM","lang":"fr","author_id":"1045310179","attachments":{"media_keys":["16_1425503532770381826"]},"public_metrics":{"retweet_count":0,"reply_count":0,"like_count":0,"quote_count":0},"id":"1425503540152307714"},{"created_at":"2021-08-11T17:03:48.000Z","text":"La France va déployer dès demain deux Canadairs et un avion de commandement à l'Algérie. \nSuivez notre DIRECT \uD83D\uDC49 https://t.co/I46leJp1eU\n\n#algerie #alger #france #kabylie #Tiziouzou https://t.co/6uLtumBshz","lang":"fr","author_id":"940699370114121728","attachments":{"media_keys":["3_1425503219367698436","3_1425503226514784258"]},"public_metrics":{"retweet_count":6,"reply_count":1,"like_count":14,"quote_count":0},"id":"1425503228507066375"},{"created_at":"2021-08-11T17:03:43.000Z","text":"Les algériens rassurés par l'intervention de #Macron.\nLeur président et l'état major de l'armée qui contrôlent le pays, aux abonnés absents par cynisme ou par incompétence. #Kabylie #Algerie #France","lang":"fr","author_id":"17685800","public_metrics":{"retweet_count":0,"reply_count":0,"like_count":0,"quote_count":0},"id":"1425503206575153167"},{"created_at":"2021-08-11T17:02:06.000Z","text":"#Algerie #Kabylie #الجزائر #FeuxDeForêt #fakenews https://t.co/bNagddkY9u","lang":"und","author_id":"1390708816078065666","attachments":{"media_keys":["7_1425486913373458436"]},"public_metrics":{"retweet_count":0,"reply_count":0,"like_count":0,"quote_count":0},"id":"1425502800591605760"},{"created_at":"2021-08-11T17:00:43.000Z","text":"@masmika15 Ils ont cuits comme dans des #BBQ : jamais nous ne devrons pardonner : jamais #LesFeuxDeLaHonte. #Kabylie","lang":"fr","author_id":"1596881311","public_metrics":{"retweet_count":0,"reply_count":0,"like_count":3,"quote_count":0},"id":"1425502448882495493"},{"created_at":"2021-08-11T16:59:51.000Z","text":"Ballet d'hélicoptères sur la Kabylie le 11 08 2021 - https://t.co/hiUjXXnBN2 \n\nCa brule toujours en #Kabylie\n\n#Algerie #AlgeriaIsBurning #Algeriaburning #AlgeriaWildfires \n #Tiziouzou #kabylie_brule #Toudja #bejaia","lang":"fr","author_id":"3333366471","public_metrics":{"retweet_count":0,"reply_count":0,"like_count":0,"quote_count":0},"id":"1425502231072321549"},{"created_at":"2021-08-11T16:57:48.000Z","text":"كل هذا الجمال احترق \uD83D\uDC94\uD83E\uDD7A\uD83E\uDD32\uD83C\uDDE9\uD83C\uDDFF\n#الجزاير_تحترق\n#تيزي_وزو_تحترق \n#الجزائر \n#Kabylie https://t.co/FFGJ2BLf7v","lang":"ar","author_id":"4426674635","attachments":{"media_keys":["3_1425501706796863494"]},"public_metrics":{"retweet_count":1,"reply_count":1,"like_count":6,"quote_count":1},"id":"1425501715743363072"},{"created_at":"2021-08-11T16:56:08.000Z","text":"@bylkana Où est ce exactement ? Courage nous sommes impuissants , nous relayons , nous essayons de réveiller les pays étrangers qui ont la logistique. Et nous ne pouvons venir car ils refusent de nous laisser venir .. #Kabylie","lang":"fr","author_id":"1596881311","public_metrics":{"retweet_count":0,"reply_count":0,"like_count":0,"quote_count":0},"id":"1425501298275799044"},{"created_at":"2021-08-11T16:54:15.000Z","text":"bizarrement ça pleure pour les rebeux alors que tous les ans ça arrive ailleurs #Kabylie... mais pas de problème hein https://t.co/dL2lswyqc9","lang":"fr","author_id":"1269721638695731204","public_metrics":{"retweet_count":0,"reply_count":0,"like_count":0,"quote_count":0},"id":"1425500824990593032"},{"created_at":"2021-08-11T16:53:38.000Z","text":"#kabylie https://t.co/Lr6tid6nNu","lang":"und","author_id":"918412592254783489","public_metrics":{"retweet_count":0,"reply_count":0,"like_count":0,"quote_count":0},"id":"1425500666286518273"},{"created_at":"2021-08-11T16:53:31.000Z","text":"Après la #Grèce et la #Turquie, c’est la #Kabylie #Algérie qui est en proie à d’énormes incendies qui ont déjà fait plus de 40 victimes. Toutes nos pensées et notre solidarité à nos frères et sœurs algériens. https://t.co/kCpBxNW0JH","lang":"fr","author_id":"914080853822754816","attachments":{"media_keys":["3_1425500604743536645"]},"public_metrics":{"retweet_count":53,"reply_count":1,"like_count":165,"quote_count":5},"id":"1425500639572938754"},{"created_at":"2021-08-11T16:53:26.000Z","text":"Nouveau bilan (#Tizi_Ouzou )\nوكيل الجمهورية لتيزي وزو : وفاة 49 مدني و 20 عسكري بسبب حرائق الغابات.\n#Kabylie","lang":"ar","author_id":"743789552972800000","public_metrics":{"retweet_count":2,"reply_count":1,"like_count":5,"quote_count":0},"id":"1425500618978910214"},{"created_at":"2021-08-11T16:52:56.000Z","text":"\uD83D\uDED1 ALERTE INFO \uD83D\uDED1\nEmmanuel #Macron a annoncé via son compte Twitter, l'envoie demain de deux canadairs ainsi qu'un avion de commandement afin de soutenir l'#Algérie dans sa lutte contre les #incendies qui ravage la #kabylie. https://t.co/D7FCGtkbda","lang":"fr","author_id":"1222295644410449920","attachments":{"media_keys":["3_1425500485948170250"]},"public_metrics":{"retweet_count":2,"reply_count":0,"like_count":5,"quote_count":0},"id":"1425500492982063105"},{"created_at":"2021-08-11T16:51:49.000Z","text":"\"Dès demain, deux Canadairs et un avion de commandement seront déployés en #Kabylie en proie à de violents incendies\". Emmanuel Macron #Algerie #incendie","lang":"fr","author_id":"748639152359505921","public_metrics":{"retweet_count":3,"reply_count":0,"like_count":10,"quote_count":0},"id":"1425500211212914689"},{"created_at":"2021-08-11T16:51:45.000Z","text":"@AILibre C’est une honte; on va leur montrer ce que c’est que le deuil ! Nous on reconstruit, on aide , on lève la tête on retrousse nos manches , on est solidaires et On demande de l’aide car nous aimons notre région , notre pays , nos familles , nos paysages . #kabylie","lang":"fr","author_id":"1596881311","public_metrics":{"retweet_count":2,"reply_count":0,"like_count":4,"quote_count":0},"id":"1425500193164779520"},{"created_at":"2021-08-11T16:51:09.000Z","text":"Pour ceux qui ont des dons ils peuvent les déposer directement au boulevard Krim Belkacem et ça sera distribué \n#kabylie #algerie #Tizi_Ouzou\n #تيزي_وزو_تحترق #الجزاير_تحترق","lang":"fr","author_id":"408596415","public_metrics":{"retweet_count":6,"reply_count":0,"like_count":7,"quote_count":0},"id":"1425500041700073472"},{"created_at":"2021-08-11T16:51:06.000Z","text":"Qu’Allah leur vienne en aide \uD83E\uDD32\uD83C\uDFFC\n\n#kabylie_brûle\n#AlgeriaIsBurning \n#Kabylie https://t.co/Sl0YXGpolQ","lang":"fr","author_id":"267114343","public_metrics":{"retweet_count":0,"reply_count":0,"like_count":0,"quote_count":0},"id":"1425500031197630467"},{"created_at":"2021-08-11T16:50:57.000Z","text":"#Algerie #الجزائر #Kabylie #feuxDeForet https://t.co/dv1Z7sE7g4","lang":"und","author_id":"1390708816078065666","attachments":{"media_keys":["7_1425499373144793094"]},"public_metrics":{"retweet_count":0,"reply_count":0,"like_count":0,"quote_count":0},"id":"1425499990919680006"},{"created_at":"2021-08-11T16:50:50.000Z","text":"#Algerie #الجزائر #Kabylie #feuxDeForet https://t.co/B7EM1iSuGA","lang":"und","author_id":"1390708816078065666","attachments":{"media_keys":["7_1425499481211031558"]},"public_metrics":{"retweet_count":0,"reply_count":0,"like_count":0,"quote_count":0},"id":"1425499965665779713"},{"created_at":"2021-08-11T16:48:26.000Z","text":"BESOIN URGENT DE RENFORT A #Irdjen, #larbaanathirathen, du côté bas d'Aït Halli. Le feu a repris et menace les maisons et les habitants. #LaKabylieBrûle #Kabylie #Algérie #incendies","lang":"fr","author_id":"121486374","public_metrics":{"retweet_count":0,"reply_count":1,"like_count":0,"quote_count":0},"id":"1425499359706238976"},{"created_at":"2021-08-11T16:48:13.000Z","text":"Mes montagnes brûlent \uD83D\uDE25\nTout mon soutien à la #kabylie https://t.co/yHmHhIFGL1","lang":"fr","author_id":"1202209812857131008","public_metrics":{"retweet_count":0,"reply_count":0,"like_count":1,"quote_count":0},"id":"1425499304719011842"},{"created_at":"2021-08-11T16:47:04.000Z","text":"#Algeriaburning #Algerie #Kabylie #Kabyliebrule #soutien #solidarite #Macron #France \nhttps://t.co/1JMPQdvN1c","lang":"und","author_id":"1246288309","public_metrics":{"retweet_count":0,"reply_count":0,"like_count":2,"quote_count":0},"id":"1425499017606225925"},{"created_at":"2021-08-11T16:45:07.000Z","text":"Regardez attentivement cet  hélicoptère, je suis sous le choque totale. Ma Kabylie est en danger \uD83D\uDE1E\uD83D\uDE1E\uD83D\uDE1E\uD83D\uDE1E\uD83D\uDE1E\uD83D\uDE1E\uD83D\uDE1E\uD83D\uDE1E. \n\n #PrayForAlgeria #Tiziouzou #kabylie_brule #Kabylie #BFMTV #NousSavons #cnews #Algerie https://t.co/o7h0l08JBA","lang":"fr","author_id":"1107060867366088705","attachments":{"media_keys":["7_1425498382806749195"]},"public_metrics":{"retweet_count":10,"reply_count":2,"like_count":7,"quote_count":2},"id":"1425498524465221633"},{"created_at":"2021-08-11T16:44:46.000Z","text":"\uD83C\uDD98 Besoin d’aide au village Aboudid Larbaa Nath iraten sur la route nationale qui mène à tadart oufella \uD83C\uDD98 URGENT #kabylie #prayfortiziouzou","lang":"fr","author_id":"1371502365115883521","public_metrics":{"retweet_count":15,"reply_count":0,"like_count":4,"quote_count":0},"id":"1425498436179267588"},{"created_at":"2021-08-11T16:44:10.000Z","text":"Pray for Algérie\n#Algerie\n#PrayforAlgerie\uD83D\uDE4F\n#Kabylie https://t.co/SSQutzmw1e","lang":"pt","author_id":"843536588902715392","attachments":{"media_keys":["3_1425498272135843845"]},"public_metrics":{"retweet_count":1,"reply_count":0,"like_count":1,"quote_count":0},"id":"1425498284093804551"},{"created_at":"2021-08-11T16:40:55.000Z","text":"@00zrr Il faut juste regarder la météo .. il n’existe pas de miracle divin en la matière \uD83D\uDE21: #Kabylie","lang":"fr","author_id":"1596881311","public_metrics":{"retweet_count":0,"reply_count":0,"like_count":0,"quote_count":0},"id":"1425497469186711566"},{"created_at":"2021-08-11T16:40:17.000Z","text":"Mon village accueille pour ceux au alentour qui veulent s’abriter \n\nLa bas le feu avance vers ismouhal iferhounene et ililten \n\nBeaucoup de personne n’arrive pas à contacter des proches il y a un manque d’électricité\n#Algerie #Algeria #kabyliebrule #Kabylie #aitenzar #iferhounen https://t.co/ncKfcN1DXw","lang":"fr","author_id":"1405620253829312514","attachments":{"media_keys":["3_1425497301221576712"]},"public_metrics":{"retweet_count":34,"reply_count":0,"like_count":13,"quote_count":1},"id":"1425497308435734530"},{"created_at":"2021-08-11T16:40:04.000Z","text":"Tous les jours, des Algériens lancent une nouvelle cagnotte pour venir en aide aux victimes d'inondations, d'incendies ou de pandémies.\n\nÇa serait bien de lancer une grande cagnotte pour se payer un gouvernement et des institutions fiables.\n\n#Kabylie #PrayForAlgeria\n#Tizi_Ouzou https://t.co/VHRCUHYDwj","lang":"fr","author_id":"1046185842","public_metrics":{"retweet_count":1,"reply_count":0,"like_count":7,"quote_count":0},"id":"1425497254132162563"},{"created_at":"2021-08-11T16:40:03.000Z","text":"Zeker 65 doden door bosbranden Algerije - https://t.co/xy68nZzYgn #algerije #kabylië #tiziouzou #bosbranden #doden #soldaten","lang":"nl","author_id":"25515939","public_metrics":{"retweet_count":0,"reply_count":0,"like_count":0,"quote_count":0},"id":"1425497249262538753"},{"created_at":"2021-08-11T16:39:40.000Z","text":"Merci Monsieur le #President : tous les Français d’origine kabyle vous remercient . #KabylieMonAmour #Kabylie #LesFeuxDelaHonte https://t.co/1skbR7WsEF","lang":"fr","author_id":"1596881311","public_metrics":{"retweet_count":0,"reply_count":0,"like_count":4,"quote_count":0},"id":"1425497153531564039"},{"created_at":"2021-08-11T16:39:26.000Z","text":"Et pourquoi l'@UfMSecretariat ne crée pas un centre de surveillance des catastrophes naturelles autour du bassin méditerranéen ? Au moins trouver une utilité à cette organisation (lutte contre les feux...) #Kabylie #Grèce #Eubee","lang":"fr","author_id":"750001272","public_metrics":{"retweet_count":0,"reply_count":0,"like_count":0,"quote_count":0},"id":"1425497092731113479"},{"created_at":"2021-08-11T16:37:41.000Z","text":"\uD83D\uDE4F #Kabylie","lang":"und","author_id":"568290035","public_metrics":{"retweet_count":0,"reply_count":0,"like_count":0,"quote_count":0},"id":"1425496655823089670"},{"created_at":"2021-08-11T16:37:26.000Z","text":"Un max de partage SVP!  #PrayForAlgeria #Help_Algeria #HelpAlgeria #Algeria #الجزاير_تحترق #Kabylie #savedz #تيزي_وزو_تحترق https://t.co/8gZVpNqA2f","lang":"fr","author_id":"2416749799","attachments":{"media_keys":["3_1425496581177024515"]},"public_metrics":{"retweet_count":8,"reply_count":0,"like_count":15,"quote_count":0},"id":"1425496592560402434"},{"created_at":"2021-08-11T16:37:00.000Z","text":"Des coupables arrêtés\n#Algerie #kabyliebrule #KABYLIESBURNING #kabylie https://t.co/6SbRdVdybN","lang":"fr","author_id":"1379050470187077638","attachments":{"media_keys":["7_1425496415858532356"]},"public_metrics":{"retweet_count":0,"reply_count":1,"like_count":1,"quote_count":0},"id":"1425496480375246849"},{"created_at":"2021-08-11T16:35:58.000Z","text":"Les dons de fruits et légumes à #Mostaganem pour être acheminer vers #Tiziouzou \nBeaucoup de citoyens et associations s'organisent pour récolter le maximum de nécessité.\nVous trouverez aussi un grand chapiteau à la place de la mairie de centre ville.\n#savedz #Kabylie https://t.co/HM3wSy8mzq","lang":"fr","author_id":"743789552972800000","attachments":{"media_keys":["3_1425496195783401478","3_1425496202808893441","3_1425496213277790219","3_1425496219619627011"]},"public_metrics":{"retweet_count":85,"reply_count":6,"like_count":161,"quote_count":3},"id":"1425496222492733441"},{"created_at":"2021-08-11T16:35:18.000Z","text":"#Algeria : 3 days of national mourning declared after at least 65 people die in wildfires mainly in wooded hillsides of #Kabylie #الجزائر #Algerie https://t.co/R3vR3PxXtU","lang":"en","author_id":"152036266","attachments":{"media_keys":["3_1425496050597601285","3_1425496050631155716","3_1425496050622676992","3_1425496050622681092"]},"public_metrics":{"retweet_count":14,"reply_count":1,"like_count":24,"quote_count":3},"id":"1425496054649311241"},{"created_at":"2021-08-11T16:34:07.000Z","text":"\uD83D\uDD25\uD83C\uDDEB\uD83C\uDDF7\uD83C\uDDE9\uD83C\uDDFF Emmanuel #Macron réagit face aux incendies dévastateurs en #Kabylie et promet l'envoi de deux #Canadairs en #Algerie (Twitter). #PrayForAlgeria \nhttps://t.co/LbxuMRiuQJ","lang":"fr","author_id":"1311032864759308290","public_metrics":{"retweet_count":2,"reply_count":0,"like_count":4,"quote_count":0},"id":"1425495758523015176"},{"created_at":"2021-08-11T16:33:36.000Z","text":"ياه يما قورايا  قبل وبعد ، هاذ المكان عندي فيه ذكريات وذكريات \uD83E\uDD7A\uD83D\uDC94\uD83E\uDD32\n#PrayForAlgeria\n#تيزي_وزو_تحترق \n#Kabylie \n#الجزائر_تحترق https://t.co/aiyln5na4h","lang":"ar","author_id":"4426674635","attachments":{"media_keys":["3_1425495617850298376"]},"public_metrics":{"retweet_count":2,"reply_count":0,"like_count":1,"quote_count":0},"id":"1425495626083622919"},{"created_at":"2021-08-11T16:31:57.000Z","text":"récitez la duaa pr la pluie pr la kabylie #Kabylie #AlgeriaIsBurning baarakAllah oufikoum qu’Allah les aide https://t.co/mr25aaoHh1","lang":"fr","author_id":"1375919260988551173","public_metrics":{"retweet_count":0,"reply_count":1,"like_count":2,"quote_count":0},"id":"1425495210302353408"},{"created_at":"2021-08-11T16:31:50.000Z","text":"@JONNGZ #kabylie #PrayForAlgeria #تيزي_وزو_تحترق #kabyliebrule tout le monde doit entendre ! https://t.co/xHcNoqUHiv","lang":"fr","author_id":"1190339544685711363","attachments":{"media_keys":["3_1425495170913550338","3_1425495173178564614","3_1425495176051560458","3_1425495179616825354"]},"public_metrics":{"retweet_count":0,"reply_count":0,"like_count":0,"quote_count":0},"id":"1425495181885853699"},{"created_at":"2021-08-11T16:31:38.000Z","text":"Incendie criminel à l'instant à Tazmalt, frontière entre Bejaia et Bouira en #Kabylie en #Algérie #kabyliebrule https://t.co/9463Nvj3IX","lang":"fr","author_id":"3392427177","attachments":{"media_keys":["7_1425495044493135877"]},"public_metrics":{"retweet_count":6,"reply_count":1,"like_count":5,"quote_count":0},"id":"1425495131013197825"},{"created_at":"2021-08-11T16:31:02.000Z","text":"@PiwouAlgerien C'est plus commode que de regarder la réalité en face : la #kabylie est devenue une décharge à ciel ouvert, avec des bouteilles vidés qui n'attendent qu'un rayon de soleil pour mettre le feu autour. https://t.co/ZoYLSoDGqs","lang":"fr","author_id":"28770335","attachments":{"media_keys":["3_1425494979972063237"]},"public_metrics":{"retweet_count":0,"reply_count":1,"like_count":0,"quote_count":0},"id":"1425494982538977281"},{"created_at":"2021-08-11T16:30:57.000Z","text":"L’union fait la force. Je suis vraiment émue de la solidarité et la mobilisation des gens. inchallah l’incendie va passer et on va reconstruire notre #kabylie et replanté chaque arbre qui a été brûlé #PrayForAlgeria #تيزي_وزو_تحترق #تيزي_وزو من الشعب و الى الشعب. https://t.co/qM6hs2KNKh","lang":"fr","author_id":"1166381139784867842","attachments":{"media_keys":["3_1425494940663025674"]},"public_metrics":{"retweet_count":0,"reply_count":1,"like_count":6,"quote_count":0},"id":"1425494959721959429"},{"created_at":"2021-08-11T16:30:22.000Z","text":"#PrayForKabylia \uD83D\uDE4F\n\uD83D\uDD34WARNING\uD83D\uDD34\nLes cagniottes \uD83D\uDC49Attention aux #escroqueries!..\nprenez contact direct avec les mairies et les responsables des comités de villages..en ce qui concerne la #Kabylie","lang":"fr","author_id":"848506133098762240","public_metrics":{"retweet_count":0,"reply_count":0,"like_count":0,"quote_count":0},"id":"1425494814406086663"},{"created_at":"2021-08-11T16:29:27.000Z","text":"J’ai pas les mots , j’ai le cœur en miettes pour mon Algérie .\nLES LARMES SONT AUSSI DES PRIÈRES. \nELLES TOUCHENT LE COEUR DE DIEU, QUAND NOUS NE POUVONS PAS PARLER… \uD83D\uDE14\n#prayforalgeria #algeria #aiderlesautres #prayforkabylie #kabylie \n \n يا رب ألطف بنا❤️‍\uD83D\uDD25\uD83E\uDD7A https://t.co/qFXqkphFzT","lang":"fr","author_id":"1420204454176038912","attachments":{"media_keys":["3_1425494569001619459"]},"public_metrics":{"retweet_count":1,"reply_count":0,"like_count":2,"quote_count":0},"id":"1425494582515666957"},{"created_at":"2021-08-11T16:29:06.000Z","text":"\uD83C\uDDEB\uD83C\uDDF7\uD83C\uDDE9\uD83C\uDDFF FLASH I #Macron annonce que la #France va déployer 2 #Canadairs et 1 avion de commandement en #Kabylie afin de lutter contre les #incendies mortels. \n\n(@EmmanuelMacron) #Algerie","lang":"fr","author_id":"971820228","public_metrics":{"retweet_count":667,"reply_count":60,"like_count":4621,"quote_count":65},"id":"1425494496171679744"},{"created_at":"2021-08-11T16:27:39.000Z","text":"@tahirus007 @NatinalischeDz @Tamazgha_ @BenoitPayan @Miss_Clarkette @marseille @MarinsPompiers Vous vous êtes déjà promené en voiture sur les routes de #Kabylie ?\nSi ce n'est pas le cas, je vous décris la scène : des tonnes de bouteilles de bière en verre vides sur le bord des routes, qui n'attendent qu'un rayon de soleil pour mettre le feu à la végétation sèche.","lang":"fr","author_id":"28770335","public_metrics":{"retweet_count":1,"reply_count":2,"like_count":9,"quote_count":2},"id":"1425494129388228609"},{"created_at":"2021-08-11T16:23:51.000Z","text":"Solidarité avec les victimes des incendies en #kabylie\nCotizup 100% confiance lancé par notre cher @KarimNaitOuslim\nA relayer au maximum svp\nOn a deja atteint 15 000 € en quelques heures\n#Algérie\n#kabyliebrule\n\nhttps://t.co/gWCS0aFI5C","lang":"fr","author_id":"1184771614346489856","public_metrics":{"retweet_count":0,"reply_count":0,"like_count":0,"quote_count":0},"id":"1425493172420071424"},{"created_at":"2021-08-11T16:22:00.000Z","text":"@NatinalischeDz @Tamazgha_ @BenoitPayan @Miss_Clarkette @marseille @MarinsPompiers Oui j affirme .\n la kabylie est délaissé par ce gouvernement mafieu \nEt tes relations économiques t'ai vraiment sérieux cite moi une une entreprise française qui a investi en Algérie comparant au Maroc l'Algérie est loin à des années lumières c'est la triste réalité . #kabylie","lang":"fr","author_id":"580263219","public_metrics":{"retweet_count":2,"reply_count":3,"like_count":12,"quote_count":0},"id":"1425492705552084994"},{"created_at":"2021-08-11T16:15:28.000Z","text":"#KABYLIESBURNING #kabyliebrule #Kabylie","lang":"und","author_id":"1408869064320114689","public_metrics":{"retweet_count":0,"reply_count":0,"like_count":0,"quote_count":0},"id":"1425491065394577414"},{"created_at":"2021-08-11T16:15:18.000Z","text":"On en est là : des gens réclament de l’eau à boire en #kabylie ! C’est un drame absolu, il fait agir et vite‼️\n\n#kabyliebrule https://t.co/pUggx9Imjp","lang":"fr","author_id":"463133503","attachments":{"media_keys":["3_1425491014689640449"]},"public_metrics":{"retweet_count":2,"reply_count":0,"like_count":4,"quote_count":0},"id":"1425491019529965571"},{"created_at":"2021-08-11T16:15:05.000Z","text":"Pour remplir les citerne !#Kabylie #تيزي_وزو_تحترق #savedz #PrayForAlgeria #تيزي_وزو https://t.co/hH6qBxffKW","lang":"fr","author_id":"1190339544685711363","attachments":{"media_keys":["3_1425490965515603976"]},"public_metrics":{"retweet_count":3,"reply_count":0,"like_count":4,"quote_count":0},"id":"1425490968023818244"},{"created_at":"2021-08-11T16:13:28.000Z","text":"\uD83D\uDE14\uD83D\uDC94\uD83D\uDC94\n#Kabylie #TiziOuzou_brule #PrayForKabylia #PSGxMESSI ( pour qu’un maximum de gens soient au courant ) https://t.co/RQcBCaptm5","lang":"fr","author_id":"1417161557079900167","attachments":{"media_keys":["7_1425466927435112453"]},"public_metrics":{"retweet_count":1,"reply_count":0,"like_count":4,"quote_count":0},"id":"1425490558668218374"},{"created_at":"2021-08-11T16:13:07.000Z","text":"C'est pas pray for algeria, c'est \"#PRAY FOR KABYLIA\".\n\nc'est pas algeria is burning, c'est\n\"#KABYLIA IS BURNING\".\n\nC'est la KABYLIE qui brûlure, c'est les Kabyles qui meurent, c'est les kabyles qui combattent les flammes \nSeuls.\n\nGOD SAVE KABYLIA. \uD83D\uDE4F\n\n#kabylie #tiziouzou","lang":"fr","author_id":"1408869064320114689","public_metrics":{"retweet_count":0,"reply_count":1,"like_count":0,"quote_count":0},"id":"1425490473863598084"},{"created_at":"2021-08-11T16:10:16.000Z","text":"Une cagnotte de soutien aux victimes des incendies en Kabylie #Kabylie https://t.co/L0YM2qqIKh","lang":"fr","author_id":"18115983","public_metrics":{"retweet_count":2,"reply_count":0,"like_count":1,"quote_count":0},"id":"1425489755970670597"},{"created_at":"2021-08-11T16:07:33.000Z","text":"On aimerait le savoir ? #kabylie #algerie #PrayForKabylia #AlgeriaIsBurning https://t.co/epXB3ziZOu","lang":"fr","author_id":"738846471869607937","attachments":{"media_keys":["3_1425489066129248264"]},"public_metrics":{"retweet_count":0,"reply_count":1,"like_count":1,"quote_count":0},"id":"1425489070994731028"},{"created_at":"2021-08-11T16:07:26.000Z","text":"#Kabylie","lang":"und","author_id":"1378983243857416192","public_metrics":{"retweet_count":0,"reply_count":0,"like_count":0,"quote_count":0},"id":"1425489042037161986"},{"created_at":"2021-08-11T16:06:50.000Z","text":"Une cagnotte fiable pour les victimes de #kabylie participons et relayons \uD83D\uDE4F\uD83C\uDFFC https://t.co/247FYofhxW @helloasso","lang":"fr","author_id":"55619315","public_metrics":{"retweet_count":3,"reply_count":0,"like_count":1,"quote_count":0},"id":"1425488889087762433"},{"created_at":"2021-08-11T16:06:05.000Z","text":"Incendies en Algérie : 5 minutes pour comprendre le bilan meurtrier en Kabylie. Les incendies qui ravagent la Kabylie ont fait 65 morts, selon un bilan provisoire. (Le Parisien) #canicule #Été2020 #Kabylie #Lundi9 #FOCUSONCHAERYEONG #France2 #Fortes #THEBOYZ #Numéro30 #climat","lang":"fr","author_id":"1422973681047904262","public_metrics":{"retweet_count":0,"reply_count":1,"like_count":1,"quote_count":0},"id":"1425488703443677186"},{"created_at":"2021-08-11T16:05:44.000Z","text":"#Tiziouzou #Algérie #kabylie https://t.co/9JBHxjnfQf","lang":"und","author_id":"990116573825458176","public_metrics":{"retweet_count":0,"reply_count":0,"like_count":0,"quote_count":0},"id":"1425488615308775431"},{"created_at":"2021-08-11T16:04:20.000Z","text":"\uD83D\uDD34 AY AT LḤIF ΓAS CFUT\n\n1980, 1981, 1982, 1983, toute la décennie noire, 1995, toutes les années depuis 2000, 2001, 2021\n... Jusqu'à Quand ???\n\n\uD83D\uDEA8 « L'État algérien est en train de commettre un GÉNOCIDE en #Kabylie par des méthodes sophistiquées et modernes »\n\n#Autodétermination https://t.co/tomfBhsVEs","lang":"fr","author_id":"1322543757330436096","attachments":{"media_keys":["7_1425483661802094599"]},"public_metrics":{"retweet_count":7,"reply_count":0,"like_count":8,"quote_count":1},"id":"1425488261242396675"},{"created_at":"2021-08-11T16:03:50.000Z","text":"\uD83D\uDD34 INFO - #Politique : \"La France se tient prête à apporter son appui à l'Algérie face aux feux de forêts\" a déclaré @JY_LeDrian. #Algerie_brule #feuxDeForet #kabylie #TiziOuzou_brule #Tizi_Ouzou https://t.co/MLeaISpYnt","lang":"fr","author_id":"784636611183214592","attachments":{"media_keys":["3_1425488134259855372"]},"public_metrics":{"retweet_count":6,"reply_count":0,"like_count":11,"quote_count":0},"id":"1425488136566673419"},{"created_at":"2021-08-11T16:02:24.000Z","text":"Ba harritzen ez nauena, Europako isiltasunaz gain Afrikako iparraldean gertatzen ari denari buruz, jendearen elkartasuna da. Zenbat indar batzen den sare eta egitura sozialetan gobernuaren absentzia inoiz baino larriagoa delarik. \n#kabyliebrule #Kabylie","lang":"eu","author_id":"134200221","public_metrics":{"retweet_count":0,"reply_count":0,"like_count":5,"quote_count":0},"id":"1425487776569602054"},{"created_at":"2021-08-11T15:59:40.000Z","text":"Le nord de l’#Algérie a subi plusieurs incendies de forêt qui ont fait 65 morts et de nombreux blessés. En #Kabylie, la situation est difficilement maîtrisable du fait de la configuration du terrain.\n\nReportage de @tarikhafid3 du cœur d’une région dévastée\nhttps://t.co/Jq76QGdL6F https://t.co/Pm6eJlppjr","lang":"fr","author_id":"238080747","attachments":{"media_keys":["3_1425486971191824393"]},"public_metrics":{"retweet_count":13,"reply_count":2,"like_count":12,"quote_count":0},"id":"1425487085331484678"},{"created_at":"2021-08-11T15:58:06.000Z","text":"Tout mon soutien aux algériens victimes d’incendies d'origine criminelle attisés par l'été caniculaire.\nLa #Kabylie est touchée. Des vies sont détruites. Des villages et des forêts sont ravagés par les flammes. \n\n#Algérie #Solidarité https://t.co/hjPnA8nGLW","lang":"fr","author_id":"1320278177437175808","public_metrics":{"retweet_count":8,"reply_count":0,"like_count":11,"quote_count":0},"id":"1425486694254526465"},{"created_at":"2021-08-11T15:55:53.000Z","text":"#Bejaia\n#Algerie  #annba #Jijel\n #Tizi_Ouzou #Tiziouzou #feu #algerie #Kabylie \n#PrayForAlgeria #الجزائر_تحترق #الجزائر #تيزي_وزو #تيزي_وزو_تحترق https://t.co/JHMIVyDO3R","lang":"und","author_id":"1416916323184128001","attachments":{"media_keys":["7_1425485840361394179"]},"public_metrics":{"retweet_count":0,"reply_count":1,"like_count":2,"quote_count":0},"id":"1425486136303050753"},{"created_at":"2021-08-11T15:54:00.000Z","text":"2eme jour feu de foret en kabylie #kabylia #kabylie https://t.co/OCMsCu4K4r via @YouTube","lang":"fr","author_id":"1424305765158895619","public_metrics":{"retweet_count":0,"reply_count":0,"like_count":1,"quote_count":0},"id":"1425485661855965194"},{"created_at":"2021-08-11T15:52:04.000Z","text":"تعازينا الخالصة لأهالي الضحايا ، الله يرحمهم\nقلوبنا معكم ❤ الله يستركم ...\n\n#تيزي_وزو_تحترق #الجزائر_تحترق #PrayforAlgeria #algeriebrule #kabylie #Algerie\n22 h https://t.co/jTNkKLCanX","lang":"ar","author_id":"1271732329585815552","attachments":{"media_keys":["3_1425484885729419267"]},"public_metrics":{"retweet_count":1,"reply_count":0,"like_count":3,"quote_count":0},"id":"1425485176088498176"},{"created_at":"2021-08-11T15:51:47.000Z","text":"L'ordre des pharmaciens (#Tiziouzou ) s'engage à approvisionner les hôpitaux en médicaments.\nPour plus d'informations veuillez contacter le Dr Idir Meziane au numéro suivant :0672/61/43/65.\n#savedz #Kabylie","lang":"fr","author_id":"743789552972800000","public_metrics":{"retweet_count":35,"reply_count":0,"like_count":17,"quote_count":0},"id":"1425485104198164481"},{"created_at":"2021-08-11T15:49:37.000Z","text":"La clinique vétérinaire \"M'kira\" ouvre ses portes pour prendre en charge gratuitement les animaux touchés par les incendies en #Kabylie.\nLe docteur Farid Tritri, son épouse et autre vétérinaire vous attendent.\nDaïra Tizi ghenniff. Tel  0771196672\n#Tizi_Ouzou #savedz","lang":"fr","author_id":"743789552972800000","public_metrics":{"retweet_count":8,"reply_count":0,"like_count":11,"quote_count":0},"id":"1425484557395058689"}],"includes":{"media":[{"media_key":"7_1425509542931095554","public_metrics":{"view_count":192},"type":"video"},{"media_key":"3_1425508177106321410","type":"photo","url":"https://pbs.twimg.com/media/E8hsImjWQAI1yvS.jpg"},{"media_key":"3_1425508179358765058","type":"photo","url":"https://pbs.twimg.com/media/E8hsIu8X0AIMdHs.jpg"},{"media_key":"3_1425508181401296900","type":"photo","url":"https://pbs.twimg.com/media/E8hsI2jWYAQ2ccT.jpg"},{"media_key":"3_1425508184110809095","type":"photo","url":"https://pbs.twimg.com/media/E8hsJApWQAcHczB.jpg"},{"media_key":"3_1425507938953842690","type":"photo","url":"https://pbs.twimg.com/media/E8hr6vXX0AIXR02.jpg"},{"media_key":"7_1425507604336451587","public_metrics":{"view_count":480},"type":"video"},{"media_key":"3_1425506790721171458","type":"photo","url":"https://pbs.twimg.com/media/E8hq353XsAINQwe.jpg"},{"media_key":"3_1425506612714819589","type":"photo","url":"https://pbs.twimg.com/media/E8hqtivWUAU17BV.jpg"},{"media_key":"3_1425506617915842563","type":"photo","url":"https://pbs.twimg.com/media/E8hqt2HXoAMO7GW.jpg"},{"media_key":"3_1425506624194682882","type":"photo","url":"https://pbs.twimg.com/media/E8hquNgXIAIF-F6.jpg"},{"media_key":"3_1425506630393896960","type":"photo","url":"https://pbs.twimg.com/media/E8hqukmXoAAS26u.jpg"},{"media_key":"3_1425505740802990090","type":"photo","url":"https://pbs.twimg.com/media/E8hp6ynXoAoSVz3.jpg"},{"media_key":"7_1425505329954148354","public_metrics":{"view_count":4207},"type":"video"},{"media_key":"3_1425504730013474817","type":"photo","url":"https://pbs.twimg.com/media/E8ho_9IXoAEv65J.jpg"},{"media_key":"3_1425504617291567115","type":"photo","url":"https://pbs.twimg.com/media/E8ho5ZNX0AsTVJC.jpg"},{"media_key":"3_1425504203057807366","type":"photo","url":"https://pbs.twimg.com/media/E8hohSEWQAYKFkp.jpg"},{"media_key":"3_1425503938208571393","type":"photo","url":"https://pbs.twimg.com/media/E8hoR3bXoAEGJEq.jpg"},{"media_key":"16_1425503532770381826","type":"animated_gif"},{"media_key":"3_1425503219367698436","type":"photo","url":"https://pbs.twimg.com/media/E8hnoBiWYAQwr0T.jpg"},{"media_key":"3_1425503226514784258","type":"photo","url":"https://pbs.twimg.com/media/E8hnocKWQAIPdX7.jpg"},{"media_key":"7_1425486913373458436","public_metrics":{"view_count":113},"type":"video"},{"media_key":"3_1425501706796863494","type":"photo","url":"https://pbs.twimg.com/media/E8hmP-xXEAYd_WC.jpg"},{"media_key":"3_1425500604743536645","type":"photo","url":"https://pbs.twimg.com/media/E8hlP1TX0AUCYQ6.jpg"},{"media_key":"3_1425500485948170250","type":"photo","url":"https://pbs.twimg.com/media/E8hlI6wWYAoGBQZ.jpg"},{"media_key":"7_1425499373144793094","public_metrics":{"view_count":149},"type":"video"},{"media_key":"7_1425499481211031558","public_metrics":{"view_count":18},"type":"video"},{"media_key":"7_1425498382806749195","public_metrics":{"view_count":486},"type":"video"},{"media_key":"3_1425498272135843845","type":"photo","url":"https://pbs.twimg.com/media/E8hjIDqXEAU2sRZ.jpg"},{"media_key":"3_1425497301221576712","type":"photo","url":"https://pbs.twimg.com/media/E8hiPiuXEAggKya.jpg"},{"media_key":"3_1425496581177024515","type":"photo","url":"https://pbs.twimg.com/media/E8hhloWXIAMYGBf.jpg"},{"media_key":"7_1425496415858532356","public_metrics":{"view_count":188},"type":"video"},{"media_key":"3_1425496195783401478","type":"photo","url":"https://pbs.twimg.com/media/E8hhPMpXIAYqRj8.jpg"},{"media_key":"3_1425496202808893441","type":"photo","url":"https://pbs.twimg.com/media/E8hhPm0XoAEVa-B.jpg"},{"media_key":"3_1425496213277790219","type":"photo","url":"https://pbs.twimg.com/media/E8hhQN0WUAsIYqt.jpg"},{"media_key":"3_1425496219619627011","type":"photo","url":"https://pbs.twimg.com/media/E8hhQlcXEAMllmE.jpg"},{"media_key":"3_1425496050597601285","type":"photo","url":"https://pbs.twimg.com/media/E8hhGvyXoAUv08U.jpg"},{"media_key":"3_1425496050631155716","type":"photo","url":"https://pbs.twimg.com/media/E8hhGv6XoAQntLr.jpg"},{"media_key":"3_1425496050622676992","type":"photo","url":"https://pbs.twimg.com/media/E8hhGv4WQAAdDwq.jpg"},{"media_key":"3_1425496050622681092","type":"photo","url":"https://pbs.twimg.com/media/E8hhGv4WUAQgIHn.jpg"},{"media_key":"3_1425495617850298376","type":"photo","url":"https://pbs.twimg.com/media/E8hgtjrX0AgEwRE.jpg"},{"media_key":"3_1425495170913550338","type":"photo","url":"https://pbs.twimg.com/media/E8hgTitWQAIpAs2.jpg"},{"media_key":"3_1425495173178564614","type":"photo","url":"https://pbs.twimg.com/media/E8hgTrJXoAYnSjW.jpg"},{"media_key":"3_1425495176051560458","type":"photo","url":"https://pbs.twimg.com/media/E8hgT12WEAoFfbI.jpg"},{"media_key":"3_1425495179616825354","type":"photo","url":"https://pbs.twimg.com/media/E8hgUDIXsAo4syD.jpg"},{"media_key":"7_1425495044493135877","public_metrics":{"view_count":675},"type":"video"},{"media_key":"3_1425494979972063237","type":"photo","url":"https://pbs.twimg.com/media/E8hgIbZWYAUtFAl.jpg"},{"media_key":"3_1425494940663025674","type":"photo","url":"https://pbs.twimg.com/media/E8hgGI9WEAoB5Eh.jpg"},{"media_key":"3_1425494569001619459","type":"photo","url":"https://pbs.twimg.com/media/E8hfwgaXEAMxptR.jpg"},{"media_key":"3_1425491014689640449","type":"photo","url":"https://pbs.twimg.com/media/E8hchnkWUAEN2Uv.jpg"},{"media_key":"3_1425490965515603976","type":"photo","url":"https://pbs.twimg.com/media/E8hcewYWEAgCukE.jpg"},{"media_key":"7_1425466927435112453","public_metrics":{"view_count":442},"type":"video"},{"media_key":"3_1425489066129248264","type":"photo","url":"https://pbs.twimg.com/media/E8hawMnWUAgEZod.jpg"},{"media_key":"7_1425483661802094599","public_metrics":{"view_count":473},"type":"video"},{"media_key":"3_1425488134259855372","type":"photo","url":"https://pbs.twimg.com/media/E8hZ59IX0AwJ3zh.jpg"},{"media_key":"3_1425486971191824393","type":"photo","url":"https://pbs.twimg.com/media/E8hY2QXWEAkwAev.jpg"},{"media_key":"7_1425485840361394179","public_metrics":{"view_count":175},"type":"video"},{"media_key":"3_1425484885729419267","type":"photo","url":"https://pbs.twimg.com/media/E8hW83aXIAMznwT.jpg"}]},"meta":{"newest_id":"1425510438628909065","oldest_id":"1425484557395058689","result_count":98,"next_token":"b26v89c19zqg8o3fpdm8kmfs3qu94voc1p9guve1ppm65"}}