{"data":[{"author_id":"203879413","created_at":"2021-08-11T15:47:01.000Z","lang":"fr","public_metrics":{"retweet_count":16,"reply_count":2,"like_count":36,"quote_count":0},"text":"Un énorme élan de #solidarité s'est mis en place suite aux gigantesques #feux qui ravagent les forêts du nord de l'Algérie, particulièrement la région de la #Kabylie. https://t.co/uWCYnTxBDD","id":"1425483902488035342"},{"author_id":"1167373531","created_at":"2021-08-11T15:44:10.000Z","lang":"en","public_metrics":{"retweet_count":1,"reply_count":2,"like_count":2,"quote_count":0},"text":"May GOD send us some rain soon\uD83E\uDD32\uD83D\uDE4F \uD83D\uDE2D\n\n#Kabylie \uD83D\uDC94 https://t.co/13nFpfrgoa","id":"1425483184360378387"},{"author_id":"1378051575701200900","created_at":"2021-08-11T15:42:10.000Z","lang":"und","public_metrics":{"retweet_count":0,"reply_count":0,"like_count":1,"quote_count":0},"text":"#PrayForAlgeria \n#AlgeriaIsBurning \n#FiresInAlgeria\n#Kabylie\n#تيزي_وزو_تحترق\n#بجاية_تحترق \n#الجزائر_تحترق \n#الجزائر_تستغيث https://t.co/4HT6vMcwPy","id":"1425482681660420096","attachments":{"media_keys":["7_1425481745403678721"]}},{"author_id":"3094094231","created_at":"2021-08-11T15:39:53.000Z","lang":"fr","public_metrics":{"retweet_count":1,"reply_count":0,"like_count":4,"quote_count":0},"text":"#kabylie Aujourd’hui nous pleurons nos morts, demain nous reconstruirons nos maisons et planterons nos oliviers. Notre montagne revivra…. Nous sommes solidaires et marchons tous main dans main.","id":"1425482107686694916"},{"author_id":"1371145107542523907","created_at":"2021-08-11T15:39:09.000Z","lang":"fr","public_metrics":{"retweet_count":0,"reply_count":0,"like_count":8,"quote_count":0},"text":"ALGERIA QUE DIEU SOIT AVEC NOUS \uD83C\uDDE9\uD83C\uDDFF❤️\uD83E\uDD32\uD83D\uDE4F\n_______________________________\n#Algerie #Algeria #kabylie_brule #dz #alger #Tizi_Ouzou #kabylie_brûle #kabyle #aide #kabylie https://t.co/9qp1s8XwXW","id":"1425481923850383361","attachments":{"media_keys":["7_1425481804283326469"]}},{"author_id":"1291746571500093441","created_at":"2021-08-11T15:38:18.000Z","lang":"fr","public_metrics":{"retweet_count":1,"reply_count":0,"like_count":3,"quote_count":0},"text":"JSP qu'est ce que @TebbouneAmadjid attend pour demander de l'aide\nLa y a le Maroc et Marseille qui ont fait un rapport officiel pour nous aider avc des avions ... JSP qu'est ce que l'état att \n#kabylie #kabyliebrule #kabylie_brule #soskabylie #SOS","id":"1425481711052365826"},{"author_id":"1357081616292712448","created_at":"2021-08-11T15:37:23.000Z","lang":"fr","public_metrics":{"retweet_count":1,"reply_count":0,"like_count":0,"quote_count":1},"text":"#islamicintelligence #freespeech #dgsi #france #boutichemohamed\n#kabylie \n\nC'est le #mak qui met l'#Algerie à feu et à sang pour le compte de ses maîtres parisiens...\nIncendies pilotés directement depuis l'ambassade de France à Alger. @ambafrancealger https://t.co/7HsMCKSXnG","id":"1425481479681978373","attachments":{"media_keys":["3_1425481452628623362"]}},{"author_id":"1143870742192381954","created_at":"2021-08-11T15:33:42.000Z","lang":"fr","public_metrics":{"retweet_count":0,"reply_count":0,"like_count":0,"quote_count":0},"text":"”La #Kabylie brûle ! \nAprès la Grèce, la Turquie, la Sibérie et tant d’autres régions du monde, c’est au tour de l’Algérie d’être frappée par de terribles incendies. [....]\nPensées et soutien aux Kabyles ! \uD83D\uDE4F”\n@hugoclement\n\nhttps://t.co/iFNLVf19jz","id":"1425480550949793792"},{"author_id":"1010609450242269189","created_at":"2021-08-11T15:33:16.000Z","lang":"fr","public_metrics":{"retweet_count":0,"reply_count":0,"like_count":0,"quote_count":0},"text":"Bonne soiree a toutes et a tous \uD83D\uDE4F #Kabylie #Manifs14aout #gilletsjaunes #Paris2024 #Macron #AI #Rentree2021 #PrayForAlgeria #Paris #France https://t.co/2qM7lPeFyk","id":"1425480443101601807","attachments":{"media_keys":["7_1425480139387854858"]}},{"author_id":"1402890746009636868","created_at":"2021-08-11T15:33:01.000Z","lang":"fr","public_metrics":{"retweet_count":0,"reply_count":0,"like_count":0,"quote_count":0},"text":"Bonne soiree a toutes et a tous \uD83D\uDE4F #Kabylie #Manifs14aout #gilletsjaunes #Paris2024 #Macron #AI #Rentree2021 #PrayForAlgeria #Paris #France https://t.co/cdLFYNfkKF","id":"1425480380740669445","attachments":{"media_keys":["7_1425480139387854858"]}},{"author_id":"463133503","created_at":"2021-08-11T15:30:26.000Z","lang":"fr","public_metrics":{"retweet_count":1,"reply_count":2,"like_count":4,"quote_count":0},"text":"‼️\uD83C\uDD98\uD83D\uDD25Des familles fuient à pied encore ce mercredi en #kabylie pour fuir les flammes. L’inaction du régime algérien est criminelle. La communauté internationale ne peut pas attendre une décision de leur part : des gens continuent encore de mourir ! #kabyliebrule @EmmanuelMacron https://t.co/qSF4Eva3uB","id":"1425479731844206601","attachments":{"media_keys":["7_1425479618618957828"]}},{"author_id":"1221479402246213632","created_at":"2021-08-11T15:29:45.000Z","lang":"fr","public_metrics":{"retweet_count":7,"reply_count":9,"like_count":34,"quote_count":2},"text":"Tout mon soutien à celles et ceux qui en #Grèce, en #Algérie et en #Kabylie luttent contre ces terribles incendies. \nDes feux de forêts décrits par le #GIEC\nNous devons réduire les gaz à effet de serre pour faire de Marseille une ville plus cyclable, plus piétonne, plus fraîche.","id":"1425479556727771137"},{"author_id":"1405620253829312514","created_at":"2021-08-11T15:28:41.000Z","lang":"ar","public_metrics":{"retweet_count":7,"reply_count":1,"like_count":23,"quote_count":0},"text":"سبحان الله   سبحان الله   سبحان الله         \nلا إله إلا الله محمد رسول الله \n\n#KABYLIESBURNING\n#kabyliebrule \n#Algerie \n#Tunisia \n#kabylie https://t.co/7OT8hHHJ92","id":"1425479289303142407","attachments":{"media_keys":["3_1425479274115571725"]}},{"author_id":"396820680","created_at":"2021-08-11T15:28:27.000Z","lang":"fr","public_metrics":{"retweet_count":0,"reply_count":0,"like_count":2,"quote_count":0},"text":"Merci aux élus des collectivités qui annoncent leur aide à la #kabylie qui subit des incendies criminels d’une puissance inouïe depuis 3 jours. Cette région et ses habitants sont livrés à eux mêmes, il est urgent que l’aide internationale arrive #kabyliebrule #solidarite #courage https://t.co/D3WRDY9d4e","id":"1425479229152665607"},{"author_id":"1225739054542675974","created_at":"2021-08-11T15:27:18.000Z","lang":"und","public_metrics":{"retweet_count":1,"reply_count":0,"like_count":0,"quote_count":0},"text":"#prayforalgeria #algeriaisburning #helpalgeria #sos_algeria #we_need_help #sos #urgent #dzpower #kabylie #kabylieisburning #algeriaisindanger #helpus #help #fire #animals #danger #vie #life #mort https://t.co/B9nmdDBg4m","id":"1425478940173512704","attachments":{"media_keys":["3_1425478930211934217","3_1425478932976046086","3_1425478935438049286","3_1425478937954734087"]}},{"author_id":"1401421013364187142","created_at":"2021-08-11T15:27:00.000Z","lang":"fr","public_metrics":{"retweet_count":0,"reply_count":1,"like_count":2,"quote_count":0},"text":"#kabylie bensdira le toutou des généraux savait ce qui allait se passer en kabylie \uD83D\uDE28 ce type et ses généraux sont des assassins \uD83D\uDE31 https://t.co/PQonTTR6TK","id":"1425478865263202310"},{"author_id":"1662484838","created_at":"2021-08-11T15:25:20.000Z","lang":"fr","public_metrics":{"retweet_count":5,"reply_count":2,"like_count":5,"quote_count":0},"text":"\uD83C\uDD98️♓\uD83C\uDDE9\uD83C\uDDFF11/08/2021 #toudja\nIl faut de l'aide internationale @TebbouneAmadjid !!! #MaKabylieBrule #bejaia  #kabyliebrule #kabylie #algerie #PrayForkabylie\n#PrayForAlgeria \n@afpfr @France24_fr https://t.co/M385OI4nVr","id":"1425478445962829829","attachments":{"media_keys":["7_1425473726611693573"]}},{"author_id":"1134070140667084800","created_at":"2021-08-11T15:24:51.000Z","lang":"fr","public_metrics":{"retweet_count":9,"reply_count":0,"like_count":5,"quote_count":1},"text":"Liste des besoins nécessaires à fournir et points de collectes à Alger! #Algerie #Kabylie #kabyliebrule https://t.co/e4IDTuGBNC","id":"1425478325473062920","attachments":{"media_keys":["3_1425478314282606596","3_1425478314253238282"]}},{"author_id":"4179296560","created_at":"2021-08-11T15:24:41.000Z","lang":"fr","public_metrics":{"retweet_count":6,"reply_count":0,"like_count":8,"quote_count":0},"text":"Combattre une armée avec un lance pierre.\nLa kabylie a besoin d'aide\n#kabylie_brule \n#Kabylie\n#kabyliebrule https://t.co/NDK5ESDNjX","id":"1425478285278994433","attachments":{"media_keys":["3_1425478282431041544"]}},{"author_id":"1377887749311762435","created_at":"2021-08-11T15:22:50.000Z","lang":"fr","public_metrics":{"retweet_count":0,"reply_count":0,"like_count":1,"quote_count":0},"text":"Beni doula / URGENT la region de tighzert a besoin de Générateurs électriques pour faire fonctionner les pompes a eau #Algerie #Kabylie #kabylie_brule https://t.co/J9iQovnTWB","id":"1425477816850780161","attachments":{"media_keys":["7_1425477093983412229"]}},{"author_id":"1322543757330436096","created_at":"2021-08-11T15:17:16.000Z","lang":"fr","public_metrics":{"retweet_count":1,"reply_count":1,"like_count":1,"quote_count":0},"text":"\uD83D\uDD34 Certains administrateurs de @Tajmaat_Service sont des Kabyles De Service.\n\nVoyez par vous-même le niveau d'indigeance de leur arguments visant à défendre leur algérianisme, et partant, l'État militaire, coloniale et génocidaire algérien qui veut en finir avec la #Kabylie. https://t.co/c7dD6k6sr1","id":"1425476417089900548","attachments":{"media_keys":["3_1425476403768795143","3_1425476413507915781"]}},{"author_id":"131882659","created_at":"2021-08-11T15:13:27.000Z","lang":"fr","public_metrics":{"retweet_count":0,"reply_count":0,"like_count":8,"quote_count":0},"text":"Une pensée à la population en #Kabylie \uD83E\uDD32 https://t.co/JRaCNiKeqI","id":"1425475458255175681"},{"author_id":"1169935103746854912","created_at":"2021-08-11T15:13:26.000Z","lang":"und","public_metrics":{"retweet_count":2,"reply_count":0,"like_count":4,"quote_count":0},"text":"#Kabylie #Algerie !!! https://t.co/aj75ZT5RRg","id":"1425475453603700739","attachments":{"media_keys":["3_1425475445999480837"]}},{"author_id":"1267563798820511746","created_at":"2021-08-11T15:13:08.000Z","lang":"fr","public_metrics":{"retweet_count":0,"reply_count":0,"like_count":0,"quote_count":0},"text":"#Algerie #kabylie @EmmanuelMacron aidez lAlgérie je vous en supplie le gouvernement ne fait rien c’est un crime contre l’humanité c’est très grave ce qui se passe https://t.co/PKj73MWMMy","id":"1425475376772526085","attachments":{"media_keys":["7_1425475272430731269"]}},{"author_id":"2876601989","created_at":"2021-08-11T15:13:00.000Z","lang":"fr","public_metrics":{"retweet_count":0,"reply_count":0,"like_count":2,"quote_count":0},"text":"Une grande pensée pour nos amis algériens en proie aux flammes en #Kabylie . Ce qu’ils vivent est horrible \uD83D\uDE31 Nous pensons fort à eux. Ainsi qu’aux grecs dans une situation similaires. Nous espérons tous que la météo des heures à venir sera plus favorable \uD83E\uDD1E","id":"1425475343134216193"},{"author_id":"252660689","created_at":"2021-08-11T15:12:08.000Z","lang":"fr","public_metrics":{"retweet_count":0,"reply_count":0,"like_count":2,"quote_count":0},"text":"Solidarité #Kabylibrule chers algériens appelez vos dirigeants d’accepter l’aide du #Maroc, qu’ils laissent leur ridicule honneur de côté et pensent à porter de l’aide aux sinistrés le temps n’est pas à la concurrence … tout le peuple marocain est avec la #Kabylie \nCourage….","id":"1425475125508546566"},{"author_id":"946549784","created_at":"2021-08-11T15:12:07.000Z","lang":"fr","public_metrics":{"retweet_count":4,"reply_count":0,"like_count":19,"quote_count":0},"text":"Notre #Algerie, notre #Kabylie brûle, mais tel un phoenix elle renaît toujours de ses cendres. Nulle haine, nulle violence, nulle colère, nulle polémique, juste solidaire. Ils en ont connu d’autres... https://t.co/xU37ZcE2Uo","id":"1425475119883902978","attachments":{"media_keys":["3_1425475115110785026"]}},{"author_id":"1376249289161252865","created_at":"2021-08-11T15:10:25.000Z","lang":"en","public_metrics":{"retweet_count":0,"reply_count":1,"like_count":3,"quote_count":1},"text":"Now you can pray !\n\n#Algerie #kabylie #PrayForAlgeria https://t.co/CxpcRcznkm","id":"1425474691637157891","attachments":{"media_keys":["7_1425474663766020100"]}},{"author_id":"1379138952934883329","created_at":"2021-08-11T15:09:59.000Z","lang":"fr","public_metrics":{"retweet_count":5,"reply_count":1,"like_count":5,"quote_count":1},"text":"La seule chose dont la #Kabylie a réellement besoin pour venir à bout d'incendies d'une aussi grande ampleur.... https://t.co/ltu89OoCYe","id":"1425474584590094340","attachments":{"media_keys":["7_1425474361914445828"]}},{"author_id":"399113202","created_at":"2021-08-11T15:09:34.000Z","lang":"fr","public_metrics":{"retweet_count":1,"reply_count":0,"like_count":1,"quote_count":0},"text":"Il préfère laisser crever les gens et brûler la #Kabylie et mentir et faire croire que la situation est sous contrôle plutôt que demander l’aide nécessaire …\nOn appelle ça comment déjà ?\nL’indécence de ce mec n’a pas de limites. https://t.co/c5gO0IlxVm","id":"1425474479640039429"},{"author_id":"2937035061","created_at":"2021-08-11T15:08:37.000Z","lang":"en","public_metrics":{"retweet_count":0,"reply_count":0,"like_count":0,"quote_count":0},"text":"#Kabylie #Algeria is burning… \uD83D\uDE30 https://t.co/QauzVqENS8","id":"1425474240866881548"},{"author_id":"795983597568196608","created_at":"2021-08-11T15:08:19.000Z","lang":"fr","public_metrics":{"retweet_count":0,"reply_count":0,"like_count":0,"quote_count":0},"text":"‼ EN BREF  | #Algérie Les #incendies en #Kabylie font 65 morts dont 28 militaires venus évacuer des villageois dans les montagnes de #Bejaïa et #TiziOuzou. Les brasiers pourraient être d'origine criminelle. (Euronews) \uD83C\uDDE9\uD83C\uDDFF Retrouvez les médias algériens https://t.co/DNod2NNIGb","id":"1425474164610195462"},{"author_id":"1368734129295155204","created_at":"2021-08-11T15:07:43.000Z","lang":"fr","public_metrics":{"retweet_count":2,"reply_count":0,"like_count":1,"quote_count":0},"text":"Que dieu protège le peuple de l'Algérie et les familles victimes des feux\n#تيزي_وزو_تحترق #الجزائر_تحترق #PrayforAlgeria #algeriebrule #kabylie #Algerie https://t.co/YpVzt1QqXL","id":"1425474015423049729","attachments":{"media_keys":["3_1425473773222957057"]}},{"author_id":"723085926","created_at":"2021-08-11T15:07:01.000Z","lang":"fr","public_metrics":{"retweet_count":9,"reply_count":1,"like_count":6,"quote_count":0},"text":"- Plusieurs départ d'incendies dans  les zones les + propices aux \uD83D\uDD25\n- Déclenchement systématiques de petits foyers après le passage des \uD83D\uDE81 militaires\n- Absence de #canadairs\n- Refus de l'aide internationale\n- Autogestion de la #Kabylie \n- Absence de l'État\n\n#kabylie_brule","id":"1425473837056020487"},{"author_id":"1364231095601033219","created_at":"2021-08-11T15:06:43.000Z","lang":"fr","public_metrics":{"retweet_count":1,"reply_count":0,"like_count":1,"quote_count":0},"text":"Pauvre Nature \uD83D\uDE1E #Bejaia\n\n#Tizi_Ouzou #Tiziouzou #feu #algerie #Kabylie \n#PrayForAlgeria #الجزائر_تحترق #الجزائر #تيزي_وزو #تيزي_وزو_تحترق\n#تيزي_وزو_تحترق https://t.co/2mJLj7z0dp","id":"1425473763764838418","attachments":{"media_keys":["3_1425473761797672968"]}},{"author_id":"1304707045787086848","created_at":"2021-08-11T15:05:20.000Z","lang":"fr","public_metrics":{"retweet_count":7,"reply_count":2,"like_count":13,"quote_count":0},"text":"3 feux se déclarent dans les villages autour de Boghni (Ath Ali, Assi Youcef et Amechrass) \nAd isser Rebbi kan \n#Kabylie #savedz https://t.co/dZIAHxaAkR","id":"1425473414937124872","attachments":{"media_keys":["3_1425473405697019913"]}},{"author_id":"308323017","created_at":"2021-08-11T15:04:46.000Z","lang":"fr","public_metrics":{"retweet_count":50,"reply_count":46,"like_count":152,"quote_count":4},"text":"Ce qui se passe en #Kabylie est très grave. Un incendie est en train de ravager la région. Qu’attend le président algérien, Abdelmadjid Tebboune, pour faire appel à l’aide internationale ? Il y a déjà au moins 65 morts et des familles entières sont en danger ! #kabyliebrule","id":"1425473271064109058"},{"author_id":"1181564802071695360","created_at":"2021-08-11T15:02:59.000Z","lang":"fr","public_metrics":{"retweet_count":0,"reply_count":0,"like_count":3,"quote_count":1},"text":"#PrayForAlgeria #WWF #Incendies #Faux #COVID19 #Kabylie #ONU\n\nNous appelons la communauté internationale à aider la #Kabylie à lutter contre les feux de forêt et incendies survenus en pleine crise sanitaire liée à la COVID-19. https://t.co/iO6YJQU7C9","id":"1425472823842197506","attachments":{"media_keys":["3_1425472816980414468"]}},{"author_id":"899746609109532672","created_at":"2021-08-11T15:02:47.000Z","lang":"fr","public_metrics":{"retweet_count":16,"reply_count":4,"like_count":39,"quote_count":0},"text":"Mon cœur brûle avec toi ma kabylie \uD83D\uDE25\uD83D\uDE25 \uD83D\uDE1E \n\n#Tizi_Ouzou #Tiziouzou #feu #algerie #Kabylie \n#PrayForAlgeria #الجزائر_تحترق #الجزائر #تيزي_وزو #تيزي_وزو_تحترق https://t.co/vry0aSCTWa","id":"1425472771530891273","attachments":{"media_keys":["7_1425472209758326788"]}},{"author_id":"1423225358581706756","created_at":"2021-08-11T15:02:26.000Z","lang":"fr","public_metrics":{"retweet_count":1,"reply_count":0,"like_count":2,"quote_count":0},"text":"Bonjour, \nComme vous l'avez constaté, ma kabylie vit un moment très difficile à cause des incendies qui ravagent nos terres.\nSvp partagez ce message sur votre mur \n#kabylie\n#demandeaideinternationnal\nMerci d'avance","id":"1425472683936993283"},{"author_id":"1149772882114990081","created_at":"2021-08-11T15:02:05.000Z","lang":"fr","public_metrics":{"retweet_count":6,"reply_count":0,"like_count":9,"quote_count":0},"text":"La Kabylie est en guerre !! Contre les flammes et contre le silence d’un gouvernement illégitime #Sos #Kabylie #Algerie https://t.co/40AHlmpJNn","id":"1425472597693763594","attachments":{"media_keys":["3_1425472552831528963","3_1425472552915415043","3_1425472552927907844"]}},{"author_id":"1291746571500093441","created_at":"2021-08-11T15:01:49.000Z","lang":"fr","public_metrics":{"retweet_count":12,"reply_count":4,"like_count":12,"quote_count":0},"text":"Vous trouvez ça normal qu'à chaque fois qu'un hélico passe y a un déclenchement ?????? Hein????\n#kabyliebrule #kabylie #kabylie_brule #soskabylie https://t.co/pJEJP83sDr","id":"1425472528697466880","attachments":{"media_keys":["3_1425472522099826693","3_1425472526545825799"]}},{"author_id":"1241140173922086912","created_at":"2021-08-11T15:00:31.000Z","lang":"en","public_metrics":{"retweet_count":1,"reply_count":0,"like_count":0,"quote_count":0},"text":"#algerie #algeria \n#الجزائر\n@lemondefr @libe @sudouest\n@TIME @derspiegel @UNHumanRights \nStop #kabylie  genocide!!\nAlgeria state made a Law to block the aid of kabylie by it's diaspora aigainst covid \nThey ignor the help against a fire by international community\nPeople are dying! https://t.co/MErWsU3bSM https://t.co/2fLFb4czPu","id":"1425472202829352961","attachments":{"media_keys":["3_1425472196210741256","3_1425472198593155073"]}},{"author_id":"1146887087490326533","created_at":"2021-08-11T14:57:39.000Z","lang":"fr","public_metrics":{"retweet_count":0,"reply_count":0,"like_count":1,"quote_count":1},"text":"AIT MESBAH EN CE MOMENT !!!! \n#Tizi_Ouzou #savedz #kabyliebrule #تيزي_وزو_تحترق #kabylie https://t.co/MSYUH7Xrel https://t.co/vnNWIFTTVT","id":"1425471479169302534","attachments":{"media_keys":["3_1425471475788754945"]}},{"author_id":"1378051575701200900","created_at":"2021-08-11T14:56:08.000Z","lang":"fr","public_metrics":{"retweet_count":0,"reply_count":0,"like_count":2,"quote_count":0},"text":"Pour l'Algérie, pour le peuple algérien...\nTOUS UNIS.\n#PrayForAlgeria \n#AlgeriaIsBurning \n#FiresInAlgeria\n#Kabylie\n#تيزي_وزو_تحترق\n#بجاية_تحترق \n#الجزائر_تحترق \n#الجزائر_تستغيث https://t.co/jmESGc22QY","id":"1425471097852637187","attachments":{"media_keys":["7_1425253926954278913"]}},{"author_id":"4861776087","created_at":"2021-08-11T14:55:09.000Z","lang":"fr","public_metrics":{"retweet_count":8,"reply_count":6,"like_count":37,"quote_count":1},"text":"Prières et tout mon soutien à mes amis en #Algerie , particulièrement ceux de #Kabylie .\uD83E\uDD32\uD83E\uDD32\uD83E\uDD32\nCondoléances attristées aux familles des victimes. \n#Allah y hed l'bess\n#Algerie_brule #Algeria #kabyliebrule https://t.co/Wx2LPIOFGy","id":"1425470852578037765"},{"author_id":"361881477","created_at":"2021-08-11T14:53:46.000Z","lang":"fr","public_metrics":{"retweet_count":1,"reply_count":1,"like_count":4,"quote_count":0},"text":"@TamurtIgawawen @kabyle La #Kabylie, je suis de tout coeur avec vous. J'espère que le gouvernement central va se bouger ! Faut envoyer les canadairs et des milliers de POMPIERS ! Messieurs les @pm_gov_dz, et @interieur_dz! #Algerie #incendies #kabyliebrule #Tizi_Ouzou \ncc. @kabyle @Benzema @jsk_tweet","id":"1425470500827013124"},{"author_id":"436987962","created_at":"2021-08-11T14:53:12.000Z","lang":"fr","public_metrics":{"retweet_count":0,"reply_count":0,"like_count":0,"quote_count":0},"text":"#Algérie(Sos #Enfance) #RCD++ #TransitionDémocratique++ #Tamazight(Officielle) #Kabylie-#Aures-#MZab++ #Afrique[#Dz++/#Ww3 #VendreDire(SolidaritéDétenu(e)s #KhaledDRARENI+ #8Mars(Jidf) #Ww4(Vs#COVID19/Vaccinat°+]\n\n#Zéralda SolidaireVsLesCriminels #FeuxDeForêts DonsJusqu'Au12/17h: https://t.co/uUIZChTdr1","id":"1425470359994880006"},{"author_id":"252660689","created_at":"2021-08-11T14:51:11.000Z","lang":"fr","public_metrics":{"retweet_count":0,"reply_count":0,"like_count":1,"quote_count":0},"text":"Face aux incendies de la #Kabylie le pouvoir et ses forces ont déposé les armes, leurs stratégies ne sont que débâcles, courage aux jeunes des localités voisines qui viennent en aide avec leur modestes moyens https://t.co/Hlt6Dhftlj","id":"1425469854065254402","attachments":{"media_keys":["3_1425469849707364355","3_1425469849720004608"]}},{"author_id":"4133154856","created_at":"2021-08-11T14:51:04.000Z","lang":"fr","public_metrics":{"retweet_count":0,"reply_count":0,"like_count":2,"quote_count":1},"text":"En 2017 même quand le Portugal était en proie aux incendies ils avaient accepter et le gouvernement Algérien ne veut pas d'aide pour sauver sa population... #kabylie https://t.co/pmJT6WGrlU","id":"1425469825342742536"},{"author_id":"332310361","created_at":"2021-08-11T14:50:18.000Z","lang":"fr","public_metrics":{"retweet_count":1,"reply_count":0,"like_count":1,"quote_count":0},"text":"Quatre personnes sont mortes et trois autres ont été blessées dans des incendies qui se sont déclarés lundi 9 août en Kabylie, à une centaine de kilomètres à l’est d’Alger, a annoncé le conservateur local des forêts.\n\nhttps://t.co/5lTvuKCLY0\n\n#Algérie #Incendie #Kabylie","id":"1425469631389650947"},{"author_id":"1311032864759308290","created_at":"2021-08-11T14:49:39.000Z","lang":"fr","public_metrics":{"retweet_count":4,"reply_count":0,"like_count":8,"quote_count":1},"text":"\uD83D\uDD25\uD83C\uDDE9\uD83C\uDDFF Au moins 65 personnes parmi lesquelles 28 militaires ont perdu la vie dans les #incendies qui ravagent depuis lundi soir le nord de l'#Algérie, notamment en #Kabylie. \n\n\uD83D\uDE14 Une femme encerclée par le feu à #Bejaïa. #PrayForAlgeria https://t.co/Uze43BCK3w","id":"1425469465517608965","attachments":{"media_keys":["7_1425469418570719238"]}},{"author_id":"1260035605272166400","created_at":"2021-08-11T14:47:00.000Z","lang":"ar","public_metrics":{"retweet_count":2,"reply_count":1,"like_count":1,"quote_count":0},"text":"#تيزي_وزو_تحترق ♓\uD83D\uDC94\n⭕أيها الأعزاء لا تتعبوا نفسكم ،#الجزائر\uD83C\uDDE9\uD83C\uDDFF لن تقبل بأية مساعدة مغربية\uD83C\uDDF2\uD83C\uDDE6 لإطفاء الحرائق\uD83D\uDD25\uD83D\uDD25 ، فهي في الأخير ستدعي أنها من تدبير إستخباراتي مغربي ، ولهذا ترفض أية مساعدة مغربية كيفما كانت... \n\n#Tizi_Ouzou #Kabylie https://t.co/WVZ1DRvlYR","id":"1425468800129028100","attachments":{"media_keys":["3_1425468797536849926"]}},{"author_id":"436987962","created_at":"2021-08-11T14:44:11.000Z","lang":"fr","public_metrics":{"retweet_count":0,"reply_count":0,"like_count":0,"quote_count":0},"text":"#Algérie(Sos #Enfance) #RCD++ #TransitionDémocratique++ #Tamazight(Officielle) #Kabylie-#Aures-#MZab++ #Afrique[#Dz++/#Ww3 #VendreDire(SolidaritéDétenu(e)s #KhaledDRARENI++ #8Mars(Jidf) #Ww4(Vs#COVID19/Vaccinat°+]\n\n#AlG OrganiseSaSolidaritéDansLaLutteVsLesCriminels #FeuxDeForêts: https://t.co/h97wnpynBo","id":"1425468090343739394"},{"author_id":"1403751513491656707","created_at":"2021-08-11T14:41:41.000Z","lang":"fr","public_metrics":{"retweet_count":0,"reply_count":0,"like_count":0,"quote_count":0},"text":"Bonjour, \n\nComme vous l'avez constaté, ma kabylie vit un moment très difficile à cause des incendies qui ravagent nos terres.\nSvp partagez ce message sur votre mur \n#kabylie #demandeaideinternationnal\n\nMerci d'avance","id":"1425467459965001734"},{"author_id":"913347106374549504","created_at":"2021-08-11T14:41:40.000Z","lang":"fr","public_metrics":{"retweet_count":112,"reply_count":4,"like_count":70,"quote_count":4},"text":"Qui connaît des adresses de grossistes en pharmacie sur Alger Ouest/Boufarik/Blida ? \n\nCertaines pharmacies au détail sont déjà en rupture de tulle gras/biafine/sérum physiologique ? RT apprécies #PrayForAlgeria #Kabylie #PrayForKabylia","id":"1425467459579092993"},{"author_id":"47763245","created_at":"2021-08-11T14:41:05.000Z","lang":"ar","public_metrics":{"retweet_count":46,"reply_count":19,"like_count":341,"quote_count":0},"text":"قلبي مع #الجزائر الحبيبة و إخوتي الجزائريين في معاناتهم مع #الحرائق الضخمة الّتي يواجهونها .. رحم الله الضحايا \uD83D\uDE4F\uD83D\uDE4F هذه الحرائق عبر العالم درس لنا جميعا كي نستيقظ و نواجه خطر #تغير_المناخ الّذي يداهمنا .\n#algeria #algerie #kabylie #globalwarming  #wildfires \uD83C\uDDE9\uD83C\uDDFF\uD83C\uDDE9\uD83C\uDDFF\uD83C\uDDE9\uD83C\uDDFF\uD83C\uDDE9\uD83C\uDDFF\uD83C\uDDE9\uD83C\uDDFF","id":"1425467310572285953"},{"author_id":"436987962","created_at":"2021-08-11T14:40:28.000Z","lang":"fr","public_metrics":{"retweet_count":0,"reply_count":0,"like_count":0,"quote_count":0},"text":"#Algérie(Sos #Enfance) #RCD++ #TransitionDémocratique++ #Tamazight(Officielle) #Kabylie-#Aures-#MZab++ #Afrique[#Dz++/#Ww3 #VendreDire(SolidaritéDétenu(e)s #KhaledDRARENI++ #8Mars(Jidf) #Ww4(Vs#COVID19/Vaccinat°++]\n\n#Tamenghast/LeCas #RabahKARÈCHE..: https://t.co/XROMEa4ZDc","id":"1425467155701719044"},{"author_id":"1390708816078065666","created_at":"2021-08-11T14:39:37.000Z","lang":"fr","public_metrics":{"retweet_count":0,"reply_count":0,"like_count":0,"quote_count":0},"text":"CAGNOTTE POUR L'ALGÉRIE #Algerie #Kabylie #الجزائر #FeuxDeForêt   https://t.co/MaevZciL2q https://t.co/vof7AZmGdo     https://t.co/JKIy5Fvxnb https://t.co/HR6dOvJEjI\nhttps://t.co/Dp9EU7nivP https://t.co/9FkhAMdZIF","id":"1425466942735925252","attachments":{"media_keys":["3_1425466934150287372","3_1425466620135235584","3_1425466781859209218"]}},{"author_id":"1422401592079396903","created_at":"2021-08-11T14:39:26.000Z","lang":"und","public_metrics":{"retweet_count":1,"reply_count":0,"like_count":1,"quote_count":0},"text":"#leptitrougi #Algérie #Incendie #Tizi_ouzou #Béjaia #Solidatité #Kabylie https://t.co/XMHZKCDg22","id":"1425466895885549577","attachments":{"media_keys":["3_1425466846753480713"]}},{"author_id":"1390708816078065666","created_at":"2021-08-11T14:39:01.000Z","lang":"fr","public_metrics":{"retweet_count":0,"reply_count":0,"like_count":0,"quote_count":0},"text":"CAGNOTTE POUR L'ALGÉRIE #Algerie #Kabylie #الجزائر #FeuxDeForêt   https://t.co/MaevZciL2q https://t.co/vof7AZmGdo     https://t.co/JKIy5Fvxnb https://t.co/HR6dOvJEjI","id":"1425466789115334661","attachments":{"media_keys":["3_1425466781859209218","3_1425466620135235584"]}},{"author_id":"743789552972800000","created_at":"2021-08-11T14:38:55.000Z","lang":"fr","public_metrics":{"retweet_count":5,"reply_count":1,"like_count":5,"quote_count":0},"text":"#Appel :\nles automobilistes doivent éviter de prendre la RN 12 notamment du côté de Oued Aissi pour permettre d'acheminer les aides rapidement vers les zones touchées par les incendies ravageurs.\n#Tiziouzou #Kabylie","id":"1425466767401435149"},{"author_id":"1390708816078065666","created_at":"2021-08-11T14:38:22.000Z","lang":"fr","public_metrics":{"retweet_count":0,"reply_count":0,"like_count":1,"quote_count":0},"text":"CAGNOTTE POUR L'ALGÉRIE #Algerie #Kabylie #الجزائر #FeuxDeForêt   https://t.co/MaevZciL2q https://t.co/vof7AZmGdo","id":"1425466626837819401","attachments":{"media_keys":["3_1425466620135235584"]}},{"author_id":"1034882503948075011","created_at":"2021-08-11T14:37:59.000Z","lang":"und","public_metrics":{"retweet_count":0,"reply_count":0,"like_count":2,"quote_count":0},"text":"#PrayForAlgeria #savedz #PrayForKabylia #dons #Algeria #AlgeriaIsBurning #KABYLIESBURNING #kabylie_brûle #kabylie https://t.co/xdP1wIOZm9","id":"1425466532017102853","attachments":{"media_keys":["3_1425466508910735367"]}},{"author_id":"1377396556949827587","created_at":"2021-08-11T14:37:41.000Z","lang":"fr","public_metrics":{"retweet_count":2,"reply_count":2,"like_count":5,"quote_count":0},"text":"La #kabylie brûle , des dizaines de morts , des centaines de blessés , plusieurs portés disparus ! Le feu n'arrête pas de se propager a #Tizi_Ouzou  et a #bejaia \nLes gens sont livrés à eux même ! Alger réfuse toute aide extérieure ..alors je le lance appel s'il vous plaîT","id":"1425466454737100800"},{"author_id":"1231922522549104641","created_at":"2021-08-11T14:37:29.000Z","lang":"ht","public_metrics":{"retweet_count":1,"reply_count":0,"like_count":1,"quote_count":0},"text":"Ma Kabylie #Kabylie Usagad ara kem idyejan irgazen, Usagad ara tejid-d irgazen iyesqavalen timest s tssetta ussagad ara ussagad ara kem idyejan irgazen i dunit mara ussagad ara akmidner aken tlid naǧ xir ussagad ara \n#kabyliebrule #PrayForKabylia","id":"1425466406640959488"},{"author_id":"381975737","created_at":"2021-08-11T14:35:38.000Z","lang":"fr","public_metrics":{"retweet_count":0,"reply_count":0,"like_count":5,"quote_count":0},"text":"Prières et soutien total dans ce moment difficile pour l'ensemble du peuple algérien .\n\n#ALGERIE #COVID19 #KABYLIE #FORÊT #DELTA","id":"1425465937478758401"},{"author_id":"1292168286071857152","created_at":"2021-08-11T14:35:13.000Z","lang":"fr","public_metrics":{"retweet_count":0,"reply_count":0,"like_count":0,"quote_count":0},"text":"Qu'Allah vienne en aide a la kabylie ,a l'algerie et a tous mes freres et soeurs algerien❤️❤️❤️\uD83C\uDDE9\uD83C\uDDFF#Algerie #Kabylie https://t.co/94PbCmd843","id":"1425465835682947075","attachments":{"media_keys":["3_1425465830326865924"]}},{"author_id":"1425131976156123148","created_at":"2021-08-11T14:34:38.000Z","lang":"fr","public_metrics":{"retweet_count":0,"reply_count":0,"like_count":0,"quote_count":0},"text":"La #Kabylie brûle depuis 3 jours sous les flammes sans aucun #Canadair @El_Bilade @TebbouneAmadjid @Algeria_Tweet https://t.co/ATr6DK3jFi","id":"1425465686885863433","attachments":{"media_keys":["3_1425465684746805255"]}},{"author_id":"1260035605272166400","created_at":"2021-08-11T14:34:00.000Z","lang":"ar","public_metrics":{"retweet_count":0,"reply_count":0,"like_count":1,"quote_count":0},"text":"#تيزي_وزو_تحترق♓ \uD83D\uDD25\uD83D\uDE22\n⭕كبرنات #الجزائر\uD83C\uDDE9\uD83C\uDDFF كيفضلو تأجير الطائرات من اوروبا على يقبلوا المساعدة من #المغرب\uD83C\uDDF2\uD83C\uDDE6....كان الله في عون الشعب... \n\uD83D\uDD38 كما هي العادة كيتهموا المغرب و MAK ديال القبايل بهاد الكارثة \uD83D\uDD25\uD83D\uDD25\n\n#Tizi_Ouzou #Tiziouzou  #Kabylie♓ https://t.co/3tg85h2wgD","id":"1425465527972028416","attachments":{"media_keys":["3_1425465525103177734"]}},{"author_id":"244281429","created_at":"2021-08-11T14:33:00.000Z","lang":"es","public_metrics":{"retweet_count":1,"reply_count":0,"like_count":1,"quote_count":0},"text":"Un soldado argelino que acaba de perder a sus compañeros en los fuegos de la #Kabylie pide ayuda y llora desesperado. El régimen va a tener que dar muchas explicaciones con tal cantidad de muertes https://t.co/AX8SgXlU3I","id":"1425465276175372291"},{"author_id":"1268626979353485312","created_at":"2021-08-11T14:32:10.000Z","lang":"fr","public_metrics":{"retweet_count":0,"reply_count":0,"like_count":2,"quote_count":0},"text":"Mais ksk on en a à foutre on veut que tu bouges ton cul pour sauver les victimes  #kabyliebrule #kabylie #Tizi_Ouzou #bejaia #MaKabylieBrule https://t.co/jx9n3tMnku","id":"1425465068045717512"},{"author_id":"436987962","created_at":"2021-08-11T14:30:51.000Z","lang":"fr","public_metrics":{"retweet_count":0,"reply_count":0,"like_count":0,"quote_count":0},"text":"#Algérie(Sos #Enfance) #RCD++ #TransitionDémocratique++ #Tamazight(Officielle) #Kabylie-#Aures-#MZab++ #Afrique[#Dz++/#Ww3 #VendreDire(SolidaritéDétenu(e)s #KhaledDRARENI++ #8Mars(Jidf) #Ww4(Vs#COVID19/Vaccinat°++]\n\n@SIFF06/#Ong SolidaireDansLaLutteVsLesCriminels #FeuxDeForêts..: https://t.co/U25Iv7feaR","id":"1425464735764463616"},{"author_id":"776159941","created_at":"2021-08-11T14:30:22.000Z","lang":"fr","public_metrics":{"retweet_count":0,"reply_count":1,"like_count":2,"quote_count":1},"text":"Les cerveaux disponibles font la queue pour acheter le maillot de #Messi \nAilleurs les gens brûlent ( la #Kabylie #Algerie ) \nPrix du maillot pour les pigeons disponibles : 157,99 € \n#PSG\n#LaKabylieBrule https://t.co/uDWV9lQK6F","id":"1425464615656427523"},{"author_id":"229797687","created_at":"2021-08-11T14:30:21.000Z","lang":"und","public_metrics":{"retweet_count":0,"reply_count":0,"like_count":0,"quote_count":0},"text":"#kabylie #demandeaideinternationnal #SOS #DZ","id":"1425464608870084617"},{"author_id":"1379138952934883329","created_at":"2021-08-11T14:29:37.000Z","lang":"fr","public_metrics":{"retweet_count":24,"reply_count":1,"like_count":21,"quote_count":2},"text":"Les habitants d'Iferhounène, d'Imesouhal et d'Illilten vont se retrouver encerclés par le feu.\n\n#Kabylie \n#MaKabylieBrule https://t.co/GDxQvzjFdY","id":"1425464426577154058","attachments":{"media_keys":["3_1425464418926841860"]}},{"author_id":"902832019947884544","created_at":"2021-08-11T14:28:51.000Z","lang":"fr","public_metrics":{"retweet_count":1,"reply_count":0,"like_count":4,"quote_count":0},"text":"La communauté du #SaharaOccidental càd les sahraouis marocains se propose d'abriter des pourparlers dans le territoire du SO #SaharaMarocain entre SE le Président de la #Kabylie occupée et le président algérien. #LaPaixDabord #ArretezLeGenocideKabyle \n#WesternSahara \n#eupol #euco https://t.co/DHWQAJL9z5","id":"1425464234213842950","attachments":{"media_keys":["3_1425463852578361347","3_1425464070350811139"]}},{"author_id":"229797687","created_at":"2021-08-11T14:28:30.000Z","lang":"und","public_metrics":{"retweet_count":0,"reply_count":0,"like_count":0,"quote_count":0},"text":"#kabylie #demandeaideinternationnal","id":"1425464144950697992"},{"author_id":"1265681839131369473","created_at":"2021-08-11T14:28:21.000Z","lang":"fr","public_metrics":{"retweet_count":3,"reply_count":1,"like_count":15,"quote_count":0},"text":"le monde entier brûle \uD83D\uDD25\uD83D\uDC94\uD83D\uDE2D#PrayForAlgeria \n#AlgeriaIsBurning \n#FiresInAlgeria \n#Tizi_Ouzou \n#Kabylie\n#تيزي_وزو_تحترق \n#الجزائر_تحترق #Angola #Malawi #Algerie #Tunisie #feu #Tanzania https://t.co/D45yBvgUvE","id":"1425464107667542018","attachments":{"media_keys":["7_1425463560654790657"]}},{"author_id":"1049839597","created_at":"2021-08-11T14:27:49.000Z","lang":"pl","public_metrics":{"retweet_count":2,"reply_count":0,"like_count":1,"quote_count":0},"text":"#KlimatNaZmiane  ''Yemma Gouraya jest zwęglona, wiele osób jest poparzonych w trzecim stopniu,#Kabylie jest poważnie dotknięty pożarami.'' https://t.co/efhMq1Pjr7","id":"1425463974108319748"},{"author_id":"436987962","created_at":"2021-08-11T14:24:59.000Z","lang":"fr","public_metrics":{"retweet_count":0,"reply_count":0,"like_count":1,"quote_count":0},"text":"#Algérie(Sos #Enfance) #RCD++ #TransitionDémocratique++ #Tamazight(Officielle) #Kabylie-#Aures-#MZab++ #Afrique[#Dz++/#Ww3 #VendreDire(SolidaritéDétenu(e)s #KhaledDRARENI++ #8Mars(Jidf) #Ww4(Vs#COVID19/Vaccinat°++]\n\nPourServirDansLaLutteVsLesCriminels #FeuxDeForêts..: https://t.co/pEerUOrI1o","id":"1425463260887883785"},{"author_id":"1425097940369035264","created_at":"2021-08-11T14:24:47.000Z","lang":"und","public_metrics":{"retweet_count":1,"reply_count":0,"like_count":0,"quote_count":0},"text":"#kabylie_brûle #KABYLIESBURNING #Kabylie https://t.co/jwpVKZIp1c","id":"1425463207423102978","attachments":{"media_keys":["3_1425463203467874310"]}},{"author_id":"365757030","created_at":"2021-08-11T14:24:45.000Z","lang":"fr","public_metrics":{"retweet_count":0,"reply_count":0,"like_count":0,"quote_count":0},"text":"⚠️⚠️ Partagez SVP le  lien de la #cagnotte pour venir en aide contre les #incendies en #Kabylie, le moindre partage ou euro envoyez c’est un précieux soutien ❤️\uD83C\uDDE9\uD83C\uDDFF             https://t.co/IasVyg6ecK","id":"1425463198845710339"},{"author_id":"436987962","created_at":"2021-08-11T14:23:56.000Z","lang":"fr","public_metrics":{"retweet_count":0,"reply_count":0,"like_count":1,"quote_count":0},"text":"#Algérie(Sos #Enfance) #RCD++ #TransitionDémocratique++ #Tamazight(Officielle) #Kabylie-#Aures-#MZab++ #Afrique[#Dz++/#Ww3 #VendreDire(SolidaritéDétenu(e)s #KhaledDRARENI++ #8Mars(Jidf) #Ww4(Vs#COVID19/Vaccinat°++]\n\nPourAiderDansLaLutteVsLesCriminels #FeuxDeForêts..: https://t.co/jLYaLBrr5I","id":"1425462997036765191"},{"author_id":"782934172243492864","created_at":"2021-08-11T14:22:50.000Z","lang":"fr","public_metrics":{"retweet_count":2,"reply_count":16,"like_count":3,"quote_count":2},"text":"Incendies en Kabylie : Abdelmadjid Tebboune décrète un deuil national\nPour lire l'article \uD83D\uDC49 : https://t.co/LdCJSUCHKz\n\n#Algérie #Kabylie #Incendies #Tebboune https://t.co/CYhLQ8P78Q","id":"1425462716265902084","attachments":{"media_keys":["3_1425462609374060547"]}},{"author_id":"339690001","created_at":"2021-08-11T14:21:39.000Z","lang":"pt","public_metrics":{"retweet_count":0,"reply_count":0,"like_count":0,"quote_count":0},"text":"Pelo menos 42 pessoas perderam suas vidas no #incendies que devastam o norte de #Algerie , especialmente em #Kabylie , alimentado por um episódio de onda de calor.\n\n As autoridades evocam incêndios \"de origem criminosa\" https://t.co/UfreV1lPAk","id":"1425462419007184896"},{"author_id":"1204875750165426182","created_at":"2021-08-11T14:21:29.000Z","lang":"fr","public_metrics":{"retweet_count":0,"reply_count":0,"like_count":0,"quote_count":0},"text":"Nouvelle cagnotte dans le Sud Est de la France pour l’achat de médicaments pour la #kabylie #PrayForAlgeria Merci de partager\n\nhttps://t.co/4m5vi1bgUL","id":"1425462377240317960"},{"author_id":"134200221","created_at":"2021-08-11T14:19:01.000Z","lang":"eu","public_metrics":{"retweet_count":1,"reply_count":0,"like_count":2,"quote_count":0},"text":"65 biktima 2 egunetan.\n\uD83D\uDC94\n#Kabylie \nhttps://t.co/JqkPeYHuZj","id":"1425461757456302085"},{"author_id":"18115983","created_at":"2021-08-11T14:18:09.000Z","lang":"fr","public_metrics":{"retweet_count":7,"reply_count":7,"like_count":26,"quote_count":0},"text":"Aviez-vous remarqué que les médias tv et presse écrite français #BFMTV, #LeMonde, #France24 etc utilisent presque systématiquement le terme «Nord de l'Algérie» pour désigner la #Kabylie ? #kabyliebrule","id":"1425461541353181186"},{"author_id":"1127281696699768833","created_at":"2021-08-11T14:17:38.000Z","lang":"fr","public_metrics":{"retweet_count":2,"reply_count":0,"like_count":10,"quote_count":0},"text":"Ya rabbi donne la force à tout ceux qui ont perdu un être cher dans les incendies, à tout ceux qui ont perdu leurs maisons et ou des biens précieux. \uD83E\uDD32\uD83C\uDFFD #Kabylie","id":"1425461411233288192"},{"author_id":"3959023822","created_at":"2021-08-11T14:17:32.000Z","lang":"pl","public_metrics":{"retweet_count":1,"reply_count":1,"like_count":5,"quote_count":0},"text":"@remizapl zginęło 27 żołnierzy, którzy ratowali mieszkańców. Zdjęcia są wstrząsające, też te sprzętu - widać wozy francuskie sprzed 50lat. \nSprawdźcie pod hashami #kabyliebrule #Kabylie - to nazwa prowincji w płn. Algierii, nad Morzem Śródz.\nZ relacji nie wynika, by był choć 1✈️czy \uD83D\uDE81","id":"1425461384733728771"},{"author_id":"827854137874341889","created_at":"2021-08-11T14:15:53.000Z","lang":"en","public_metrics":{"retweet_count":2,"reply_count":0,"like_count":2,"quote_count":0},"text":"Chaos reigns in the regions of #kabylie , fires are starting everywhere, the population is asking for emergency help, hospitals need materials to treat burns, no drinking water in all the affected areas, lack of a generators \uD83C\uDDE9\uD83C\uDDFF\uD83E\uDD32\uD83C\uDFFB https://t.co/KlGyd4eXBu","id":"1425460968914575368"},{"author_id":"1285239053982601216","created_at":"2021-08-11T14:14:50.000Z","lang":"ar","public_metrics":{"retweet_count":1,"reply_count":0,"like_count":6,"quote_count":0},"text":"\uD83D\uDE1Eماتبكيش يا بلادي شدة و تفوت ⁦\uD83E\uDD32\uD83C\uDFFB⁩⁦\uD83C\uDDE9\uD83C\uDDFF⁩ \n#Kabylie  #Algerie #الجزائر #تيزي_وزو_تحترق #PrayForAlgeria\n\n#الجزائر https://t.co/Wddtr7WsdV","id":"1425460703083831299","attachments":{"media_keys":["3_1425460689116745728"]}},{"author_id":"106117357","created_at":"2021-08-11T14:14:36.000Z","lang":"fr","public_metrics":{"retweet_count":0,"reply_count":0,"like_count":0,"quote_count":0},"text":"De tout coeur avec l’#Algérie et la région de #Kabylie...Force et Courage !\n#kabyliebrule #Algérie \n#الجزائر_تحترق #الجزائر #القبايل","id":"1425460644862734343"},{"author_id":"436987962","created_at":"2021-08-11T14:14:08.000Z","lang":"fr","public_metrics":{"retweet_count":0,"reply_count":0,"like_count":0,"quote_count":0},"text":"#Algérie(Sos #Enfance) #RCD++ #TransitionDémocratique++ #Tamazight(Officielle) #Kabylie-#Aures-#MZab++ #Afrique[#Dz++/#Ww3 #VendreDire(SolidaritéDétenu(e)s #KhaledDRARENI++ #8Mars(Jidf) #Ww4(Vs#COVID19/Vaccinat°++]\n\nIkhlidjen(#LarbâaNatYiraten++/VictimesDeCriminels #FeuxDeForêts: https://t.co/ltQ2IH3ea6","id":"1425460528512651273"},{"author_id":"18115983","created_at":"2021-08-11T14:13:50.000Z","lang":"fr","public_metrics":{"retweet_count":1,"reply_count":0,"like_count":1,"quote_count":0},"text":"Pire que le crime, il y a le «déni du crime»  #Kabylie https://t.co/Ok83CCK5BF","id":"1425460455368167424"},{"author_id":"1167373531","created_at":"2021-08-11T14:13:43.000Z","lang":"en","public_metrics":{"retweet_count":0,"reply_count":1,"like_count":2,"quote_count":0},"text":"The \"foreign hand\" offers help to the \"internal hand\" to save millions of lives in distress. The latter has not yet lifted a finger to say yes... Too busy admiring the mountains that are going up in smoke.\uD83D\uDE21\n\n#Kabylie  \uD83D\uDC94 https://t.co/Q2Xgwe3ThZ","id":"1425460425773158405"},{"author_id":"1265044421881540610","created_at":"2021-08-11T14:12:19.000Z","lang":"fr","public_metrics":{"retweet_count":0,"reply_count":0,"like_count":1,"quote_count":0},"text":"La kabylie souffre depuis 3 jours, le peuple est en danger y'a des familles qui ont perdu leurs maisons \uD83D\uDC94 il reste plus rien en kabylie \uD83D\uDC94 j'ai mal pour ma brave région\n#Tizi_Ouzou #TiziOuzou_brule #kabylie #KABYLIESBURNING #kabylie_brule #kabyliebrule","id":"1425460072784748546"},{"author_id":"1172638005976285195","created_at":"2021-08-11T14:11:25.000Z","lang":"en","public_metrics":{"retweet_count":1,"reply_count":1,"like_count":2,"quote_count":0},"text":"My country is burning and my heart is burning with it \uD83D\uDE2D\uD83D\uDC94\n\n#Kabylie\n#Tizi_Ouzou\n#تيزي_وزو_تحترق https://t.co/GZBmWjQTGT#تيزي_وزو_تحترق https://t.co/w4qOQEfVBa","id":"1425459844409139200","attachments":{"media_keys":["3_1425459819515981824","3_1425459833696833538","3_1425459842068754438"]}},{"author_id":"46668798","created_at":"2021-08-11T14:10:49.000Z","lang":"fr","public_metrics":{"retweet_count":3,"reply_count":0,"like_count":16,"quote_count":1},"text":"Formidable élan de solidarité avec les habitants sinistrés de Tizi-Ouzou, en proie depuis lundi à des incendies meurtriers. \n\n( Vidéo Rahim Loulou). \n\n#Algérie #Kabylie https://t.co/wPRyam8Nnb","id":"1425459695515537417","attachments":{"media_keys":["7_1425458795468165122"]}}],"includes":{"media":[{"media_key":"7_1425481745403678721","public_metrics":{"view_count":86},"type":"video"},{"media_key":"7_1425481804283326469","public_metrics":{"view_count":324},"type":"video"},{"media_key":"3_1425481452628623362","type":"photo","url":"https://pbs.twimg.com/media/E8hT1CHWQAIsYyu.jpg"},{"media_key":"7_1425480139387854858","public_metrics":{"view_count":110},"type":"video"},{"media_key":"7_1425479618618957828","public_metrics":{"view_count":190},"type":"video"},{"media_key":"3_1425479274115571725","type":"photo","url":"https://pbs.twimg.com/media/E8hR2OhXIA0Es0N.jpg"},{"media_key":"3_1425478930211934217","type":"photo","url":"https://pbs.twimg.com/media/E8hRiNYWEAklQAH.jpg"},{"media_key":"3_1425478932976046086","type":"photo","url":"https://pbs.twimg.com/media/E8hRiXrXEAYsc76.jpg"},{"media_key":"3_1425478935438049286","type":"photo","url":"https://pbs.twimg.com/media/E8hRig2WQAYI6FD.jpg"},{"media_key":"3_1425478937954734087","type":"photo","url":"https://pbs.twimg.com/media/E8hRiqOX0AcQVHo.jpg"},{"media_key":"7_1425473726611693573","public_metrics":{"view_count":346},"type":"video"},{"media_key":"3_1425478314282606596","type":"photo","url":"https://pbs.twimg.com/media/E8hQ-W3WYAQwDV3.jpg"},{"media_key":"3_1425478314253238282","type":"photo","url":"https://pbs.twimg.com/media/E8hQ-WwWQAoku9g.jpg"},{"media_key":"3_1425478282431041544","type":"photo","url":"https://pbs.twimg.com/media/E8hQ8gNWEAgnmK1.jpg"},{"media_key":"7_1425477093983412229","public_metrics":{"view_count":141},"type":"video"},{"media_key":"3_1425476403768795143","type":"photo","url":"https://pbs.twimg.com/media/E8hPPJpXIAc9uUe.jpg"},{"media_key":"3_1425476413507915781","type":"photo","url":"https://pbs.twimg.com/media/E8hPPt7WUAUjK59.jpg"},{"media_key":"3_1425475445999480837","type":"photo","url":"https://pbs.twimg.com/media/E8hOXZrXMAUPfQ1.jpg"},{"media_key":"7_1425475272430731269","public_metrics":{"view_count":15},"type":"video"},{"media_key":"3_1425475115110785026","type":"photo","url":"https://pbs.twimg.com/media/E8hOEJBWYAIRCF1.jpg"},{"media_key":"7_1425474663766020100","public_metrics":{"view_count":188},"type":"video"},{"media_key":"7_1425474361914445828","public_metrics":{"view_count":246},"type":"video"},{"media_key":"3_1425473773222957057","type":"photo","url":"https://pbs.twimg.com/media/E8hM2CGXEAEr-G3.jpg"},{"media_key":"3_1425473761797672968","type":"photo","url":"https://pbs.twimg.com/media/E8hM1XiXEAgOPqm.jpg"},{"media_key":"3_1425473405697019913","type":"photo","url":"https://pbs.twimg.com/media/E8hMgo9WUAkfkmn.jpg"},{"media_key":"3_1425472816980414468","type":"photo","url":"https://pbs.twimg.com/media/E8hL-X0X0AQ_YD3.jpg"},{"media_key":"7_1425472209758326788","public_metrics":{"view_count":1108},"type":"video"},{"media_key":"3_1425472552831528963","type":"photo","url":"https://pbs.twimg.com/media/E8hLu_yXsAMGfO8.jpg"},{"media_key":"3_1425472552915415043","type":"photo","url":"https://pbs.twimg.com/media/E8hLvAGXsAMRX9S.jpg"},{"media_key":"3_1425472552927907844","type":"photo","url":"https://pbs.twimg.com/media/E8hLvAJWUAQOLJi.jpg"},{"media_key":"3_1425472522099826693","type":"photo","url":"https://pbs.twimg.com/media/E8hLtNTXIAUuojX.jpg"},{"media_key":"3_1425472526545825799","type":"photo","url":"https://pbs.twimg.com/media/E8hLtd3XsAcNit-.jpg"},{"media_key":"3_1425472196210741256","type":"photo","url":"https://pbs.twimg.com/media/E8hLaPRWUAgQGUt.jpg"},{"media_key":"3_1425472198593155073","type":"photo","url":"https://pbs.twimg.com/media/E8hLaYJXEAEBEPA.jpg"},{"media_key":"3_1425471475788754945","type":"photo","url":"https://pbs.twimg.com/media/E8hKwTfXMAEg5fp.jpg"},{"media_key":"7_1425253926954278913","public_metrics":{"view_count":2140},"type":"video"},{"media_key":"3_1425469849707364355","type":"photo","url":"https://pbs.twimg.com/media/E8hJRp3WQAMgQwK.jpg"},{"media_key":"3_1425469849720004608","type":"photo","url":"https://pbs.twimg.com/media/E8hJRp6XIAAhfju.jpg"},{"media_key":"7_1425469418570719238","public_metrics":{"view_count":485},"type":"video"},{"media_key":"3_1425468797536849926","type":"photo","url":"https://pbs.twimg.com/media/E8hIUaOWUAYpkl8.jpg"},{"media_key":"3_1425466934150287372","type":"photo","url":"https://pbs.twimg.com/media/E8hGn8kX0Awdsq_.jpg"},{"media_key":"3_1425466620135235584","type":"photo","url":"https://pbs.twimg.com/media/E8hGVqxWYAAf-x-.jpg"},{"media_key":"3_1425466781859209218","type":"photo","url":"https://pbs.twimg.com/media/E8hGfFPWYAIOHtz.jpg"},{"media_key":"3_1425466846753480713","type":"photo","url":"https://pbs.twimg.com/media/E8hGi2_WYAk42R3.jpg"},{"media_key":"3_1425466508910735367","type":"photo","url":"https://pbs.twimg.com/media/E8hGPMbXMAcvnql.jpg"},{"media_key":"3_1425465830326865924","type":"photo","url":"https://pbs.twimg.com/media/E8hFnsgXEAQsooO.jpg"},{"media_key":"3_1425465684746805255","type":"photo","url":"https://pbs.twimg.com/media/E8hFfOLXoAcpcQx.jpg"},{"media_key":"3_1425465525103177734","type":"photo","url":"https://pbs.twimg.com/media/E8hFV7dXMAYEaip.jpg"},{"media_key":"3_1425464418926841860","type":"photo","url":"https://pbs.twimg.com/media/E8hEVioX0AQJHOI.jpg"},{"media_key":"3_1425463852578361347","type":"photo","url":"https://pbs.twimg.com/media/E8hD0k0X0AMnxxU.png"},{"media_key":"3_1425464070350811139","type":"photo","url":"https://pbs.twimg.com/media/E8hEBQFXsAMsyI1.png"},{"media_key":"7_1425463560654790657","public_metrics":{"view_count":1126},"type":"video"},{"media_key":"3_1425463203467874310","type":"photo","url":"https://pbs.twimg.com/media/E8hDOysX0AYqnnB.jpg"},{"media_key":"3_1425462609374060547","type":"photo","url":"https://pbs.twimg.com/media/E8hCsNhXoAMNwwi.jpg"},{"media_key":"3_1425460689116745728","type":"photo","url":"https://pbs.twimg.com/media/E8hA8cAWUAAxFiI.jpg"},{"media_key":"3_1425459819515981824","type":"photo","url":"https://pbs.twimg.com/media/E8hAJ0fXsAA0xpP.jpg"},{"media_key":"3_1425459833696833538","type":"photo","url":"https://pbs.twimg.com/media/E8hAKpUWUAIXj4V.jpg"},{"media_key":"3_1425459842068754438","type":"photo","url":"https://pbs.twimg.com/media/E8hALIgXsAYmWl0.jpg"},{"media_key":"7_1425458795468165122","public_metrics":{"view_count":414},"type":"video"}]},"meta":{"newest_id":"1425483902488035342","oldest_id":"1425459695515537417","result_count":100,"next_token":"b26v89c19zqg8o3fpdm8kmevy21mqru3g43fex4qjz9tp"}}