{"data":[{"id":"1425459674682478593","public_metrics":{"retweet_count":6,"reply_count":3,"like_count":17,"quote_count":0},"attachments":{"media_keys":["3_1425459670811123717"]},"created_at":"2021-08-11T14:10:44.000Z","text":"De tout ❤️ avec le vaillant peuple algérien notamment la #kabylie qui est confrontée à des feux de brousse.\n#SidiAich #Bacara #ElKseur #Akbou #OuedSoummam https://t.co/1mRf81SJS0","lang":"fr","author_id":"8052872"},{"id":"1425459382985412612","public_metrics":{"retweet_count":1,"reply_count":0,"like_count":0,"quote_count":0},"attachments":{"media_keys":["3_1425459380850466822"]},"created_at":"2021-08-11T14:09:35.000Z","text":"Je demande aux opérateurs téléphoniques de faire le maximum pour connecté les zones sinistrés aux réseaux téléphoniques et internet ramener des antennes mobiles ou faites reparer le reseau c'est tres IMPORTANT #kabyliebrule #Kabylie #Algerie https://t.co/XDpEB7UnEu","lang":"fr","author_id":"1377887749311762435"},{"id":"1425459174230609925","public_metrics":{"retweet_count":0,"reply_count":0,"like_count":0,"quote_count":0},"created_at":"2021-08-11T14:08:45.000Z","text":"#demandeaideinternationale \n#kabyliebrule \n#kabylie","lang":"und","author_id":"823184527363375105"},{"id":"1425459108308819972","public_metrics":{"retweet_count":0,"reply_count":0,"like_count":0,"quote_count":0},"created_at":"2021-08-11T14:08:29.000Z","text":"Regardez “#Algérie : la #Kabylie en proie aux flammes” sur YouTube. Plusieurs feux incontrôlables qui se rapprochent des habitations, pourquoi autant d’incendies majeures un peu partout dans le monde actuellement ??? Et ailleurs les pires inondations qui… https://t.co/bNg3Olm6bU","lang":"fr","author_id":"3879475461"},{"id":"1425458707232665604","public_metrics":{"retweet_count":0,"reply_count":0,"like_count":1,"quote_count":0},"created_at":"2021-08-11T14:06:54.000Z","text":"Bonjour, \n\nComme vous l'avez constaté, ma kabylie vit un moment très difficile à cause des incendies qui ravagent nos terres.\nSvp partagez ce message sur votre mur \n#kabylie #demandeaideinternationnal\n\nMerci d'avance","lang":"fr","author_id":"823184527363375105"},{"id":"1425458471437312002","public_metrics":{"retweet_count":0,"reply_count":0,"like_count":1,"quote_count":0},"attachments":{"media_keys":["3_1425458460251070470","3_1425458462360756225","3_1425458464470544385","3_1425458469075931141"]},"created_at":"2021-08-11T14:05:57.000Z","text":"Bonjour, \n\nComme vous l'avez constaté, ma kabylie vit un moment très difficile à cause des incendies qui ravagent nos terres.\nSvp partagez ce message sur votre mur \n#kabylie #demandeaideinternationnal\n\nMerci d'avance https://t.co/1NCmWOpqZu","lang":"fr","author_id":"1380202225201508355"},{"id":"1425458097603158019","public_metrics":{"retweet_count":35,"reply_count":4,"like_count":23,"quote_count":0},"created_at":"2021-08-11T14:04:28.000Z","text":"Un ami cherche le contact d'un pharmacien grossiste à Alger pour l’achat de Biafine, Tulles gras, d'hydrogel pour la #Kabylie #solidarité #PrayForAlgeria","lang":"fr","author_id":"163944299"},{"id":"1425457928845373445","public_metrics":{"retweet_count":14,"reply_count":1,"like_count":7,"quote_count":3},"attachments":{"media_keys":["3_1425457926727217161"]},"created_at":"2021-08-11T14:03:48.000Z","text":"Les gars svp svp faites GRV tourner partout\nLes algériens une Renault symbole sans immatriculation avc 3 jeunes c eux qui mettent le feu \nSi vous les voyez arrêtez les svp c important\n#kabyliebrule #kabylie_brule #kabylie #Algerie \nC le moment les gars importants https://t.co/wU0UzwWoMo","lang":"fr","author_id":"1291746571500093441"},{"id":"1425457743083749387","public_metrics":{"retweet_count":0,"reply_count":1,"like_count":0,"quote_count":0},"attachments":{"media_keys":["3_1425457722439438343"]},"created_at":"2021-08-11T14:03:04.000Z","text":"\uD83D\uDE1E #Bejaia\n#Tizi_Ouzou #Tiziouzou #feu #algerie #Kabylie #الجزايٴر_تستغيث \n#PrayForAlgeria #الجزائر_تحترق #الجزائر #تيزي_وزو #تيزي_وزو_تحترق\n\uD83D\uDC94\uD83E\uDD7A\uD83E\uDD32\uD83C\uDFFBلطفك يا الله. https://t.co/or1geM9Wie","lang":"ar","author_id":"762829015"},{"id":"1425457169395294216","public_metrics":{"retweet_count":4,"reply_count":3,"like_count":13,"quote_count":0},"attachments":{"media_keys":["3_1425457166593536006"]},"created_at":"2021-08-11T14:00:47.000Z","text":"#Sos \n@TebbouneAmadjid  il faut demander de l'aide c'est le moment d'arrêter ce massacre, sans canadairs rien ne pourra être maîtrisé, le feu est de partout Tizi-Ouzou Béjaïa Jijel \nC'est trop c'est trop, il faut réagir !\n#Algerie #kabyliebrule #Kabylie https://t.co/CBdbXqeLvW","lang":"fr","author_id":"257062289"},{"id":"1425457143017361414","public_metrics":{"retweet_count":0,"reply_count":0,"like_count":0,"quote_count":0},"attachments":{"media_keys":["3_1425457131503955973","3_1425457131751346176","3_1425457131889774594","3_1425457133722689543"]},"created_at":"2021-08-11T14:00:41.000Z","text":"Pray for Algeria \uD83C\uDDE9\uD83C\uDDFF make this trend please we need your help  #Algerie #PrayForAlgeria #PrayForKabylia #kabylie https://t.co/MRQG2M8Y89","lang":"en","author_id":"1266488817982345218"},{"id":"1425456559828652033","public_metrics":{"retweet_count":0,"reply_count":0,"like_count":0,"quote_count":0},"created_at":"2021-08-11T13:58:22.000Z","text":"May god protect our Kabylie and our dear family Folded handsPensive faceRed heart #kabyliebrule #kabylie \n#kabylie_brule #KABYLIESBURNING  #kabylie_brûle  #HelpKabylie  #help","lang":"en","author_id":"1425454171722063874"},{"id":"1425456521765396482","public_metrics":{"retweet_count":0,"reply_count":0,"like_count":0,"quote_count":0},"created_at":"2021-08-11T13:58:13.000Z","text":"\uD83D\uDEA8 Incendios forestales en Argelia: el balance de muertos asciende a 65\nhttps://t.co/KCFag7Ov0D \n#TiziOuzou #Kabylie #incendiosargelia #IncendiosForestales","lang":"es","author_id":"1054626731729018880"},{"id":"1425455728844845058","public_metrics":{"retweet_count":0,"reply_count":0,"like_count":3,"quote_count":0},"created_at":"2021-08-11T13:55:04.000Z","text":"Jeune militaire implorant dieu de sauver la Kabylie des flammes, en larmes après avoir perdu ses collègues dans l’incendie \uD83D\uDE14 #tiziouzou #kabylie #lakabyliebrule #kabyliebrule #feu #feualgerie #prayforkabylia #prayforalgeria  https://t.co/J08VO7L4hO","lang":"fr","author_id":"1205955761127481344"},{"id":"1425455586657898522","public_metrics":{"retweet_count":0,"reply_count":0,"like_count":1,"quote_count":0},"created_at":"2021-08-11T13:54:30.000Z","text":"Un climat de guerre on kabylie \nOn a l'impression qu'on est en guerre\n#Algerie #PrayForAlgeria #Kabylie #PrayForKabylia","lang":"fr","author_id":"853174759475073024"},{"id":"1425455545704763394","public_metrics":{"retweet_count":0,"reply_count":0,"like_count":0,"quote_count":0},"created_at":"2021-08-11T13:54:20.000Z","text":"#Algérie(Sos #Enfance) #RCD++ #TransitionDémocratique++ #Tamazight(Officielle) #Kabylie-#Aures-#MZab++ #Afrique[#Dz++/#Ww3 #VendreDire(SolidaritéDétenu(e)s #KhaledDRARENI++ #8Mars(Jidf)\n\n#Ww4(Vs#COVID19/Vaccinat°++]..: https://t.co/QMuXC5KhGS","lang":"fr","author_id":"436987962"},{"id":"1425455491245879300","public_metrics":{"retweet_count":0,"reply_count":0,"like_count":0,"quote_count":0},"created_at":"2021-08-11T13:54:07.000Z","text":"Je suis #Kabylie \n#PrayForKabylia \n#savekabylie","lang":"fr","author_id":"1425207210456518658"},{"id":"1425455307359195141","public_metrics":{"retweet_count":5,"reply_count":1,"like_count":4,"quote_count":0},"attachments":{"media_keys":["3_1425455300824510473"]},"created_at":"2021-08-11T13:53:23.000Z","text":"\uD83D\uDD34ارتفاع حصيلة  ضحايا الحرائق إلى 65 وفاة \n\uD83D\uDD34الضحايا هم 28 عسكريا و37 مدنيا \n\uD83D\uDD34وجود 12 عسكريا في حالة خطيرة\nاللهم رحمتك بنا يارب \n#PrayForAlgeria \n#AlgeriaIsBurning \n#FiresInAlgeria \n#Kabylie\n#Tizi_Ouzou \n#تيزي_وزو_تحترق \n#الجزائر_تحترق https://t.co/pGSPEerlTi","lang":"ar","author_id":"695250834096050176"},{"id":"1425455290145775616","public_metrics":{"retweet_count":0,"reply_count":0,"like_count":0,"quote_count":0},"created_at":"2021-08-11T13:53:19.000Z","text":"I am #Kabylie \n#kabyliebrule \n#kabylieisburning \n#savekabylie","lang":"und","author_id":"1425207210456518658"},{"id":"1425455122998464516","public_metrics":{"retweet_count":1,"reply_count":0,"like_count":1,"quote_count":0},"created_at":"2021-08-11T13:52:39.000Z","text":"♓️\uD83C\uDDE9\uD83C\uDDFF نفيسة التومي من الهلال الأحمر الجزائري تقول إن \"أكثر من 600 أسرة\" شردت بسبب حرائق الغابات شرق العاصمة الجزائر.\n#تيزي_وزو_تحترق \n#القبائل \n#Kabylie \n#Tizi_Ouzou https://t.co/48xSaWOnr0","lang":"ar","author_id":"1285004595329028097"},{"id":"1425454956409200644","public_metrics":{"retweet_count":28,"reply_count":3,"like_count":57,"quote_count":2},"created_at":"2021-08-11T13:51:59.000Z","text":"Monsieur le Président de la République Algérienne, Abdelmadjid Tebboune\nAlors que l’Algérie brule, principalement en #Kabylie, que le nombre de décès augmente, je vous conjure d’appeler la communauté internationale à apporter son soutien.  \n@elmouradia_dz  https://t.co/0Tq3ZbDnwt","lang":"fr","author_id":"2507651323"},{"id":"1425454817166639110","public_metrics":{"retweet_count":1,"reply_count":0,"like_count":0,"quote_count":0},"attachments":{"media_keys":["3_1425454814692052994"]},"created_at":"2021-08-11T13:51:26.000Z","text":"Pueblo precioso \uD83D\uDC96 en altos montes de bereber #Kabylie ahora está en llamas \uD83D\uDD25 \uD83D\uDE4F\uD83D\uDC94\uD83C\uDDE9\uD83C\uDDFF\uD83C\uDDE9\uD83C\uDDFF https://t.co/nt8b7w1WAZ","lang":"es","author_id":"1025033455"},{"id":"1425454768017879040","public_metrics":{"retweet_count":2,"reply_count":0,"like_count":6,"quote_count":0},"attachments":{"media_keys":["7_1425454604943347716"]},"created_at":"2021-08-11T13:51:15.000Z","text":"Vu mnt d'une  maison a tizi rached \nLe feu se reproduise encore \nAidez #Tizi_Ouzou #Kabylie #PrayForAlgeria #TiziOuzouBrule #tiziendanger #AlgeriaIsBurning https://t.co/O5iX6wTwcY","lang":"fr","author_id":"1425436977692880899"},{"id":"1425454592838537221","public_metrics":{"retweet_count":0,"reply_count":0,"like_count":0,"quote_count":0},"attachments":{"media_keys":["3_1425454590464565248"]},"created_at":"2021-08-11T13:50:33.000Z","text":"حداد وطني لمدة ثلاثة أيام ابتداءا من يوم غد الخميس\nرحم الله شهداء الوطن\nأغثنا يا الله\nاللهم غيثا نافعا يخمد النيران في بلدي\nاللهم اجعلها بردا وسلاما على وطني\n#PrayForAlgeria\n#savedz\n#الجزائر_تحترق #تيزي_وزو_تحترق #الجزائر #تيزي_وزو\n#Tizi_Ouzou #Kabylie\n#Algerie #Algeria https://t.co/DLb4jghu2p","lang":"ar","author_id":"1318541207618936834"},{"id":"1425454195247833098","public_metrics":{"retweet_count":0,"reply_count":2,"like_count":4,"quote_count":0},"attachments":{"media_keys":["3_1425454189203820554","3_1425454193079431170"]},"created_at":"2021-08-11T13:48:58.000Z","text":"La #Kabylie brûle\nMes prières et pensées pour mes frères et sœurs.\nLaqbayel tkemmd ulawen ngh yidwen\n #PrayforAlgeria #PrayForKabylie #tiziouzou #bejaia https://t.co/UeuUwkN70O","lang":"fr","author_id":"112386623"},{"id":"1425454116290060289","public_metrics":{"retweet_count":1,"reply_count":0,"like_count":1,"quote_count":0},"attachments":{"media_keys":["3_1425454114222321665"]},"created_at":"2021-08-11T13:48:39.000Z","text":"#KABYLIESBURNING #kabylie_brûle #Kabylie #sad #feuxDeForet #Algeria https://t.co/2xHDc4Du12","lang":"und","author_id":"1249124112234053633"},{"id":"1425454033184174087","public_metrics":{"retweet_count":0,"reply_count":0,"like_count":0,"quote_count":0},"created_at":"2021-08-11T13:48:19.000Z","text":"#Tizi_Ouzou #kabyliebrule #Kabylie #PrayForAlgeria https://t.co/PqzppycBQP","lang":"und","author_id":"1254870802987655169"},{"id":"1425453915194241026","public_metrics":{"retweet_count":0,"reply_count":0,"like_count":9,"quote_count":0},"created_at":"2021-08-11T13:47:51.000Z","text":"رحمة ونور على كل من قضى في الحرائق، والشفاء العاجل لكل المصابين. قلبي مع المتطوعين، ياخد بايدكم! \n#الجزائر #الجزاير_تحترق #الجزاير_لن_تركع #الجزايٴر_تستغيث #ادعوا_للجزائر \n#PrayForAlgeria #PrayForKabylia #savedz #Kabylie #Toudja #Algeria","lang":"ar","author_id":"4927317664"},{"id":"1425453668795564032","public_metrics":{"retweet_count":0,"reply_count":2,"like_count":6,"quote_count":0},"attachments":{"media_keys":["3_1425453662059601923"]},"created_at":"2021-08-11T13:46:52.000Z","text":"La Kabylie ⵣ  vaincra \uD83E\uDD32\uD83C\uDFFC\n\n #PrayForAlgeria #Kabylie #kabyliebrule #KABYLIESBURNING #Algeriaburning #الجزايٴر_تستغيث #تيزي_وزو_تحترق https://t.co/jZFgC9huw1","lang":"fr","author_id":"810849945511165952"},{"id":"1425453555071258629","public_metrics":{"retweet_count":2,"reply_count":0,"like_count":7,"quote_count":0},"attachments":{"media_keys":["3_1425453505117032449"]},"created_at":"2021-08-11T13:46:25.000Z","text":"Incendies en Kabylie : La diaspora lance des appels à l'aide internationale\nLire l'article \uD83D\uDC49 : https://t.co/YeVId9qwIb\n\n#Algérie #Kabylie #Incendies #Diaspora https://t.co/49MD885Q3I","lang":"fr","author_id":"782934172243492864"},{"id":"1425453517062430728","public_metrics":{"retweet_count":0,"reply_count":0,"like_count":1,"quote_count":0},"created_at":"2021-08-11T13:46:16.000Z","text":"https://t.co/2XtPm3eAta\n\n#Kabylie \uD83E\uDD32\uD83C\uDFFC❤️\uD83C\uDDE9\uD83C\uDDFF","lang":"und","author_id":"1016424221508071431"},{"id":"1425453172622036992","public_metrics":{"retweet_count":1,"reply_count":2,"like_count":0,"quote_count":0},"created_at":"2021-08-11T13:44:54.000Z","text":"Quelqu'un sait si il y a à Paris des points de collecte d'associations aidant les sinistrés en Algérie ? \nMerci\n#Algerie #Kabylie #PrayForAlgeria #savedz #Algeria #AlgeriaIsBurning","lang":"fr","author_id":"633693841"},{"id":"1425453145036099595","public_metrics":{"retweet_count":0,"reply_count":1,"like_count":1,"quote_count":0},"attachments":{"media_keys":["7_1425452963666046985"]},"created_at":"2021-08-11T13:44:48.000Z","text":"Béjaïa en ce moment \uD83D\uDC94.\n#Kabylie #PrayForAlgeria https://t.co/kYB6vs7IV4","lang":"fr","author_id":"2534528782"},{"id":"1425453114614853647","public_metrics":{"retweet_count":0,"reply_count":0,"like_count":1,"quote_count":0},"created_at":"2021-08-11T13:44:40.000Z","text":"#Tizi_Ouzou #Kabylie #PrayForAlgeria \uD83D\uDE4F\uD83D\uDE4F\uD83D\uDE2D\uD83D\uDE2D ياالله رحمتك ياربي لطفك ياربييييييي https://t.co/92JHYFxK3c","lang":"ar","author_id":"1254870802987655169"},{"id":"1425452890311872513","public_metrics":{"retweet_count":0,"reply_count":0,"like_count":1,"quote_count":0},"created_at":"2021-08-11T13:43:47.000Z","text":"#Kabylie https://t.co/wJVSFdLJ7H","lang":"und","author_id":"1425451676102758406"},{"id":"1425452512216289286","public_metrics":{"retweet_count":0,"reply_count":0,"like_count":1,"quote_count":0},"created_at":"2021-08-11T13:42:17.000Z","text":"\uD83D\uDCAAUn seul héro le peuple\uD83D\uDCAA\n#Kabylie\n#Algerie \nTizi-ouzou","lang":"fr","author_id":"1193473679113494528"},{"id":"1425452409606873092","public_metrics":{"retweet_count":1,"reply_count":1,"like_count":5,"quote_count":0},"attachments":{"media_keys":["3_1425452403751596040"]},"created_at":"2021-08-11T13:41:52.000Z","text":"Un seul héro, le peuple. \uD83C\uDDE9\uD83C\uDDFF \n#Tizi_Ouzou #Kabylie #PrayForAlgeria https://t.co/rCPCAkzNCC","lang":"fr","author_id":"1403786917251067904"},{"id":"1425452205826613251","public_metrics":{"retweet_count":10,"reply_count":1,"like_count":12,"quote_count":1},"attachments":{"media_keys":["3_1425452203897151490"]},"created_at":"2021-08-11T13:41:04.000Z","text":"Le maire de Marseille prêt à envoyer des marins pompiers, des moyens et du matériel en Kabylie \"si l’Algérie nous en fait la demande\".\n\n#algerie #France #Kabylie #marseille #feuxDeForet https://t.co/SVv8rCAeuG","lang":"fr","author_id":"1119990133"},{"id":"1425452150713425920","public_metrics":{"retweet_count":6,"reply_count":1,"like_count":6,"quote_count":0},"attachments":{"media_keys":["3_1425452144476528647"]},"created_at":"2021-08-11T13:40:51.000Z","text":"Une personne a #Tiziouzou dit:\n\n#Algerie #Algeria #kabyliebrule #Kabylie https://t.co/O88l7eGTYl","lang":"fr","author_id":"1405620253829312514"},{"id":"1425451895892725762","public_metrics":{"retweet_count":0,"reply_count":1,"like_count":0,"quote_count":0},"created_at":"2021-08-11T13:39:50.000Z","text":"@SHB_tweete @ParisMatch Il y a 99 incendies en Algérie.\nToute l'aide, je dis bien toute l'aide, de l'intérieur et de l'extérieur, est concentrée vers la #Kabylie. Toutes les personnes qui vivent à l'étranger ne font que polémiquer sur la hagra de la Kabylie. Pour les autres algériens, on fait comment?","lang":"fr","author_id":"1421361066567684096"},{"id":"1425451805941637120","public_metrics":{"retweet_count":6,"reply_count":3,"like_count":12,"quote_count":0},"created_at":"2021-08-11T13:39:28.000Z","text":"Ca vient du maire d' #Alger où la solidarité pour les sinistrés de #Kabylie est énorme. \"Ce qui veulent nous diviser avec ces incendies criminels se sont plantés. Au contraire, avec ces menaces ils nous unissent plus que jamais \". #Algerie","lang":"fr","author_id":"2325505801"},{"id":"1425451801520840711","public_metrics":{"retweet_count":0,"reply_count":0,"like_count":0,"quote_count":0},"attachments":{"media_keys":["7_1425451348355604485"]},"created_at":"2021-08-11T13:39:27.000Z","text":"ابناء الشعب يموتون و النظام اللعين غائب تماما عن الساحة يا من انتخبت هل ضميرك يؤنبك ام مازال نائما لعنة الله عليكم انتم و رئيسكم و وزرائكم و برلمانكم و قضائكم #تيزي_وزو_تحترق #تيزي_وزو #Tizi_Ouzou #Tiziouzou #TiziOuzou_brule #Kabylie #Algerie https://t.co/hOdG7jMA5Y","lang":"ar","author_id":"1389542870525304832"},{"id":"1425451756847304704","public_metrics":{"retweet_count":0,"reply_count":0,"like_count":4,"quote_count":0},"attachments":{"media_keys":["3_1425451714656751618","3_1425451715864694787","3_1425451721770344452","3_1425451721808138241"]},"created_at":"2021-08-11T13:39:17.000Z","text":"Le monde contre les flammes \uD83D\uDC94\n#Algerie #Kabylie #savekabylie https://t.co/Ib4Bb9Wimk","lang":"fr","author_id":"1203051825131393027"},{"id":"1425451753382813699","public_metrics":{"retweet_count":1,"reply_count":0,"like_count":1,"quote_count":0},"created_at":"2021-08-11T13:39:16.000Z","text":"nous informons les famille touchées par les incendies de la kabylie qu'on met à leur disposition nos appartements sis à tigzirt \nnos logements disposent des moyens nécessaires (eau gaz électricité...) \ncontactez : 0797708239 #PrayForAlgeria #Kabylie  #PrayForKabylia","lang":"fr","author_id":"306922373"},{"id":"1425451288045760512","public_metrics":{"retweet_count":1,"reply_count":0,"like_count":3,"quote_count":0},"attachments":{"media_keys":["7_1425449893754191874"]},"created_at":"2021-08-11T13:37:25.000Z","text":"\uD83C\uDD98\uD83C\uDD98\uD83C\uDD98\uD83C\uDD98 \uD83C\uDD98\uD83C\uDD98\nتوجة احترقت \nبجاية احترقت \nالاهالي يستنجدوكم يا اهل الجزائر \nشباب الجزائر توجهو الى توجة  \nاهلنا في بجاية تحرقو  ❗❗❗❗❗❗ \n#PrayForAlgeria \n#بجاية_تحترق\n#تيزي_وزو_تحترق\n#القبائل_تحترق \n#Kabylie\n#AlgeriaIsBurning\n#اشري_canadair_cl415\nhttps://t.co/U9Jl6h7Anx","lang":"ar","author_id":"1422531293561098242"},{"id":"1425451032344207360","public_metrics":{"retweet_count":0,"reply_count":1,"like_count":0,"quote_count":0},"attachments":{"media_keys":["3_1425451030267973638"]},"created_at":"2021-08-11T13:36:24.000Z","text":"Dios mío\uD83D\uDC94\uD83D\uDC94 #Kabylie https://t.co/bGoI032Vsd","lang":"es","author_id":"1025033455"},{"id":"1425451026941939715","public_metrics":{"retweet_count":0,"reply_count":0,"like_count":3,"quote_count":1},"attachments":{"media_keys":["3_1425450969215733766","3_1425450974450171910","3_1425450990325714950","3_1425451011292991496"]},"created_at":"2021-08-11T13:36:23.000Z","text":"Pray for #Kabylie \n#Tizi_Ouzou &amp; #Bejaia is burning \uD83D\uDE29\uD83D\uDE29\n#Algeria \uD83D\uDE25\uD83D\uDE25 https://t.co/160qUguCNk","lang":"en","author_id":"1368147203869601793"},{"id":"1425450657704824842","public_metrics":{"retweet_count":0,"reply_count":2,"like_count":1,"quote_count":0},"created_at":"2021-08-11T13:34:55.000Z","text":"@SHB_tweete @ParisMatch Les incendies touchent tout le nord de l'#Algérie\n#Khenchela #Setif #Bouira #Guelma #BordjBouArreridj #Boumerdès #Tiaret #Médéa #Tébessa #Blida #Skikda \n#TiziOuzou Petite et grande #Kabylie\nMerci de respecter l'ensemble des algériens, et en particulier TOUS ceux qui sont touchés","lang":"fr","author_id":"1421361066567684096"},{"id":"1425450548585713664","public_metrics":{"retweet_count":0,"reply_count":0,"like_count":0,"quote_count":0},"created_at":"2021-08-11T13:34:29.000Z","text":"#Algérie(Sos #Enfance) #RCD++ #TransitionDémocratique++ #Tamazight(Officielle) #Kabylie-#Aures-#MZab++ #Afrique[#Dz++/#Ww3 #VendreDire(SolidaritéDétenu(e)s #KhaledDRARENI++ #8Mars(Jidf)\n\n#Ww4(Vs#COVID19/Vaccinat°++] #Casablanca/UnVaccinodromeConnecté LeBonExemple #Marocain..: https://t.co/dq8x439ZKW","lang":"fr","author_id":"436987962"},{"id":"1425450459393822720","public_metrics":{"retweet_count":9,"reply_count":1,"like_count":8,"quote_count":1},"attachments":{"media_keys":["3_1425450457036640256"]},"created_at":"2021-08-11T13:34:07.000Z","text":"\uD83D\uDEA8\uD83D\uDEA8\uD83D\uDEA8\uD83D\uDEA8\uD83D\uDEA8\uD83D\uDEA8\uD83D\uDEA8\uD83D\uDEA8\nPartagez ou contactez-nous sur 0540470299 \nvous pouvez aussi vous déplacer à Le 99 Val D'Hydra \nIl y a beaucoup de bénévoles sur place, donc faîtes très attention à vous\n\n#PrayForAlgeria \n#AlgeriaIsBurning \n#FiresInAlgeria \n#Tizi_Ouzou \n#Kabylie\n#تيزي_وزو_تحترق https://t.co/etWPJd9VIK","lang":"fr","author_id":"695250834096050176"},{"id":"1425450310743494663","public_metrics":{"retweet_count":2,"reply_count":0,"like_count":2,"quote_count":0},"created_at":"2021-08-11T13:33:32.000Z","text":"Les gars c'est urgent les flammes sont hyper forte au niveau de ath Douala en ce moment il faut mobiliser les moyens là-bas #Kabylie #Algerie","lang":"fr","author_id":"1377887749311762435"},{"id":"1425450100973875202","public_metrics":{"retweet_count":0,"reply_count":0,"like_count":1,"quote_count":0},"created_at":"2021-08-11T13:32:42.000Z","text":"سنبني ما هدموه , سنغرس ما احرقوه ، هكذا نحن القبائل ننكسر و لا ننحني \nAyn ihuden ath nevnu , Ayn irghan ath nezu , \nAka Nkni s leQvayl anrez Wala anknu \uD83D\uDC9A\uD83D\uDC9B\n#PrayForAlgeria #kabylie_brule #Kabylie","lang":"und","author_id":"810849945511165952"},{"id":"1425449708818993152","public_metrics":{"retweet_count":64,"reply_count":5,"like_count":131,"quote_count":2},"created_at":"2021-08-11T13:31:08.000Z","text":"Plein soutien face au désastre qui ravage la #Kabylie ! La #France doit se tenir prête à apporter son aide.\nhttps://t.co/D8051VFJnr","lang":"fr","author_id":"247895631"},{"id":"1425449691035181057","public_metrics":{"retweet_count":67,"reply_count":8,"like_count":200,"quote_count":2},"created_at":"2021-08-11T13:31:04.000Z","text":"On m'apprend au téléphone que des jeunes de la Wilaya de Biskra sont partis ce matin en Kabylie pour prêter main forte.\nLe salut de l'Algérie, c'est son peuple solidaire. \nBravo aux algérien(ne)s de toutes les wilayas. Unis, aucun défi n'est insurmontable. \n#Algerie \n#Kabylie","lang":"fr","author_id":"1021855300335357953"},{"id":"1425449579881840650","public_metrics":{"retweet_count":0,"reply_count":0,"like_count":2,"quote_count":0},"attachments":{"media_keys":["16_1425449569257676811"]},"created_at":"2021-08-11T13:30:38.000Z","text":"Notre maison brûle sur tous les continents (en #Kabylie, en #Sibérie, en #Grèce, en #Turquie, en #Californie...) et nous regardons ailleurs. https://t.co/4QvUhZMw0p","lang":"fr","author_id":"2982463306"},{"id":"1425449531475386373","public_metrics":{"retweet_count":0,"reply_count":0,"like_count":0,"quote_count":0},"created_at":"2021-08-11T13:30:26.000Z","text":"#Kabylie","lang":"und","author_id":"1289955191593345024"},{"id":"1425449454174449667","public_metrics":{"retweet_count":1,"reply_count":0,"like_count":3,"quote_count":0},"attachments":{"media_keys":["3_1425449448856080387"]},"created_at":"2021-08-11T13:30:08.000Z","text":"Voilà la réalité des soldats du feu en #Algerie… les différentes équipes au pouvoir depuis l’indépendance du pays  n’ont pas pu préparer ni Canadair ni même des bêtes avec citernes d’eau sur le dos pour faire face au désastre incendiaire #Kabylie un soldat avec un balais https://t.co/cAPkVJRJNO","lang":"fr","author_id":"252660689"},{"id":"1425449303623995392","public_metrics":{"retweet_count":0,"reply_count":4,"like_count":3,"quote_count":0},"created_at":"2021-08-11T13:29:32.000Z","text":"un régime mafieux et criminel qui préfère voir mourir brulés ses soldats et ses habitants plutôt que d'accepter l'aide marocaine\n#algérie #mafiaalgerienne #tebboune #kabylie #incendie #maroc\nhttps://t.co/1HONRJ2kzy","lang":"fr","author_id":"1202268187011829760"},{"id":"1425449234187313152","public_metrics":{"retweet_count":0,"reply_count":0,"like_count":0,"quote_count":0},"created_at":"2021-08-11T13:29:15.000Z","text":"#Kabylie\n#incendiekabylie\n#PrayForKabylia\nhttps://t.co/YyKcFumX2q","lang":"und","author_id":"39620335"},{"id":"1425448983414116357","public_metrics":{"retweet_count":14,"reply_count":0,"like_count":20,"quote_count":1},"created_at":"2021-08-11T13:28:15.000Z","text":"Heartbreaking pictures of the wildfires in #TiziOuzou in #Kabylie. The extent of the damages are massive.\nhttps://t.co/9h7byeDyCM","lang":"en","author_id":"1513828290"},{"id":"1425448924874219525","public_metrics":{"retweet_count":0,"reply_count":0,"like_count":0,"quote_count":0},"created_at":"2021-08-11T13:28:01.000Z","text":"Is the below another evidence that the algerian army is behind the wildfires in occupied #Kabylie? \n\n#SaveOccupiedKabylie #KabylieIsBurning \n#USA #UK #UKPol #eupol \n\n#SaharaOccidental #WesternSahara \n#MoroccanSahara https://t.co/rbNi5HIIwg","lang":"en","author_id":"902832019947884544"},{"id":"1425448836747735041","public_metrics":{"retweet_count":0,"reply_count":0,"like_count":1,"quote_count":0},"created_at":"2021-08-11T13:27:40.000Z","text":"#Algérie(Sos #Enfance) #RCD++ #TransitionDémocratique++ #Tamazight(Officielle) #Kabylie-#Aures-#MZab++ #Afrique[#Dz++/#Ww3 #VendreDire(SolidaritéDétenu(e)s #KhaledDRARENI++ #8Mars(Jidf) #Ww4(Vs#COVID19/Vaccinat°++]\n\n#France/Le[9-3]SolidaireDansLaLutteVsLesCriminels #FeuxDeForêts: https://t.co/2LE27BU53x","lang":"fr","author_id":"436987962"},{"id":"1425448514054721545","public_metrics":{"retweet_count":0,"reply_count":0,"like_count":0,"quote_count":0},"created_at":"2021-08-11T13:26:23.000Z","text":"@Tamazgha_ Qu’Allah soubhano leur fasse miséricorde \uD83D\uDE4F\uD83D\uDE4F\uD83D\uDE4F #Kabylie","lang":"fr","author_id":"102110848"},{"id":"1425448398715502604","public_metrics":{"retweet_count":0,"reply_count":0,"like_count":0,"quote_count":0},"attachments":{"media_keys":["3_1425448396157038597"]},"created_at":"2021-08-11T13:25:56.000Z","text":"#sauvezkabylie #sauvertiziouzzou #تيزي_وزو_تحترق #sauvezlakabylie #sauvezbejaia #PrayForAlgeria #Algerie #kabylie_brule #Kabylie https://t.co/YSRmbRVr3W","lang":"und","author_id":"816786919187222529"},{"id":"1425448233497726979","public_metrics":{"retweet_count":1,"reply_count":0,"like_count":4,"quote_count":0},"created_at":"2021-08-11T13:25:17.000Z","text":"#Algerie \nM.le président #Tebboune, je ne sais pas si c'est la fierté, mais il est temps de la mettre de côté, nos frères brûlent partout en #Algerie et particulièrement en #Kabylie, de GRACE accepter l'aide des pays frères (Maroc et Tunisie ) et européens. Allah yarham Chouhada","lang":"fr","author_id":"790581810874974209"},{"id":"1425448140300226562","public_metrics":{"retweet_count":0,"reply_count":0,"like_count":0,"quote_count":0},"created_at":"2021-08-11T13:24:54.000Z","text":"#Sos #incendies #kabylie en feu ⁦@ambafrancealger⁩ ⁦⁦@Francetele⁩ @afp ⁦@Mediapart⁩ ⁦@lemondefr⁩ ⁦@AudreyPulvar⁩ Que fait l’Etat algérien ?!!!   https://t.co/lqPU2SvNd4","lang":"fr","author_id":"2162436903"},{"id":"1425448122944266247","public_metrics":{"retweet_count":1,"reply_count":0,"like_count":3,"quote_count":0},"created_at":"2021-08-11T13:24:50.000Z","text":"https://t.co/yQ7wthp0uO Participez à cette cagnotte pour les victimes des incendies. Partagez. Le moindre euro compte #Kabylie #kabyliebrule #PrayForAlgeria #PrayForKabylia #incendies","lang":"fr","author_id":"1393519535840497666"},{"id":"1425448025514823680","public_metrics":{"retweet_count":0,"reply_count":0,"like_count":0,"quote_count":1},"created_at":"2021-08-11T13:24:27.000Z","text":"@Elias_Begriche Les incendies touchent tout le nord de l'#Algérie.\n#Khenchela #Setif #Bouira #Guelma #BordjBouArreridj #Boumerdès #Tiaret #Médéa #Tébessa #Blida #Skikda \n#TiziOuzou Petite et grande #Kabylie","lang":"fr","author_id":"1421361066567684096"},{"id":"1425447752750796800","public_metrics":{"retweet_count":0,"reply_count":0,"like_count":1,"quote_count":0},"attachments":{"media_keys":["7_1425447538782613505"]},"created_at":"2021-08-11T13:23:22.000Z","text":"À en croire @zoom_earth, rien qu’en zoomant dans cette partie de la #Kabylie, cette surface représente déjà une région de plus de 350 km2 en proie aux feux et aux flammes \uD83D\uDD25\uD83D\uDD25\uD83D\uDD25 Terrible \uD83D\uDE1E #PrayForAlgeria https://t.co/853uZPNO6k","lang":"fr","author_id":"57607992"},{"id":"1425447499301593089","public_metrics":{"retweet_count":0,"reply_count":0,"like_count":0,"quote_count":0},"created_at":"2021-08-11T13:22:22.000Z","text":"Béjaïa is burning \uD83D\uDE2D\uD83D\uDC94\uD83D\uDE16\n\n#savedz \n#Bejaia \n#Kabylie https://t.co/KL188ydo3P","lang":"ro","author_id":"1041076074145243136"},{"id":"1425447328568197123","public_metrics":{"retweet_count":2,"reply_count":0,"like_count":2,"quote_count":0},"attachments":{"media_keys":["3_1425447326445867012"]},"created_at":"2021-08-11T13:21:41.000Z","text":"#Kabylie #Tiziouzou #Algerie pour ceux qui veulent mettre les fardeaux d'eaux minérales au frais voici des numéros de gens qui ont des chambres froides a tizi et les environs https://t.co/Oy20NpFa9q","lang":"fr","author_id":"1377887749311762435"},{"id":"1425447294401400834","public_metrics":{"retweet_count":0,"reply_count":0,"like_count":0,"quote_count":0},"created_at":"2021-08-11T13:21:33.000Z","text":"#Algerie #Algeria #Kabylie #kabyliebrule https://t.co/YRjovCvfN8","lang":"und","author_id":"3245293744"},{"id":"1425447048891994118","public_metrics":{"retweet_count":0,"reply_count":0,"like_count":1,"quote_count":0},"created_at":"2021-08-11T13:20:34.000Z","text":"Toujours admirative de la force, du courage et de la dignité de mon village, de nos villages, qui se battent contre les feux avec pour seules armes des bouts de bois ornés de leurs feuilles... On est loin de vous mais on est là #Kabylie #kabyliebrule ❤️\uD83D\uDCAA\nA vos branches !","lang":"fr","author_id":"2568717501"},{"id":"1425447003786448897","public_metrics":{"retweet_count":0,"reply_count":0,"like_count":0,"quote_count":0},"created_at":"2021-08-11T13:20:23.000Z","text":"Seule la kabylie pourra sauver la #Kabylie \uD83D\uDD4A️","lang":"fr","author_id":"4485916395"},{"id":"1425446992084414466","public_metrics":{"retweet_count":0,"reply_count":0,"like_count":0,"quote_count":0},"created_at":"2021-08-11T13:20:21.000Z","text":"#Kabylie ! Fière par tes montagnes, fière par tes hommes, fière par tes femmes, guerrière depuis des siècles, personne n'a su te dompter et ce n'est pas aujourd'hui que ça commencera. Les criminels paieront leur crime, ici devant les hommes et là-bas devant Dieu.\n\n#Algérie","lang":"fr","author_id":"4832740595"},{"id":"1425446892469727235","public_metrics":{"retweet_count":0,"reply_count":0,"like_count":0,"quote_count":0},"created_at":"2021-08-11T13:19:57.000Z","text":"#Algérie(Sos #Enfance) #RCD++ #TransitionDémocratique++ #Tamazight(Officielle) #Kabylie-#Aures-#MZab++ #Afrique[#Dz++/#Ww3 #VendreDire(SolidaritéDétenu(e)s #KhaledDRARENI++ #8Mars(Jidf) #Ww4(Vs#COVID19/Vaccinat°+]\n\nLa #France SolidaireAvcDzDansLaLutteVsLesCriminels #FeuxDeForêts: https://t.co/B7WSg5gbZY","lang":"fr","author_id":"436987962"},{"id":"1425446734231130112","public_metrics":{"retweet_count":5,"reply_count":0,"like_count":6,"quote_count":0},"created_at":"2021-08-11T13:19:19.000Z","text":"#Αλγερία #Καβυλια #algerie #Kabylie \uD83D\uDC94 https://t.co/ZOFQMsJNdv","lang":"und","author_id":"42851948"},{"id":"1425446667730436105","public_metrics":{"retweet_count":1,"reply_count":0,"like_count":8,"quote_count":0},"created_at":"2021-08-11T13:19:03.000Z","text":"À part une vidéo de merde où ils disent '' Pour L'Algérie '' ils servent à quoi ces rebeux qui jouent pour l'équipe nationale ?! #Kabylie #Algerie","lang":"fr","author_id":"450053077"},{"id":"1425446637057552388","public_metrics":{"retweet_count":10,"reply_count":0,"like_count":6,"quote_count":1},"attachments":{"media_keys":["3_1425446633169379332"]},"created_at":"2021-08-11T13:18:56.000Z","text":"Le FLN refuse toute aide pour mettre fin aux feux qui ravagent la #Kabylie qui est la perle de l’Algérie. Voleurs de révolution, incapables gouverneurs, vrais harkis. Honte à ce gouvernement qui préfère voir le pays brûler par une fierté vide et dépassée.\n\n#feuxDeForet https://t.co/d2ceXsFiMt","lang":"fr","author_id":"1353608313934663681"},{"id":"1425446420790878212","public_metrics":{"retweet_count":0,"reply_count":0,"like_count":0,"quote_count":0},"created_at":"2021-08-11T13:18:04.000Z","text":"Devoir de solidarité avec nos villes jumelles #Kabylie #kabyliebrule https://t.co/cMjSLGa1WH","lang":"fr","author_id":"1660645074"},{"id":"1425446388876386310","public_metrics":{"retweet_count":2,"reply_count":1,"like_count":1,"quote_count":0},"attachments":{"media_keys":["3_1425446386858926087"]},"created_at":"2021-08-11T13:17:57.000Z","text":"#Algérie #kabylie https://t.co/9nhCb3S7cA","lang":"und","author_id":"17214347"},{"id":"1425445777434939398","public_metrics":{"retweet_count":0,"reply_count":0,"like_count":0,"quote_count":0},"created_at":"2021-08-11T13:15:31.000Z","text":"#بجاية\n#تيزي_وزو_تحترق\n #PrayForAlgeria\n#Kabylie","lang":"und","author_id":"1308203505094721539"},{"id":"1425445696468045826","public_metrics":{"retweet_count":12,"reply_count":2,"like_count":13,"quote_count":1},"attachments":{"media_keys":["3_1425445690503729155"]},"created_at":"2021-08-11T13:15:12.000Z","text":"Oran se mobilise pour #Tizi-Ouzou et les autres wilayas. Appelez ces numéros pour les dons. Besoin eau, médicaments, habits/lait bébé...\nAKID LOTFI: 0540114239\nLES PALMIERS :0540009766 LES CASTORS: 0541547129 BIR EL DJIR: 0556463402 SID EL BACHIR : 0775606681\n#Algerie #Kabylie https://t.co/7aJ3kK4pU4","lang":"fr","author_id":"78279362"},{"id":"1425445654462087177","public_metrics":{"retweet_count":0,"reply_count":0,"like_count":0,"quote_count":0},"attachments":{"media_keys":["7_1425444480782639106"]},"created_at":"2021-08-11T13:15:02.000Z","text":"#savekabylie  #savekabylie  #Kabylie  \uD83D\uDC94\uD83D\uDC94\uD83D\uDC94\uD83D\uDC94\uD83D\uDE22\uD83D\uDE22\uD83D\uDE22 https://t.co/Zar3SeqyTi","lang":"und","author_id":"1100113407884308480"},{"id":"1425445436819755010","public_metrics":{"retweet_count":0,"reply_count":0,"like_count":0,"quote_count":0},"created_at":"2021-08-11T13:14:10.000Z","text":"#PrayForKabylia #PrayForAlgeria #Kabylie ‼️‼️‼️‼️‼️‼️‼️","lang":"und","author_id":"1273726824695189504"},{"id":"1425445136134250500","public_metrics":{"retweet_count":0,"reply_count":1,"like_count":1,"quote_count":0},"attachments":{"media_keys":["7_1425445115825467401"]},"created_at":"2021-08-11T13:12:58.000Z","text":"\uD83D\uDE22\n#kabylie, #incendie, #makabyliebrule, #algerie https://t.co/BGltnFTTsf","lang":"und","author_id":"823479684365225984"},{"id":"1425445057449050114","public_metrics":{"retweet_count":1,"reply_count":0,"like_count":6,"quote_count":0},"created_at":"2021-08-11T13:12:39.000Z","text":"Ces villages kabyles perchés sur les collines, principalement touchés par les feux, ont été aussi bâtis grâce à l’argent de la diaspora, exilée dans la souffrance. Ce changement climatique ne détruit pas que la nature, il anéantit toute une histoire sociale… \n#Kabylie","lang":"fr","author_id":"588424393"},{"id":"1425445050775965700","public_metrics":{"retweet_count":0,"reply_count":0,"like_count":0,"quote_count":0},"created_at":"2021-08-11T13:12:38.000Z","text":"RT PLEASE ‼️ L’Algérie brûle, faites des dons #PrayForAlgeria #PrayForKabylia #kabyliebrule #kabylieBrule #Kabylie https://t.co/w53mlIlPcQ","lang":"fr","author_id":"1308203505094721539"},{"id":"1425445005498503172","public_metrics":{"retweet_count":0,"reply_count":0,"like_count":1,"quote_count":0},"attachments":{"media_keys":["3_1425444998351368196"]},"created_at":"2021-08-11T13:12:27.000Z","text":"\uD83D\uDE22\n#kabylie, #incendie, #makabyliebrule, #algerie https://t.co/OfO25nCgWm","lang":"und","author_id":"823479684365225984"},{"id":"1425444973189730311","public_metrics":{"retweet_count":0,"reply_count":0,"like_count":0,"quote_count":0},"created_at":"2021-08-11T13:12:19.000Z","text":"#Algérie(Sos #Enfance) #RCD++ #TransitionDémocratique++ #Tamazight(Officielle) #Kabylie-#Aures-#MZab+ #Afrique[#Dz+/#Ww3 #VendreDire(SolidaritéDétenu(e)s #KhaledDRARENI+ #8Mars(Jidf) #Ww4(Vs#COVID19/Vaccinat°+]\n\n#France/MarseilleDitSaFraternelleSolidaritéAuPeupleDz/#FeuxDeForêts: https://t.co/DpzHAYMEl2","lang":"fr","author_id":"436987962"},{"id":"1425444914049978372","public_metrics":{"retweet_count":0,"reply_count":0,"like_count":1,"quote_count":0},"attachments":{"media_keys":["7_1425444890478092289"]},"created_at":"2021-08-11T13:12:05.000Z","text":"\uD83D\uDE22\n#kabylie, #incendie, #makabyliebrule, #algerie https://t.co/Tsq73ovbiR","lang":"und","author_id":"823479684365225984"},{"id":"1425444861562560516","public_metrics":{"retweet_count":31,"reply_count":2,"like_count":83,"quote_count":2},"created_at":"2021-08-11T13:11:53.000Z","text":"Pensées et soutien au peuple algérien touché et meurtri par ces nombreux incendies notamment en Kabylie. \nIl faut un soutien européen et international pour y mettre fin et sauver les vies humaines. \n#Algérie #Kabylie #incendie #UE #ONU  https://t.co/0Tq3ZbDnwt","lang":"fr","author_id":"2507651323"},{"id":"1425444776590123013","public_metrics":{"retweet_count":0,"reply_count":0,"like_count":1,"quote_count":0},"attachments":{"media_keys":["7_1425444765995356161"]},"created_at":"2021-08-11T13:11:32.000Z","text":"\uD83D\uDE22\n#kabylie, #incendie, #makabyliebrule, #algerie https://t.co/Bg7SWIi373","lang":"und","author_id":"823479684365225984"},{"id":"1425444734970081282","public_metrics":{"retweet_count":1,"reply_count":1,"like_count":8,"quote_count":0},"attachments":{"media_keys":["3_1425444731669159939"]},"created_at":"2021-08-11T13:11:22.000Z","text":"inch'Allah ça sera le début de la fin d'un cauchemar \n#Kabylie #kabyliebrule #Tizi_Ouzou #Algerie https://t.co/QqVPirncaA","lang":"fr","author_id":"257062289"},{"id":"1425444673032753153","public_metrics":{"retweet_count":0,"reply_count":0,"like_count":1,"quote_count":0},"attachments":{"media_keys":["7_1425444662492467205"]},"created_at":"2021-08-11T13:11:08.000Z","text":"\uD83D\uDE22\n#kabylie, #incendie, #makabyliebrule, #algerie https://t.co/JwClQ5G3yQ","lang":"und","author_id":"823479684365225984"},{"id":"1425444633203646477","public_metrics":{"retweet_count":0,"reply_count":0,"like_count":0,"quote_count":0},"attachments":{"media_keys":["3_1425444630720565252"]},"created_at":"2021-08-11T13:10:58.000Z","text":"Β.#Αλγερια- #Καβυλία: τουλάχιστον 42 άνθρωποι έχουν χάσει τη ζωή τους στις πυρκαγιές που καταστρέφουν τη Βόρεια Αλγερία (info: @afpfr)\n#AlgeriaIsBurning #Algeria #kabyliebrule #kabylie #kabylie_brûle #Mediterranean #fires https://t.co/lo7VGYbO2l","lang":"el","author_id":"42851948"},{"id":"1425444571937484805","public_metrics":{"retweet_count":20,"reply_count":0,"like_count":12,"quote_count":0},"created_at":"2021-08-11T13:10:44.000Z","text":"RT PLEASE ‼️ L’Algérie brûle, svp svp faites des dons et partagez les # #PrayForAlgeria #PrayForKabylia #kabyliebrule #MaKabylieBrule #Kabylie https://t.co/w5MHJjHq7N","lang":"fr","author_id":"1256064231545491456"},{"id":"1425444560172421120","public_metrics":{"retweet_count":1,"reply_count":0,"like_count":1,"quote_count":0},"attachments":{"media_keys":["3_1425444555172814852"]},"created_at":"2021-08-11T13:10:41.000Z","text":"Toutes mes pensées vont à l'Algérie. \nL'entraide s'organise sur place &amp; de l'étranger pour vous apporter les moyens nécessaires afin de lutter contre ces feux qui ravagent la #Kabylie  &amp; les autres régions touchées.\nCourage &amp; force à tous. \uD83E\uDD32\uD83C\uDFFB\uD83D\uDE4F\uD83C\uDFFB\n#PrayForAlgeria #Algerie #Tiziouzou https://t.co/DAbIsanqhw","lang":"fr","author_id":"1196500506476187648"},{"id":"1425444532661936128","public_metrics":{"retweet_count":0,"reply_count":0,"like_count":1,"quote_count":0},"attachments":{"media_keys":["7_1425444522520158210"]},"created_at":"2021-08-11T13:10:34.000Z","text":"\uD83D\uDE22\n#kabylie, #incendie, #makabyliebrule, #algerie https://t.co/aiIjZF397F","lang":"und","author_id":"823479684365225984"},{"id":"1425444145297035266","public_metrics":{"retweet_count":2,"reply_count":2,"like_count":13,"quote_count":0},"created_at":"2021-08-11T13:09:02.000Z","text":"Merci aux responsables politiques qui ont le courage de s’exprimer face au drame qui fait rage au cœur de la #Kabylie depuis ce lundi : @BenoitPayan , @LaurenceCohen94 @stephane1peu. Merci de votre solidarité, c’est un devoir collectif que d’agir rapidement et collectivement.","lang":"fr","author_id":"463133503"}],"includes":{"media":[{"media_key":"3_1425459670811123717","type":"photo","url":"https://pbs.twimg.com/media/E8hABKhXoAUsWCq.jpg"},{"media_key":"3_1425459380850466822","type":"photo","url":"https://pbs.twimg.com/media/E8g_wSVXIAYERnx.png"},{"media_key":"3_1425458460251070470","type":"photo","url":"https://pbs.twimg.com/media/E8g-6s1XIAYt77_.jpg"},{"media_key":"3_1425458462360756225","type":"photo","url":"https://pbs.twimg.com/media/E8g-60sWYAE6oGp.jpg"},{"media_key":"3_1425458464470544385","type":"photo","url":"https://pbs.twimg.com/media/E8g-68jXMAEq4zx.jpg"},{"media_key":"3_1425458469075931141","type":"photo","url":"https://pbs.twimg.com/media/E8g-7NtX0AUfD_q.jpg"},{"media_key":"3_1425457926727217161","type":"photo","url":"https://pbs.twimg.com/media/E8g-bpTXMAkkhbc.jpg"},{"media_key":"3_1425457722439438343","type":"photo","url":"https://pbs.twimg.com/media/E8g-PwRXEAcZ5AL.jpg"},{"media_key":"3_1425457166593536006","type":"photo","url":"https://pbs.twimg.com/media/E8g9vZlXsAYJymj.jpg"},{"media_key":"3_1425457131503955973","type":"photo","url":"https://pbs.twimg.com/media/E8g9tW3XMAUacVj.jpg"},{"media_key":"3_1425457131751346176","type":"photo","url":"https://pbs.twimg.com/media/E8g9tXyWEAAC8c0.jpg"},{"media_key":"3_1425457131889774594","type":"photo","url":"https://pbs.twimg.com/media/E8g9tYTWUAIJ_RZ.jpg"},{"media_key":"3_1425457133722689543","type":"photo","url":"https://pbs.twimg.com/media/E8g9tfIWYAch9rc.jpg"},{"media_key":"3_1425455300824510473","type":"photo","url":"https://pbs.twimg.com/media/E8g8CzDXsAkWJTT.jpg"},{"media_key":"3_1425454814692052994","type":"photo","url":"https://pbs.twimg.com/media/E8g7mgEXEAI-BMD.jpg"},{"media_key":"7_1425454604943347716","public_metrics":{"view_count":145},"type":"video"},{"media_key":"3_1425454590464565248","type":"photo","url":"https://pbs.twimg.com/media/E8g7ZcwXIAAshbd.jpg"},{"media_key":"3_1425454189203820554","type":"photo","url":"https://pbs.twimg.com/media/E8g7CF8WEAom2Fa.jpg"},{"media_key":"3_1425454193079431170","type":"photo","url":"https://pbs.twimg.com/media/E8g7CUYXMAIs--K.jpg"},{"media_key":"3_1425454114222321665","type":"photo","url":"https://pbs.twimg.com/media/E8g69unXMAEihmk.jpg"},{"media_key":"3_1425453662059601923","type":"photo","url":"https://pbs.twimg.com/media/E8g6jaLXoAM2jcX.jpg"},{"media_key":"3_1425453505117032449","type":"photo","url":"https://pbs.twimg.com/media/E8g6aRhWEAE50wI.jpg"},{"media_key":"7_1425452963666046985","public_metrics":{"view_count":121},"type":"video"},{"media_key":"3_1425452403751596040","type":"photo","url":"https://pbs.twimg.com/media/E8g5aKnXMAgdTnX.jpg"},{"media_key":"3_1425452203897151490","type":"photo","url":"https://pbs.twimg.com/media/E8g5OiGWYAIeYIe.jpg"},{"media_key":"3_1425452144476528647","type":"photo","url":"https://pbs.twimg.com/media/E8g5LEvXoAc8wu8.jpg"},{"media_key":"7_1425451348355604485","public_metrics":{"view_count":1},"type":"video"},{"media_key":"3_1425451714656751618","type":"photo","url":"https://pbs.twimg.com/media/E8g4yDiWUAIsejK.jpg"},{"media_key":"3_1425451715864694787","type":"photo","url":"https://pbs.twimg.com/media/E8g4yICWEAMCtzk.jpg"},{"media_key":"3_1425451721770344452","type":"photo","url":"https://pbs.twimg.com/media/E8g4yeCXIAQkR_1.jpg"},{"media_key":"3_1425451721808138241","type":"photo","url":"https://pbs.twimg.com/media/E8g4yeLX0AEVxGr.jpg"},{"media_key":"7_1425449893754191874","public_metrics":{"view_count":1244},"type":"video"},{"media_key":"3_1425451030267973638","type":"photo","url":"https://pbs.twimg.com/media/E8g4KN_WUAYMoJG.jpg"},{"media_key":"3_1425450969215733766","type":"photo","url":"https://pbs.twimg.com/media/E8g4GqjXEAYgzyI.jpg"},{"media_key":"3_1425450974450171910","type":"photo","url":"https://pbs.twimg.com/media/E8g4G-DWQAYOurc.jpg"},{"media_key":"3_1425450990325714950","type":"photo","url":"https://pbs.twimg.com/media/E8g4H5MX0AYRM_2.jpg"},{"media_key":"3_1425451011292991496","type":"photo","url":"https://pbs.twimg.com/media/E8g4JHTXEAgJKSl.jpg"},{"media_key":"3_1425450457036640256","type":"photo","url":"https://pbs.twimg.com/media/E8g3o2iWUAAq0NC.jpg"},{"media_key":"16_1425449569257676811","type":"animated_gif"},{"media_key":"3_1425449448856080387","type":"photo","url":"https://pbs.twimg.com/media/E8g2uKxX0AMnUrj.jpg"},{"media_key":"3_1425448396157038597","type":"photo","url":"https://pbs.twimg.com/media/E8g1w5KXMAUao6P.jpg"},{"media_key":"7_1425447538782613505","public_metrics":{"view_count":87},"type":"video"},{"media_key":"3_1425447326445867012","type":"photo","url":"https://pbs.twimg.com/media/E8g0yoLWEAQQqPV.jpg"},{"media_key":"3_1425446633169379332","type":"photo","url":"https://pbs.twimg.com/media/E8g0KRhWYAQ_rCE.jpg"},{"media_key":"3_1425446386858926087","type":"photo","url":"https://pbs.twimg.com/media/E8gz778XIAci1RD.jpg"},{"media_key":"3_1425445690503729155","type":"photo","url":"https://pbs.twimg.com/media/E8gzTZ0WEAMCdJJ.jpg"},{"media_key":"7_1425444480782639106","public_metrics":{"view_count":33},"type":"video"},{"media_key":"7_1425445115825467401","public_metrics":{"view_count":185},"type":"video"},{"media_key":"3_1425444998351368196","type":"photo","url":"https://pbs.twimg.com/media/E8gyrHWXMAQJ5HM.jpg"},{"media_key":"7_1425444890478092289","public_metrics":{"view_count":168},"type":"video"},{"media_key":"7_1425444765995356161","public_metrics":{"view_count":111},"type":"video"},{"media_key":"3_1425444731669159939","type":"photo","url":"https://pbs.twimg.com/media/E8gybl4XoAMFg5y.jpg"},{"media_key":"7_1425444662492467205","public_metrics":{"view_count":97},"type":"video"},{"media_key":"3_1425444630720565252","type":"photo","url":"https://pbs.twimg.com/media/E8gyVt0WUAQphRd.jpg"},{"media_key":"3_1425444555172814852","type":"photo","url":"https://pbs.twimg.com/media/E8gyRUYXIAQNn3Y.jpg"},{"media_key":"7_1425444522520158210","public_metrics":{"view_count":79},"type":"video"}]},"meta":{"newest_id":"1425459674682478593","oldest_id":"1425444145297035266","result_count":100,"next_token":"b26v89c19zqg8o3fpdm8kmeky0hiqbm17lahyk2unbszh"}}