{"data":[{"author_id":"257062289","public_metrics":{"retweet_count":17,"reply_count":0,"like_count":12,"quote_count":0},"id":"1425443955806715904","attachments":{"media_keys":["3_1425443952912650241"]},"lang":"und","text":"#Urgent #Kabylie #Athyani #Tizi_Ouzou #Algerie https://t.co/MkC2frKmri","created_at":"2021-08-11T13:08:17.000Z"},{"author_id":"1396122948902211588","public_metrics":{"retweet_count":0,"reply_count":0,"like_count":1,"quote_count":0},"id":"1425443909094854660","lang":"en","text":"@TaehyungUSA Thank you \uD83D\uDC9C\uD83E\uDD7A\n\n#PrayForAlgeria \n#AlgeriaIsBurning \n#FiresInAlgeria \n#Tizi_Ouzou \n#Kabylie\n#تيزي_وزو_تحترق \n#الجزائر_تحترق","created_at":"2021-08-11T13:08:06.000Z"},{"author_id":"1100113407884308480","public_metrics":{"retweet_count":0,"reply_count":0,"like_count":0,"quote_count":0},"id":"1425443821064802307","attachments":{"media_keys":["3_1425443817868734465"]},"lang":"und","text":"#savekabylie  #savekabylie  #Kabylie #dzteam #kabyle  #Bejaia https://t.co/5or7velWNC","created_at":"2021-08-11T13:07:45.000Z"},{"author_id":"257062289","public_metrics":{"retweet_count":10,"reply_count":0,"like_count":4,"quote_count":1},"id":"1425443795504664579","attachments":{"media_keys":["3_1425443790823870472"]},"lang":"und","text":"#urgent #sos #kabylie #Algerie #Tizi_Ouzou https://t.co/KvF5xG422a","created_at":"2021-08-11T13:07:38.000Z"},{"author_id":"1105425072729346048","public_metrics":{"retweet_count":1,"reply_count":0,"like_count":0,"quote_count":0},"id":"1425443698435887104","lang":"und","text":"#kabylie #Algerie https://t.co/HsgI5odXKV","created_at":"2021-08-11T13:07:15.000Z"},{"author_id":"2369593518","public_metrics":{"retweet_count":0,"reply_count":0,"like_count":2,"quote_count":0},"id":"1425443559914844161","lang":"en","text":"Algérie : Pray for Algeria \uD83C\uDDE9\uD83C\uDDFF \uD83E\uDD32\uD83C\uDFFB Ya Allah please help &amp; protect them #Algerie #الجزائر #Kabylie #Algeria #AlgeriaIsBurning #Algeria_is_burning #Algeria_forest_fires \uD83C\uDDE9\uD83C\uDDFF\uD83E\uDD32\uD83C\uDFFB https://t.co/Xq80tu71ul","created_at":"2021-08-11T13:06:42.000Z"},{"author_id":"939060715","public_metrics":{"retweet_count":0,"reply_count":0,"like_count":1,"quote_count":0},"id":"1425443181248884742","attachments":{"media_keys":["7_1425443060238929928"]},"lang":"und","text":"#SOS_Kabylie \n#sos_algeria \n#تيزي_وزو \n#تيزي_وزو_تحترق\n#PrayForAlgeria\n#Kabylie https://t.co/2sw8l3SD47","created_at":"2021-08-11T13:05:12.000Z"},{"author_id":"1377887749311762435","public_metrics":{"retweet_count":1,"reply_count":0,"like_count":1,"quote_count":0},"id":"1425443168665972737","lang":"fr","text":"#Algerie #Kabylie en ce moment foyer de feu important a ath mesvah ( beni douala )","created_at":"2021-08-11T13:05:09.000Z"},{"author_id":"1166388187922612224","public_metrics":{"retweet_count":2,"reply_count":0,"like_count":2,"quote_count":0},"id":"1425442949710684167","lang":"fr","text":"#Tizi_Ouzou : Trois résidences universitaires pour accueillir les familles sinistrées\n\nLire l'article ⤵️\n\n#Kabylie #kabyliebrule #PrayForAlgeria #PrayForkabylie\n\nhttps://t.co/00aqIlTeD0","created_at":"2021-08-11T13:04:17.000Z"},{"author_id":"1396122948902211588","public_metrics":{"retweet_count":0,"reply_count":0,"like_count":1,"quote_count":0},"id":"1425442941393375244","lang":"en","text":"@BTSVSpain Thank you \uD83D\uDC9C\uD83D\uDE2Dsooooo much\n\n#PrayForAlgeria \n#AlgeriaIsBurning \n#FiresInAlgeria \n#Tizi_Ouzou \n#Kabylie\n#تيزي_وزو_تحترق \n#الجزائر_تحترق","created_at":"2021-08-11T13:04:15.000Z"},{"author_id":"1041076074145243136","public_metrics":{"retweet_count":1,"reply_count":0,"like_count":2,"quote_count":0},"id":"1425442567475314694","lang":"fr","text":"Nous n'avons pas besoin de vos condoléances et de votre deuil \uD83E\uDD74\nQue des mensonges \uD83D\uDC80\uD83E\uDD74\n\n#اشري_canadair_cl415 \n#savedz \n#Tiziouzou \n#Bejaia \n#Kabylie \n#PrayForKabylia https://t.co/HdVrBen04i","created_at":"2021-08-11T13:02:46.000Z"},{"author_id":"3026910358","public_metrics":{"retweet_count":0,"reply_count":0,"like_count":0,"quote_count":0},"id":"1425442497443110922","lang":"und","text":"#PrayForAlgeria #Tizi_Ouzou #Algerie #Algeria #Kabylie #monde https://t.co/IG54hvf3st","created_at":"2021-08-11T13:02:29.000Z"},{"author_id":"1401622962348998659","public_metrics":{"retweet_count":6,"reply_count":0,"like_count":10,"quote_count":0},"id":"1425442407282352130","attachments":{"media_keys":["3_1425442403616493571"]},"lang":"fr","text":"La #Kabylie, déjà martyrisée par sa paupérisation, sa marginalisation, la crise actuelle de la Covid qui y fait des ravages sans infrastructures adéquates, désormais touchée par la vague d'incendies qui ravage les bords de la Méditerranée. Solidarité depuis la #Bretagne. https://t.co/OoNLBqk5yg","created_at":"2021-08-11T13:02:07.000Z"},{"author_id":"1425207210456518658","public_metrics":{"retweet_count":0,"reply_count":0,"like_count":0,"quote_count":0},"id":"1425442351233880072","lang":"fr","text":"Je suis #Kabylie \n#kabyliebrule \n#savekabylie \n#weareindanger","created_at":"2021-08-11T13:01:54.000Z"},{"author_id":"1422531293561098242","public_metrics":{"retweet_count":2,"reply_count":0,"like_count":1,"quote_count":1},"id":"1425442258669690891","attachments":{"media_keys":["3_1425442250167930885"]},"lang":"ar","text":"ناس عنابة ❗❗❗\n#Annaba\n#تيزي_وزو_تحترق\n #PrayForAlgeria\n#Kabylie\n#soskabylie https://t.co/te486dU31u","created_at":"2021-08-11T13:01:32.000Z"},{"author_id":"359397938","public_metrics":{"retweet_count":0,"reply_count":0,"like_count":0,"quote_count":0},"id":"1425442199089594370","lang":"fr","text":"Es que il y'a une cagnotte pour les dons #PrayForAlgeria #PrayForKabylia #Kabylie #savetizoizou #تيزي_وزو_تحترق #الجزايٴر_تستغيث","created_at":"2021-08-11T13:01:18.000Z"},{"author_id":"1192127077471989761","public_metrics":{"retweet_count":1,"reply_count":0,"like_count":6,"quote_count":0},"id":"1425442085243588611","attachments":{"media_keys":["3_1425442082416701442"]},"lang":"fr","text":"Un seul héros, le peuple \n\n#PrayForAlgeria \n#AlgeriaIsBurning \n#FiresInAlgeria \n#Tizi_Ouzou \n#Kabylie\n#تيزي_وزو_تحترق \n#الجزائر_تحترق https://t.co/OFV4ksT1fH","created_at":"2021-08-11T13:00:51.000Z"},{"author_id":"1394330192055869442","public_metrics":{"retweet_count":1,"reply_count":0,"like_count":8,"quote_count":0},"id":"1425441818116829184","attachments":{"media_keys":["3_1425441808872521730"]},"lang":"fr","text":"Pauvre Nature \uD83D\uDE1E y allah \n\n#Tizi_Ouzou #Tiziouzou #feu #algerie #Kabylie \n#PrayForAlgeria #الجزائر_تحترق #الجزائر #تيزي_وزو #تيزي_وزو_تحترق https://t.co/juUhN2IvQD","created_at":"2021-08-11T12:59:47.000Z"},{"author_id":"989504949506793474","public_metrics":{"retweet_count":0,"reply_count":0,"like_count":0,"quote_count":0},"id":"1425441648016777218","attachments":{"media_keys":["3_1425441564696973316"]},"lang":"fr","text":"Et nos cœurs brûlent avec \uD83D\uDC94  \n#Kabylie #savekabylie #Algerie https://t.co/e7QeUOOHOO","created_at":"2021-08-11T12:59:06.000Z"},{"author_id":"1076554829273673728","public_metrics":{"retweet_count":1,"reply_count":0,"like_count":2,"quote_count":1},"id":"1425441630816022530","attachments":{"media_keys":["3_1425441627875778566"]},"lang":"fr","text":"#incendies #Algerie #AlgeriaIsBurning #kabylie_brûle #kabylie_brule\n\nDes hélicoptères larguant des pastilles incendiaires seraient-ils une des multiples causes de ces #feux criminels.\n\nQui a intérêt à ce que la #Kabylie, l'#Algérie brûlent ? https://t.co/dWmjMtfeL2","created_at":"2021-08-11T12:59:02.000Z"},{"author_id":"1149772882114990081","public_metrics":{"retweet_count":1,"reply_count":0,"like_count":0,"quote_count":0},"id":"1425441627842260999","lang":"fr","text":"L’état criminel algérien est entrain de brûler la Kabylie !! Vous trouvez ça normal un hélicoptère qui passe dans une direction où il y a pas le feu à une altitude presque frôlant le sol (100-200m maxi ) , 1 heure après il y a le feu , je viens de voir ça à l’instant !#Kabylie","created_at":"2021-08-11T12:59:02.000Z"},{"author_id":"1422531293561098242","public_metrics":{"retweet_count":1,"reply_count":0,"like_count":1,"quote_count":0},"id":"1425441554756407302","attachments":{"media_keys":["7_1425434381137727494"]},"lang":"en","text":"Ihasnawen en ce moment\uD83D\uDD25 ❗❗❗\n#اشري_canadair_cl415\n#تيزي_وزو_تحترق\n #PrayForAlgeria\n#Kabylie\n https://t.co/I0lA3NOMLN","created_at":"2021-08-11T12:58:44.000Z"},{"author_id":"1190339544685711363","public_metrics":{"retweet_count":1,"reply_count":1,"like_count":5,"quote_count":0},"id":"1425441264946851847","attachments":{"media_keys":["3_1425441258139488257","3_1425441262858117123"]},"lang":"fr","text":"#Kabylie #تيزي_وزو_تحترق #savedz si vous connaissez quelqu'un qui a besoin de logements après ces incendies https://t.co/xgPGHddlW7","created_at":"2021-08-11T12:57:35.000Z"},{"author_id":"839256682484092929","public_metrics":{"retweet_count":6,"reply_count":0,"like_count":4,"quote_count":0},"id":"1425440805209223173","attachments":{"media_keys":["3_1425440795331600387","3_1425440798229794822","3_1425440800897437697","3_1425440803061706754"]},"lang":"ar","text":"انه يوم حزين في تاريخ هذه الامة إرتفاع حصيلة ضحايا الحرائق الى 65  وفاة من بينهم 28 عسكري و 37 مدني أغلبهم في ولاية تيزي وزو ...\n#Kabylie \n #حرائق_تيزي_وزو \nTous solidaire avec notre peuple algerienne \nنحن في حداد مع كل ابناء شعبنا الجزائري \nرحمة الله على شهدائنا https://t.co/JNCAJJRe0x","created_at":"2021-08-11T12:55:46.000Z"},{"author_id":"3365706737","public_metrics":{"retweet_count":0,"reply_count":0,"like_count":0,"quote_count":0},"id":"1425440676779548675","lang":"en","text":"65 deaths in the span of days we need international help we are unable to contain the spread of wildfires and we’re paying a high price, our equipment r primitive to say the least save our olive trees !!! #Kabylie #helpalgeria #تيزي_وزو_تحترق #PrayForAlgeria","created_at":"2021-08-11T12:55:15.000Z"},{"author_id":"1146887087490326533","public_metrics":{"retweet_count":0,"reply_count":0,"like_count":0,"quote_count":0},"id":"1425440472386912256","lang":"und","text":"#Kabylie #PrayForAlgeria #savedz #AlgerieBrule https://t.co/k9IRTDSpvK","created_at":"2021-08-11T12:54:26.000Z"},{"author_id":"1618835209","public_metrics":{"retweet_count":2,"reply_count":0,"like_count":2,"quote_count":0},"id":"1425440059260641281","attachments":{"media_keys":["3_1425439953174081542"]},"lang":"ar","text":"جزائرنا تحترق ⁦\uD83C\uDDE9\uD83C\uDDFF⁩\uD83D\uDC94 \nاللهم ارحم شهداء الواجب و ضحايا الحرائق برحمتك الواسعة و ألهم أهلهم و ذويهم جميل الصبر و السلوان ⁦\uD83D\uDC9E \nلكِ الله يا جزائر ⁦\uD83C\uDDE9\uD83C\uDDFF⁩\uD83E\uDD0D\n \n#الجزائر_تحترق\n#تيزي_وزو_تحترق\n#تيزي_وزو\n#prayforalgeria\n#AlgeriaIsBurning\n#Kabylie \n#Tiziouzou\n#kabylie_brule https://t.co/NyCDsTFxqL","created_at":"2021-08-11T12:52:48.000Z"},{"author_id":"3026910358","public_metrics":{"retweet_count":0,"reply_count":0,"like_count":0,"quote_count":0},"id":"1425439786114879488","lang":"und","text":"#تيزي_وزو_تحترق \n#PrayForAlgeria #Kabylie #kabyliebrule https://t.co/o0DBTw3f0Q","created_at":"2021-08-11T12:51:43.000Z"},{"author_id":"483076951","public_metrics":{"retweet_count":6,"reply_count":0,"like_count":1,"quote_count":1},"id":"1425439781522133001","lang":"fr","text":"Ceux qui sont près de Toudja et Berbacha doivent s'y rendre tout de suite pour aider les gens qui sont coincés à évacuer, la situation est sortie de tout contrôle #Savedz #Kabylie #kabyliebrule","created_at":"2021-08-11T12:51:41.000Z"},{"author_id":"1422531293561098242","public_metrics":{"retweet_count":0,"reply_count":0,"like_count":1,"quote_count":0},"id":"1425439662353551373","attachments":{"media_keys":["7_1425434120885243904"]},"lang":"ar","text":"النار وصلت للديار فواش تسناااو ؟؟؟؟؟ حابين تقتلو الشعب كامل و تبقاو فيها وحدكم \n@TebbouneAmadjid ❗❗❗❗ فواش تسنااا \n#بجاية\n#تيزي_وزو_تحترق\n #PrayForAlgeria\n#Kabylie\n#savedz \n #HelpAlgeria #بجايه_تحترق #الجزاير_تحترق https://t.co/xHe9w0HVYP","created_at":"2021-08-11T12:51:13.000Z"},{"author_id":"1156535486187528192","public_metrics":{"retweet_count":16,"reply_count":0,"like_count":50,"quote_count":0},"id":"1425439558729093120","attachments":{"media_keys":["7_1425439362859339780"]},"lang":"fr","text":"Mahrez pogba insigne fekir et d'autres joueurs internationaux solidaires avec notre pays Algérie \uD83C\uDDE9\uD83C\uDDFF\uD83C\uDDE9\uD83C\uDDFF\n#Algerie #PrayForAlgeria #Kabylie #تيزي_وزو_تحترق https://t.co/FTfXb58z07","created_at":"2021-08-11T12:50:48.000Z"},{"author_id":"1422199920782684160","public_metrics":{"retweet_count":0,"reply_count":1,"like_count":1,"quote_count":0},"id":"1425439151684558852","attachments":{"media_keys":["3_1425439149662916611"]},"lang":"ar","text":"عظم الله اجرك ياوطني\uD83D\uDE22\uD83C\uDDE9\uD83C\uDDFF\uD83D\uDE4F\n#Algerie #Kabylie #Algeria #AlgeriaIsBurning #الجزايٴر_تستغيث #الجزائر #الجزائر_في_حداد https://t.co/VlPIVOMECb","created_at":"2021-08-11T12:49:11.000Z"},{"author_id":"1394302550489325571","public_metrics":{"retweet_count":1,"reply_count":0,"like_count":1,"quote_count":0},"id":"1425438940434153480","lang":"und","text":"@AsmaVl1 #بجاية\n#تيزي_وزو_تحترق\n #PrayForAlgeria\n#Kabylie","created_at":"2021-08-11T12:48:21.000Z"},{"author_id":"1422531293561098242","public_metrics":{"retweet_count":3,"reply_count":2,"like_count":3,"quote_count":2},"id":"1425438582840479751","attachments":{"media_keys":["7_1425437606423240707"]},"lang":"ar","text":"النار تلتهم مدينة بجاية \n❗❗❗❗ اغيثوا بجاية النار وصلت للديار \n#بجاية\n#تيزي_وزو_تحترق\n #PrayForAlgeria\n#Kabylie https://t.co/qBOl0Svsig","created_at":"2021-08-11T12:46:56.000Z"},{"author_id":"1324449588","public_metrics":{"retweet_count":74,"reply_count":13,"like_count":268,"quote_count":1},"id":"1425438285841772544","lang":"fr","text":"les habitant-es de la #kabylie en proie à des incendies ravageurs vivent une très douloureuse épreuve. La solidarité doit s’organiser au plus vite. La France et l'UE doivent aider.","created_at":"2021-08-11T12:45:45.000Z"},{"author_id":"1103286103283515392","public_metrics":{"retweet_count":0,"reply_count":1,"like_count":3,"quote_count":0},"id":"1425437693006262276","lang":"fr","text":"j'ai le cœur brisé, comment penser a autre chose \n#savedz #Kabylie #kabyliebrule #Algerie https://t.co/M0xOnMjvaA","created_at":"2021-08-11T12:43:24.000Z"},{"author_id":"47918592","public_metrics":{"retweet_count":0,"reply_count":1,"like_count":1,"quote_count":0},"id":"1425437455986176001","lang":"en","text":"@MohandOulmas #Algeria #Kabylie Who do you thinks is behind these fires and are you in Algeria, now? https://t.co/fIXRXs7nJq","created_at":"2021-08-11T12:42:27.000Z"},{"author_id":"3985938741","public_metrics":{"retweet_count":0,"reply_count":1,"like_count":2,"quote_count":0},"id":"1425437428974772224","lang":"ar","text":"اللهم أنت القوي و نحن الضعفاء أنزل رحمتك يا الله \uD83D\uDC94\uD83D\uDE22\n  #تيزي_وزو_تحترق #PrayForAlgeria #Algerie #Kabylie #الجزايٴر_تستغيث #الجزائر_تحترق #الجزائر_تحترق","created_at":"2021-08-11T12:42:21.000Z"},{"author_id":"1425388786096214033","public_metrics":{"retweet_count":5,"reply_count":0,"like_count":13,"quote_count":2},"id":"1425437284212563971","attachments":{"media_keys":["7_1424847528911163394"]},"lang":"en","text":"A disaster \"in the fullest sense of the word\" is happening now in Tizi Ouzou, one of the states of Algeria.  Please i’m asking you to pray for Algeria ❤️‍\uD83E\uDE79\uD83E\uDD32\uD83C\uDFFB.\n#PrayForAlgeria #Kabylie #تيزي_وزو #تيزي_وزو_تحترق https://t.co/ekkzRZYRXs","created_at":"2021-08-11T12:41:46.000Z"},{"author_id":"1187429536432046080","public_metrics":{"retweet_count":2,"reply_count":0,"like_count":4,"quote_count":0},"id":"1425437073209806851","lang":"fr","text":"Un gouvernement absent comme toujours , les feux qui prennent de plus en plus une dimension folle . C’est pas des pompiers qu’il faut mais des Canadair !! #Kabylie #kabyliebrule https://t.co/xd9XZN5riG","created_at":"2021-08-11T12:40:56.000Z"},{"author_id":"1425120606077558789","public_metrics":{"retweet_count":0,"reply_count":0,"like_count":0,"quote_count":0},"id":"1425437051562901507","lang":"und","text":"@louiza_isabelle #HelpKabylie #Kabylie","created_at":"2021-08-11T12:40:51.000Z"},{"author_id":"901799343098880000","public_metrics":{"retweet_count":0,"reply_count":0,"like_count":3,"quote_count":0},"id":"1425436713841799169","lang":"fr","text":"je pleure ma famille je pleure mon Algérie je pleure ma kabylie....  \uD83D\uDC94\n#Algerie #Kabylie #incendie","created_at":"2021-08-11T12:39:30.000Z"},{"author_id":"3985938741","public_metrics":{"retweet_count":0,"reply_count":0,"like_count":0,"quote_count":0},"id":"1425436643629142017","lang":"ar","text":"اللهم نسألك اللطف بعبادك فنحن لا حول ولا قوة لنا الا بك فارفع غضبك عنا وارحمنا يا ارحم الراحمين\uD83E\uDD32\n\uD83C\uDDE9\uD83C\uDDFF❤️\uD83C\uDDE9\uD83C\uDDFF❤️\n  #تيزي_وزو_تحترق #PrayForAlgeria #Algerie #Kabylie #الجزايٴر_تستغيث #الجزائر_تحترق #الجزائر_تحترق","created_at":"2021-08-11T12:39:13.000Z"},{"author_id":"1337484492924182539","public_metrics":{"retweet_count":1,"reply_count":0,"like_count":2,"quote_count":0},"id":"1425436498279768072","attachments":{"media_keys":["3_1425436495863762947"]},"lang":"fr","text":"Pendant ce temps, à Bejaia, plus précisément à Toudja l'horrible vague de feu a fortement augmenté et se dirigeait vers les maisons, La wilaya de Béjaïa appelle à l'aide..\n#kabylie #kabylie_brûle #TiziOuzou_brule #Bejaia_brûle #PrayForAlgeria #تيزي_وزو_تحترق #france #USA https://t.co/h65efgvFAU","created_at":"2021-08-11T12:38:39.000Z"},{"author_id":"1231922522549104641","public_metrics":{"retweet_count":2,"reply_count":0,"like_count":3,"quote_count":0},"id":"1425436478977581061","attachments":{"media_keys":["3_1425436476695891969"]},"lang":"fr","text":"Une image de yemma Gouraya qui  résume l'importance de la catastrophe ...\n#prayforkabylia #Kabylie #kabyliebrule https://t.co/aSPwm5mzyP","created_at":"2021-08-11T12:38:34.000Z"},{"author_id":"3985938741","public_metrics":{"retweet_count":0,"reply_count":1,"like_count":0,"quote_count":0},"id":"1425436465866199045","lang":"ar","text":"شعبنا قوي ماشاء الله  وباذن الله سيتجاوز كل المحن والصعوبات\uD83D\uDCAA\uD83C\uDFFB\uD83D\uDCAA\uD83C\uDFFB\uD83D\uDCAA\uD83C\uDFFB\uD83C\uDDE9\uD83C\uDDFF❤\n  #تيزي_وزو_تحترق #PrayForAlgeria #Algerie #Kabylie #الجزايٴر_تستغيث #الجزائر_تحترق #الجزائر_تحترق","created_at":"2021-08-11T12:38:31.000Z"},{"author_id":"266653632","public_metrics":{"retweet_count":1,"reply_count":0,"like_count":9,"quote_count":0},"id":"1425436217525608451","lang":"fr","text":"Algérie : en Kabylie, des incendies, criminels selon les autorités, font 65 morts dont 28 militaires venus épauler les pompiers #Kabylie https://t.co/QCaSCUoU8t","created_at":"2021-08-11T12:37:32.000Z"},{"author_id":"946453537244016640","public_metrics":{"retweet_count":1,"reply_count":0,"like_count":0,"quote_count":0},"id":"1425435701567426562","lang":"fr","text":"Bonjour vous avez pour projet de créer votre #site internet mais vous n'avez aucune connaissance en développement #web, rejoignez mon #Discord afin de donner une chance a votre site de voir le jour ! https://t.co/vMVblwqMUa #Messi #Omar #Nasser #Kabylie #GIEC","created_at":"2021-08-11T12:35:29.000Z"},{"author_id":"1362472274293579781","public_metrics":{"retweet_count":0,"reply_count":0,"like_count":2,"quote_count":0},"id":"1425435632688586758","lang":"ar","text":"ناس تيزي وزو طمنونا كيفاش راكم !! نقسو شويا النيران ؟ \n#تيزي_وزو_تحترق #تيزي_وزو #Kabylie #الجزايٴر_تستغيث","created_at":"2021-08-11T12:35:12.000Z"},{"author_id":"1166388187922612224","public_metrics":{"retweet_count":0,"reply_count":0,"like_count":4,"quote_count":0},"id":"1425435316727463939","lang":"fr","text":"Feux de forêts en #Kabylie : La ville de #Marseille prête à aider l’#Algérie\n\nLire ici ⤵\n\n#PrayForAlgeria #PrayForKabylia\n#PrayForkabylie #France\nhttps://t.co/qmciK8MdJk","created_at":"2021-08-11T12:33:57.000Z"},{"author_id":"1377887749311762435","public_metrics":{"retweet_count":5,"reply_count":0,"like_count":8,"quote_count":0},"id":"1425435301586128899","attachments":{"media_keys":["7_1425434850736148488"]},"lang":"fr","text":"URGENT URGENT EN DIRECT FAITES PARTAGER ET VITE INCENDIE MONSTRE A BOUHINOUN A 5KM DE TIZI VILLE #KABYLIE #ALGERIE https://t.co/yykn8R79mS","created_at":"2021-08-11T12:33:53.000Z"},{"author_id":"21313364","public_metrics":{"retweet_count":19,"reply_count":3,"like_count":24,"quote_count":2},"id":"1425435223718866946","attachments":{"media_keys":["3_1425435222292713472"]},"lang":"fr","text":"\uD83C\uDDE9\uD83C\uDDFF L'#Algérie est sous les flammes. Les #incendies qui ravagent le nord du pays, et particulièrement la #Kabylie, ont fait 65 morts, dont 28 militaires depuis lundi 9 août, \"pour la plupart dans la wilaya de Tizi Ouzou\".\nhttps://t.co/9lbakNNFPD https://t.co/9i5yEKYr9X","created_at":"2021-08-11T12:33:35.000Z"},{"author_id":"707484770","public_metrics":{"retweet_count":0,"reply_count":1,"like_count":0,"quote_count":0},"id":"1425435184267202565","lang":"fr","text":"L’Algérie aurait elle dû rester française? #Kabylie","created_at":"2021-08-11T12:33:25.000Z"},{"author_id":"901803541517537280","public_metrics":{"retweet_count":5,"reply_count":0,"like_count":9,"quote_count":0},"id":"1425434936471916547","attachments":{"media_keys":["7_1425433948029702144"]},"lang":"fr","text":"C’est grave ce qui se passe à béjaia \uD83D\uDE23\uD83D\uDD25\uD83D\uDD25\n#Algerie #bejaia #kabyliebrule #kabylie #PrayForAlgeria https://t.co/qUQvZ9mJEu","created_at":"2021-08-11T12:32:26.000Z"},{"author_id":"1397528905804881923","public_metrics":{"retweet_count":4,"reply_count":0,"like_count":5,"quote_count":0},"id":"1425434814602227717","attachments":{"media_keys":["7_1425434695437889544"]},"lang":"fr","text":"message de solidarité d’un jeune enfant au peuple kabyle \uD83D\uDE4F\uD83C\uDFFD✅❤️\n- #prayforkabylia #Kabylie #PrayForAlgeria #KABYLIESBURNING https://t.co/v7amD7Ih8y","created_at":"2021-08-11T12:31:57.000Z"},{"author_id":"1425155742169018371","public_metrics":{"retweet_count":3,"reply_count":0,"like_count":0,"quote_count":0},"id":"1425434785900634122","attachments":{"media_keys":["3_1425434782738132994"]},"lang":"und","text":"#Kabylie #kabyliebrule #kabylie_brule #kabylie_brûle #savekabylie #PrayForAlgeria #HelpKabylie https://t.co/gPv1Fpr5tr","created_at":"2021-08-11T12:31:50.000Z"},{"author_id":"1405620253829312514","public_metrics":{"retweet_count":5,"reply_count":1,"like_count":3,"quote_count":0},"id":"1425434636394565634","attachments":{"media_keys":["3_1425434608997388297"]},"lang":"fr","text":"Les numéros de personnes qui veulent aider avec des logements la bas \n\n#kabylie #kabyliebrule https://t.co/mfxg5DMiPu","created_at":"2021-08-11T12:31:15.000Z"},{"author_id":"2484033078","public_metrics":{"retweet_count":3,"reply_count":0,"like_count":3,"quote_count":0},"id":"1425434484497911820","attachments":{"media_keys":["3_1425434471248039938","3_1425434478193881091"]},"lang":"fr","text":"La situation est apocalyptique en Kabylie, et le bilan s'alourdit à 65 morts,\nIl est urgent de venir en aide à notre région, n'hésitez pas à faire des dons et à partager la cagnotte ci-dessous\nhttps://t.co/KMhluumd9A\n\n#kabyliebrule\n#Kabylie\n#Algeria https://t.co/XvEIHbNNUn","created_at":"2021-08-11T12:30:39.000Z"},{"author_id":"1246288309","public_metrics":{"retweet_count":0,"reply_count":0,"like_count":1,"quote_count":1},"id":"1425434381255069696","lang":"und","text":"#Algerie #Kabylie #Kabyliebrule #solidarite #soutien \nhttps://t.co/6QmApam9s0","created_at":"2021-08-11T12:30:14.000Z"},{"author_id":"1562843802","public_metrics":{"retweet_count":0,"reply_count":0,"like_count":2,"quote_count":0},"id":"1425434092657590276","lang":"fr","text":"#Algérie : entre calamités humaines et catastrophes naturelles\nhttps://t.co/FxXSqqn5uS\n#Incendies, #TiziOuzou, #Kabylie, #oxygène, #Covid19,","created_at":"2021-08-11T12:29:05.000Z"},{"author_id":"1076554829273673728","public_metrics":{"retweet_count":0,"reply_count":0,"like_count":0,"quote_count":0},"id":"1425434079189741573","lang":"und","text":"#Algerie\n#Algeria\n#AlgeriaIsBurning\n#kabylie_brule\n#Kabylie\n\nhttps://t.co/Un441Up6o6","created_at":"2021-08-11T12:29:02.000Z"},{"author_id":"1273726824695189504","public_metrics":{"retweet_count":0,"reply_count":0,"like_count":4,"quote_count":0},"id":"1425433683599761412","lang":"fr","text":"un seul héros le peuple du début jusqu’à la fin c’est réel  #Kabylie #PrayForAlgeria","created_at":"2021-08-11T12:27:28.000Z"},{"author_id":"1134770768276066304","public_metrics":{"retweet_count":22,"reply_count":0,"like_count":50,"quote_count":0},"id":"1425433335275343872","lang":"fr","text":"De tout cœur avec mes https://t.co/lr827EIG2d d’#Algérie et tout particulièrement de #Kabylie. Solidarité avec le peuple algérien ! https://t.co/8qAbYcSN3u","created_at":"2021-08-11T12:26:05.000Z"},{"author_id":"1425207210456518658","public_metrics":{"retweet_count":0,"reply_count":0,"like_count":1,"quote_count":0},"id":"1425433105750441989","lang":"fr","text":"Je suis #Kabylie \n#kabyliebrule \n#savekabylie","created_at":"2021-08-11T12:25:10.000Z"},{"author_id":"1223529512031465472","public_metrics":{"retweet_count":7,"reply_count":1,"like_count":8,"quote_count":1},"id":"1425432999600984077","attachments":{"media_keys":["3_1425432959998480387","3_1425432968080859141","3_1425432983683616769","3_1425432997277405185"]},"lang":"fr","text":"Le chaos règne dans les régions de la #kabylie, des départs de feux sont signalés de partout, la population demande de l'aide d'urgence, les hopitaux ont besoin de matériels pour soigner les brûlés, pas d'eau potable dans toutes les zones touchées, manque de groupe électrogène https://t.co/sFBNK1Oobw","created_at":"2021-08-11T12:24:45.000Z"},{"author_id":"1131303521272442880","public_metrics":{"retweet_count":0,"reply_count":1,"like_count":0,"quote_count":0},"id":"1425432891660582914","lang":"fr","text":"@WillyFlingo Svp quelqu’un connaît une personne sur place en Kabylie qui peut m’orienter pour aider les familles victimes du feu ? En Kabylie ou partout en Algérie svp contactez moi en mp sur insta @ranya_bty #algerie #Kabylie #kabyliebrule","created_at":"2021-08-11T12:24:19.000Z"},{"author_id":"1131303521272442880","public_metrics":{"retweet_count":1,"reply_count":2,"like_count":1,"quote_count":0},"id":"1425432825642295296","lang":"fr","text":"@Moh_DRG @RG_Akuroo_ @kuuuurrr @Hocine68994934 @cpt_aymane @ConflitsFrance Svp quelqu’un connaît une personne sur place en Kabylie qui peut m’orienter pour aider les familles victimes du feu ? En Kabylie ou partout en Algérie svp contactez moi en mp sur insta @ranya_bty #algerie #Kabylie #kabyliebrule","created_at":"2021-08-11T12:24:03.000Z"},{"author_id":"3412605466","public_metrics":{"retweet_count":0,"reply_count":0,"like_count":1,"quote_count":0},"id":"1425432484267937796","lang":"und","text":"#الجزائر_تستغيث #Kabylie #Algerie          \uD83D\uDE2D\uD83D\uDE4F\uD83D\uDE4F\uD83D\uDE4F\uD83D\uDE22","created_at":"2021-08-11T12:22:42.000Z"},{"author_id":"706736333277020160","public_metrics":{"retweet_count":0,"reply_count":0,"like_count":1,"quote_count":0},"id":"1425432232026644484","lang":"ar","text":"شعب يتبرع، جيش يضحي و حكومة تعزي \uD83D\uDC94 \nحسبي الله و نعم الوكيل لك الله ياجزائر \uD83D\uDC94\uD83D\uDC94\n#Algerie #Kabylie #PrayForAlgeria \n#PrayForKabylia #AlgeriaIsBurning","created_at":"2021-08-11T12:21:42.000Z"},{"author_id":"1381563709735239683","public_metrics":{"retweet_count":4,"reply_count":1,"like_count":1,"quote_count":0},"id":"1425431861199781891","lang":"fr","text":"La situation devient incontrôlable en Kabylie en ce moment !!! ⚠️\nIl faut un renfort en urgence, on lance un appel à l’aide international !! ⚠️⚠️⚠️⚠️\uD83C\uDDE9\uD83C\uDDFF\uD83C\uDDE9\uD83C\uDDFF⚠️⚠️⚠️\n#PrayForAlgeria  #AlgeriaIsBurning #AlgeriaIsBurning #AlgeriaIsBurning #تيزي_وزو_تحترق #algerie #kabylie #kabyliebrule","created_at":"2021-08-11T12:20:13.000Z"},{"author_id":"820773888137240576","public_metrics":{"retweet_count":1,"reply_count":0,"like_count":5,"quote_count":0},"id":"1425431809223970817","lang":"fr","text":"➡️Le nouveau bilan provisoire des incendies en #Algerie monte à 65 victimes.\n\n\uD83D\uDE15Bien que le bilan ne soit toujours pas définitif, il est déjà historique pour le pays.\n\n#AlgeriaIsBurning #Kabylie #Algeria https://t.co/hVpMSsZti3","created_at":"2021-08-11T12:20:01.000Z"},{"author_id":"1204875750165426182","public_metrics":{"retweet_count":3,"reply_count":0,"like_count":3,"quote_count":0},"id":"1425431807810486276","lang":"fr","text":"J’attend plus les déclarations de Numidia Lezoul que celles de Tebboune, faut l’dire #PrayForAlgeria #Kabylie #Algerie","created_at":"2021-08-11T12:20:00.000Z"},{"author_id":"1131303521272442880","public_metrics":{"retweet_count":7,"reply_count":1,"like_count":6,"quote_count":1},"id":"1425431764441440257","lang":"fr","text":"Svp quelqu’un connaît une personne sur place en Kabylie qui peut m’orienter pour aider les familles victimes du feu ? En Kabylie ou partout en Algérie svp contactez moi en mp sur insta @ranya_bty #algerie #Kabylie #kabyliebrule","created_at":"2021-08-11T12:19:50.000Z"},{"author_id":"2722904855","public_metrics":{"retweet_count":4,"reply_count":0,"like_count":4,"quote_count":0},"id":"1425431759487967241","lang":"fr","text":"Tweeter, retweeter y'a que comme sa, en montrant au monde l'inefficacité du gouvernement algérien et qu'ils bougerons #Kabylie #PrayForKabylia #PrayForKabylia #Tizi_Ouzou #Tiziouzou #TiziOuzou_brule https://t.co/mBXCF8e28g","created_at":"2021-08-11T12:19:49.000Z"},{"author_id":"2877383369","public_metrics":{"retweet_count":1,"reply_count":0,"like_count":4,"quote_count":0},"id":"1425431414393212935","attachments":{"media_keys":["7_1425431373146374153"]},"lang":"fr","text":"65 morts. 65 morts de trop en #Algerie \uD83D\uDC94\n\nNous sommes endeuillés en #Tunisie avec vous. Vive #الجزائر \uD83C\uDDE9\uD83C\uDDFF #Algeria \uD83C\uDDE9\uD83C\uDDFF\n\nBéjaïa 2019 \uD83D\uDC47\uD83C\uDFFB #Kabylie #Bejaia https://t.co/D6bJVTP3Fg","created_at":"2021-08-11T12:18:27.000Z"},{"author_id":"1603378081","public_metrics":{"retweet_count":4,"reply_count":0,"like_count":3,"quote_count":0},"id":"1425431234725961729","attachments":{"media_keys":["3_1425431215314714633"]},"lang":"fr","text":"Face à un combat contre les flammes et à un combat contre un ennemi invisible...\nBravo aux héros qui se battent pour sauver la Kabylie \uD83E\uDD0D\n\n#PrayForKabylia #PrayForAlgeria #kabylie_brule #KABYLIESBURNING #kabylie #تيزي_وزو_تحترق https://t.co/rsppHRWZci","created_at":"2021-08-11T12:17:44.000Z"},{"author_id":"4716901901","public_metrics":{"retweet_count":8,"reply_count":1,"like_count":5,"quote_count":1},"id":"1425431191591788545","attachments":{"media_keys":["3_1425431186617389057"]},"lang":"fr","text":"‼️‼️Des collectes sont également organisées par des groupes de jeunes bénévoles à la recherche principalement de Lovenox. Plusieurs vols vers l'Algérie avec les dons collectés sont prévus. #Algerie #Algeria #savedz #PrayForAlgeria #Kabylie #PrayForKabylia https://t.co/a2p6Dfyfm6","created_at":"2021-08-11T12:17:33.000Z"},{"author_id":"923967789400051712","public_metrics":{"retweet_count":1,"reply_count":0,"like_count":2,"quote_count":0},"id":"1425430906106429445","lang":"fr","text":"Quand les pays voisins proposent leur aide à la #Kabylie alors que son propre gouvernement la regarde se faire consommer par les flammes en emportant vies humaines, animales, végétales ... #PrayForAlgeria #kabyliebrule https://t.co/21ROAQtLGH","created_at":"2021-08-11T12:16:25.000Z"},{"author_id":"49739723","public_metrics":{"retweet_count":1,"reply_count":0,"like_count":6,"quote_count":0},"id":"1425430461778640899","lang":"fr","text":"De terribles incendies dévastent la #Kabylie .\nLes villages de la commune d’Akbil à #Tiziouzou sont réduits en cendres. Les villageois livrés à eux même font face à ces flammes. \nTout mon soutien à mes amis kabyles. \n#TiziBrule #Algerie\nhttps://t.co/R3mc033sxn","created_at":"2021-08-11T12:14:39.000Z"},{"author_id":"601996458","public_metrics":{"retweet_count":0,"reply_count":0,"like_count":2,"quote_count":0},"id":"1425430263295889408","attachments":{"media_keys":["3_1425430141317099520","3_1425430167292420098","3_1425430196526718981","3_1425430224045551618"]},"lang":"en","text":"Forest fires in Algeria killed 42 people, including 25 soldiers deployed to help put out the blaze as thick clouds of smoke covered much of the mountainous Kabylie region east of the capital.\n#Algeria #ForestFires #Kabylie #PrayforAlgeria \nSource: Reuters and Twitter https://t.co/OTEL2ipqAD","created_at":"2021-08-11T12:13:52.000Z"},{"author_id":"1477952414","public_metrics":{"retweet_count":1,"reply_count":0,"like_count":1,"quote_count":0},"id":"1425429912635289617","lang":"fr","text":"La Kabylie brule #Kabylie #Algerie #kabyliebrule #Tizi_Ouzou #Bejaia https://t.co/r6cmcNUyXn","created_at":"2021-08-11T12:12:29.000Z"},{"author_id":"483076951","public_metrics":{"retweet_count":4,"reply_count":0,"like_count":0,"quote_count":0},"id":"1425429799699419139","attachments":{"media_keys":["3_1425429302942867461"]},"lang":"fr","text":"Urgent une amie est totalement bloquée à Barbacha, village Ait Sidi Ali elle est encerclée par le feu #Kabylie #savedz https://t.co/9fMnLjyj6R","created_at":"2021-08-11T12:12:02.000Z"},{"author_id":"1109889571771375616","public_metrics":{"retweet_count":0,"reply_count":0,"like_count":0,"quote_count":0},"id":"1425429711346413570","attachments":{"media_keys":["3_1425429708464853000"]},"lang":"fr","text":"Ça peut vous aidez nos chèrs frères Kabyle ❤️\n#Kabylie #incendies https://t.co/NYGTYtQhvR","created_at":"2021-08-11T12:11:41.000Z"},{"author_id":"163944299","public_metrics":{"retweet_count":4,"reply_count":0,"like_count":11,"quote_count":1},"id":"1425429623215693829","attachments":{"media_keys":["3_1425429613577179154"]},"lang":"en","text":"\uD83D\uDD34\uD83D\uDCE2 IMPORTANT #incendie #Kabylie #PrayforAlgeria #Tizi_Ouzou #solidarité https://t.co/72D77U0cbN","created_at":"2021-08-11T12:11:20.000Z"},{"author_id":"1596881311","public_metrics":{"retweet_count":0,"reply_count":0,"like_count":0,"quote_count":0},"id":"1425429598645506053","lang":"fr","text":"@Forecast432hz @FRANCE24 Franchement on s’en fout .. allez les aider ! #Kabylie","created_at":"2021-08-11T12:11:14.000Z"},{"author_id":"1415459139497648130","public_metrics":{"retweet_count":1,"reply_count":0,"like_count":2,"quote_count":0},"id":"1425429540969529357","lang":"fr","text":"Nous cherchons des cagnottes pour aider la Kabylie , des cagnottes digne de confiance car malheureusement des gens vont profitez pour voler , merci de me les partager #Kabylie #Algerie #kabyliebrule","created_at":"2021-08-11T12:11:00.000Z"},{"author_id":"743789552972800000","public_metrics":{"retweet_count":17,"reply_count":1,"like_count":20,"quote_count":0},"id":"1425429454520717313","attachments":{"media_keys":["3_1425429449361723393"]},"lang":"fr","text":"Départ ce samedi d'un semi remorque vers #Tiziouzou (200 couffin de produits alimentaires/200 matelas/200 couvertures et 200 fardeau de lait Candia).\nAssociation Salsabil\n#Mostaganem #Kabylie #savedz https://t.co/5YRFxVPpbP","created_at":"2021-08-11T12:10:39.000Z"},{"author_id":"254678626","public_metrics":{"retweet_count":3,"reply_count":0,"like_count":3,"quote_count":0},"id":"1425429099321905157","attachments":{"media_keys":["3_1425429096381747201"]},"lang":"fr","text":"Respect pour la jeunesse #Kabylie qui à fait face au flammes avec leurs courage comme un seule homme et respect à la solidarité populaire, toutes les wilayas mobilisés pour aider leurs frères #soskabylie le peuple unis #alger #Algerie #PrayForkabylie https://t.co/kbs8f18YEU","created_at":"2021-08-11T12:09:15.000Z"},{"author_id":"922861989650714625","public_metrics":{"retweet_count":0,"reply_count":0,"like_count":2,"quote_count":0},"id":"1425429069106135047","attachments":{"media_keys":["3_1425429066983919640"]},"lang":"und","text":"#PrayForAlgeria \n#AlgeriaIsBurning \n#FiresInAlgeria \n#Tizi_Ouzou \n#Kabylie\n#تيزي_وزو_تحترق \n#الجزائر_تحترق https://t.co/JxnfvXDvV2","created_at":"2021-08-11T12:09:07.000Z"},{"author_id":"1596881311","public_metrics":{"retweet_count":0,"reply_count":0,"like_count":0,"quote_count":0},"id":"1425429067277479939","lang":"fr","text":"@BenoitPayan @marseille @MarinsPompiers Allez y , faites vite ! #Kabylie","created_at":"2021-08-11T12:09:07.000Z"},{"author_id":"1099066293645398016","public_metrics":{"retweet_count":0,"reply_count":0,"like_count":1,"quote_count":0},"id":"1425428895235411973","attachments":{"media_keys":["3_1425428892928593920"]},"lang":"ar","text":"اللهم بردا وسلاما على بلادي.... اللهم ارحم شهداء الواجب الوطني وضحايا الحرائق المفتعلة من أيادي اجرامية... حسبنا الله ونعم الوكيل \uD83D\uDC94\uD83D\uDE2D\n#Kabylie #Algerie #PrayForAlgeria https://t.co/VcFsk4eUWS","created_at":"2021-08-11T12:08:26.000Z"},{"author_id":"1266045486533873669","public_metrics":{"retweet_count":25,"reply_count":0,"like_count":16,"quote_count":0},"id":"1425428662648705029","lang":"fr","text":"Pour les gens de tizi ville, dirigez vers le stade 1er novembre ils font une collecte des dons là-bas, et si vous ne pouvez pas vous déplacer contactez @MAHDI_BADEY  il peut récupérer les dons de chez vous. \n\n#savedz #Kabylie","created_at":"2021-08-11T12:07:31.000Z"},{"author_id":"257062289","public_metrics":{"retweet_count":2,"reply_count":0,"like_count":7,"quote_count":0},"id":"1425428516447924225","attachments":{"media_keys":["3_1425428513910362120"]},"lang":"de","text":"Athnerhem rebbi\n#kabyliebrule #Kabylie #Tizi_Ouzou https://t.co/OrnhOEFmiz","created_at":"2021-08-11T12:06:56.000Z"},{"author_id":"1596881311","public_metrics":{"retweet_count":0,"reply_count":0,"like_count":0,"quote_count":0},"id":"1425428271269879817","lang":"fr","text":"@LesEchos Le nord ? la #Kabylie .. Trois millions de Km2 : dans l’Ouest de la France c’est où ? Idioties ; ET inculture","created_at":"2021-08-11T12:05:57.000Z"},{"author_id":"1618835209","public_metrics":{"retweet_count":1,"reply_count":0,"like_count":4,"quote_count":0},"id":"1425428124918026249","attachments":{"media_keys":["3_1425428121256398856"]},"lang":"ar","text":"يارب إحمي بلدي \uD83C\uDDE9\uD83C\uDDFF بلد المليون ونصف مليون شهيد \uD83D\uDC94 #PrayForAlgeria\n#AlgeriaIsBurning\n#Tiziouzou\n#Algerie #Kabylie\n#kabylie_brûle https://t.co/Ps8gh3k4T6","created_at":"2021-08-11T12:05:22.000Z"},{"author_id":"52170808","public_metrics":{"retweet_count":0,"reply_count":1,"like_count":2,"quote_count":0},"id":"1425428116357500928","lang":"fr","text":"J'ai l'impression que dans les #incendies actuels #grece #turquie #Kabylie #USA etc... On oublie toute la faune et la flore détruite \uD83E\uDD14 c'est pas très bon pour la biodiversite...","created_at":"2021-08-11T12:05:20.000Z"},{"author_id":"2325505801","public_metrics":{"retweet_count":0,"reply_count":0,"like_count":0,"quote_count":0},"id":"1425428108807745538","attachments":{"media_keys":["3_1425428105926266882"]},"lang":"fr","text":"C'est connu le gouvernement algérien a du mal avec la transparence. Sur le #Hirak, la #COVID19 et maintenant les incendies, principalement en #kabylie dans le nord du pays. Mais l'heure est grave pour que certains évitent d'attiser le feu. Le bilan est lourd: 65 morts. #Algerie. https://t.co/jWOXD3V5Eq","created_at":"2021-08-11T12:05:18.000Z"},{"author_id":"1232714177015418881","public_metrics":{"retweet_count":1,"reply_count":1,"like_count":4,"quote_count":0},"id":"1425428063903490051","attachments":{"media_keys":["3_1425428055519019011"]},"lang":"en","text":"#Tizi_Ouzou #TiziOuzou_brule\n#TiziOuzouIsBurning #Kabylie #kabyliebrule #LaKabylieBrûle #PrayForKabylia #FeuxDeForêt #تيزي_وزو_تحترق #تيزي_وزو \n\uD83D\uDD34The president: we have all the necessary means to overcome this crisis.\n\nthe necessary means in question: https://t.co/di5vaIQqyk","created_at":"2021-08-11T12:05:08.000Z"},{"author_id":"939531426202112000","public_metrics":{"retweet_count":0,"reply_count":0,"like_count":1,"quote_count":0},"id":"1425428060455804936","attachments":{"media_keys":["3_1425428053707137026","3_1425428053702889494","3_1425428053723910144","3_1425428053761593350"]},"lang":"und","text":"#savedz #Kabylie #kabylie_brûle #PrayForKabylia #PrayForAlgeria #TiziOuzou_brule #KABYLIESBURNING #sauvezlakabylie #sauveztiziouzou https://t.co/lydws2zouK","created_at":"2021-08-11T12:05:07.000Z"},{"author_id":"1363904617","public_metrics":{"retweet_count":0,"reply_count":2,"like_count":3,"quote_count":0},"id":"1425428031083065353","lang":"fr","text":"#Kabylie  Ce matin j'ai un peu maté @CNEWS pas 1 mot sur cette catastrophe Est ce vraiment étonnant? https://t.co/VQdCuaB7TA","created_at":"2021-08-11T12:05:00.000Z"}],"includes":{"media":[{"media_key":"3_1425443952912650241","type":"photo","url":"https://pbs.twimg.com/media/E8gxuQyWUAEYERZ.jpg"},{"media_key":"3_1425443817868734465","type":"photo","url":"https://pbs.twimg.com/media/E8gxmZtXsAELGar.jpg"},{"media_key":"3_1425443790823870472","type":"photo","url":"https://pbs.twimg.com/media/E8gxk09X0AgmSGp.jpg"},{"media_key":"7_1425443060238929928","public_metrics":{"view_count":49},"type":"video"},{"media_key":"3_1425442403616493571","type":"photo","url":"https://pbs.twimg.com/media/E8gwUFNXEAMWZ4M.jpg"},{"media_key":"3_1425442250167930885","type":"photo","url":"https://pbs.twimg.com/media/E8gwLJkX0AUTxfi.jpg"},{"media_key":"3_1425442082416701442","type":"photo","url":"https://pbs.twimg.com/media/E8gwBYpXMAI03AU.jpg"},{"media_key":"3_1425441808872521730","type":"photo","url":"https://pbs.twimg.com/media/E8gvxdnWQAIQa4J.jpg"},{"media_key":"3_1425441564696973316","type":"photo","url":"https://pbs.twimg.com/media/E8gvjP_XEAQrv59.jpg"},{"media_key":"3_1425441627875778566","type":"photo","url":"https://pbs.twimg.com/media/E8gvm7WXIAYZNG9.jpg"},{"media_key":"7_1425434381137727494","public_metrics":{"view_count":226},"type":"video"},{"media_key":"3_1425441258139488257","type":"photo","url":"https://pbs.twimg.com/media/E8gvRZ-XEAEz9DU.jpg"},{"media_key":"3_1425441262858117123","type":"photo","url":"https://pbs.twimg.com/media/E8gvRrjXoAMOBoG.jpg"},{"media_key":"3_1425440795331600387","type":"photo","url":"https://pbs.twimg.com/media/E8gu2d4XIAMB8eq.jpg"},{"media_key":"3_1425440798229794822","type":"photo","url":"https://pbs.twimg.com/media/E8gu2orWEAYIJAM.jpg"},{"media_key":"3_1425440800897437697","type":"photo","url":"https://pbs.twimg.com/media/E8gu2ynXEAELYPX.jpg"},{"media_key":"3_1425440803061706754","type":"photo","url":"https://pbs.twimg.com/media/E8gu26rXMAI95cv.jpg"},{"media_key":"3_1425439953174081542","type":"photo","url":"https://pbs.twimg.com/media/E8guFcmXMAYCvlq.jpg"},{"media_key":"7_1425434120885243904","public_metrics":{"view_count":918},"type":"video"},{"media_key":"7_1425439362859339780","public_metrics":{"view_count":1241},"type":"video"},{"media_key":"3_1425439149662916611","type":"photo","url":"https://pbs.twimg.com/media/E8gtWrSX0AM8pO5.jpg"},{"media_key":"7_1425437606423240707","public_metrics":{"view_count":1126},"type":"video"},{"media_key":"7_1424847528911163394","public_metrics":{"view_count":43932},"type":"video"},{"media_key":"3_1425436495863762947","type":"photo","url":"https://pbs.twimg.com/media/E8gq8NHWUAMI9XL.jpg"},{"media_key":"3_1425436476695891969","type":"photo","url":"https://pbs.twimg.com/media/E8gq7FtX0AEyFVt.jpg"},{"media_key":"7_1425434850736148488","public_metrics":{"view_count":610},"type":"video"},{"media_key":"3_1425435222292713472","type":"photo","url":"https://pbs.twimg.com/media/E8gpyEsWUAA5WlH.jpg"},{"media_key":"7_1425433948029702144","public_metrics":{"view_count":393},"type":"video"},{"media_key":"7_1425434695437889544","public_metrics":{"view_count":262},"type":"video"},{"media_key":"3_1425434782738132994","type":"photo","url":"https://pbs.twimg.com/media/E8gpYfOXsAIzLkH.jpg"},{"media_key":"3_1425434608997388297","type":"photo","url":"https://pbs.twimg.com/media/E8gpOX_WUAklDng.jpg"},{"media_key":"3_1425434471248039938","type":"photo","url":"https://pbs.twimg.com/media/E8gpGW1WEAI8XA8.jpg"},{"media_key":"3_1425434478193881091","type":"photo","url":"https://pbs.twimg.com/media/E8gpGwtXMAMThay.jpg"},{"media_key":"3_1425432959998480387","type":"photo","url":"https://pbs.twimg.com/media/E8gnuY_X0AM6TJg.jpg"},{"media_key":"3_1425432968080859141","type":"photo","url":"https://pbs.twimg.com/media/E8gnu3GXIAUSCR9.jpg"},{"media_key":"3_1425432983683616769","type":"photo","url":"https://pbs.twimg.com/media/E8gnvxOWUAEV7ug.jpg"},{"media_key":"3_1425432997277405185","type":"photo","url":"https://pbs.twimg.com/media/E8gnwj3XEAEszs-.jpg"},{"media_key":"7_1425431373146374153","public_metrics":{"view_count":168},"type":"video"},{"media_key":"3_1425431215314714633","type":"photo","url":"https://pbs.twimg.com/media/E8gmI1iWQAkkppM.jpg"},{"media_key":"3_1425431186617389057","type":"photo","url":"https://pbs.twimg.com/media/E8gmHKoX0AE2NbA.jpg"},{"media_key":"3_1425430141317099520","type":"photo","url":"https://pbs.twimg.com/media/E8glKUlXMAAS4vk.png"},{"media_key":"3_1425430167292420098","type":"photo","url":"https://pbs.twimg.com/media/E8glL1WXIAIQqdK.png"},{"media_key":"3_1425430196526718981","type":"photo","url":"https://pbs.twimg.com/media/E8glNiQXIAUddp2.jpg"},{"media_key":"3_1425430224045551618","type":"photo","url":"https://pbs.twimg.com/media/E8glPIxXMAIsUB1.png"},{"media_key":"3_1425429302942867461","type":"photo","url":"https://pbs.twimg.com/media/E8gkZhZXoAUPyHI.jpg"},{"media_key":"3_1425429708464853000","type":"photo","url":"https://pbs.twimg.com/media/E8gkxIFWEAgE9Xu.jpg"},{"media_key":"3_1425429613577179154","type":"photo","url":"https://pbs.twimg.com/media/E8gkrmmXEBI_dNk.jpg"},{"media_key":"3_1425429449361723393","type":"photo","url":"https://pbs.twimg.com/media/E8gkiC2WEAE4Pnj.jpg"},{"media_key":"3_1425429096381747201","type":"photo","url":"https://pbs.twimg.com/media/E8gkNf5XEAExiyH.jpg"},{"media_key":"3_1425429066983919640","type":"photo","url":"https://pbs.twimg.com/media/E8gkLyYX0BgbmmF.jpg"},{"media_key":"3_1425428892928593920","type":"photo","url":"https://pbs.twimg.com/media/E8gkBp-WUAAicqA.jpg"},{"media_key":"3_1425428513910362120","type":"photo","url":"https://pbs.twimg.com/media/E8gjrmBXEAgJvd5.jpg"},{"media_key":"3_1425428121256398856","type":"photo","url":"https://pbs.twimg.com/media/E8gjUvRXEAg3dob.jpg"},{"media_key":"3_1425428105926266882","type":"photo","url":"https://pbs.twimg.com/media/E8gjT2KX0AIoYuo.jpg"},{"media_key":"3_1425428055519019011","type":"photo","url":"https://pbs.twimg.com/media/E8gjQ6YWQAMpgpc.jpg"},{"media_key":"3_1425428053707137026","type":"photo","url":"https://pbs.twimg.com/media/E8gjQzoXIAID-mW.jpg"},{"media_key":"3_1425428053702889494","type":"photo","url":"https://pbs.twimg.com/media/E8gjQznWUBY0bRw.jpg"},{"media_key":"3_1425428053723910144","type":"photo","url":"https://pbs.twimg.com/media/E8gjQzsXEAA7UDL.jpg"},{"media_key":"3_1425428053761593350","type":"photo","url":"https://pbs.twimg.com/media/E8gjQz1WEAYIOWB.jpg"}]},"meta":{"newest_id":"1425443955806715904","oldest_id":"1425428031083065353","result_count":100,"next_token":"b26v89c19zqg8o3fpdm8kmdzj80guda6ewm05nd3ksad9"}}