{"data":[{"attachments":{"media_keys":["3_1425968793998741513"]},"lang":"fr","author_id":"117835880","public_metrics":{"retweet_count":1,"reply_count":0,"like_count":0,"quote_count":0},"created_at":"2021-08-12T23:53:48.000Z","text":"La situation semble incontrôlée à Barbach (Bejaia)\n#savedz #Kabylie\nSource: plusieurs pages sur Facebook : Bejaia City, Radio Soummam. https://t.co/setjss4wuR","id":"1425968796246978560"},{"attachments":{"media_keys":["3_1425966165483048968"]},"lang":"fr","author_id":"1041008721164476418","public_metrics":{"retweet_count":0,"reply_count":0,"like_count":0,"quote_count":0},"created_at":"2021-08-12T23:43:22.000Z","text":"SubhanAllah se ne sont pas les #kabyles qui ont dû rejoindre la ligne de front pour défendre notre fraternité, mais le pays entier qui a  rejoins la Kabylie ♥️ #Tiziouzou \uD83E\uDD32\uD83C\uDDE9\uD83C\uDDFF  pensez à #Skikda et les autres villes \uD83D\uDCAA #Algerie #Kabylie et on ne frappe pas un homme à terre #Djamel https://t.co/nQoPdwBdwv","id":"1425966170008657925"},{"attachments":{"media_keys":["3_1425965025185964033","3_1425965025143967751","3_1425965025148211201","3_1425965025190109186"]},"lang":"fr","author_id":"275253266","public_metrics":{"retweet_count":2,"reply_count":1,"like_count":7,"quote_count":0},"created_at":"2021-08-12T23:38:50.000Z","text":"Je pleure ma kabylie !!\nNous allons la reconstruire tous ensemble.\n#PrayForKabylia #ichekfioune #kabylie https://t.co/AVz05YbX6K","id":"1425965029694885896"},{"lang":"und","author_id":"2358110239","public_metrics":{"retweet_count":1,"reply_count":0,"like_count":0,"quote_count":0},"created_at":"2021-08-12T23:30:22.000Z","text":"#Tizi_Ouzou #kabyliebrule #Kabylie #Algerie #Algeria","id":"1425962898136969217"},{"lang":"fr","author_id":"16185228","public_metrics":{"retweet_count":0,"reply_count":0,"like_count":0,"quote_count":0},"created_at":"2021-08-12T23:28:52.000Z","text":"@MediapartBlogs Qui a intérêt à faire brûler le peuple #kabylie et non seulement les forêts #kabylie !?  Qui a intérêt à créer le chaos au Mahgreb ? Lybie , tunisie ? ! Qui a intérêt de vendre de armes au lieu des canadaires ,vaccins , oxygène, des vivres etc ... ?!","id":"1425962521538797570"},{"lang":"fr","author_id":"93397975","public_metrics":{"retweet_count":1,"reply_count":0,"like_count":1,"quote_count":0},"created_at":"2021-08-12T23:20:51.000Z","text":"Vidéo prémonitoire. Les interviewers ont eu du nez ou pas. Le crime est abjecte. Les questions sont nombreuses. Les doubabs sont sortis. La #Kabylie prend des coups mais restera éternelle. RIP Jimmy. https://t.co/elduLR5fft","id":"1425960500609835015"},{"attachments":{"media_keys":["7_1425959445864058884"]},"lang":"in","author_id":"743789552972800000","public_metrics":{"retweet_count":2,"reply_count":0,"like_count":2,"quote_count":0},"created_at":"2021-08-12T23:17:05.000Z","text":"Berbacha #Béjaïa \uD83D\uDE14\uD83D\uDE14 #Kabylie\n#Algérie #savedz https://t.co/JDvOrGgLWX","id":"1425959553334661121"},{"lang":"fr","author_id":"946453537244016640","public_metrics":{"retweet_count":2,"reply_count":0,"like_count":0,"quote_count":0},"created_at":"2021-08-12T23:16:16.000Z","text":"Vous cherchez un développeur #Web / de bot #discord n'hésite pas à me contacter en DM ou sur mon discord accessible sur mon profil ! #Kabylie #Nasser #Algérie #Kurzawa #Shaqiri","id":"1425959348950405121"},{"lang":"fr","author_id":"1324111502027218952","public_metrics":{"retweet_count":0,"reply_count":0,"like_count":0,"quote_count":0},"created_at":"2021-08-12T23:14:35.000Z","text":"Voici une carte Google maps qui ne regroupe que quelques uns des messages twitter(avec le liens des tweets)pour venir en aide a la population Algerienne\n\nhttps://t.co/PrJ9pz3MGx \n\n#Algerie #SOS_FEU_ALGERIE  #PrayForAlgeria #PrayForKabylia #Kabylie #AlgeriaIsBurning","id":"1425958926093373440"},{"lang":"fr","author_id":"1596881311","public_metrics":{"retweet_count":0,"reply_count":0,"like_count":2,"quote_count":0},"created_at":"2021-08-12T23:10:12.000Z","text":"@CDjerbal Toujours, les victimes dont descentes . Pensées à ce père , cette famille : pensée à ces auteurs qui ont fait l’innommable mais restent nos frères en humanité .. #Algerie perdue , #Kabylie gênante et telle Pompéi qui se disloque sous led flammes .. sauf qu’il n’y a pas de volcan","id":"1425957822370656261"},{"attachments":{"media_keys":["7_1425954490625241097"]},"lang":"fr","author_id":"1264147179431702528","public_metrics":{"retweet_count":1,"reply_count":0,"like_count":1,"quote_count":0},"created_at":"2021-08-12T23:10:00.000Z","text":"Merci aux donateurs de Béjaïa ville et autre part ! Continuez à nous faire parvenir vos dons a l'association lahna Smile a Béjaïa , edimco\n#PrayForAlgeria \n#Tizi_Ouzou \n#berbacha \n#Bejaia \n#lakabyliebrûle \n#Kabylie \n#الجزايٴر_تستغيث \n#بجاية_تحترق https://t.co/g96fa7c9h1","id":"1425957772802285568"},{"lang":"fr","author_id":"744532038573760512","public_metrics":{"retweet_count":0,"reply_count":0,"like_count":1,"quote_count":0},"created_at":"2021-08-12T23:09:31.000Z","text":"Est ce que cela est utile pour servir le peuple algerien? #Algerie #Kabylie #Covid19 #Oxygene #Canadair #Rechauffementclimatique #Entreprenariat #Innovation #Developpementdurable https://t.co/nnU2cPVNVr","id":"1425957651712823304"},{"attachments":{"media_keys":["7_1425954189126078466"]},"lang":"fr","author_id":"42010602","public_metrics":{"retweet_count":3,"reply_count":1,"like_count":10,"quote_count":0},"created_at":"2021-08-12T22:57:16.000Z","text":"#Kabylie: Le caporal #Saïd #Chengriha humilié par les #Kabyles https://t.co/MkHCrWrHkk","id":"1425954566693081089"},{"lang":"fr","author_id":"1596881311","public_metrics":{"retweet_count":0,"reply_count":0,"like_count":0,"quote_count":0},"created_at":"2021-08-12T22:55:13.000Z","text":"Re SVP : de toute façon vous ne les exterminerez pas ; ce sont des guerriers #kabylie l’apocalypse en direct https://t.co/WRyO3TIpuo","id":"1425954049933914113"},{"lang":"fr","author_id":"955479318980976641","public_metrics":{"retweet_count":1,"reply_count":0,"like_count":1,"quote_count":0},"created_at":"2021-08-12T22:54:02.000Z","text":"RT UN MAX SVP⚠️⚠️⚠️⚠️⚠️⚠️\n#PrayForKabylia #PrayForAlgeria #LaKabylieBrule #lakabyliebrûle\n#AlgeriaIsBurning #Algeria\n#kabylAidez #kabylie les et sauvez les si vous avez des contact proche de la bas informez les ‼️‼️ https://t.co/wgkSXiMoNQ","id":"1425953755107930114"},{"lang":"fr","author_id":"1596881311","public_metrics":{"retweet_count":0,"reply_count":1,"like_count":3,"quote_count":0},"created_at":"2021-08-12T22:53:15.000Z","text":"Un désastre ..l’apocalypse.. #Kabylie https://t.co/bGc848ap3R","id":"1425953556788563969"},{"attachments":{"media_keys":["3_1425953526145064963"]},"lang":"fr","author_id":"408596415","public_metrics":{"retweet_count":3,"reply_count":1,"like_count":5,"quote_count":0},"created_at":"2021-08-12T22:53:09.000Z","text":"Le dépôt et la distribution des aides se poursuivent au boulevard Krim Belkacem à #Tizi_Ouzou et depuis 3 jours sans arrêt \n\n#algerie #solidarite #kabylie_brule #kabylie https://t.co/257giWxDCF","id":"1425953529471057923"},{"lang":"und","author_id":"1350571107443748869","public_metrics":{"retweet_count":0,"reply_count":0,"like_count":0,"quote_count":0},"created_at":"2021-08-12T22:45:21.000Z","text":"#Algerie #Kabylie #الجزايٴر_تستغيث #الجزائر_تحترق #بجاية_تحترق #تيزي_وزو_تحترق #جمال_بن_سماعيل https://t.co/JYIUX1MmVB","id":"1425951569288306691"},{"attachments":{"media_keys":["7_1425949349226352640","7_1425816165591314443","7_1425816862110085124"]},"lang":"fr","author_id":"1390708816078065666","public_metrics":{"retweet_count":0,"reply_count":0,"like_count":0,"quote_count":0},"created_at":"2021-08-12T22:40:47.000Z","text":"#JesuisDjamelBenIsmail  #manif14aout #maroc #Palestine #Israel #traitres #normalisation #Algerie #Kabylie #Afghanistan #AntiPassSanitaire #الجزائر #FeuxDeForêt  suivez-nous sur telegram \nhttps://t.co/KHWslwsLfV https://t.co/iwzWV4yHWT https://t.co/GXqZCjIr2D https://t.co/fyFAzgSYBu","id":"1425950418388111362"},{"attachments":{"media_keys":["7_1425949309611163653","7_1425816165591314443","7_1425816862110085124"]},"lang":"fr","author_id":"1390708816078065666","public_metrics":{"retweet_count":0,"reply_count":0,"like_count":0,"quote_count":0},"created_at":"2021-08-12T22:40:45.000Z","text":"#JesuisDjamelBenIsmail  #manif14aout #maroc #Palestine #Israel #traitres #normalisation #Algerie #Kabylie #Afghanistan #AntiPassSanitaire #الجزائر #FeuxDeForêt  suivez-nous sur telegram \nhttps://t.co/KHWslwsLfV https://t.co/iwzWV4yHWT https://t.co/GXqZCjIr2D https://t.co/U2rlYRua5Q","id":"1425950411832373254"},{"attachments":{"media_keys":["7_1425949262932856836","7_1425816165591314443","7_1425816862110085124"]},"lang":"fr","author_id":"1390708816078065666","public_metrics":{"retweet_count":0,"reply_count":0,"like_count":0,"quote_count":0},"created_at":"2021-08-12T22:40:36.000Z","text":"#JesuisDjamelBenIsmail  #manif14aout #maroc #Palestine #Israel #traitres #normalisation #Algerie #Kabylie #Afghanistan #AntiPassSanitaire #الجزائر #FeuxDeForêt  suivez-nous sur telegram \nhttps://t.co/KHWslwsLfV https://t.co/iwzWV4yHWT https://t.co/GXqZCjIr2D https://t.co/7LXyBoDhYJ","id":"1425950373236379650"},{"attachments":{"media_keys":["7_1425948532117315587"]},"lang":"und","author_id":"1286074160","public_metrics":{"retweet_count":0,"reply_count":0,"like_count":0,"quote_count":0},"created_at":"2021-08-12T22:37:40.000Z","text":"#Tizi_Ouzou #Algerie #DjamelBensmail #algerien #Kabylie #kabylie_brule #algeriebrule https://t.co/yevqlxAwTw","id":"1425949633247911940"},{"lang":"fr","author_id":"112524691","public_metrics":{"retweet_count":0,"reply_count":0,"like_count":1,"quote_count":0},"created_at":"2021-08-12T22:37:37.000Z","text":"#Planete cramée.\n\nAprès #DixieFire et la #Kabylie, l'#Algérie totalement out.\n\nhttps://t.co/rjWKl42Gkn #climat #shame","id":"1425949622657290245"},{"attachments":{"media_keys":["7_1425949220960444423","7_1425816165591314443","7_1425816862110085124"]},"lang":"fr","author_id":"1390708816078065666","public_metrics":{"retweet_count":0,"reply_count":0,"like_count":0,"quote_count":0},"created_at":"2021-08-12T22:36:52.000Z","text":"#JesuisDjamelBenIsmail  #manif14aout #maroc #Palestine #Israel #traitres #normalisation #Algerie #Kabylie #Afghanistan #AntiPassSanitaire #الجزائر #FeuxDeForêt  suivez-nous sur telegram \nhttps://t.co/KHWslwsLfV https://t.co/iwzWV4yHWT https://t.co/GXqZCjIr2D https://t.co/1i8t6Ghiuu","id":"1425949432017719302"},{"lang":"fr","author_id":"103944069","public_metrics":{"retweet_count":0,"reply_count":0,"like_count":0,"quote_count":0},"created_at":"2021-08-12T22:36:05.000Z","text":"#Planete cramée.\n\nAprès #DixieFire et la #Kabylie, l'#Algérie totalement out.\n\nhttps://t.co/kAqfoKohdu #climat #shame","id":"1425949235611115526"},{"lang":"fr","author_id":"1166388187922612224","public_metrics":{"retweet_count":2,"reply_count":0,"like_count":4,"quote_count":0},"created_at":"2021-08-12T22:33:21.000Z","text":"#Belmadi salue la solidarité des Algériens et appelle « à la sagesse afin d’éviter les dépassements et les divisions »\n\nLire l'article ⤵️\n\n#Algerie #Algeria #AlgeriaIsBurning #PrayForAlgeria #savedz #SaveAlgeria #Kabylie #PrayForKabylia\n\nhttps://t.co/Q16xPYm5EE","id":"1425948547510321154"},{"attachments":{"media_keys":["3_1425948017304166404"]},"lang":"und","author_id":"1181537540844720128","public_metrics":{"retweet_count":1,"reply_count":0,"like_count":1,"quote_count":0},"created_at":"2021-08-12T22:31:16.000Z","text":"#Kabylie #algeriebrule https://t.co/fg10fjPgbQ","id":"1425948022500962309"},{"lang":"fr","author_id":"17214347","public_metrics":{"retweet_count":0,"reply_count":0,"like_count":0,"quote_count":0},"created_at":"2021-08-12T22:26:45.000Z","text":"Séance d'autocelebration du soit disant peuple \"algérien\". Ils s'admirent eux même de leur propre générosité envers ces kabyles qui ne le mérite à peine #kabylie","id":"1425946886922514435"},{"attachments":{"media_keys":["3_1425946854487994368"]},"lang":"ar","author_id":"2978995108","public_metrics":{"retweet_count":0,"reply_count":2,"like_count":5,"quote_count":0},"created_at":"2021-08-12T22:26:38.000Z","text":"\uD83D\uDC94\uD83D\uDC94\uD83D\uDC94\uD83D\uDC94\uD83D\uDC94\nالجزائر ماتت في قلبي البارح  الله غالب عيت نخبيي \n#Algerie \n#Kabylie \n#elyed_felyed https://t.co/j61OGI40Gl","id":"1425946857050681346"},{"lang":"ar","author_id":"178804106","public_metrics":{"retweet_count":0,"reply_count":0,"like_count":1,"quote_count":0},"created_at":"2021-08-12T22:25:27.000Z","text":"شاهد عيان:\nشاب من #الجزائر يتكلم بحرقة\nاذا لم يتم القبض على كل المتورطين في #تيزي_وزو\nبهذه الجريمة فأن حق #جمال_بن_سماعيل\nاذا ضاع في الارض لن يضيع في السماء\nhttps://t.co/EYRNeCrFAj\n#الجزاير_تحترق\n#JusticePourDjamelBenIsmail \nTebboune\n#Kabylie\n#PrayForAlgeria\n#Tizi_Ouzou","id":"1425946561142472708"},{"attachments":{"media_keys":["7_1425945609102561281"]},"lang":"pt","author_id":"89751299","public_metrics":{"retweet_count":11,"reply_count":2,"like_count":14,"quote_count":0},"created_at":"2021-08-12T22:22:12.000Z","text":"SOS BARBACHA #Kabylie #kabylie_brule #kabylie_brûle https://t.co/FzNZd5yhx9","id":"1425945741852282881"},{"lang":"und","author_id":"4610389589","public_metrics":{"retweet_count":0,"reply_count":0,"like_count":0,"quote_count":0},"created_at":"2021-08-12T22:22:05.000Z","text":"#savedz #SaveAlgeria #Kabylie #Algerie #Algeria https://t.co/XaR54kVwAg","id":"1425945714878713866"},{"lang":"fr","author_id":"17214347","public_metrics":{"retweet_count":0,"reply_count":1,"like_count":2,"quote_count":1},"created_at":"2021-08-12T22:20:33.000Z","text":"#kabylie les incendies ont ils été déclenchés depuis des hélicoptères de l'armée algérienne ? https://t.co/8Zu4fP3Lve","id":"1425945328042319872"},{"attachments":{"media_keys":["3_1425943914528362496"]},"lang":"fr","author_id":"4610389589","public_metrics":{"retweet_count":0,"reply_count":0,"like_count":0,"quote_count":0},"created_at":"2021-08-12T22:16:19.000Z","text":"DES GENS DE ATH MESBAH SVP ?? \uD83D\uDCE2\n #savedz #Tizi_Ouzou #LaKabylieBrule #Kabylie https://t.co/tjJ7DyGIAr","id":"1425944262261227528"},{"attachments":{"media_keys":["7_1425942572233633792"]},"lang":"fr","author_id":"1251821607594622976","public_metrics":{"retweet_count":0,"reply_count":2,"like_count":3,"quote_count":1},"created_at":"2021-08-12T22:10:58.000Z","text":"Apparemment c’est l’Algérie elle même qui a déclenché les feux en #Kabylie https://t.co/bCZUGYzG6J","id":"1425942913834528770"},{"lang":"fr","author_id":"899434910901039104","public_metrics":{"retweet_count":0,"reply_count":0,"like_count":0,"quote_count":0},"created_at":"2021-08-12T22:08:39.000Z","text":"Petite précision de l’association, le dépôt d’Argenteuil ne prend plus de dons. Ils sont saturés. @assoc_APFA #Algerie #Algerie_brule #kabyliebrule #Kabylie https://t.co/ZiDooQTbGv","id":"1425942331308617730"},{"attachments":{"media_keys":["7_1425941169813528578"]},"lang":"fr","author_id":"960856499714224134","public_metrics":{"retweet_count":1,"reply_count":0,"like_count":3,"quote_count":0},"created_at":"2021-08-12T22:05:25.000Z","text":"@FRANCE24, voici pour vous, au lieu de partager les images plates et insignifiantes que vous envoient les « médias ».\n&gt; El Bir, à Barbacha, Béjaïa\n#Kabylie #PrayForKabylie #PrayForKabylia #Bougie #Barbacha https://t.co/qAvAv1Wqdv","id":"1425941517370265601"},{"lang":"fr","author_id":"776159941","public_metrics":{"retweet_count":2,"reply_count":1,"like_count":7,"quote_count":0},"created_at":"2021-08-12T22:04:27.000Z","text":"@lygoumeziane Le peuple algérien est fraternel \nQuand la #Kabylie, #Skikda ou une autre région d' Algérie brûlent c'est toute l' #Algerie qui brûle \n#algeriebrule","id":"1425941276042670083"},{"attachments":{"media_keys":["7_1425939576519016461"]},"lang":"fr","author_id":"2715219673","public_metrics":{"retweet_count":5,"reply_count":1,"like_count":17,"quote_count":1},"created_at":"2021-08-12T22:01:16.000Z","text":"\uD83D\uDD34#Algérie| Des flammes gigantesques ravagent la #Kabylie https://t.co/qklNV608m9","id":"1425940476096618499"},{"attachments":{"media_keys":["7_1425937934038016000"]},"lang":"fr","author_id":"257062289","public_metrics":{"retweet_count":79,"reply_count":13,"like_count":95,"quote_count":3},"created_at":"2021-08-12T21:53:29.000Z","text":"Ma ville natale aussi elle brûle #SosSkikda #Skikda #SidiMezghiche \nLes montagnes et les plaines de la région sont aussi dense comme ceux de la #Kabylie \nAidez les avant que ça soit le même épisode que #TiziOuzou\n#Algerie #Skikda_Brûle https://t.co/paI4LQJWey","id":"1425938514085138438"},{"lang":"fr","author_id":"1350025703807471616","public_metrics":{"retweet_count":0,"reply_count":2,"like_count":9,"quote_count":0},"created_at":"2021-08-12T21:48:49.000Z","text":"\uD83E\uDD32\uD83C\uDFFCPuisse Allah notre Seigneur nous pardonner la folie des Hommes.\nSeigneur accueille notre frère #DjamelBensmail dans ta Demeure et accepte son repentir. Console ses parents et apaise leurs souffrances. \nPuisse Allah nous donner la patience et le discernement.\nAmin\uD83E\uDD32\uD83C\uDFFC\n#Kabylie","id":"1425937342578237449"},{"lang":"fr","author_id":"3253083733","public_metrics":{"retweet_count":0,"reply_count":2,"like_count":0,"quote_count":0},"created_at":"2021-08-12T21:45:39.000Z","text":"Quelqu’un  a-t-il entendu parler d’une vidéo survolant un #incendie en #Kabylie \nOn me dit que ⤵️⤵️⤵️⤵️\n(((l’appareil a lâché quelque chose des airs ce qui a amplifié les flammes)))\uD83D\uDD25 \n\uD83E\uDD7A\uD83E\uDD14\uD83E\uDD7A\uD83E\uDD14\uD83E\uDD7A\uD83E\uDD14\uD83E\uDD7A\uD83E\uDD14\uD83E\uDD7A\uD83E\uDD14 https://t.co/KPMiZTSZrC","id":"1425936546553909258"},{"lang":"fr","author_id":"436987962","public_metrics":{"retweet_count":1,"reply_count":0,"like_count":0,"quote_count":0},"created_at":"2021-08-12T21:42:51.000Z","text":"#Algérie(Sos #Enfance) #RCD++ #TransitionDémocratique++ #Tamazight(Officielle) #Kabylie-#Aures-#MZab++ #Afrique[#Dz++/#Ww3 #VendreDire(SolidaritéDétenu(e)s #KhaledDRARENI++ #8Mars(Jidf) #Ww4(Vs#COVID19/Vaccinat°+]\n\nTrabendo #BouMafia&amp;AlgérieVsCriminels #FeuxDeForêts..: https://t.co/bYsiSqH7l9","id":"1425935839729684483"},{"attachments":{"media_keys":["3_1425935754140831752"]},"lang":"fr","author_id":"74180989","public_metrics":{"retweet_count":12,"reply_count":3,"like_count":14,"quote_count":0},"created_at":"2021-08-12T21:42:32.000Z","text":"En #Kabylie les expressions comme \"Mettre un pays à feu et à sang\", \"appliquer la politique de la terre brûlée\"... là, maintenant, on sait ce que c'est.\n#PrayForKabylia\n#Bejaia #Tizi_Ouzou #kabyliebrule https://t.co/JVPO5Buiuk","id":"1425935759278809091"},{"attachments":{"media_keys":["7_1425935497487134726"]},"lang":"und","author_id":"1176909973206573057","public_metrics":{"retweet_count":2,"reply_count":0,"like_count":3,"quote_count":1},"created_at":"2021-08-12T21:41:44.000Z","text":"#UrgenceAlgerie\n#Kabylie \n#Algerie\n#LaKabylieBrule https://t.co/JzjnRSrUmp","id":"1425935558291955712"},{"lang":"fr","author_id":"436987962","public_metrics":{"retweet_count":1,"reply_count":0,"like_count":0,"quote_count":0},"created_at":"2021-08-12T21:39:42.000Z","text":"#Algérie(Sos #Enfance) #RCD++ #TransitionDémocratique++ #Tamazight(Officielle) #Kabylie-#Aures-#MZab++ #Afrique[#Dz++/#Ww3 #VendreDire(SolidaritéDétenu(e)s #KhaledDRARENI++ #8Mars(Jidf) #Ww4(Vs#COVID19/Vaccinat°+]\n\nEnSolidaritéVsCriminels #FeuxDeForêts..: https://t.co/vlC3OzqYKL","id":"1425935047316709376"},{"attachments":{"media_keys":["7_1425909612843253765"]},"lang":"fr","author_id":"1062802978749464577","public_metrics":{"retweet_count":19,"reply_count":6,"like_count":47,"quote_count":2},"created_at":"2021-08-12T21:34:11.000Z","text":"Ce n'est pas un #volcan\nC'est la #Kabylie qui brûle \uD83D\uDC94\uD83D\uDE22\n#PrayForAlgeria\uD83C\uDDE9\uD83C\uDDFF\n https://t.co/T2nKWZZUzd","id":"1425933657974378497"},{"lang":"fr","author_id":"1394436904918163456","public_metrics":{"retweet_count":1,"reply_count":0,"like_count":4,"quote_count":0},"created_at":"2021-08-12T21:32:39.000Z","text":"Laisser des êtres humains livrée à eux-mêmes, dans un désastre comme celui de la #Kabylie et refuser les aides proposer est un crime contre l'humanité.\n#kabyliebrule @ONU_fr @AmnestyAlgerie @amnestyfrance","id":"1425933272996106242"},{"lang":"fr","author_id":"1339212000753225731","public_metrics":{"retweet_count":0,"reply_count":1,"like_count":2,"quote_count":0},"created_at":"2021-08-12T21:32:26.000Z","text":"Je vais vous mettre les infos de l’asso qui gère sur Paris. Un envoi est prévu chaque vendredi. Les pdts les + importants sont la biafine, le doliprane enfant et adulte et les masques #AlgeriaIsBurning #Algerie #Kabylie","id":"1425933219434741761"},{"lang":"und","author_id":"1273726824695189504","public_metrics":{"retweet_count":3,"reply_count":0,"like_count":3,"quote_count":1},"created_at":"2021-08-12T21:32:14.000Z","text":"SVP \uD83D\uDC94\uD83D\uDC94\uD83D\uDC94‼️‼️‼️‼️ #Kabylie https://t.co/2M7pGNf6ea","id":"1425933168599838725"},{"lang":"fr","author_id":"701001861655040006","public_metrics":{"retweet_count":0,"reply_count":0,"like_count":2,"quote_count":0},"created_at":"2021-08-12T21:31:26.000Z","text":"#Algérie #Kabylie #Feux Feux de forêt : création d'un Fonds spécial pour l'indemnisation des sinistrés https://t.co/5fVnnasp6t","id":"1425932964861448193"},{"attachments":{"media_keys":["3_1425932457979916292","3_1425932458047033350","3_1425932458554499083","3_1425932459196227591"]},"lang":"fr","author_id":"463133503","public_metrics":{"retweet_count":8,"reply_count":0,"like_count":22,"quote_count":0},"created_at":"2021-08-12T21:29:27.000Z","text":"La communauté #kabyle de @marseille s’est réunie ce soir au Vieux Port pour une veillée &amp; un temps de recueillement en la mémoire de toutes les victimes des incendies qui sévissent encore ce soir en #Kabylie, qui vit une véritable catastrophe humanitaire, écologique &amp; économique https://t.co/jnxM7CPBA9","id":"1425932467429576711"},{"lang":"fr","author_id":"701001861655040006","public_metrics":{"retweet_count":1,"reply_count":0,"like_count":7,"quote_count":0},"created_at":"2021-08-12T21:28:57.000Z","text":"#Algérie #Kabylie #Djamel_Bensmain Le père de jeune homme  brulé vif en Kabylie appelle à éteindre le feu de la fitna https://t.co/bLoi3pgq3V","id":"1425932341885775883"},{"attachments":{"media_keys":["3_1425932298223034378"]},"lang":"en","author_id":"2868874131","public_metrics":{"retweet_count":0,"reply_count":0,"like_count":0,"quote_count":0},"created_at":"2021-08-12T21:28:47.000Z","text":"Try to visit @2algerianstravel Instagram account to understand what is happening in Algeria \uD83C\uDDE9\uD83C\uDDFF she is sharing all about crurent fires in Algeria \n#PrayForAlgeria \n#globalcall \n#Algeria_forest_fires \n#kabylie\n#Algeria https://t.co/KI8dqxVhVF","id":"1425932301196746752"},{"lang":"fr","author_id":"1274757037155651584","public_metrics":{"retweet_count":2,"reply_count":0,"like_count":3,"quote_count":0},"created_at":"2021-08-12T21:26:49.000Z","text":"Au lieu de dire n'importe quoi pensez à tout c'est feux et à votre pays. \n#PrayForAlgeria #PrayForKabylia #Algerie #Kabylie","id":"1425931806642163719"},{"attachments":{"media_keys":["7_1425930712453165064"]},"lang":"en","author_id":"52571677","public_metrics":{"retweet_count":1,"reply_count":1,"like_count":4,"quote_count":0},"created_at":"2021-08-12T21:23:06.000Z","text":"Blazes raged across northern #Algeria on Thursday as the country observed a national day of mourning for dozens of people killed in the latest #WildFires \n #Kabylie  #Algiers\nhttps://t.co/tusLEKidhS https://t.co/Yq62M6RJMw","id":"1425930871572418560"},{"lang":"fr","author_id":"436987962","public_metrics":{"retweet_count":0,"reply_count":0,"like_count":0,"quote_count":0},"created_at":"2021-08-12T21:14:55.000Z","text":"#Algérie(Sos #Enfance) #RCD++ #TransitionDémocratique++ #Tamazight(Officielle) #Kabylie-#Aures-#MZab++ #Afrique[#Dz++/#Ww3 #VendreDire(SolidaritéDétenu(e)s #KhaledDRARENI++ #8Mars(Jidf) #Ww4(Vs#COVID19/Vaccinat°+]\n\n#IleDeFrance EnSolidaritéAvcL'AlgérieVsCriminels #FeuxDeForêts..: https://t.co/XqDHjotLCI","id":"1425928811087028224"},{"lang":"fr","author_id":"16664925","public_metrics":{"retweet_count":1,"reply_count":1,"like_count":1,"quote_count":2},"created_at":"2021-08-12T21:14:01.000Z","text":"Les villes de #Bouira, #Sétif, #Khenchela, Guelma, Bejaïa, Bordj Bou Arreridj, #Boumerdès, #Tiaret, #Médéa, Tébessa, #Blida et #Skikda sont également touchées par les incendies. Il n'y a pas que la #Kabylie.","id":"1425928584204595204"},{"lang":"fr","author_id":"1425808896564793348","public_metrics":{"retweet_count":0,"reply_count":0,"like_count":0,"quote_count":0},"created_at":"2021-08-12T21:14:01.000Z","text":"Abdou semmar \uD83C\uDDE9\uD83C\uDDFF \uD83D\uDD90️: Pourquoi l'Algérie refuse l'aide du Maroc ? Les vraies raisons\n#tebboune #Algerie #maroc #kabylie \nhttps://t.co/MWadXeHSUs","id":"1425928583650889732"},{"lang":"fr","author_id":"1264147179431702528","public_metrics":{"retweet_count":1,"reply_count":0,"like_count":2,"quote_count":0},"created_at":"2021-08-12T21:13:33.000Z","text":"Le feu a atteint la pompe à essence d'El Bir à Barbacha\n\nLe renfort n'est toujours pas là. Les habitants sont entourés par les flammes \n\n#savedz \n#SaveAlgeria \n#Kabylie \n#Bejaia \n#kabyliebrule","id":"1425928467414241285"},{"lang":"fr","author_id":"436987962","public_metrics":{"retweet_count":1,"reply_count":0,"like_count":0,"quote_count":0},"created_at":"2021-08-12T21:13:11.000Z","text":"#Algérie(Sos #Enfance) #RCD++ #TransitionDémocratique++ #Tamazight(Officielle) #Kabylie-#Aures-#MZab++ #Afrique[#Dz++/#Ww3 #VendreDire(SolidaritéDétenu(e)s #KhaledDRARENI++ #8Mars(Jidf) #Ww4(Vs#COVID19/Vaccinat°+]\n\n#Jijel/SolidaritéVsCriminels #FeuxDeForêts Cc @DzCalling++..: https://t.co/rKtL2oG67p","id":"1425928373012996097"},{"attachments":{"media_keys":["7_1425928204930400257"]},"lang":"fr","author_id":"3418966096","public_metrics":{"retweet_count":4,"reply_count":1,"like_count":7,"quote_count":0},"created_at":"2021-08-12T21:13:09.000Z","text":"\uD83D\uDEA8#SOS\uD83D\uDEA8La Kabylie brûle \uD83D\uDD25\uD83D\uDD25\uD83D\uDD25\n            ⚠️ Les Habitants en danger ⚠️\n#Kabylie https://t.co/w58OBqNS7S","id":"1425928367157792777"},{"lang":"fr","author_id":"1102139693053984768","public_metrics":{"retweet_count":0,"reply_count":2,"like_count":7,"quote_count":0},"created_at":"2021-08-12T21:13:04.000Z","text":"Pauvre Algérie tu te transforme en barbecue géant #kabylie  #Béjaïa #Jijel #Annaba","id":"1425928344911101952"},{"lang":"fr","author_id":"3222680639","public_metrics":{"retweet_count":1,"reply_count":0,"like_count":2,"quote_count":0},"created_at":"2021-08-12T21:13:04.000Z","text":"Ce que la #Kabylie sait de ses ennemis, c'est qu'ils l'ont toujours trouvée.","id":"1425928343237578752"},{"lang":"fr","author_id":"1166388187922612224","public_metrics":{"retweet_count":0,"reply_count":1,"like_count":3,"quote_count":0},"created_at":"2021-08-12T21:12:22.000Z","text":"Exécution de #Djamel_Bensmaïl : #Tebboune tape du poing sur la table\n\nLire l'article ⤵️\n\n#Algeria #Algérie #AlgeriaIsBurning\n#algeriebrule #savedz #kabyliebrule #Kabylie #KABYLIESBURNING\nhttps://t.co/utpgmmLfAF","id":"1425928170176491530"},{"attachments":{"media_keys":["3_1425927865321902084"]},"lang":"und","author_id":"899434910901039104","public_metrics":{"retweet_count":5,"reply_count":0,"like_count":1,"quote_count":0},"created_at":"2021-08-12T21:11:11.000Z","text":"@assoc_APFA #Lyon #Argenteuil #kabyliebrule #kabylie #algerie https://t.co/Shg2D0W65g https://t.co/bA4zMmp7Lm","id":"1425927869398671371"},{"lang":"in","author_id":"1274757037155651584","public_metrics":{"retweet_count":0,"reply_count":0,"like_count":3,"quote_count":0},"created_at":"2021-08-12T21:10:53.000Z","text":"Mais c'est incroyable #Beni_Douala ra7et fiha w makanch khlah tiyarat win biha win !! #Kabylie #kabyliebrule #PrayForKabylia #PrayForAlgeria","id":"1425927793800617986"},{"attachments":{"media_keys":["3_1425927760585891849"]},"lang":"fr","author_id":"2706917147","public_metrics":{"retweet_count":0,"reply_count":0,"like_count":6,"quote_count":0},"created_at":"2021-08-12T21:10:46.000Z","text":"Le prix d’un Canadair est de 25millions d’Euros, on devrait en avoir minimum 10 surtout pour un pays méditerranéen \nCertains barah avec en 1 soirée en Algérie \nD’autres klaouham choua \nTrop la rage \uD83D\uDE21 \n#PrayForAlgeria #khenchela #Kabylie #Algerie_brule #Canadair https://t.co/ItGor8i9bX","id":"1425927764306190342"},{"lang":"fr","author_id":"1350873702532075520","public_metrics":{"retweet_count":0,"reply_count":0,"like_count":1,"quote_count":0},"created_at":"2021-08-12T21:10:11.000Z","text":"On cherche un fourgon pour transporter les dons de Blida à tizi ouzou veuillez contacter ce numéro si vous avez des informations: 0664788743\n#savedz #Kabylie #tiziouzou","id":"1425927619602698249"},{"lang":"fr","author_id":"436987962","public_metrics":{"retweet_count":0,"reply_count":0,"like_count":0,"quote_count":0},"created_at":"2021-08-12T21:09:28.000Z","text":"#Algérie(Sos #Enfance) #RCD++ #TransitionDémocratique++ #Tamazight(Officielle) #Kabylie-#Aures-#MZab++ #Afrique[#Dz++/#Ww3 #VendreDire(SolidaritéDétenu(e)s #KhaledDRARENI++ #8Mars(Jidf) #Ww4(Vs#COVID19/Vaccinat°+]\n\nSituationInéditeEnAlgérie/170Criminels #FeuxDeForêts..: https://t.co/ltX9CQzcNv","id":"1425927438366826504"},{"attachments":{"media_keys":["3_1425927344414511104"]},"lang":"fr","author_id":"1565788418","public_metrics":{"retweet_count":7,"reply_count":1,"like_count":26,"quote_count":1},"created_at":"2021-08-12T21:09:06.000Z","text":"SM le Roi #MohammedVI adresse un message de condoléances et de compassion au président algérien  @TebbouneAmadjid suite aux #incendies de forêts qui ont ravagé certaines wilayas au Nord de l'#Algerie soeur, faisant plusieurs victimes.\n#feuxDeForet #Algerie_brule #Maroc #Kabylie https://t.co/WW5agywcp8","id":"1425927346322817031"},{"lang":"fr","author_id":"16664925","public_metrics":{"retweet_count":1,"reply_count":1,"like_count":1,"quote_count":1},"created_at":"2021-08-12T21:07:28.000Z","text":"Avez-vous remarqué que les personnalités et médias français ont tendance à trop citer la #Kabylie concernant les incendies. On croirait presque que c'est un pays. La cagnotte solidaire que je propose n'exclut pas les autres régions de l' #Algérie https://t.co/F7FSGQARiU","id":"1425926934832328710"},{"attachments":{"media_keys":["3_1425925695570681856"]},"lang":"fr","author_id":"1241140173922086912","public_metrics":{"retweet_count":0,"reply_count":0,"like_count":0,"quote_count":0},"created_at":"2021-08-12T21:02:33.000Z","text":"#kabylie #PrayForKabylia #algerie #algeria \n#الجزائر\nEnlevez vos tenailles!\nKabylie encerclée par le feu depuis 5j!!!\nvous avez empêché l'aide de la communauté internationale comme vous bloquez l'aide de la diaspora\nAvec deux canaderes Fr on a la visite du général et son ministre https://t.co/llzE6fGMgD https://t.co/ZgVRJVIn9D","id":"1425925698296889352"},{"lang":"und","author_id":"894360220482371584","public_metrics":{"retweet_count":9,"reply_count":0,"like_count":7,"quote_count":0},"created_at":"2021-08-12T21:01:17.000Z","text":"#Kabylie #kabyliebrule https://t.co/WQUHvpIhMl","id":"1425925378112163853"},{"lang":"fr","author_id":"875490776","public_metrics":{"retweet_count":2,"reply_count":0,"like_count":2,"quote_count":0},"created_at":"2021-08-12T21:01:07.000Z","text":"RT SVP N’HÉSITEZ PAS À CONTACTER!!!!! #Algerie #Kabylie #TiziOuzou_brule #savedz https://t.co/9TtBENzvUE","id":"1425925337351966736"},{"lang":"fr","author_id":"1294901147749187584","public_metrics":{"retweet_count":0,"reply_count":0,"like_count":0,"quote_count":0},"created_at":"2021-08-12T21:00:56.000Z","text":"Le village de mes grands parents…\uD83D\uDC94\uD83D\uDC94\uD83D\uDC94 #Kabylie \n\n https://t.co/ZkgMOCMlcN","id":"1425925290044403714"},{"lang":"fr","author_id":"1726773228","public_metrics":{"retweet_count":1,"reply_count":1,"like_count":1,"quote_count":0},"created_at":"2021-08-12T20:59:38.000Z","text":"la #mairiedeparis les élus PS sont prompts à la générosité avec l'argent des autres. @Anne_Hidalgo, ses maires PEC et ses 37 adjoints  grassement payés pour des emplois quasi fictifs vont réunir la somme et faire un don de 30 000 € de leur poche, par exemplarité pr la #Kabylie! https://t.co/Sn33HLv1V8","id":"1425924964344074244"},{"attachments":{"media_keys":["3_1425924724048240642"]},"lang":"fr","author_id":"2194756363","public_metrics":{"retweet_count":10,"reply_count":1,"like_count":26,"quote_count":1},"created_at":"2021-08-12T20:58:41.000Z","text":"Rahima'Allahou #DjamelBensmail, lynché, battu puis brûlé vif par une foule déchaînée alors qu'il était parti aider la population locale en #Kabylie https://t.co/99qiRyau1u","id":"1425924726602571776"},{"attachments":{"media_keys":["3_1425924611242352657","3_1425924616749518851","3_1425924621417828368"]},"lang":"fr","author_id":"977218636464181249","public_metrics":{"retweet_count":2,"reply_count":1,"like_count":10,"quote_count":0},"created_at":"2021-08-12T20:58:17.000Z","text":"#SOS Béni douala est ravagé par le feux !! La commune est en détresse !! \n\n#kabyliebrule #TiziOuzou_brule #PrayForKabylia #PrayForAlgeria #Kabylie #Algerie #SOS #تيزي_وزو_تحترق #الجزايٴر_تستغيث https://t.co/Kx0366X5XN","id":"1425924625750450177"},{"lang":"fr","author_id":"875490776","public_metrics":{"retweet_count":2,"reply_count":0,"like_count":1,"quote_count":0},"created_at":"2021-08-12T20:57:48.000Z","text":"SVP RT CEST IMPORTANT ESSAYER D’ENVOYEZ LES DONS LTEM!!! #Kabylie #Algerie_brule #Algerie #savedz https://t.co/rL7Ni6lP0D","id":"1425924500932202507"},{"lang":"en","author_id":"468415276","public_metrics":{"retweet_count":0,"reply_count":0,"like_count":0,"quote_count":0},"created_at":"2021-08-12T20:56:08.000Z","text":"#Algeria: The lynched young man's father calls for peace &amp; says \"The people of #Kabylie are our brothers.\" Incredible strength&amp; wisdom from a man who lost his son in a horrifying and barbaric manner as a crowd executed him without evidence. \n#kabyliebrule\n\nhttps://t.co/oRUxXLp8bx","id":"1425924083447996417"},{"lang":"fr","author_id":"1115560546282168321","public_metrics":{"retweet_count":1,"reply_count":0,"like_count":0,"quote_count":0},"created_at":"2021-08-12T20:54:24.000Z","text":"\uD83C\uDD98 At Dawla brûle ! \n#Algerie #Incendies #Savedz #KabylieBrule #Kabylie #HelpAlgeria","id":"1425923645734596614"},{"attachments":{"media_keys":["7_1425923355459432450"]},"lang":"fr","author_id":"977218636464181249","public_metrics":{"retweet_count":4,"reply_count":0,"like_count":6,"quote_count":0},"created_at":"2021-08-12T20:54:09.000Z","text":"Béni douala en détresse,  le citoyen ils sont fatigués,  ils sont livrés à eux même, le feux les ravagent !!\n#kabyliebrule #TiziOuzou_brule #benidouala #URGENT #emrgencu #Algerie #Kabylie https://t.co/uNoKRj25xE","id":"1425923586007707656"},{"attachments":{"media_keys":["7_1425921354747072519"]},"lang":"und","author_id":"1102956263598624778","public_metrics":{"retweet_count":4,"reply_count":0,"like_count":5,"quote_count":2},"created_at":"2021-08-12T20:49:00.000Z","text":"#benidouala #Tizi_Ouzou #savedz #Algeria #Kabylie #AlgeriaIsBurning #PrayForAlgeria #PrayForKabylia #sauvezlakabylie #sauveztiziouzou #تيزي_وزو_تحترق #Tizi_Ouzou #savedz #savedz #savedz https://t.co/Ay7BXuTJFI","id":"1425922288248033290"},{"lang":"fr","author_id":"562458090","public_metrics":{"retweet_count":1,"reply_count":1,"like_count":1,"quote_count":0},"created_at":"2021-08-12T20:48:05.000Z","text":"J’ai quand même appris avec stupéfaction que avec toutes les forêts qu’à l’Algérie ils n’ont AUCUN canadair. C’est aberrant. C’est honteux. #kabylie https://t.co/HDjhe749ac","id":"1425922055837569033"},{"lang":"fr","author_id":"1166388187922612224","public_metrics":{"retweet_count":0,"reply_count":0,"like_count":3,"quote_count":0},"created_at":"2021-08-12T20:47:25.000Z","text":"Incendies de forêts en #Algérie : 22 suspects arrêtés par la police\n\nLire l'article ⤵️\n\n#Tebboune #Kabylie #kabyliebrule\n\nhttps://t.co/eiDjZu8xzd","id":"1425921887989862412"},{"lang":"ar","author_id":"178804106","public_metrics":{"retweet_count":0,"reply_count":0,"like_count":1,"quote_count":0},"created_at":"2021-08-12T20:46:02.000Z","text":"رئيس #الجزائر عبد المجيد تبون يتحدث لأول مرة\nعن المغدور به #جمال_بن_اسماعيل بـ #تيزي_وزو\n https://t.co/gYaATtspJQ\n#الجزاير_تحترق\n#JusticePourDjamelBenIsmail \nTebboune\n#Kabylie\n#PrayForAlgeria\n#Tizi_Ouzou","id":"1425921539850084363"},{"lang":"en","author_id":"1025828072606642177","public_metrics":{"retweet_count":0,"reply_count":0,"like_count":0,"quote_count":0},"created_at":"2021-08-12T20:45:16.000Z","text":"Blazes continue to rage across northern #Algeria as the country observes a national day of mourning after dozens of people were killed in the latest #wildfires to sweep the #Mediterranean nation. | MSN\n\n#NorthAfrica\n#Kabylie \n#KabylieFires\n#ClimateCrisis\n \nhttps://t.co/LUNa9tj0cN","id":"1425921348845645826"},{"lang":"fr","author_id":"165002673","public_metrics":{"retweet_count":0,"reply_count":3,"like_count":4,"quote_count":0},"created_at":"2021-08-12T20:44:57.000Z","text":"Merci Qui ? \uD83C\uDDE8\uD83C\uDDF5 #Canadair\nMerci la #FRANCE, il faut OSER le dire les algériens\n#Algérie \uD83C\uDDE9\uD83C\uDDFF#Kabylie en \uD83D\uDD25 https://t.co/7PFlVqFtVX","id":"1425921270324023304"},{"attachments":{"media_keys":["7_1425920270964043777"]},"lang":"und","author_id":"1107707705517662208","public_metrics":{"retweet_count":0,"reply_count":0,"like_count":2,"quote_count":0},"created_at":"2021-08-12T20:44:07.000Z","text":"#جمال_بن_سماعيل\n#Algerie\n#savedz\n#Kabylie https://t.co/kvDFHSZE1a","id":"1425921058637496326"},{"lang":"fr","author_id":"1294901147749187584","public_metrics":{"retweet_count":2,"reply_count":1,"like_count":10,"quote_count":0},"created_at":"2021-08-12T20:42:58.000Z","text":"@TebbouneAmadjid pourriture !!!! Le peuple n’oubliera pas !!!! #Kabylie https://t.co/gYfigJPaxQ","id":"1425920770660765714"},{"attachments":{"media_keys":["7_1425919871431417867"]},"lang":"fr","author_id":"1222644010919112704","public_metrics":{"retweet_count":1,"reply_count":0,"like_count":0,"quote_count":0},"created_at":"2021-08-12T20:41:08.000Z","text":"Ma kabilie brûle...\n#PrayForAlgeria #Kabylie https://t.co/v7PUICmhfY","id":"1425920308469510150"},{"attachments":{"media_keys":["3_1425919924472619010"]},"lang":"und","author_id":"784739270938529792","public_metrics":{"retweet_count":0,"reply_count":1,"like_count":4,"quote_count":0},"created_at":"2021-08-12T20:39:37.000Z","text":"#lakabyliebrûle #kabyliebrule #Kabylie #lakabyliebrûle #Algerie https://t.co/CNJJzPWHzM","id":"1425919927022755840"},{"attachments":{"media_keys":["3_1425919433214672901"]},"lang":"fr","author_id":"782934172243492864","public_metrics":{"retweet_count":5,"reply_count":2,"like_count":9,"quote_count":1},"created_at":"2021-08-12T20:38:21.000Z","text":"Feux en Kabylie : Valérie Pecresse (@vpecresse) annonce une aide financière aux sinistrés\n\nLire l'article \uD83D\uDC49 https://t.co/UvzQ4sYJgP\n\n#Kabylie #ValeriePecresse #France #PrayForKabylie https://t.co/UZq2VVd7oM","id":"1425919607207038982"},{"lang":"fr","author_id":"1425917176138063872","public_metrics":{"retweet_count":0,"reply_count":1,"like_count":0,"quote_count":0},"created_at":"2021-08-12T20:38:00.000Z","text":"Le gouvernement algérien ses vraiment des incapables la #kabylie en en feux nos frère moricain nous propose des Canadaire le gouvernement refuse ses une question de fierté ? Je ne sais pas la France a envoie des canadaire sans l’accord du gouvernement algérien #kabyliebrule","id":"1425919517939613702"},{"lang":"fr","author_id":"723085926","public_metrics":{"retweet_count":23,"reply_count":5,"like_count":41,"quote_count":1},"created_at":"2021-08-12T20:35:52.000Z","text":"Seuls 2 #canadairs \uD83C\uDDE8\uD83C\uDDF5 et quelques \uD83D\uDE81 inefficaces survolent sans relâche le ciel Kabyle. \nFaillite de l'État \uD83C\uDDE9\uD83C\uDDFF qui continue de refuser toute aide étrangère et abandonner à son sort la #Kabylie.\n\nMerci à tous les bénévoles d'où qu'ils soient pour leur efforts. \n\n#kabyliebrule","id":"1425918981362360323"},{"lang":"fr","author_id":"1227355398165999616","public_metrics":{"retweet_count":0,"reply_count":0,"like_count":2,"quote_count":0},"created_at":"2021-08-12T20:32:17.000Z","text":"Ni oublie, ni pardon. Jamais nous ne  pardonneront aux criminels responsables de la perte humaine et des constructions de nos aieux, les larmes amères de colère qui coulent sur nos visages. \n#Algerie #Kabylie #MaKabylieBrule \n#Tizi_Ouzou #AlgeriaIsBurning #Algeria_forest_fires https://t.co/NzPCZLi4oN","id":"1425918082975948801"},{"lang":"fr","author_id":"418620877","public_metrics":{"retweet_count":1,"reply_count":0,"like_count":12,"quote_count":1},"created_at":"2021-08-12T20:30:22.000Z","text":"Soutient à la #Kabylie \uD83E\uDD1D❤️\uD83C\uDDE9\uD83C\uDDFF\uD83C\uDDEB\uD83C\uDDF7 https://t.co/Xf6Y25VRPW","id":"1425917596818448391"},{"lang":"fr","author_id":"104627081","public_metrics":{"retweet_count":4,"reply_count":0,"like_count":18,"quote_count":0},"created_at":"2021-08-12T20:26:21.000Z","text":"Les #Canadairs sont arrivés en #Kabylie, la terre de mes parents.\nMerci @EmmanuelMacron \uD83D\uDE4F\n#kabyliebrule #incendies #AideFrance #AideEurope #Solidarite #AmitieFranceAlgerie https://t.co/q7uguXHWrt","id":"1425916586699919361"}],"includes":{"media":[{"media_key":"3_1425968793998741513","type":"photo","url":"https://pbs.twimg.com/media/E8oPECMWUAk7aNv.jpg"},{"media_key":"3_1425966165483048968","type":"photo","url":"https://pbs.twimg.com/media/E8oMrCNX0AgiSxi.jpg"},{"media_key":"3_1425965025185964033","type":"photo","url":"https://pbs.twimg.com/media/E8oLoqRXIAEVbBn.jpg"},{"media_key":"3_1425965025143967751","type":"photo","url":"https://pbs.twimg.com/media/E8oLoqHWUAcUR19.jpg"},{"media_key":"3_1425965025148211201","type":"photo","url":"https://pbs.twimg.com/media/E8oLoqIXEAE0Xqt.jpg"},{"media_key":"3_1425965025190109186","type":"photo","url":"https://pbs.twimg.com/media/E8oLoqSWYAITL6V.jpg"},{"media_key":"7_1425959445864058884","public_metrics":{"view_count":234},"type":"video"},{"media_key":"7_1425954490625241097","public_metrics":{"view_count":155},"type":"video"},{"media_key":"7_1425954189126078466","public_metrics":{"view_count":213},"type":"video"},{"media_key":"3_1425953526145064963","type":"photo","url":"https://pbs.twimg.com/media/E8oBLVAXoAMB5kg.jpg"},{"media_key":"7_1425949349226352640","public_metrics":{"view_count":9},"type":"video"},{"media_key":"7_1425816165591314443","public_metrics":{"view_count":27},"type":"video"},{"media_key":"7_1425816862110085124","public_metrics":{"view_count":14},"type":"video"},{"media_key":"7_1425949309611163653","public_metrics":{"view_count":8},"type":"video"},{"media_key":"7_1425949262932856836","public_metrics":{"view_count":5},"type":"video"},{"media_key":"7_1425948532117315587","public_metrics":{"view_count":20},"type":"video"},{"media_key":"7_1425949220960444423","public_metrics":{"view_count":15},"type":"video"},{"media_key":"3_1425948017304166404","type":"photo","url":"https://pbs.twimg.com/media/E8n8Kq-WYAQBGDM.jpg"},{"media_key":"3_1425946854487994368","type":"photo","url":"https://pbs.twimg.com/media/E8n7G_JXsAAGf_g.jpg"},{"media_key":"7_1425945609102561281","public_metrics":{"view_count":422},"type":"video"},{"media_key":"3_1425943914528362496","type":"photo","url":"https://pbs.twimg.com/media/E8n4b28X0AAS5FH.png"},{"media_key":"7_1425942572233633792","public_metrics":{"view_count":290},"type":"video"},{"media_key":"7_1425941169813528578","public_metrics":{"view_count":142},"type":"video"},{"media_key":"7_1425939576519016461","public_metrics":{"view_count":575},"type":"video"},{"media_key":"7_1425937934038016000","public_metrics":{"view_count":4429},"type":"video"},{"media_key":"3_1425935754140831752","type":"photo","url":"https://pbs.twimg.com/media/E8nxA3IX0AgOI-d.jpg"},{"media_key":"7_1425935497487134726","public_metrics":{"view_count":98},"type":"video"},{"media_key":"7_1425909612843253765","public_metrics":{"view_count":12040},"type":"video"},{"media_key":"3_1425932457979916292","type":"photo","url":"https://pbs.twimg.com/media/E8nuA_-XsAQYJ_a.jpg"},{"media_key":"3_1425932458047033350","type":"photo","url":"https://pbs.twimg.com/media/E8nuBAOX0AYxp0T.jpg"},{"media_key":"3_1425932458554499083","type":"photo","url":"https://pbs.twimg.com/media/E8nuBCHXIAsataD.jpg"},{"media_key":"3_1425932459196227591","type":"photo","url":"https://pbs.twimg.com/media/E8nuBEgXIAcs4ii.jpg"},{"media_key":"3_1425932298223034378","type":"photo","url":"https://pbs.twimg.com/media/E8nt3s1XIAojCem.jpg"},{"media_key":"7_1425930712453165064","public_metrics":{"view_count":110},"type":"video"},{"media_key":"7_1425928204930400257","public_metrics":{"view_count":318},"type":"video"},{"media_key":"3_1425927865321902084","type":"photo","url":"https://pbs.twimg.com/media/E8np1q_X0AQolQS.jpg"},{"media_key":"3_1425927760585891849","type":"photo","url":"https://pbs.twimg.com/media/E8npvk0XIAkhNGH.jpg"},{"media_key":"3_1425927344414511104","type":"photo","url":"https://pbs.twimg.com/media/E8npXWdX0AAnvfy.jpg"},{"media_key":"3_1425925695570681856","type":"photo","url":"https://pbs.twimg.com/media/E8nn3YCXoAAHusw.jpg"},{"media_key":"3_1425924724048240642","type":"photo","url":"https://pbs.twimg.com/media/E8nm-01XoAIXEUI.jpg"},{"media_key":"3_1425924611242352657","type":"photo","url":"https://pbs.twimg.com/media/E8nm4QmWYBEfUVv.jpg"},{"media_key":"3_1425924616749518851","type":"photo","url":"https://pbs.twimg.com/media/E8nm4lHXEAMOyHR.jpg"},{"media_key":"3_1425924621417828368","type":"photo","url":"https://pbs.twimg.com/media/E8nm42gX0BAXvfZ.jpg"},{"media_key":"7_1425923355459432450","public_metrics":{"view_count":286},"type":"video"},{"media_key":"7_1425921354747072519","public_metrics":{"view_count":246},"type":"video"},{"media_key":"7_1425920270964043777","public_metrics":{"view_count":110},"type":"video"},{"media_key":"7_1425919871431417867","public_metrics":{"view_count":162},"type":"video"},{"media_key":"3_1425919924472619010","type":"photo","url":"https://pbs.twimg.com/media/E8nindBXoAIsw6E.jpg"},{"media_key":"3_1425919433214672901","type":"photo","url":"https://pbs.twimg.com/media/E8niK28WQAUI5V3.jpg"}]},"meta":{"newest_id":"1425968796246978560","oldest_id":"1425916586699919361","result_count":99,"next_token":"b26v89c19zqg8o3fpdm8kx1beg9oa9m1zlk0qle681ocd"}}