{"data":[{"public_metrics":{"retweet_count":0,"reply_count":0,"like_count":0,"quote_count":0},"id":"1425914810496176135","text":"#Algerie #Kabylie #kabyliebrule #solidarite #urgencemedicaments Collecte de dons Paris https://t.co/fWEgbZ7fQH","created_at":"2021-08-12T20:19:17.000Z","author_id":"1246288309","lang":"fr","attachments":{"media_keys":["3_1425914765042454535"]}},{"public_metrics":{"retweet_count":0,"reply_count":0,"like_count":0,"quote_count":0},"id":"1425914285616766984","text":"Apocalypse à Aït Douala, commune située au sud-est de #TiziOuzou.\n\n#Kabylie #kabyliebrule #KABYLIESBURNING #PrayForKabylia #savekabylie \n#Algerie #Algeria #algeriebrule #AlgeriaIsBurning #SaveAlgeria #savedz #FeuxDeForets https://t.co/a4ckJXe1ml","created_at":"2021-08-12T20:17:12.000Z","author_id":"1398766119549345792","lang":"fr","attachments":{"media_keys":["7_1425912998590308359"]}},{"public_metrics":{"retweet_count":0,"reply_count":0,"like_count":0,"quote_count":0},"id":"1425913902739623940","text":"Mon Dieu \uD83D\uDE2D #LaKabylieBrule #kabyliebrule #Kabylie https://t.co/BCqkAgyz6Y","created_at":"2021-08-12T20:15:41.000Z","author_id":"1356934837576339456","lang":"fr"},{"public_metrics":{"retweet_count":0,"reply_count":2,"like_count":1,"quote_count":0},"id":"1425913869176823815","text":"@BreikaBeiba 03 de junio: el periodista Bensedira declara tener información de que Marruecos prepara una ola de incendios en #Argelia y #España para destruir la producción agrícola #OrigenMarruecos #Marruecos #Maroc #Algerie #Kabylie #kabyliebrule #KABYLIESBURNING   https://t.co/bELEeZccsg","created_at":"2021-08-12T20:15:33.000Z","author_id":"1398268325038280704","lang":"es"},{"public_metrics":{"retweet_count":13,"reply_count":0,"like_count":10,"quote_count":2},"id":"1425913494768168967","text":"Apocalypse à Aït Douala, commune située au sud-est de #TiziOuzou.\n\n#Kabylie #kabyliebrule #KABYLIESBURNING #PrayForKabylia #savekabylie \n#Algerie #Algeria #algeriebrule #AlgeriaIsBurning #SaveAlgeria #savedz #FeuxDeForets https://t.co/QzweYTx5qi","created_at":"2021-08-12T20:14:04.000Z","author_id":"1166388187922612224","lang":"fr","attachments":{"media_keys":["7_1425912998590308359"]}},{"public_metrics":{"retweet_count":2,"reply_count":4,"like_count":10,"quote_count":0},"id":"1425912930344837124","text":"Vous êtes prévenus !\n#Algérie #Kabylie #savedz https://t.co/zd1HWRuBGE","created_at":"2021-08-12T20:11:49.000Z","author_id":"743789552972800000","lang":"fr","attachments":{"media_keys":["7_1425912843975671815"]}},{"public_metrics":{"retweet_count":3,"reply_count":0,"like_count":5,"quote_count":0},"id":"1425912771972116482","text":"#kabyliebrule #Algerie #solidarite #soutien #urgence #Kabylie Collecte de dons à Paris \nhttps://t.co/h5ADDOhLgY","created_at":"2021-08-12T20:11:11.000Z","author_id":"1246288309","lang":"fr"},{"public_metrics":{"retweet_count":0,"reply_count":0,"like_count":1,"quote_count":0},"id":"1425912403427045379","text":"Beni douala. Tizi Ouzou. Ce soir… wallah j’ai plus les mots. #kabyliebrule #Algerie #kabylie #Tiziouzou \uD83E\uDD32\uD83C\uDFFC\uD83E\uDD32\uD83C\uDFFC\uD83E\uDD32\uD83C\uDFFC https://t.co/XMbQM7OPAF","created_at":"2021-08-12T20:09:43.000Z","author_id":"899434910901039104","lang":"fr","attachments":{"media_keys":["7_1425911944280748034"]}},{"public_metrics":{"retweet_count":0,"reply_count":0,"like_count":1,"quote_count":0},"id":"1425912077743493124","text":"Le président et le gouvernement doivent démissionner. Ils sont incapable de gérer la moindre crise.  #Algerie #Kabylie #LaKabylieBrule #الجزايٴر_تستغيث #الجزائر","created_at":"2021-08-12T20:08:26.000Z","author_id":"792460911411916800","lang":"fr"},{"public_metrics":{"retweet_count":0,"reply_count":0,"like_count":1,"quote_count":0},"id":"1425911757458092032","text":"Alĝerio :  la incendioj plu frapas Kabilion\nĴaŭdon 12an de aŭgusto, la provizora bilanco mencias 69 mortintojn en Alĝerio post la perfortaj incendioj, kiuj komenciĝis tri tagojn antaŭe.\nhttps://t.co/aaUG9gr9wd\n#Kabylie\n#Algeriaisburning\n#Tiziouzou\n#Esperanto https://t.co/R3y3vvAtMQ","created_at":"2021-08-12T20:07:09.000Z","author_id":"550310523","lang":"cs","attachments":{"media_keys":["3_1425911702189756423"]}},{"public_metrics":{"retweet_count":0,"reply_count":0,"like_count":1,"quote_count":0},"id":"1425911605070467073","text":"Incendies : Changement climatique et main d’homme, le monde flambe https://t.co/i4HgkD6zeO #Monde #incendies #Kabylie","created_at":"2021-08-12T20:06:33.000Z","author_id":"1018822286118391808","lang":"fr"},{"public_metrics":{"retweet_count":0,"reply_count":1,"like_count":4,"quote_count":0},"id":"1425911214417252352","text":"Après une nouvelle rassurante sur les humains (pas sur la nature), moment d'introspection, avec Idir.\nInstruments traditionnels.\nIl met en musique et voix un conte traditionnel... ❤️\nhttps://t.co/2zeejWE93e\n#emotion\n#kabylie\nhttps://t.co/VHHBUsPVVW","created_at":"2021-08-12T20:05:00.000Z","author_id":"1100481856443768832","lang":"fr"},{"public_metrics":{"retweet_count":0,"reply_count":0,"like_count":2,"quote_count":0},"id":"1425910500274196481","text":"Merci \uD83D\uDE4F.\nLa Kabylie te dit merci \uD83D\uDE4F.\nOn ne laissera jamais tomber notre Kabylie.\n#PrayForAlgeria #kabylie https://t.co/56ikrr7J9a","created_at":"2021-08-12T20:02:10.000Z","author_id":"275253266","lang":"fr"},{"public_metrics":{"retweet_count":0,"reply_count":1,"like_count":3,"quote_count":0},"id":"1425910492694990848","text":"FLASH INFO ALGERIE \uD83C\uDDE9\uD83C\uDDFF\uD83E\uDD32❤️ \n\n#PrayForAlgeria #PrayForKabylia #Canadair #Algerie #Algeria #kabylie_brule #Kabylie #kabyle #Tizi_Ouzou #Bejaia #info https://t.co/0xOoX89x07","created_at":"2021-08-12T20:02:08.000Z","author_id":"1371145107542523907","lang":"en","attachments":{"media_keys":["3_1425910489280913416"]}},{"public_metrics":{"retweet_count":4,"reply_count":0,"like_count":14,"quote_count":0},"id":"1425910419114299392","text":"✈️\uD83D\uDCA6\uD83D\uDD25 Les canadairs envoyés par la \uD83C\uDDEB\uD83C\uDDF7 France ont commencé le largage à Bougie.\n\n\uD83D\uDC49 Lire l'article : https://t.co/AEUKzquJZp\n\n#Kabylie #Bougie #PrayForKabylie #France https://t.co/1VLLlwLn22","created_at":"2021-08-12T20:01:50.000Z","author_id":"782934172243492864","lang":"fr","attachments":{"media_keys":["3_1425910394896400386"]}},{"public_metrics":{"retweet_count":21,"reply_count":5,"like_count":36,"quote_count":3},"id":"1425910047939379215","text":"LE PEUPLE SOUVERAIN combat les flammes avec les moyens du bord, tandis que les hauts responsables montrent une fois de plus leur échec et la gestion désastreuse du pays qui l'ont tellement dilapidé qu'ils ne peuvent meme pas fournir la moindre aide\n#Algerie #kabyliebrule #kabylie https://t.co/NHRiWiesky","created_at":"2021-08-12T20:00:22.000Z","author_id":"1223529512031465472","lang":"fr","attachments":{"media_keys":["7_1425909459021402116"]}},{"public_metrics":{"retweet_count":0,"reply_count":0,"like_count":0,"quote_count":0},"id":"1425908334146772999","text":"#savedz #AlgeriaIsBurning #kabylie #kabylie #TiziOuzou_brule #تيزي_وزو_تحترق https://t.co/DnlwQUIaBi","created_at":"2021-08-12T19:53:33.000Z","author_id":"1146887087490326533","lang":"und"},{"public_metrics":{"retweet_count":4,"reply_count":1,"like_count":16,"quote_count":0},"id":"1425908079112171524","text":"Nous étions Place de la République pour marquer notre solidarité avec les populations sinistrées d’#Algérie en #Kabylie et rendre un vibrant hommage à ce jeune homme, Djamel Bensmail dit Jimmy ainsi qu'à sa famille. #Solidarité #Paix https://t.co/HCEImXpRwj https://t.co/xwb0amnhwp","created_at":"2021-08-12T19:52:32.000Z","author_id":"544086238","lang":"fr","attachments":{"media_keys":["3_1425908073940635649","3_1425908073940594690"]}},{"public_metrics":{"retweet_count":1,"reply_count":0,"like_count":1,"quote_count":0},"id":"1425907377551859718","text":"Quelques définitions importantes à connaître pour éviter tout usage abusif\nY a pas de Fitna temps que la justice n'est pas encore rendue\n#DjamelBensmail #Algerie #algeriebrule #Kabylie https://t.co/fy3kca4HQ7","created_at":"2021-08-12T19:49:45.000Z","author_id":"152351065","lang":"fr","attachments":{"media_keys":["3_1425907375345651717"]}},{"public_metrics":{"retweet_count":0,"reply_count":0,"like_count":1,"quote_count":0},"id":"1425907303870603266","text":"Moi qui voulait faire un barbecue en Algérie\uD83D\uDE14\uD83D\uDD2B\uD83D\uDD2A\n#PrayForAlgeria #Kabylie","created_at":"2021-08-12T19:49:27.000Z","author_id":"720312338251964416","lang":"fr"},{"public_metrics":{"retweet_count":1,"reply_count":0,"like_count":1,"quote_count":0},"id":"1425906897975222272","text":"@TebbouneAmadjid devra rendre des comptes pour crimes contre l’humanité et non-assistances à personnes en danger devant la cour pénale internationale. #sos #Kabylie #kabylie_brûle \n@EmmanuelMacron @JoeBiden","created_at":"2021-08-12T19:47:51.000Z","author_id":"1323374721040322568","lang":"fr"},{"public_metrics":{"retweet_count":9,"reply_count":7,"like_count":36,"quote_count":2},"id":"1425905587641069572","text":"La honte ! Tebboune qui instrumentalise la mort de Djamel Ben Smail Rabi yerhmah en jouant au défenseur de la kabylie &amp; l'unité nationale. Yaw Fakou. C'est ce régime qui a toujours réprimé la #kabylie et tué ses enfants. Le peuple, lui, est UNI &amp; le régime doit DÉGAGER.\n#Algerie https://t.co/N8YAFar22Z","created_at":"2021-08-12T19:42:38.000Z","author_id":"78279362","lang":"fr","attachments":{"media_keys":["7_1425905455243702274"]}},{"public_metrics":{"retweet_count":1,"reply_count":0,"like_count":1,"quote_count":0},"id":"1425905323290808326","text":"ماذا يحصل للجزائر\n#Algeria\n#AlgeriaIsBurning \n#PrayForAlgeria \n#FiresInAlgeria \n#Tizi_Ouzou \n#Kabylie\n#savedz \n#SaveAlgeria \n#تيزي_وزو_تحترق \n#الجزائر_تحترق https://t.co/WhE7P7363Y","created_at":"2021-08-12T19:41:35.000Z","author_id":"1425848793841418246","lang":"ar","attachments":{"media_keys":["3_1425905214280904716","3_1425905214318686213","3_1425905214301876237","3_1425905214306070530"]}},{"public_metrics":{"retweet_count":2,"reply_count":0,"like_count":2,"quote_count":0},"id":"1425904679670722570","text":"Si vous envoyez toute cette aide à Alger, une grande partie sera détournée... Et très peu, les trucs à pas chère arriveront en #Kabylie https://t.co/54NCrdv8jw","created_at":"2021-08-12T19:39:02.000Z","author_id":"17214347","lang":"fr"},{"public_metrics":{"retweet_count":5,"reply_count":1,"like_count":9,"quote_count":0},"id":"1425904314606886915","text":"La #Kabylie brûle !\n#Urgence #Algerie #Solidarité #kabyliebrule\n\uD83D\uDCE3Nous avons besoin de vous !\nNous comptons sur vous.\n\uD83D\uDC491er rdv pour une collecte ce vendredi 13 de 12h à 14h.\n\uD83D\uDC492ème rdv dans une semaine.\n#Merci #Nancy #GrandEst #ACB54 Plus d'infos ⤵️ https://t.co/9XGQhm7csJ https://t.co/h4FA8ntj72","created_at":"2021-08-12T19:37:35.000Z","author_id":"49739723","lang":"fr","attachments":{"media_keys":["3_1425904298379169792","3_1425904304024662018","3_1425904311276642308"]}},{"public_metrics":{"retweet_count":15,"reply_count":4,"like_count":32,"quote_count":1},"id":"1425904086604517378","text":"Ce jeudi, un rassemblement a eu lieu sur le Vieux-Port afin de collecter des médicaments pour les hôpitaux dépassés en #Kabylie. Ils seront acheminés vers #Alger la semaine prochaine. #Marseille\nhttps://t.co/CbDFgSGHUB","created_at":"2021-08-12T19:36:40.000Z","author_id":"193240251","lang":"fr"},{"public_metrics":{"retweet_count":0,"reply_count":0,"like_count":0,"quote_count":0},"id":"1425901154836357129","text":"\uD83D\uDD25C'est une chose de lire un tweet sur une catastrophe, mais c'en est une autre d'en vivre une. Ces gens souffrent non seulement physiquement mais aussi psychologiquement. Certains doivent faire face au traumatisme d'avoir perdu leurs biens ou même un proche... #Algerie #Kabylie https://t.co/0pXKz81ofe https://t.co/hG4f9s14yl","created_at":"2021-08-12T19:25:01.000Z","author_id":"1144258200482537473","lang":"fr","attachments":{"media_keys":["3_1425901149543092228"]}},{"public_metrics":{"retweet_count":8,"reply_count":0,"like_count":15,"quote_count":2},"id":"1425900625066348545","text":"Les #Canadair font un travail merveilleux pour le peuple Algérien. Depuis leurs arrivées, leurs équipages s’est mis au travail directement sans s’arrêter. Des vrais professionnels. Un grand bravo à eux. #Algerie #Kabylie #kabyliebrule https://t.co/tfVMGPya8I","created_at":"2021-08-12T19:22:55.000Z","author_id":"899434910901039104","lang":"fr","attachments":{"media_keys":["7_1425900362825936897"]}},{"public_metrics":{"retweet_count":0,"reply_count":2,"like_count":5,"quote_count":0},"id":"1425899312484163587","text":"Une image qui nous montre la différence de la répartition des flemmes en Kabylie avant et après l'intervention des canadairs de la sécurité civile française !\nMerci à la France #kabyliebrule #kabylie https://t.co/TUr9H9JhEQ","created_at":"2021-08-12T19:17:42.000Z","author_id":"1231922522549104641","lang":"fr","attachments":{"media_keys":["3_1425899307329335307"]}},{"public_metrics":{"retweet_count":0,"reply_count":0,"like_count":1,"quote_count":0},"id":"1425899285695041547","text":"#Incendie #Kabylie ➡️ https://t.co/gGLtdUXwjL","created_at":"2021-08-12T19:17:36.000Z","author_id":"1193253710668935169","lang":"und"},{"public_metrics":{"retweet_count":1,"reply_count":0,"like_count":1,"quote_count":0},"id":"1425898557006036996","text":"#Kabylie #kabyliebrule https://t.co/xU8etGZIno","created_at":"2021-08-12T19:14:42.000Z","author_id":"1115505088141963264","lang":"und"},{"public_metrics":{"retweet_count":0,"reply_count":0,"like_count":2,"quote_count":0},"id":"1425898212720787458","text":"@Alfortville_94 nous prouves encore l’amour et la solidarité qui existe dans notre ville, compter sur moi pour la #Algerie_brule et la #Grece @messaoud_lamari signalait et à juste titre de bien ciblé les territoires les plus touchés notamment en #kabylie \uD83D\uDE4F\uD83C\uDFFC❤️ @kabyle https://t.co/AFy4q5gh9b","created_at":"2021-08-12T19:13:20.000Z","author_id":"1153399619411415041","lang":"fr"},{"public_metrics":{"retweet_count":0,"reply_count":0,"like_count":2,"quote_count":0},"id":"1425897441979678725","text":"@SecCivileFrance @Interieur_Gouv @eu_echo @UEFrance @EU_Commission @ambafrancealger @DGPC_CNI @GDarmanin @MarleneSchiappa @PorteParoleMI Un énorme merci pour notre président Monsieur Macron #solidarité #kabylie","created_at":"2021-08-12T19:10:16.000Z","author_id":"1121124081296990209","lang":"fr"},{"public_metrics":{"retweet_count":1,"reply_count":0,"like_count":0,"quote_count":0},"id":"1425897387076329474","text":"Après les 2 Canadair français, l #Algerie attend deux autres arrivant d'Espagne vendredi et un autre de Suisse. Les feux ravagent toujours le nord du pays, notamment en #Kabylie","created_at":"2021-08-12T19:10:03.000Z","author_id":"2325505801","lang":"fr"},{"public_metrics":{"retweet_count":1,"reply_count":0,"like_count":6,"quote_count":0},"id":"1425897238996344835","text":"Impossible de trouver les mots pour exprimer ma profonde tristesse devant le meurtre atroce dont a été victime le valeureux Djamel. En tant que Kabyle ce crime \"Barbar\"ne représente ni moi ma #Kabylie et rien ne peut justifier un tel acte.Paix à son âme\uD83D\uDE4F\uD83C\uDFFC♥️\n#جمال_بن_سماعيل","created_at":"2021-08-12T19:09:28.000Z","author_id":"1277988094382391298","lang":"fr"},{"public_metrics":{"retweet_count":0,"reply_count":0,"like_count":0,"quote_count":0},"id":"1425896523544604675","text":"Tiens... On envoie 2 #Canadairs en #AlgeriaIsBurning (le plus arriéré du Maghreb) qui vomi sur France à longueur d'année ? Je croyais que la France était un pays raciste! #Kabylie #Algerie","created_at":"2021-08-12T19:06:37.000Z","author_id":"58061868","lang":"fr"},{"public_metrics":{"retweet_count":0,"reply_count":0,"like_count":0,"quote_count":0},"id":"1425896031863156739","text":"C’est monstrueux ce qu’il c’est passé et ce qu’il se passe actuellement en #Kabylie , je remercie ma nation d’avoir aider une autre nation en désespoir totale, le feu avance et mange, et laisse rien à travers de son chemin, hommage à celles et ceux qui sont décédés !","created_at":"2021-08-12T19:04:40.000Z","author_id":"1419082452757327873","lang":"fr"},{"public_metrics":{"retweet_count":14,"reply_count":2,"like_count":28,"quote_count":0},"id":"1425896025819123712","text":"Le père du défunt artistes brûlé vif hier.\nReçu par les citoyens de LNI.\nQue justice soit faite.\n#Tizi_Ouzou #Kabylie #Algérie https://t.co/a07S1htVYT","created_at":"2021-08-12T19:04:39.000Z","author_id":"743789552972800000","lang":"fr","attachments":{"media_keys":["7_1425895364222148616"]}},{"public_metrics":{"retweet_count":0,"reply_count":0,"like_count":0,"quote_count":0},"id":"1425895575682232323","text":"#Kabylie #kabyliebrule https://t.co/5eg8Vd45Lh","created_at":"2021-08-12T19:02:51.000Z","author_id":"1379050470187077638","lang":"und","attachments":{"media_keys":["3_1425895573245267970"]}},{"public_metrics":{"retweet_count":0,"reply_count":0,"like_count":2,"quote_count":0},"id":"1425895220424712193","text":"\uD83D\uDED1 Entrée en service des Canadairs Français :\nCe jeudi 12/08/21 ont été déployés les #Canadairs sur la Région de Bejaia en #Kabylie.\n[Via @mahrezrabia ]\n#Solidarité #incendies #Algerie #kabyliebrule @EmmanuelMacron @afpfr @JournaLiberteDZ @BFMTV \nhttps://t.co/yLmkndp4u1","created_at":"2021-08-12T19:01:27.000Z","author_id":"1516650044","lang":"fr"},{"public_metrics":{"retweet_count":9,"reply_count":0,"like_count":24,"quote_count":0},"id":"1425894723911303175","text":"Solidarité avec les populations algériennes touchées par les incendies et la pandémie.\n#Algerie #Kabylie https://t.co/sgD5NdY8Xs","created_at":"2021-08-12T18:59:28.000Z","author_id":"1332547862","lang":"fr"},{"public_metrics":{"retweet_count":0,"reply_count":0,"like_count":1,"quote_count":0},"id":"1425894238043222016","text":"#Kabylie #kabyliebrule https://t.co/zAphLuRXRO","created_at":"2021-08-12T18:57:32.000Z","author_id":"1291059329454542849","lang":"und","attachments":{"media_keys":["7_1425894103896707076"]}},{"public_metrics":{"retweet_count":2,"reply_count":0,"like_count":9,"quote_count":0},"id":"1425894138457825288","text":"Vidéo du déploiement des Canadairs français, ce jeudi, en #Algérie\n\n#Kabylie #kabyliebrule #KABYLIESBURNING #PrayForKabylia #PrayForAlgeria #SaveAlgeria #savedz https://t.co/rMceX5wAhB","created_at":"2021-08-12T18:57:09.000Z","author_id":"1166388187922612224","lang":"fr","attachments":{"media_keys":["7_1425893064179134469"]}},{"public_metrics":{"retweet_count":9,"reply_count":2,"like_count":25,"quote_count":0},"id":"1425893131048964110","text":"Merci à toi @Anne_Hidalgo pour ta solidarité avec le peuple algérien et pour engagement face aux incendies meurtriers qui ravagent la #kabylie. https://t.co/ItxmXx9xhb","created_at":"2021-08-12T18:53:08.000Z","author_id":"2507651323","lang":"fr"},{"public_metrics":{"retweet_count":0,"reply_count":0,"like_count":1,"quote_count":0},"id":"1425892393556103168","text":"#savedz #kabylie #تيزي_وزو_تحترق https://t.co/8cowiPrqt0","created_at":"2021-08-12T18:50:13.000Z","author_id":"1146887087490326533","lang":"und"},{"public_metrics":{"retweet_count":0,"reply_count":0,"like_count":2,"quote_count":0},"id":"1425892216472588297","text":"@Anne_Hidalgo Le montant est à l’échelle de ce que peut se permettre Paris après 7 ans d’Hidalgo. Aussi haut que ses finances sont basses #Hidalgo #Kabylie #algérie","created_at":"2021-08-12T18:49:30.000Z","author_id":"1216441335038840832","lang":"fr"},{"public_metrics":{"retweet_count":305,"reply_count":58,"like_count":1327,"quote_count":35},"id":"1425891933914796032","text":"\uD83C\uDDEB\uD83C\uDDF7\uD83E\uDD1D\uD83C\uDDE9\uD83C\uDDFF Les 2 #Canadair et le Beech sont arrivés en #Algérie.\nLes premiers largages ont été réalisés pour faire face aux #FeuxDeForêt qui touchent la #Kabylie.\n✈️\uD83D\uDD25 Les pompiers du ciel ont attaqué le feu à 32 reprises sur 3 zones différentes, ils continueront la lutte demain. https://t.co/aCuz2fgxhs","created_at":"2021-08-12T18:48:23.000Z","author_id":"856490877300224000","lang":"fr","attachments":{"media_keys":["3_1425891927052935174","3_1425891927094927367","3_1425891927057182721","3_1425891927082274818"]}},{"public_metrics":{"retweet_count":2,"reply_count":0,"like_count":9,"quote_count":0},"id":"1425891882643689475","text":"Ça avance el hamdoulilah mais il y a encore beaucoup de villages dans des situations plus que critique. Ça fait froid dans le dos… qu’Allah leur vienne en aide. Amine. #kabyliebrule #Kabylie #algerie #AlgeriaIsBurning https://t.co/CXZArdfX4M","created_at":"2021-08-12T18:48:11.000Z","author_id":"899434910901039104","lang":"fr","attachments":{"media_keys":["7_1425891601595912203"]}},{"public_metrics":{"retweet_count":1,"reply_count":0,"like_count":2,"quote_count":0},"id":"1425890665226022917","text":"والد المغدور #جمال_بن_سماعيل رحمه الله شهيد #الجزائر\nفي تيزي وزو لاستلام جثمان ابنه :\n\"ما ديرو والو في بالكم , خسرت إبني وربحتكم أنتوما \"\nhttps://t.co/XHoFlVmgWt\n#الجزاير_تحترق\n#JusticePourDjamelBenIsmail\n#Kabylie\n#PrayForAlgeria\n#Tizi_Ouzou","created_at":"2021-08-12T18:43:21.000Z","author_id":"178804106","lang":"ar"},{"public_metrics":{"retweet_count":0,"reply_count":0,"like_count":0,"quote_count":0},"id":"1425889328178384905","text":"Néron, sors de ce corps! #Kabylie #Algérie https://t.co/xVEsiaCSxK https://t.co/KKj4wUpC76","created_at":"2021-08-12T18:38:02.000Z","author_id":"202647180","lang":"fr","attachments":{"media_keys":["3_1425889244439097347"]}},{"public_metrics":{"retweet_count":0,"reply_count":0,"like_count":0,"quote_count":0},"id":"1425888573346177033","text":"Bosbranden Algerije: Man gelyncht en levend verbrand na valse beschuldigingen van brandstichting (video) - https://t.co/lXSq0Q0Q7b #algerije #tizi-ouzou #larbaânathirathen #jamalbenslimane #kabylie #bosbranden","created_at":"2021-08-12T18:35:02.000Z","author_id":"25515939","lang":"nl"},{"public_metrics":{"retweet_count":29,"reply_count":2,"like_count":67,"quote_count":2},"id":"1425887633599864839","text":"Le courage et les paroles pleines de sagesse et de morale du père de #Djamel_Bensmaïl, artiste assassiné injustement.\n\n#Algerie #Kabylie #Tizi_Ouzou https://t.co/SG4htb77oo","created_at":"2021-08-12T18:31:18.000Z","author_id":"1166388187922612224","lang":"fr","attachments":{"media_keys":["7_1425886357134663687"]}},{"public_metrics":{"retweet_count":1,"reply_count":0,"like_count":2,"quote_count":0},"id":"1425887311288438784","text":"#Kabylie : L'#Algerie, pays d'Afrique du Nord, est toujours en proie jeudi à de multiples incendies dévastateurs, qui ont déjà coûté la vie à 41 civils et 28 militaires #kabyliebrule  https://t.co/47daCyhAeq","created_at":"2021-08-12T18:30:01.000Z","author_id":"1273218547846729729","lang":"fr"},{"public_metrics":{"retweet_count":14,"reply_count":7,"like_count":44,"quote_count":0},"id":"1425883704266797059","text":"Je suis scandalisé par les généralités que font certains #algériens qui s'en foutaient royalement de la situation en #Kabylie mais qui depuis hier soir et les évènements de #LNI se sont transformés en défenseurs humanistes et anti-Kabyles jusqu'à la moelle osseuse. \n#kabyliebrule","created_at":"2021-08-12T18:15:41.000Z","author_id":"723085926","lang":"fr"},{"public_metrics":{"retweet_count":0,"reply_count":2,"like_count":3,"quote_count":1},"id":"1425882685189263364","text":"Le roi Mohammed VI envoi l’armée en renfort pour combattre les feux en #Algerie. On est avec vous \uD83C\uDDF2\uD83C\uDDE6\uD83C\uDDF2\uD83C\uDDE6\uD83C\uDDE9\uD83C\uDDFF\uD83C\uDDE9\uD83C\uDDFF\n#Kabylie #kabyliebrule #Algerie_brule https://t.co/OKaJuKA2rv","created_at":"2021-08-12T18:11:38.000Z","author_id":"1409822877650718721","lang":"fr","attachments":{"media_keys":["7_1425882520743202824"]}},{"public_metrics":{"retweet_count":0,"reply_count":2,"like_count":2,"quote_count":0},"id":"1425882622098644992","text":"Quelqu’un peut m’expliquer pourquoi l’Algérie n’accepte pas l’aide du Maroc svp? A partir de quand l’international peut intervenir ?? Je m’inquiète beaucoup j’ai tellement peur que ça s’empire \uD83D\uDE2D\uD83D\uDC94  #Kabylie #kabyliebrule #KABYLIESBURNING","created_at":"2021-08-12T18:11:23.000Z","author_id":"1636784730","lang":"fr"},{"public_metrics":{"retweet_count":5,"reply_count":0,"like_count":4,"quote_count":0},"id":"1425881182353436672","text":"Une forte pensée pour nos frères et sœurs en #Algerie particulièrement en #Kabylie qui luttent contre les incendie\nNe les oublions pas dans nos invocations \uD83D\uDE4F \n#kabyliebrule https://t.co/1MrvUS7XTX","created_at":"2021-08-12T18:05:40.000Z","author_id":"2653327325","lang":"fr","attachments":{"media_keys":["3_1425881179820077064"]}},{"public_metrics":{"retweet_count":20,"reply_count":0,"like_count":16,"quote_count":1},"id":"1425880996285661184","text":"\uD83D\uDEA8\uD83D\uDEA8 URGENT: \nOUADIAS et AIT ABDELMOUMEN sont encerclés par les feux ils ont besoin d'aides en urgence pour évacuer les familles vers le primaire d'iwadhiyen \nRT C'EST URGENT \uD83D\uDEA8\uD83D\uDEA8 \n#savedz #kabylie","created_at":"2021-08-12T18:04:55.000Z","author_id":"1251860360702971904","lang":"fr"},{"public_metrics":{"retweet_count":0,"reply_count":1,"like_count":8,"quote_count":1},"id":"1425880636078891009","text":"#PrayForAlgeria #PrayForKabylia #Algerie #Algeria #kabylie_brule #Kabylie #kabyle #Tizi_Ouzou #béjaïa https://t.co/hEjuLwAemS","created_at":"2021-08-12T18:03:29.000Z","author_id":"1371145107542523907","lang":"und","attachments":{"media_keys":["7_1425880579355168768"]}},{"public_metrics":{"retweet_count":0,"reply_count":2,"like_count":0,"quote_count":0},"id":"1425880449734385670","text":"@OS_16s @AmnestyAlgerie Roh qewed espèce de raciste !! Un simple regard sur ton profil suffit à démontrer ton mépris envers la #Kabylie. Parle pas avec moi sans l'autorisation de tes maîtres pour lesquels tu as sûrement voté.","created_at":"2021-08-12T18:02:45.000Z","author_id":"723085926","lang":"fr"},{"public_metrics":{"retweet_count":0,"reply_count":0,"like_count":0,"quote_count":0},"id":"1425880424354623491","text":"Il est impérative de mettre hors d'état de nuire la junte militaire algérienne priorité numéro 1 pour la paix dans la région .\uD83C\uDDE9\uD83C\uDDFF\uD83D\uDD4A️\uD83C\uDDF2\uD83C\uDDE6\n\uD83D\uDE08 #tebboune #Algerie #drs  \uD83D\uDE08\n❤️#kabylie❤️ #cuba #terroriste https://t.co/fLyROjV6DQ","created_at":"2021-08-12T18:02:39.000Z","author_id":"1425808896564793348","lang":"fr"},{"public_metrics":{"retweet_count":0,"reply_count":0,"like_count":0,"quote_count":0},"id":"1425880006962647055","text":"Il est impérative de mettre hors d'état de nuire la junte militaire algérienne priorité numéro 1 pour la paix dans la région .\uD83C\uDDE9\uD83C\uDDFF\uD83D\uDD4A️\uD83C\uDDF2\uD83C\uDDE6\n\uD83D\uDE08 #tebboune #Algerie #drs  \uD83D\uDE08\n❤️#kabylie❤️ https://t.co/5r9eewDMAv","created_at":"2021-08-12T18:00:59.000Z","author_id":"1425808896564793348","lang":"fr"},{"public_metrics":{"retweet_count":1,"reply_count":0,"like_count":3,"quote_count":0},"id":"1425879875232088064","text":"Imaginez juste \uD83E\uDD0C\uD83C\uDFFB #kabyliebrule #Kabylie https://t.co/IeRaWtSpQ5","created_at":"2021-08-12T18:00:28.000Z","author_id":"1268626979353485312","lang":"es"},{"public_metrics":{"retweet_count":0,"reply_count":0,"like_count":0,"quote_count":0},"id":"1425879872560373773","text":"Il est impérative de mettre hors d'état de nuire la junte militaire algérienne priorité numéro 1 pour la paix dans la région .\uD83C\uDDE9\uD83C\uDDFF\uD83D\uDD4A️\uD83C\uDDF2\uD83C\uDDE6\n\uD83D\uDE08 #tebboune #Algerie #drs  \uD83D\uDE08\n❤️#kabylie❤️ https://t.co/wTshwI8U1O","created_at":"2021-08-12T18:00:27.000Z","author_id":"1425808896564793348","lang":"fr"},{"public_metrics":{"retweet_count":0,"reply_count":0,"like_count":0,"quote_count":0},"id":"1425879176448561153","text":"\uD83D\uDE08 #tebboune #Algerie #drs  \uD83D\uDE08\n❤️#kabylie❤️ Tebboune criminels mérite d'être capturer et jugé https://t.co/11kXGoJbIP","created_at":"2021-08-12T17:57:41.000Z","author_id":"1425808896564793348","lang":"fr"},{"public_metrics":{"retweet_count":0,"reply_count":0,"like_count":0,"quote_count":0},"id":"1425878679180169225","text":"J'ose même pas vous raconter ce qui s'est vraiment passé \uD83D\uDE14\uD83C\uDDE9\uD83C\uDDFF\n\uD83D\uDE08 #tebboune #Algerie #drs  \uD83D\uDE08\n❤️#kabylie❤️  vive l'Algérie libre sans la junte militaire \uD83D\uDD4A️\uD83C\uDDE9\uD83C\uDDFF https://t.co/kT2yi0IPaS","created_at":"2021-08-12T17:55:43.000Z","author_id":"1425808896564793348","lang":"fr"},{"public_metrics":{"retweet_count":1,"reply_count":0,"like_count":1,"quote_count":0},"id":"1425878425357721602","text":"@EmmanuelMacron Merci Monsieur Le Président !\nLes deux canadairs français \uD83C\uDDF2\uD83C\uDDEB sont arrivés à l’aéroport de Bejaia \uD83C\uDDE9\uD83C\uDDFF d’où ils s’apprêtent à intervenir pour participer aux opérations de #lutte contre les #incendies qui ravagent les #forêts de #Kabylie.\n#Solidarité #incendies #Algerie #kabyliebrule https://t.co/BumK7MiHz5","created_at":"2021-08-12T17:54:42.000Z","author_id":"1516650044","lang":"fr","attachments":{"media_keys":["3_1425877014867849221"]}},{"public_metrics":{"retweet_count":1,"reply_count":0,"like_count":3,"quote_count":0},"id":"1425878282365509634","text":"L’espoir ? #Kabylie https://t.co/KNrNjQFGKC","created_at":"2021-08-12T17:54:08.000Z","author_id":"1133468390272774145","lang":"fr","attachments":{"media_keys":["3_1425878277865017345"]}},{"public_metrics":{"retweet_count":8,"reply_count":0,"like_count":11,"quote_count":4},"id":"1425878177897926657","text":"Tout était planifié. Les traces de feu et d’essence ne trompent pas. \uD83D\uDE22\uD83D\uDE22\uD83D\uDE22\uD83D\uDE22\uD83D\uDE22\uD83D\uDE22\uD83D\uDE22\uD83D\uDE22#kabylie #kabyliebrule #AlgeriaIsBurning #algerie https://t.co/DFtbGe0NHJ","created_at":"2021-08-12T17:53:43.000Z","author_id":"899434910901039104","lang":"fr","attachments":{"media_keys":["7_1425877894493048833"]}},{"public_metrics":{"retweet_count":1,"reply_count":1,"like_count":4,"quote_count":0},"id":"1425877753145040902","text":"Je sens qu'il va falloir plus de Canadair pour l'#Algerie \uD83D\uDE16\n#Kabylie #Skikda #jijel #eltaref #setif","created_at":"2021-08-12T17:52:02.000Z","author_id":"40500873","lang":"fr"},{"public_metrics":{"retweet_count":0,"reply_count":0,"like_count":1,"quote_count":0},"id":"1425877658735415297","text":"Après la tentative de brûler le Sud #Algérien en manipulant les misères, c’est au tour de la #Kabylie la résistante de la brûlée vifs.\nLes promoteurs de la terre brûlée ne reculent devant rien pour rester au pouvoir.\n#MaKabylieBrule \uD83D\uDD25\uD83D\uDD25\uD83D\uDE25\uD83D\uDE25 https://t.co/drKdc4V09e","created_at":"2021-08-12T17:51:40.000Z","author_id":"1000714533768396800","lang":"fr","attachments":{"media_keys":["7_1425877520633765893"]}},{"public_metrics":{"retweet_count":0,"reply_count":0,"like_count":0,"quote_count":0},"id":"1425877613487267841","text":"Nous sommes là, mais pas assez nombreux. Rejoignez nous ! #AlgeriaIsBurning #kabyliebrule #Kabylie #KABYLIESBURNING #kabylie_brûle #kabyledefrance https://t.co/JksgQoTJhm","created_at":"2021-08-12T17:51:29.000Z","author_id":"756110156","lang":"fr","attachments":{"media_keys":["3_1425877588145315842"]}},{"public_metrics":{"retweet_count":0,"reply_count":0,"like_count":1,"quote_count":0},"id":"1425877539453558788","text":"\uD83C\uDDF2\uD83C\uDDE6\uD83C\uDDE9\uD83C\uDDFF\uD83E\uDD32 #Kabylie #Algerie\nhttps://t.co/vjVi3AHzNW","created_at":"2021-08-12T17:51:11.000Z","author_id":"1281483799","lang":"und"},{"public_metrics":{"retweet_count":1,"reply_count":0,"like_count":0,"quote_count":0},"id":"1425877412055814147","text":"@APS_Algerie Le régime mafieux #algérien punit les contestataires kabyles , Hier décennie noire, aujourd’hui #Kabylie en cendres ! https://t.co/zsdzx4iKXr","created_at":"2021-08-12T17:50:41.000Z","author_id":"935559477469868037","lang":"fr"},{"public_metrics":{"retweet_count":0,"reply_count":0,"like_count":0,"quote_count":0},"id":"1425877391226900481","text":"#PrayForAlgeria\n#Pray_For_Algeria\uD83D\uDD25\uD83D\uDD25\uD83C\uDDE9\uD83C\uDDFF\uD83C\uDDE9\uD83C\uDDFFالجزائر تحترق\uD83D\uDD25\uD83D\uDD25\n\uD83D\uDD25\uD83D\uDD25الجزائر تحترق\uD83C\uDDE9\uD83C\uDDFF\uD83C\uDDE9\uD83C\uDDFF\uD83D\uDE22\uD83D\uDC94\uD83D\uDE2D\n#متداول\n#Pray_For_Algeria\n#PrayforAlgeria\n#الجزائر_تحترق\n#الجزائرتحترق\n#الجزائر\n#تيزي__وزو\n#tiziouzou\n#solidarity\n#solidarite\n#تضامن\n#kabyles\n#kabyle\n#kabylie\n#القبائل\n#قبائل\n#sava_algeria https://t.co/f0anWeSF5J","created_at":"2021-08-12T17:50:36.000Z","author_id":"1304795739952947203","lang":"ar","attachments":{"media_keys":["3_1425877388769038336"]}},{"public_metrics":{"retweet_count":0,"reply_count":0,"like_count":0,"quote_count":0},"id":"1425877228982837256","text":"#punchline Pauvre #Kabylie","created_at":"2021-08-12T17:49:57.000Z","author_id":"827908969276514307","lang":"fr"},{"public_metrics":{"retweet_count":0,"reply_count":0,"like_count":1,"quote_count":0},"id":"1425877197340901378","text":"Toute solidarité avec l' #Algerie, surtout la #Kabylie.\n#kabyliebrule","created_at":"2021-08-12T17:49:50.000Z","author_id":"41389715","lang":"fr"},{"public_metrics":{"retweet_count":0,"reply_count":0,"like_count":0,"quote_count":0},"id":"1425876962157998089","text":"#Pray_For_Algeria\uD83D\uDD25\uD83D\uDD25\uD83C\uDDE9\uD83C\uDDFF\uD83C\uDDE9\uD83C\uDDFFالجزائر تحترق\uD83D\uDD25\uD83D\uDD25\n\uD83D\uDD25\uD83D\uDD25الجزائر تحترق\uD83C\uDDE9\uD83C\uDDFF\uD83C\uDDE9\uD83C\uDDFF\uD83D\uDE22\uD83D\uDC94\uD83D\uDE2D\n#متداول\n#Pray_For_Algeria\n#PrayforAlgeria\n#الجزائر_تحترق\n#الجزائرتحترق\n#الجزائر\n#تيزي__وزو\n#tiziouzou\n#solidarity\n#solidarite\n#تضامن\n#kabyles\n#kabyle\n#kabylie\n#القبائل\n#قبائل\n\n#pray_for_algeria\n#sava_algeria https://t.co/QDxCGzB732","created_at":"2021-08-12T17:48:53.000Z","author_id":"1304795739952947203","lang":"ar","attachments":{"media_keys":["3_1425876945888284674","3_1425876950531379206","3_1425876955933589513","3_1425876959595274242"]}},{"public_metrics":{"retweet_count":0,"reply_count":1,"like_count":0,"quote_count":0},"id":"1425876538080198657","text":"AIDEZ LA #KABYLIE: Algeria- specifically Kabylie, is on fire. People are posting SOS messages from all over. Dahmane Dahmani from Kabylie (now California) has set up a GoFundMe to help w/displacement, etc. You can find it here: \nhttps://t.co/etnjU2mjCv","created_at":"2021-08-12T17:47:12.000Z","author_id":"41389715","lang":"en"},{"public_metrics":{"retweet_count":6,"reply_count":0,"like_count":26,"quote_count":0},"id":"1425876326393724931","text":"Place de la République, en solidarité avec les régions sinistrées d'#Algerie et en hommage au jeune #DjamelBensmail, dit \"Jimmy\", mort par la folie des hommes. #Incendies #Kabylie https://t.co/5EFAHruSXM","created_at":"2021-08-12T17:46:22.000Z","author_id":"1528038488","lang":"fr","attachments":{"media_keys":["3_1425876273960734729","3_1425876286338125824","3_1425876301882302464","3_1425876315199180801"]}},{"public_metrics":{"retweet_count":0,"reply_count":0,"like_count":0,"quote_count":0},"id":"1425875309858000900","text":"#JesuisDjamelBenIsmail  #manif14aout #maroc #Palestine #Israel #traitres #normalisation #Algerie #Kabylie #Afghanistan #AntiPassSanitaire #الجزائر #FeuxDeForêt  suivez-nous sur telegram \nhttps://t.co/KHWslwsLfV https://t.co/iwzWV4yHWT https://t.co/GXqZCjIr2D https://t.co/UsLuO5scGw","created_at":"2021-08-12T17:42:20.000Z","author_id":"1390708816078065666","lang":"fr","attachments":{"media_keys":["7_1425875010892320774","7_1425816165591314443","7_1425816862110085124"]}},{"public_metrics":{"retweet_count":4,"reply_count":2,"like_count":2,"quote_count":0},"id":"1425874615491043339","text":"Sur notre site, à lire aussi cet article sur le sentiment d'abandon qui emplit certains dans la région de #Kabylie →  https://t.co/IwMLSsZYkq","created_at":"2021-08-12T17:39:34.000Z","author_id":"185650111","lang":"fr"},{"public_metrics":{"retweet_count":9,"reply_count":0,"like_count":12,"quote_count":1},"id":"1425874468338032641","text":"\uD83D\uDD34 INFO - #Algérie : La protection civile algérienne annonce que 100 incendies sont désormais actifs dont 38 à #Tizi_Ouzou (officiel). #Kabylie #AlgeriaIsBurning #Algerie_brule #kabyliebrule https://t.co/E4FXgsRzTF","created_at":"2021-08-12T17:38:59.000Z","author_id":"784636611183214592","lang":"fr","attachments":{"media_keys":["7_1425874322615410690"]}},{"public_metrics":{"retweet_count":14,"reply_count":5,"like_count":36,"quote_count":1},"id":"1425873934902251522","text":"D'autres images de remplissage des Canadairs. \n(Vu sur Facebook)\n#Algerie \n#Kabylie https://t.co/Mv2D7q61wf","created_at":"2021-08-12T17:36:52.000Z","author_id":"1021855300335357953","lang":"fr","attachments":{"media_keys":["7_1425873632006397952"]}},{"public_metrics":{"retweet_count":3,"reply_count":1,"like_count":1,"quote_count":0},"id":"1425873141037928453","text":"Le lien de la cagnotte est le suivant : https://t.co/pdEyp4EYIk #PrayForAlgeria #kabyliebrule #Kabylie","created_at":"2021-08-12T17:33:42.000Z","author_id":"3010963216","lang":"fr"},{"public_metrics":{"retweet_count":0,"reply_count":0,"like_count":0,"quote_count":0},"id":"1425873063699230722","text":"#OPEC SG #HEMohammadBarkindo conveyed his condolences to HE Mohamed Arkab Algeria’s Minister of Energy and Mines on the tragic loss of life that occurred due to the wildfires in the northern part of #Algeria , particularly in the #Kabylie region.\n#XGlobalMarkets #OOTT","created_at":"2021-08-12T17:33:24.000Z","author_id":"733611692","lang":"en"},{"public_metrics":{"retweet_count":0,"reply_count":0,"like_count":0,"quote_count":0},"id":"1425872808266055692","text":"\uD83D\uDE08 #tebboune #Algerie #drs  \uD83D\uDE08\n❤️#kabylie❤️ https://t.co/yIJQVKF6bS","created_at":"2021-08-12T17:32:23.000Z","author_id":"1425808896564793348","lang":"und"},{"public_metrics":{"retweet_count":1,"reply_count":0,"like_count":3,"quote_count":0},"id":"1425872552673648640","text":"Pourvu que ça continue… hamdoulilah enfin des bonnes nouvelles. #kabyliebrule #Kabylie #Algerie #Algeria #AlgeriaIsBurning https://t.co/2zBz0tDpjc","created_at":"2021-08-12T17:31:22.000Z","author_id":"899434910901039104","lang":"fr","attachments":{"media_keys":["3_1425872131175460866"]}},{"public_metrics":{"retweet_count":1,"reply_count":1,"like_count":2,"quote_count":0},"id":"1425872150976737280","text":"Tardif et en autant plus attendu \uD83C\uDDE9\uD83C\uDDFF #incendies #Kabylie https://t.co/1n4Ebcisbw","created_at":"2021-08-12T17:29:46.000Z","author_id":"123311560","lang":"fr"},{"public_metrics":{"retweet_count":1,"reply_count":0,"like_count":2,"quote_count":0},"id":"1425872064636985355","text":"#JesuisDjamelBenIsmail  #manif14aout #maroc #Palestine #Israel #traitres #normalisation #Algerie #Kabylie #Afghanistan #AntiPassSanitaire #الجزائر #FeuxDeForêt  suivez-nous sur telegram \nhttps://t.co/KHWslwsLfV https://t.co/iwzWV4yHWT https://t.co/t8HGvAaYqC","created_at":"2021-08-12T17:29:26.000Z","author_id":"1390708816078065666","lang":"fr","attachments":{"media_keys":["7_1425871817101791233","7_1425816165591314443"]}},{"public_metrics":{"retweet_count":0,"reply_count":0,"like_count":0,"quote_count":0},"id":"1425871891345051653","text":"\uD83D\uDE08 #tebboune #Algerie #drs  \uD83D\uDE08\n❤️#kabylie❤️ https://t.co/KaDpOQ8ILD","created_at":"2021-08-12T17:28:44.000Z","author_id":"1425808896564793348","lang":"und"},{"public_metrics":{"retweet_count":18,"reply_count":9,"like_count":81,"quote_count":1},"id":"1425871853143400454","text":"Vu sur Facebook. Premières interventions des Canadairs. Ces images m'emplissent de joie. J'espère qu'elles sont authentiques. \n#Algerie #kabylie https://t.co/lIZr1mBKqb","created_at":"2021-08-12T17:28:35.000Z","author_id":"1021855300335357953","lang":"fr","attachments":{"media_keys":["7_1425871806838235136"]}},{"public_metrics":{"retweet_count":2,"reply_count":0,"like_count":4,"quote_count":0},"id":"1425871849343311873","text":"De nombreux dons sont arrivés à  Azazga ma région #kabylie \nMerci pour votre générosité et merci aux jeunes de #Azazga pour leur dynamisme. \n#Blida solidaire et citoyenne \n#Algérie une et indivisible \n#Peuple algérien uni dans l'adversité\n#PrayForAlgeria https://t.co/IoHtRXwgUx","created_at":"2021-08-12T17:28:34.000Z","author_id":"1188597713346158592","lang":"fr","attachments":{"media_keys":["3_1425871840099147779","3_1425871843525894153","3_1425871846625398788"]}},{"public_metrics":{"retweet_count":0,"reply_count":0,"like_count":0,"quote_count":0},"id":"1425871662138986497","text":"@Morgan2Me Pourquoi le régime des généraux en Algérie a incendié la région de Kabylie ? https://t.co/nNnND2Imuj #Kabylie","created_at":"2021-08-12T17:27:50.000Z","author_id":"3338128798","lang":"fr"},{"public_metrics":{"retweet_count":0,"reply_count":0,"like_count":0,"quote_count":0},"id":"1425871489291669510","text":"#manif14aout #GreveGenerale #VaccinationObligatoire #PassDeLaHonte #PassSanitaire #algerie #Kabylie #jeudiphoto #touchepasamesgosses #antivax https://t.co/HpXsI5dbAS","created_at":"2021-08-12T17:27:09.000Z","author_id":"1420490940280627201","lang":"und"},{"public_metrics":{"retweet_count":0,"reply_count":1,"like_count":1,"quote_count":0},"id":"1425871336921042950","text":"@kam_rot @lordz08 @EmmanuelMacron a presque supplié @TebbouneAmadjid  pour aider l Algérie a éteindre les feux de #Kabylie  #bladmickey","created_at":"2021-08-12T17:26:32.000Z","author_id":"435180714","lang":"fr"},{"public_metrics":{"retweet_count":3,"reply_count":0,"like_count":4,"quote_count":0},"id":"1425870818408636420","text":"L’Île-de-France annonce une aide de 100.000 euros pour la Kabylie\n\nLire l'article ⤵️\n\n#Kabylie #kabyliebrule #KABYLIESBURNING #PrayForKabylia #savekabylie\n#Algeria #algeriebrule\n#AlgeriaIsBurning #SaveAlgeria\n#France #iledefrance #Paris\n\nhttps://t.co/FBXNwFsWhU","created_at":"2021-08-12T17:24:29.000Z","author_id":"1166388187922612224","lang":"fr"},{"public_metrics":{"retweet_count":0,"reply_count":0,"like_count":1,"quote_count":0},"id":"1425870554981093384","text":"#Kabylie #kabyliebrule https://t.co/NEWXYdDvq9","created_at":"2021-08-12T17:23:26.000Z","author_id":"3360724569","lang":"und","attachments":{"media_keys":["3_1425870547800444932"]}},{"public_metrics":{"retweet_count":0,"reply_count":0,"like_count":0,"quote_count":0},"id":"1425869730758414339","text":"\uD83D\uDE08 #tebboune #Algerie #drs  \uD83D\uDE08\n❤️#kabylie❤️ #complot https://t.co/gXbeGYc9FX","created_at":"2021-08-12T17:20:09.000Z","author_id":"1425808896564793348","lang":"und"}],"includes":{"media":[{"media_key":"3_1425914765042454535","type":"photo","url":"https://pbs.twimg.com/media/E8nd7IpXEAcbyJX.png"},{"media_key":"7_1425912998590308359","public_metrics":{"view_count":532},"type":"video"},{"media_key":"7_1425912843975671815","public_metrics":{"view_count":404},"type":"video"},{"media_key":"7_1425911944280748034","public_metrics":{"view_count":64},"type":"video"},{"media_key":"3_1425911702189756423","type":"photo","url":"https://pbs.twimg.com/media/E8nbI2oX0AcXUll.jpg"},{"media_key":"3_1425910489280913416","type":"photo","url":"https://pbs.twimg.com/media/E8naCQMXoAgRBdJ.jpg"},{"media_key":"3_1425910394896400386","type":"photo","url":"https://pbs.twimg.com/media/E8nZ8wlWQAIXTfK.jpg"},{"media_key":"7_1425909459021402116","public_metrics":{"view_count":768},"type":"video"},{"media_key":"3_1425908073940635649","type":"photo","url":"https://pbs.twimg.com/media/E8nX1qWX0AEFv07.jpg"},{"media_key":"3_1425908073940594690","type":"photo","url":"https://pbs.twimg.com/media/E8nX1qWXMAIGnWm.jpg"},{"media_key":"3_1425907375345651717","type":"photo","url":"https://pbs.twimg.com/media/E8nXM_4WUAUObrR.jpg"},{"media_key":"7_1425905455243702274","public_metrics":{"view_count":1633},"type":"video"},{"media_key":"3_1425905214280904716","type":"photo","url":"https://pbs.twimg.com/media/E8nVPNSXMAwsP1K.jpg"},{"media_key":"3_1425905214318686213","type":"photo","url":"https://pbs.twimg.com/media/E8nVPNbXsAUtarF.jpg"},{"media_key":"3_1425905214301876237","type":"photo","url":"https://pbs.twimg.com/media/E8nVPNXXMA0l_88.jpg"},{"media_key":"3_1425905214306070530","type":"photo","url":"https://pbs.twimg.com/media/E8nVPNYXMAI6Z2V.jpg"},{"media_key":"3_1425904298379169792","type":"photo","url":"https://pbs.twimg.com/media/E8nUZ5SX0AA9JRi.jpg"},{"media_key":"3_1425904304024662018","type":"photo","url":"https://pbs.twimg.com/media/E8nUaOUXMAIk8T6.jpg"},{"media_key":"3_1425904311276642308","type":"photo","url":"https://pbs.twimg.com/media/E8nUapVXoAQc81t.jpg"},{"media_key":"3_1425901149543092228","type":"photo","url":"https://pbs.twimg.com/media/E8nRim9WUAQ4AO0.jpg"},{"media_key":"7_1425900362825936897","public_metrics":{"view_count":677},"type":"video"},{"media_key":"3_1425899307329335307","type":"photo","url":"https://pbs.twimg.com/media/E8nP3YLXMAs67Ti.jpg"},{"media_key":"7_1425895364222148616","public_metrics":{"view_count":1289},"type":"video"},{"media_key":"3_1425895573245267970","type":"photo","url":"https://pbs.twimg.com/media/E8nMeBoWEAIgfer.jpg"},{"media_key":"7_1425894103896707076","public_metrics":{"view_count":83},"type":"video"},{"media_key":"7_1425893064179134469","public_metrics":{"view_count":389},"type":"video"},{"media_key":"3_1425891927052935174","type":"photo","url":"https://pbs.twimg.com/media/E8nJJygWYAYw97V.jpg"},{"media_key":"3_1425891927094927367","type":"photo","url":"https://pbs.twimg.com/media/E8nJJyqXIAcL1aK.jpg"},{"media_key":"3_1425891927057182721","type":"photo","url":"https://pbs.twimg.com/media/E8nJJyhXMAEqTD0.jpg"},{"media_key":"3_1425891927082274818","type":"photo","url":"https://pbs.twimg.com/media/E8nJJynWEAIX5Jp.jpg"},{"media_key":"7_1425891601595912203","public_metrics":{"view_count":303},"type":"video"},{"media_key":"3_1425889244439097347","type":"photo","url":"https://pbs.twimg.com/media/E8nGto_XsAMAO0I.jpg"},{"media_key":"7_1425886357134663687","public_metrics":{"view_count":3981},"type":"video"},{"media_key":"7_1425882520743202824","public_metrics":{"view_count":220},"type":"video"},{"media_key":"3_1425881179820077064","type":"photo","url":"https://pbs.twimg.com/media/E8m_YN8XMAgL2EY.jpg"},{"media_key":"7_1425880579355168768","public_metrics":{"view_count":287},"type":"video"},{"media_key":"3_1425877014867849221","type":"photo","url":"https://pbs.twimg.com/media/E8m7lySXsAU5u3M.jpg"},{"media_key":"3_1425878277865017345","type":"photo","url":"https://pbs.twimg.com/media/E8m8vTUXEAEjUsK.jpg"},{"media_key":"7_1425877894493048833","public_metrics":{"view_count":490},"type":"video"},{"media_key":"7_1425877520633765893","public_metrics":{"view_count":149},"type":"video"},{"media_key":"3_1425877588145315842","type":"photo","url":"https://pbs.twimg.com/media/E8m8HJ6XoAIgBR4.jpg"},{"media_key":"3_1425877388769038336","type":"photo","url":"https://pbs.twimg.com/media/E8m77jLXEAAAGrb.jpg"},{"media_key":"3_1425876945888284674","type":"photo","url":"https://pbs.twimg.com/media/E8m7hxUXEAI3aqe.jpg"},{"media_key":"3_1425876950531379206","type":"photo","url":"https://pbs.twimg.com/media/E8m7iCnXEAYFcoi.jpg"},{"media_key":"3_1425876955933589513","type":"photo","url":"https://pbs.twimg.com/media/E8m7iWvWQAkKR6R.jpg"},{"media_key":"3_1425876959595274242","type":"photo","url":"https://pbs.twimg.com/media/E8m7ikYXIAID-_h.jpg"},{"media_key":"3_1425876273960734729","type":"photo","url":"https://pbs.twimg.com/media/E8m66qMWUAkNivV.jpg"},{"media_key":"3_1425876286338125824","type":"photo","url":"https://pbs.twimg.com/media/E8m67YTWUAAU1_W.jpg"},{"media_key":"3_1425876301882302464","type":"photo","url":"https://pbs.twimg.com/media/E8m68SNXoAAnH38.jpg"},{"media_key":"3_1425876315199180801","type":"photo","url":"https://pbs.twimg.com/media/E8m69D0XEAEvJ06.jpg"},{"media_key":"7_1425875010892320774","public_metrics":{"view_count":10},"type":"video"},{"media_key":"7_1425816165591314443","public_metrics":{"view_count":27},"type":"video"},{"media_key":"7_1425816862110085124","public_metrics":{"view_count":14},"type":"video"},{"media_key":"7_1425874322615410690","public_metrics":{"view_count":781},"type":"video"},{"media_key":"7_1425873632006397952","public_metrics":{"view_count":372},"type":"video"},{"media_key":"3_1425872131175460866","type":"photo","url":"https://pbs.twimg.com/media/E8m3JhHXsAIvBeZ.jpg"},{"media_key":"7_1425871817101791233","public_metrics":{"view_count":37},"type":"video"},{"media_key":"7_1425871806838235136","public_metrics":{"view_count":1452},"type":"video"},{"media_key":"3_1425871840099147779","type":"photo","url":"https://pbs.twimg.com/media/E8m24kxXoAMcY4F.jpg"},{"media_key":"3_1425871843525894153","type":"photo","url":"https://pbs.twimg.com/media/E8m24xiXoAkwrF2.jpg"},{"media_key":"3_1425871846625398788","type":"photo","url":"https://pbs.twimg.com/media/E8m249FWUAQX8_0.jpg"},{"media_key":"3_1425870547800444932","type":"photo","url":"https://pbs.twimg.com/media/E8m1tWlWUAQ3_3E.jpg"}]},"meta":{"newest_id":"1425914810496176135","oldest_id":"1425869730758414339","result_count":99,"next_token":"b26v89c19zqg8o3fpdm8kuy3bth022arpbarhv45rwd4t"}}