{"data":[{"lang":"und","author_id":"1425808896564793348","public_metrics":{"retweet_count":0,"reply_count":0,"like_count":0,"quote_count":0},"created_at":"2021-08-12T17:18:09.000Z","text":"\uD83D\uDE08 #tebboune #Algerie #drs  \uD83D\uDE08\n❤️#kabylie❤️ https://t.co/B0qoJLuENH","id":"1425869224061374471"},{"lang":"und","author_id":"1394686530699075587","public_metrics":{"retweet_count":0,"reply_count":0,"like_count":2,"quote_count":0},"created_at":"2021-08-12T17:17:52.000Z","text":"#kabylie \uD83C\uDDE9\uD83C\uDDFF الله akbar","id":"1425869153869647875"},{"lang":"ro","author_id":"1394686530699075587","public_metrics":{"retweet_count":5,"reply_count":0,"like_count":5,"quote_count":0},"created_at":"2021-08-12T17:16:41.000Z","text":"rt pr nos frères et sœurs #freepalestine #kabylie #ouïgours الله est avec vous","id":"1425868856673853446"},{"lang":"und","author_id":"1425808896564793348","public_metrics":{"retweet_count":0,"reply_count":0,"like_count":0,"quote_count":0},"created_at":"2021-08-12T17:16:40.000Z","text":"\uD83D\uDE08 #tebboune #Algerie #drs  \uD83D\uDE08\n❤️#kabylie❤️ https://t.co/un5uVsX4Hs","id":"1425868853767286797"},{"lang":"und","author_id":"1425808896564793348","public_metrics":{"retweet_count":0,"reply_count":0,"like_count":0,"quote_count":0},"created_at":"2021-08-12T17:16:20.000Z","text":"\uD83D\uDE08 #tebboune #Algerie #drs  \uD83D\uDE08\n❤️#kabylie❤️ https://t.co/Ly1DMM2QzC","id":"1425868768920711174"},{"attachments":{"media_keys":["3_1425868226899099660"]},"lang":"fr","author_id":"18115983","public_metrics":{"retweet_count":79,"reply_count":0,"like_count":50,"quote_count":0},"created_at":"2021-08-12T17:14:26.000Z","text":"Appel de détresse - Une  maman  du village Tiflkout a besoin en urgent du concentrateur d'oxygène #Kabylie https://t.co/wGYTGKLrsX","id":"1425868289180307465"},{"lang":"fr","author_id":"1379050470187077638","public_metrics":{"retweet_count":0,"reply_count":0,"like_count":2,"quote_count":0},"created_at":"2021-08-12T17:13:48.000Z","text":"Les algerianistes créent un nouveau feu pour invisibiliser la souffrance des kabyles, parler du lynchage de ce pauvre homme, on les a pas entendu sur les martyrs des incendies criminels #Kabylie #kabyliebrule","id":"1425868130702798850"},{"lang":"fr","author_id":"252660689","public_metrics":{"retweet_count":1,"reply_count":0,"like_count":2,"quote_count":0},"created_at":"2021-08-12T17:13:14.000Z","text":"#Tebboune s’occupe plus de ses amis type Ben batouche que de la #Kabylie \nLe peuple kabyle est berbère : Amazigh… il aime mais maîtrise la punition et sa revanche serait violente  très violente","id":"1425867988339761165"},{"lang":"fr","author_id":"1231922522549104641","public_metrics":{"retweet_count":0,"reply_count":0,"like_count":9,"quote_count":0},"created_at":"2021-08-12T17:12:38.000Z","text":"Les canadairs déployés par la sécurité civile française en Kabylie ont déjà commencé leur mission, deux feux à Bougie sont désormais sous contrôle ! merci à la France\n#PrayForKabylia #kabyliebrule #Kabylie","id":"1425867838062010368"},{"lang":"und","author_id":"1425808896564793348","public_metrics":{"retweet_count":0,"reply_count":0,"like_count":0,"quote_count":0},"created_at":"2021-08-12T17:12:02.000Z","text":"\uD83C\uDDE9\uD83C\uDDFF\uD83C\uDDE9\uD83C\uDDFF\uD83C\uDDE9\uD83C\uDDFF\uD83D\uDC4F\uD83D\uDC4F\uD83D\uDC4F\uD83D\uDE01\n\uD83D\uDE08 #tebboune #Algerie #drs  \uD83D\uDE08\n❤️#kabylie❤️ https://t.co/O25KLx4qIC","id":"1425867686559498260"},{"attachments":{"media_keys":["7_1425867252142854148"]},"lang":"fr","author_id":"1425808896564793348","public_metrics":{"retweet_count":0,"reply_count":0,"like_count":0,"quote_count":0},"created_at":"2021-08-12T17:12:01.000Z","text":"@TSAlgerie \uD83C\uDDE9\uD83C\uDDFF\uD83C\uDDE9\uD83C\uDDFF\uD83C\uDDE9\uD83C\uDDFF\uD83D\uDC4F\uD83D\uDC4F\uD83D\uDC4F\uD83D\uDE01\n\uD83D\uDE08 #tebboune #Algerie #drs  \uD83D\uDE08\n❤️#kabylie❤️  où sont passés les milliards ❓\uD83D\uDCB8\uD83D\uDCB8\uD83D\uDCB8\uD83D\uDD75️‍♂️⚖️ https://t.co/8618oqghx8","id":"1425867683443138565"},{"lang":"fr","author_id":"1010998194","public_metrics":{"retweet_count":19,"reply_count":3,"like_count":37,"quote_count":1},"created_at":"2021-08-12T17:11:40.000Z","text":"\uD83C\uDDE9\uD83C\uDDFF | Le jeune homme était un volontaire venu prêter main forte. Il a été brûlé vif par une foule\n#PrayForKabylia #JusticePourDjamelBenIsmail #الجزاير_تحترق #الجزايٴر_تستغيث #Kabylie \nhttps://t.co/QrHsj85VGp","id":"1425867592393166851"},{"attachments":{"media_keys":["3_1425866906997870595"]},"lang":"fr","author_id":"3360724569","public_metrics":{"retweet_count":1,"reply_count":0,"like_count":0,"quote_count":0},"created_at":"2021-08-12T17:09:01.000Z","text":"#kabyliebrule #Kabylie  \nCeux qui nauront pas de toit ce qoir en Kabylie contactez cette entreprise de Tizi Ouzou N'hesiter pas https://t.co/1agcC9dFDL","id":"1425866925922525186"},{"attachments":{"media_keys":["3_1425866670309101569","3_1425866673106599945"]},"lang":"und","author_id":"1425808896564793348","public_metrics":{"retweet_count":0,"reply_count":0,"like_count":0,"quote_count":0},"created_at":"2021-08-12T17:08:01.000Z","text":"@AlgerieVisas @TSAlgerie \uD83C\uDDE9\uD83C\uDDFF\uD83C\uDDE9\uD83C\uDDFF\uD83C\uDDE9\uD83C\uDDFF\uD83D\uDC4F\uD83D\uDC4F\uD83D\uDC4F\uD83D\uDE01\n\uD83D\uDE08 #tebboune #Algerie #drs  \uD83D\uDE08\n❤️#kabylie❤️ https://t.co/ogOcFRmN0D","id":"1425866675199647748"},{"lang":"fr","author_id":"848506133098762240","public_metrics":{"retweet_count":0,"reply_count":0,"like_count":0,"quote_count":0},"created_at":"2021-08-12T17:00:10.000Z","text":"@lahlatr il n'a pas donné plus de précision..désolé, mais c'est terrible toute la #Kabylie brûle..\uD83D\uDC94","id":"1425864698411601928"},{"lang":"fr","author_id":"436987962","public_metrics":{"retweet_count":0,"reply_count":0,"like_count":0,"quote_count":0},"created_at":"2021-08-12T16:59:11.000Z","text":"#Algérie(Sos #Enfance) #RCD++ #TransitionDémocratique++ #Tamazight(Officielle) #Kabylie-#Aures-#MZab++ #Afrique[#Dz++/#Ww3 #VendreDire(SolidaritéDétenu(e)s #KhaledDRARENI++ #8Mars(Jidf) #Ww4(Vs#COVID19/Vaccinat°+]\n\n#Tamenghast/Affaire #RabahKARÈCHE(8MoisFerme) ÀSuivre..: https://t.co/iCgPtAMQ6f","id":"1425864452197470208"},{"lang":"fr","author_id":"1639836846","public_metrics":{"retweet_count":0,"reply_count":1,"like_count":1,"quote_count":0},"created_at":"2021-08-12T16:57:32.000Z","text":"@alice22000 \uD83D\uDE43\nje voulais rendre hommage à un auteur de #Kabylie... \uD83D\uDE4F","id":"1425864038827823105"},{"attachments":{"media_keys":["3_1425863929037737996","3_1425863934108651529","3_1425863941343875077","3_1425863945840173068"]},"lang":"fr","author_id":"743789552972800000","public_metrics":{"retweet_count":17,"reply_count":4,"like_count":49,"quote_count":0},"created_at":"2021-08-12T16:57:11.000Z","text":"Demain départ de la première caravane d'aide de la wilaya de #Mostaganem vers #Tizi_Ouzou\n(Photos : wilaya).\n#savedz #Kabylie #Algérie https://t.co/AMOSVc6M7g","id":"1425863947886940169"},{"lang":"fr","author_id":"436987962","public_metrics":{"retweet_count":1,"reply_count":0,"like_count":0,"quote_count":0},"created_at":"2021-08-12T16:56:04.000Z","text":"#Algérie(Sos #Enfance) #RCD++ #TransitionDémocratique++ #Tamazight(Officielle) #Kabylie-#Aures-#MZab++ #Afrique[#Dz++/#Ww3 #VendreDire(SolidaritéDétenu(e)s #KhaledDRARENI++ #8Mars(Jidf) #Ww4(Vs#COVID19/Vaccinat°+]\n\n#JSKabylie EnSolidaritéVsCriminels #FeuxDeForêts..: https://t.co/L3vQBIbzaB","id":"1425863669804589064"},{"attachments":{"media_keys":["3_1425863463792955392","3_1425863463948193803","3_1425863464233340937"]},"lang":"und","author_id":"899434910901039104","public_metrics":{"retweet_count":0,"reply_count":0,"like_count":1,"quote_count":0},"created_at":"2021-08-12T16:55:16.000Z","text":"\uD83E\uDD32\uD83C\uDFFC\uD83E\uDD32\uD83C\uDFFC\uD83E\uDD32\uD83C\uDFFC #kabyliebrule #Kabylie #Algerie #AlgeriaIsBurning https://t.co/2rjKsdPg7y https://t.co/Wf7ugz0XHk","id":"1425863467945320450"},{"lang":"und","author_id":"1425808896564793348","public_metrics":{"retweet_count":0,"reply_count":0,"like_count":0,"quote_count":0},"created_at":"2021-08-12T16:54:22.000Z","text":"#Kabylie #Algerie #Tebboune \uD83C\uDDE8\uD83C\uDDF5\uD83D\uDC4F\uD83C\uDDE9\uD83C\uDDFF\n#GénéralDeGaulle https://t.co/latPvHksfr","id":"1425863239552929801"},{"attachments":{"media_keys":["7_1425862654107729923"]},"lang":"fr","author_id":"1327722693882507268","public_metrics":{"retweet_count":2,"reply_count":1,"like_count":6,"quote_count":1},"created_at":"2021-08-12T16:54:06.000Z","text":"Enfin\uD83D\uDC94\n#PrayForAlgeria \n#الجزائر_تقاوم_ولا_تموت \n#Kabylie https://t.co/jlQ1viz5Pn","id":"1425863174817992706"},{"lang":"fr","author_id":"408596415","public_metrics":{"retweet_count":2,"reply_count":0,"like_count":4,"quote_count":0},"created_at":"2021-08-12T16:53:34.000Z","text":"Maintenant incendie à Ait Abdelmoumene aux Ouadhias et Ait Mesbah (Beni Douala) #Kabylie #kabyliebrule #TiziOuzou_brule #Algerie","id":"1425863039480369164"},{"attachments":{"media_keys":["3_1425862953082015750","3_1425862972816117769","3_1425862987487879168","3_1425863008627183628"]},"lang":"fr","author_id":"743789552972800000","public_metrics":{"retweet_count":19,"reply_count":0,"like_count":29,"quote_count":0},"created_at":"2021-08-12T16:53:27.000Z","text":"Le groupe #Saïdal ont fait un don de 20 tonnes de médicaments qui seront distribués dès demain vendredi aux hôpitaux de la wilaya de #Tizi_Ouzou, dans le cadre de la solidarité avec les sinistrés des incendies de #Kabylie.\nPhotos : FB.\n#savedz https://t.co/tmCjg58tW9","id":"1425863011017936897"},{"attachments":{"media_keys":["7_1425862864716410882"]},"lang":"fr","author_id":"899434910901039104","public_metrics":{"retweet_count":10,"reply_count":4,"like_count":41,"quote_count":3},"created_at":"2021-08-12T16:53:12.000Z","text":"Hmdl les canadairs sont arrivés et ont éteint plusieurs foyers de feu. \uD83C\uDDE9\uD83C\uDDFF\uD83C\uDDE9\uD83C\uDDFF\uD83C\uDDE9\uD83C\uDDFF\uD83C\uDDE9\uD83C\uDDFF\uD83C\uDDE9\uD83C\uDDFF\uD83C\uDDE9\uD83C\uDDFF\uD83C\uDDE9\uD83C\uDDFF\uD83C\uDDE9\uD83C\uDDFF #kabylie #kabyliebrule #algerie https://t.co/tsxR52ZlIU","id":"1425862947285475329"},{"attachments":{"media_keys":["3_1425862630560968707","3_1425862630569283590"]},"lang":"fr","author_id":"2749659142","public_metrics":{"retweet_count":2,"reply_count":0,"like_count":0,"quote_count":0},"created_at":"2021-08-12T16:52:01.000Z","text":"Si vous habitez à Alger !\n\nVous pouvez déposer vos dons à Hydra, Restaurant Presto, RUE HAMDANI LAHCEN, Algiers, Algeria\n\nOn va se déplacer vers les villes qui ont été touchées aujourd’hui, du côté de Bejaia\n\nMerci de RT \n\n #PrayForKabylia #PrayForAlgeria #Kabylie https://t.co/7YPuiqPneG","id":"1425862647984136193"},{"lang":"fr","author_id":"436987962","public_metrics":{"retweet_count":2,"reply_count":0,"like_count":0,"quote_count":0},"created_at":"2021-08-12T16:51:55.000Z","text":"#Algérie(Sos #Enfance) #RCD++ #TransitionDémocratique++ #Tamazight(Officielle) #Kabylie-#Aures-#MZab++ #Afrique[#Dz++/#Ww3 #VendreDire(SolidaritéDétenu(e)s #KhaledDRARENI++ #8Mars(Jidf) #Ww4(Vs#COVID19/Vaccinat°+]\n\n#Skikda(OumToub)/SolidaritéVsCriminels #FeuxDeForêts Cc..: https://t.co/f9OpuPPHKn","id":"1425862625422946310"},{"lang":"fr","author_id":"4716901901","public_metrics":{"retweet_count":1,"reply_count":0,"like_count":2,"quote_count":0},"created_at":"2021-08-12T16:48:51.000Z","text":"https://t.co/NN8DuOfpmG ‼️Le relais à la mosquée d'Argenteuil pour la collecte de dons ‼️11 Rue Ferdinand Gambon, 75020 Paris #Algerie #AlgeriaIsBurning #Algeria #Kabylie","id":"1425861852152713217"},{"lang":"fr","author_id":"436987962","public_metrics":{"retweet_count":1,"reply_count":0,"like_count":2,"quote_count":0},"created_at":"2021-08-12T16:48:29.000Z","text":"#Algérie(Sos #Enfance) #RCD++ #TransitionDémocratique++ #Tamazight(Officielle) #Kabylie-#Aures-#MZab++ #Afrique[#Dz++/#Ww3 #VendreDire(SolidaritéDétenu(e)s #KhaledDRARENI++ #8Mars(Jidf) #Ww4(Vs#COVID19/Vaccinat°+]\n\n#Canadairs VsCriminels #FeuxDeForêts..: https://t.co/UHwPHTAcUZ","id":"1425861761928941569"},{"attachments":{"media_keys":["3_1425860286414733325"]},"lang":"fr","author_id":"1178032051","public_metrics":{"retweet_count":14,"reply_count":0,"like_count":7,"quote_count":2},"created_at":"2021-08-12T16:42:39.000Z","text":"L'association Rotaract #Kabylie lance un appel aux bénévoles à #TiziOuzou. Pour :\n- Récupération des dons;\n- prise en charge des familles sinistrées dans un locale de 800 m (en terme de nourriture et de logements)\n- préparation des repas. \n\nIls sont joignables au 0552 52 33 18 https://t.co/14wgQGHpbS","id":"1425860294136504328"},{"attachments":{"media_keys":["16_1425859316943364105"]},"lang":"fr","author_id":"1315441236266889216","public_metrics":{"retweet_count":1,"reply_count":1,"like_count":1,"quote_count":0},"created_at":"2021-08-12T16:38:48.000Z","text":"J’aimerais laisser un message à tous ces pseudos Star qui se lâchent sur le #PrayForAlgeria @djsnake \n\nDans ces moments-là au lieu de prier vous feriez mieux de lâcher des billets.\n\nIl faut des actions concrètes pas de bla-bla … #Kabylie https://t.co/mqZxiE74ok","id":"1425859325080313859"},{"lang":"fr","author_id":"1175818167169495040","public_metrics":{"retweet_count":0,"reply_count":0,"like_count":1,"quote_count":0},"created_at":"2021-08-12T16:37:08.000Z","text":"Vous me répugniez à parler de choses non-importante alors que la Kabylie est littéralement entrain de brûler ! \uD83E\uDD2E.    #Kabylie #kabylieenfeu #Algerie","id":"1425858904911716357"},{"attachments":{"media_keys":["3_1425858774175207426"]},"lang":"en","author_id":"902832019947884544","public_metrics":{"retweet_count":0,"reply_count":1,"like_count":0,"quote_count":0},"created_at":"2021-08-12T16:36:57.000Z","text":"@ClarkTulengera @yairlapid @_AfricanUnion @UN algeria agent, stop meddling in the relationship btw #Morocco &amp; #Israel. u have more to do in algeria: fighting agst the wildfires in occupied #Kabylie for example among many other urgent matters (bringing food&amp;water to algerian ppl, inflation, failed economy...)\n\n#WesternSahara https://t.co/w6pnXcP0In","id":"1425858856844992525"},{"lang":"fr","author_id":"1383105703666147334","public_metrics":{"retweet_count":0,"reply_count":0,"like_count":1,"quote_count":0},"created_at":"2021-08-12T16:36:12.000Z","text":"l'Algérie en feu : Djamel Ben Smaeil.\n\nhttps://t.co/RhY82F9Nl3\n\n#Kabylie #PrayForAlgeria #Algerie #تيزي_وزو_تحترق\n\n#تيزي_وزو_تحترق","id":"1425858670152359937"},{"lang":"en","author_id":"17214347","public_metrics":{"retweet_count":1,"reply_count":0,"like_count":0,"quote_count":0},"created_at":"2021-08-12T16:35:37.000Z","text":"#kabylie incendies\nhttps://t.co/UAaG0gzjYG","id":"1425858523095785472"},{"lang":"und","author_id":"1425808896564793348","public_metrics":{"retweet_count":0,"reply_count":0,"like_count":0,"quote_count":0},"created_at":"2021-08-12T16:34:38.000Z","text":"\uD83D\uDE31 #DRS #Algerie #complot #Kabylie #Tebboune \uD83C\uDDE9\uD83C\uDDFF\uD83D\uDD75️‍♂️ https://t.co/fhpo1H5RYa","id":"1425858272658067461"},{"lang":"in","author_id":"1283941746238521344","public_metrics":{"retweet_count":0,"reply_count":0,"like_count":0,"quote_count":0},"created_at":"2021-08-12T16:30:27.000Z","text":"Kouna 3aychin la hanya mea Bouteflika ja tbon Corona zadet nahlna lma Nar rah tche3al fl jebal mzl tkhrj msih dajal ou nghl9oha \n#Algerie #تيزي_تحترق #PrayForAlgeria #Tiziouzou #Kabylie #Covid_19","id":"1425857223301943296"},{"lang":"fr","author_id":"1156475051052601344","public_metrics":{"retweet_count":2,"reply_count":1,"like_count":3,"quote_count":0},"created_at":"2021-08-12T16:30:00.000Z","text":"La communauté algérienne de #Lyon se mobilise pour venir en aide aux personnes sinistrées par les incendies qui frappent l'#Algérie et notamment la #Kabylie https://t.co/xFWymZnuF7","id":"1425857109992816642"},{"attachments":{"media_keys":["3_1425857097514766339"]},"lang":"fr","author_id":"1323360431730286593","public_metrics":{"retweet_count":1,"reply_count":1,"like_count":2,"quote_count":0},"created_at":"2021-08-12T16:29:58.000Z","text":"@maevabylkaa La mosquée d’#Argenteuil vient de communiquer ça …. Leur message porte à confusion ! #Algerie #Algerie_brule #Kabylie https://t.co/jqY73bormA","id":"1425857102002655240"},{"lang":"in","author_id":"1283941746238521344","public_metrics":{"retweet_count":0,"reply_count":0,"like_count":0,"quote_count":0},"created_at":"2021-08-12T16:26:21.000Z","text":"60% la faute la doula wlad lahram li rafdoh ou khelaw les Kabyles ydrboh w yhr9oh \n40% tae les Kabyles ki drboh  ou har9oh .\ntsema kyn hel wahd la police wlad lhram li Kano tma ytrfdo y3dmohom .\nou les Kabyles li har9oh ydo darb ou ythar9o..\uD83D\uDCAF \n#PrayForAlgeria #Kabylie","id":"1425856189431222276"},{"lang":"fr","author_id":"1407390600073261059","public_metrics":{"retweet_count":0,"reply_count":0,"like_count":0,"quote_count":1},"created_at":"2021-08-12T16:24:54.000Z","text":"https://t.co/BZSg2AJWNt\n1€ svp les amis c pour m'acheter un bouchon de lipton \uD83D\uDE2D\uD83D\uDE2D\n#antisemitisme #MessiPSG #AntiPassSanitaire #PSG #HaalandAuPsg #omar #Mbappe #Kabylie #Ronaldo #Algerie","id":"1425855825571102722"},{"attachments":{"media_keys":["7_1425851552749793283"]},"lang":"fr","author_id":"1398766119549345792","public_metrics":{"retweet_count":0,"reply_count":0,"like_count":0,"quote_count":0},"created_at":"2021-08-12T16:22:46.000Z","text":"Remplissage des réservoirs des deux Canadair français a Béjaïa \uD83C\uDDE9\uD83C\uDDFF\uD83E\uDD32❤️\n #PrayForAlgeria #PrayForKabylia #Algerie #Algeria #kabylie_brule #Kabylie #kabyle #Tizi_Ouzou #béjaïa https://t.co/wB8t1QXPdR","id":"1425855287894974465"},{"attachments":{"media_keys":["3_1425855178121613316"]},"lang":"fr","author_id":"2722904855","public_metrics":{"retweet_count":0,"reply_count":0,"like_count":1,"quote_count":0},"created_at":"2021-08-12T16:22:20.000Z","text":"@razika_matcho C'est faux la mosquée ne récolte rien du tout arrêter de partager tous et n'importe quoi #Kabylie https://t.co/20uW1oR4hf","id":"1425855180642394116"},{"attachments":{"media_keys":["3_1425854224915734534"]},"lang":"fr","author_id":"1425740655440142336","public_metrics":{"retweet_count":3,"reply_count":0,"like_count":3,"quote_count":0},"created_at":"2021-08-12T16:18:33.000Z","text":"Les Généraux algerien son t'il derrière la catastrophe en Algerie ? Feu , manque d'oxygène,  eau , manque de nourriture #Algerie #Kabylie #Maroc #generaux https://t.co/2830HCQZdS","id":"1425854226933112836"},{"lang":"ar","author_id":"1376236787643904010","public_metrics":{"retweet_count":1,"reply_count":0,"like_count":2,"quote_count":0},"created_at":"2021-08-12T16:18:00.000Z","text":"#Kabylie يا رب احميهم","id":"1425854087183097858"},{"attachments":{"media_keys":["3_1425853322951540740","3_1425853322964111360"]},"lang":"in","author_id":"3026910358","public_metrics":{"retweet_count":2,"reply_count":0,"like_count":3,"quote_count":0},"created_at":"2021-08-12T16:17:25.000Z","text":"Iɛdawen n tudert ṭserɣem_aɣ tamurt_neɣ nwekl_awen Rebbi \n\uD83D\uDC94\n#TiziOuzou_brule #Tiziouzou #Kabylie \n\n#PrayForAlgeria https://t.co/KYw0uLnHOv","id":"1425853941347192837"},{"attachments":{"media_keys":["7_1425853712292065284"]},"lang":"fr","author_id":"1423289379364085763","public_metrics":{"retweet_count":0,"reply_count":0,"like_count":0,"quote_count":0},"created_at":"2021-08-12T16:16:38.000Z","text":"C incroyable......\uD83E\uDD2C\uD83E\uDD2C\nIl ce fait brûler vif \uD83D\uDE30\uD83D\uDE31\uD83D\uDE31\nalgérien, Algérienne lever vous c'est inacceptable ce qui ce passe #kabylie c honteux ce que vous faite \uD83E\uDD2C\uD83E\uDD2C\uD83E\uDD2C\uD83E\uDD2C\uD83E\uDD2C https://t.co/IwbIGEITsq","id":"1425853743405355008"},{"lang":"fr","author_id":"436987962","public_metrics":{"retweet_count":0,"reply_count":0,"like_count":0,"quote_count":0},"created_at":"2021-08-12T16:15:15.000Z","text":"#Algérie(Sos #Enfance) #RCD++ #TransitionDémocratique++ #Tamazight(Officielle) #Kabylie-#Aures-#MZab++ #Afrique[#Dz++/#Ww3 #VendreDire(SolidaritéDétenu(e)s #KhaledDRARENI++ #8Mars(Jidf) #Ww4(Vs#COVID19/Vaccinat°+]..: https://t.co/RIVF6IAjNa","id":"1425853395508899849"},{"attachments":{"media_keys":["3_1425853185164521472"]},"lang":"in","author_id":"1127281696699768833","public_metrics":{"retweet_count":1,"reply_count":0,"like_count":0,"quote_count":0},"created_at":"2021-08-12T16:14:26.000Z","text":"Tighilt LNI #Kabylie \uD83D\uDC94\uD83D\uDC94\uD83D\uDC94 https://t.co/lkg9z2vqCh","id":"1425853191531417609"},{"attachments":{"media_keys":["16_1425853121503375365"]},"lang":"fr","author_id":"896950207","public_metrics":{"retweet_count":1,"reply_count":0,"like_count":1,"quote_count":0},"created_at":"2021-08-12T16:14:12.000Z","text":"#Mascara solidaire avec la #Kabylie: départ de l'aide....#incendies #Algérie https://t.co/fGCEOoTxOl","id":"1425853130382757889"},{"lang":"fr","author_id":"1482399475","public_metrics":{"retweet_count":0,"reply_count":0,"like_count":2,"quote_count":0},"created_at":"2021-08-12T16:10:45.000Z","text":"@SHB_tweete Quelle tragédie ! Qu'elle repose en paix, comme toutes les autres victimes #Kabylie","id":"1425852264254672905"},{"attachments":{"media_keys":["7_1425851552749793283"]},"lang":"fr","author_id":"1371145107542523907","public_metrics":{"retweet_count":22,"reply_count":2,"like_count":76,"quote_count":5},"created_at":"2021-08-12T16:08:04.000Z","text":"Remplissage des réservoirs des deux Canadair français a Béjaïa \uD83C\uDDE9\uD83C\uDDFF\uD83E\uDD32❤️\n #PrayForAlgeria #PrayForKabylia #Algerie #Algeria #kabylie_brule #Kabylie #kabyle #Tizi_Ouzou #béjaïa https://t.co/vnZ0rk4KcQ","id":"1425851589126918155"},{"attachments":{"media_keys":["3_1425851198809202690","3_1425851198809182214"]},"lang":"fr","author_id":"1315441236266889216","public_metrics":{"retweet_count":7,"reply_count":6,"like_count":15,"quote_count":1},"created_at":"2021-08-12T16:06:32.000Z","text":"#Algerie #incendies \n\n\uD83D\uDE08Allah est grand Mais il est en vacances \uD83C\uDFDD\uD83D\uDC59☀️\uD83E\uDE73\n\nHeureusement l’Algérie  \uD83C\uDDE9\uD83C\uDDFF peux compter sur son ennemi traditionnel éternel la France \uD83C\uDDEB\uD83C\uDDF7 \n\n#Canadairs #renforts #vivres \n\n#Kabylie #FEUx https://t.co/Knyg30Pyrm","id":"1425851204094074881"},{"attachments":{"media_keys":["7_1425851105334992897"]},"lang":"fr","author_id":"1371145107542523907","public_metrics":{"retweet_count":6,"reply_count":0,"like_count":24,"quote_count":1},"created_at":"2021-08-12T16:06:19.000Z","text":"Décollage des deux Canadair français depuis l’aéroport de Béjaïa direction les incendies de Béjaïa et Tizi Ouzou \uD83C\uDDE9\uD83C\uDDFF❤️\uD83E\uDD32 #PrayForAlgeria #PrayForKabylia #Algerie #Algeria #kabylie_brule #Kabylie #kabyle #Tizi_Ouzou #béjaïa https://t.co/2LL1sY9Gxd","id":"1425851150373425155"},{"lang":"und","author_id":"894360220482371584","public_metrics":{"retweet_count":2,"reply_count":0,"like_count":1,"quote_count":0},"created_at":"2021-08-12T16:03:11.000Z","text":"#Kabylie #kabylie_brule https://t.co/Haza9PbDtJ","id":"1425850358962823173"},{"lang":"fr","author_id":"823479684365225984","public_metrics":{"retweet_count":0,"reply_count":0,"like_count":1,"quote_count":0},"created_at":"2021-08-12T16:01:07.000Z","text":"C’est autour de mon village natal Taguemount El Djedid ! \uD83D\uDD25\nJ’ai le cœur meurtri avec tout ce qui se passe en ce moment en Kabylie ! \uD83D\uDE22❤️\n\n#kabylie, #incendie, #makabyliebrule, #algerie, #tiziouzou, #taguemounteldjedid https://t.co/BvnSyiTqNO","id":"1425849839015763973"},{"attachments":{"media_keys":["7_1425849339788906496"]},"lang":"fr","author_id":"89751299","public_metrics":{"retweet_count":30,"reply_count":9,"like_count":59,"quote_count":3},"created_at":"2021-08-12T16:00:16.000Z","text":"\uD83D\uDFE5 Incendies : Valérie Pécresse, Présidente du Conseil Régional d'Ile de France, annonce une enveloppe de 100.000 euros d’aide pour la Kabylie. \n@vpecresse #Algerie #Kabylie https://t.co/pAGhOuDyVD","id":"1425849625408425995"},{"attachments":{"media_keys":["3_1425849244708126721","3_1425849251427409928","3_1425849261212712963","3_1425849266199797761"]},"lang":"fr","author_id":"1425550080602431488","public_metrics":{"retweet_count":0,"reply_count":1,"like_count":5,"quote_count":0},"created_at":"2021-08-12T15:58:51.000Z","text":"Nous traversons une période vraiment difficile.mais s'il vous plaît ne tombez pas dans le piège nos forces dans notre syndicat\n Pour moi,mon coeur avec #Tizi_Ouzou pour stopper la propagation du feu mais ce qui s'est passé je suis totalement contre\n#savedz #Algeria #Kabylie https://t.co/GeJKvuRbzL","id":"1425849268288557065"},{"lang":"fr","author_id":"88708920","public_metrics":{"retweet_count":7,"reply_count":6,"like_count":14,"quote_count":1},"created_at":"2021-08-12T15:56:16.000Z","text":"Incendies en Algérie : comment la France a envoyé deux Canadair en Kabylie #Algerie #Kabylie\nhttps://t.co/XsUHo5mji8","id":"1425848619211665416"},{"lang":"fr","author_id":"844492867","public_metrics":{"retweet_count":1,"reply_count":0,"like_count":11,"quote_count":0},"created_at":"2021-08-12T15:53:58.000Z","text":"Merci à notre président ! @EmmanuelMacron  d’aider l’#Algerie et ses habitants dans la Région de la #Kabylie \n\n@TSAlgerie @newalgeria1 @AlJazeera @Elysee @ConsulatAlgerie #kabylie_brule https://t.co/on3OS0RSiL","id":"1425848042444492802"},{"lang":"fr","author_id":"1257010071520886786","public_metrics":{"retweet_count":0,"reply_count":0,"like_count":1,"quote_count":0},"created_at":"2021-08-12T15:53:44.000Z","text":"Carte des feux dans le monde\n@Thinker_View\nhttps://t.co/3Kjror7Ml5\n#feu #incendie #Greece #Kabylie #Monde","id":"1425847982260461576"},{"lang":"fr","author_id":"1176486886136864769","public_metrics":{"retweet_count":2,"reply_count":3,"like_count":3,"quote_count":1},"created_at":"2021-08-12T15:52:46.000Z","text":"#Incendies en #Algerie : des élus du #ValdeMarne s'engagent à aider la #Kabylie https://t.co/HX7vW7TpuK via @actufr","id":"1425847737405280259"},{"lang":"fr","author_id":"857351914010415104","public_metrics":{"retweet_count":1,"reply_count":0,"like_count":0,"quote_count":0},"created_at":"2021-08-12T15:50:44.000Z","text":"@kheira_drissi Toute l'Algérie est en soutien total. #Kabylie","id":"1425847227898007555"},{"lang":"fr","author_id":"436987962","public_metrics":{"retweet_count":0,"reply_count":0,"like_count":0,"quote_count":0},"created_at":"2021-08-12T15:46:49.000Z","text":"#Algérie(Sos #Enfance) #RCD++ #TransitionDémocratique++ #Tamazight(Officielle) #Kabylie-#Aures-#MZab++ #Afrique[#Dz++/#Ww3 #VendreDire(SolidaritéDétenu(e)s #KhaledDRARENI++ #8Mars(Jidf) #Ww4(Vs#COVID19/Vaccinat°+]\n\n#Tamenghast/Affaire #RabahKARÉCHE ÀSuvre..: https://t.co/hjJzvp7UQg","id":"1425846242253357057"},{"attachments":{"media_keys":["7_1425845741474521090"]},"lang":"fr","author_id":"1380202225201508355","public_metrics":{"retweet_count":5,"reply_count":1,"like_count":7,"quote_count":0},"created_at":"2021-08-12T15:45:05.000Z","text":"Que reste il de la #Kabylie\nCeux qui ont commis ce génocide doivent payer\n\n#la_kabylie_brule\n#soskabylie https://t.co/Z23wzD5eJs","id":"1425845803583774720"},{"attachments":{"media_keys":["3_1425845347373490190"]},"lang":"fr","author_id":"1107060867366088705","public_metrics":{"retweet_count":6,"reply_count":4,"like_count":25,"quote_count":2},"created_at":"2021-08-12T15:43:18.000Z","text":"Merci la France \uD83C\uDDEB\uD83C\uDDF7❤️\uD83D\uDE4F \nLe mécanisme de protection civile de l’UE se mobilise pour aider La Kabylie \n\nPhoto prise à Bejaïa . \n\n#Kabylie #PrayForAlgeria #Tiziouzou https://t.co/JjJc1zMxiT","id":"1425845354294128641"},{"attachments":{"media_keys":["3_1425845213420040194"]},"lang":"ar","author_id":"289823757","public_metrics":{"retweet_count":0,"reply_count":0,"like_count":0,"quote_count":0},"created_at":"2021-08-12T15:42:47.000Z","text":"اقوى شركة في العالم لشراء بيتكوين بسرعة باستخدام بطاقة ائتمان و وسائل متعددة الدفع بكل سهولة مطلقة\nhttps://t.co/ELafK40XDn\n#aşkkazandı #Messi #ProdSUGAWorldDomination #Kabylie #Ziyech #SuperCup #MTVHottest #Omar #Rabat #Canadair #Affaires #Nasser #Qu'est-ce #Delta   #ANFA #Tiffa https://t.co/0V5QdZQ7AZ","id":"1425845224941752335"},{"lang":"fr","author_id":"436987962","public_metrics":{"retweet_count":0,"reply_count":0,"like_count":0,"quote_count":0},"created_at":"2021-08-12T15:39:39.000Z","text":"#Algérie(Sos #Enfance) #RCD++ #TransitionDémocratique++ #Tamazight(Officielle) #Kabylie-#Aures-#MZab++ #Afrique[#Dz++/#Ww3 #VendreDire(SolidaritéDétenu(e)s #KhaledDRARENI++ #8Mars(Jidf) #Ww4(Vs#COVID19/Vaccinat°+]\n\n#Ah/Gestion&amp;Trabendo #BouMafia..: https://t.co/mVpBK6uTU0","id":"1425844437557653504"},{"lang":"fr","author_id":"1193786760356085761","public_metrics":{"retweet_count":0,"reply_count":1,"like_count":1,"quote_count":0},"created_at":"2021-08-12T15:39:34.000Z","text":"La solidarité autour de la #Kabylie est juste Wouaahhhh \nMerci à toutes les personnes mobilisées de partout, aux jeunes qui s'organisent.\nAprès la tristesse, une fierté incommensurable m'envahit.\nBravo ! Elle renaîtra de ses cendres plus belle et plus grande \uD83E\uDD32\n#AlgeriaIsBurning","id":"1425844415889907718"},{"attachments":{"media_keys":["3_1425843979954933763"]},"lang":"en","author_id":"437711515","public_metrics":{"retweet_count":0,"reply_count":0,"like_count":0,"quote_count":0},"created_at":"2021-08-12T15:37:52.000Z","text":"Pray for Algeria \uD83C\uDDE9\uD83C\uDDFF\uD83D\uDD25\uD83E\uDD7A\uD83D\uDE22\n#Algerie #wildfire #Algerie #dz #الجزائر #حرائق_تيزي_وزو #حرائق_الغابات #حرائق #بجاية_تحترق #bejaia #Kabylie #Tunisie #France https://t.co/YxkGVlJCR1","id":"1425843986942644233"},{"lang":"fr","author_id":"1176909973206573057","public_metrics":{"retweet_count":1,"reply_count":0,"like_count":3,"quote_count":0},"created_at":"2021-08-12T15:37:47.000Z","text":"Un grand merci \uD83D\uDE4F\n\n#Algerie \n#Kabylie\n#ActionReaction \n#UrgenceAlgerie https://t.co/akIm8mn4pM","id":"1425843968915484672"},{"lang":"fr","author_id":"1166388187922612224","public_metrics":{"retweet_count":2,"reply_count":0,"like_count":2,"quote_count":0},"created_at":"2021-08-12T15:35:21.000Z","text":"Exécution de #Djamel_Bensmaïl : Les précisions du procureur de la République\n\nLire l'article ⤵️\n\n#Algerie #Algeria #Kabylie #Miliana \n\nhttps://t.co/bGqkbNiQM0","id":"1425843356433850375"},{"attachments":{"media_keys":["3_1425843293896777733","3_1425843294068748293"]},"lang":"fr","author_id":"1513828290","public_metrics":{"retweet_count":11,"reply_count":1,"like_count":11,"quote_count":0},"created_at":"2021-08-12T15:35:07.000Z","text":"Avis aux algérois. Le resto “Le Paradou” à Hydra à besoin de volontaires pour préparer des repas aux sinistrés/personnel hospitalier/pompiers...Également besoin de dons de nourriture pour préparation des repas. Détails sur les photos ci-jointes. #Kabylie Insta: restaurant_Paradou https://t.co/54XmMSJkSP","id":"1425843298644766723"},{"lang":"fr","author_id":"603770837","public_metrics":{"retweet_count":0,"reply_count":0,"like_count":1,"quote_count":0},"created_at":"2021-08-12T15:33:22.000Z","text":"Tiens, certains ont retrouvé la parole. Et c'est pas pour dire des choses forcément intelligentes. #GâchisDeSalive #Algerie #Kabylie https://t.co/pyH1RC5vQ8","id":"1425842855755534339"},{"lang":"it","author_id":"359706981","public_metrics":{"retweet_count":0,"reply_count":0,"like_count":0,"quote_count":0},"created_at":"2021-08-12T15:30:40.000Z","text":"#PrayForAlgeria ❤️\uD83D\uDE41 ma belle #Kabylie","id":"1425842178853572614"},{"lang":"fr","author_id":"1122492791903404035","public_metrics":{"retweet_count":3,"reply_count":0,"like_count":3,"quote_count":2},"created_at":"2021-08-12T15:28:11.000Z","text":"Le lynchage à mort d’un homme à Larbaa Nath Irathen suscite une grande vague d’indignation #DjamelBensmail #Meliana #LarbaaNathIrathen #Kabylie #Algérie https://t.co/qzIrpV2rBg","id":"1425841552287408128"},{"attachments":{"media_keys":["3_1425841512991051779"]},"lang":"fr","author_id":"2882571076","public_metrics":{"retweet_count":48,"reply_count":2,"like_count":68,"quote_count":1},"created_at":"2021-08-12T15:28:04.000Z","text":"De nombreux feux sont toujours en cours dans la commune de Béni Douala. Les familles de plusieurs villages ont été évacuées. \n\n#Algérie #Kabylie https://t.co/LzttdwaKSA","id":"1425841521711063041"},{"lang":"fr","author_id":"251058931","public_metrics":{"retweet_count":0,"reply_count":0,"like_count":0,"quote_count":0},"created_at":"2021-08-12T15:24:36.000Z","text":"@Encalmeee @JustZeenab2 Merci qui? La #France qui ce matin a dépêché une équipe aguerrie pour survoler les montagnes de #kabylie \nDe l'aveu même de leur responsable entendu ce matin sur la #Radio #franceinfo \n2 Canadairs et un avion ne suffisent pas à éteindre tous les foyers de feu #incendieenkabylie","id":"1425840649346060289"},{"lang":"fr","author_id":"1087772941260083200","public_metrics":{"retweet_count":0,"reply_count":0,"like_count":2,"quote_count":0},"created_at":"2021-08-12T15:23:25.000Z","text":"Le Président Algérien qui refuse l’aide internationale et abandonne la Kabylie pendant ces moments très difficiles.\nNombreuses victimes\nIncendies incontrôlables \n\nQuelle monde … \n\n#kabylie","id":"1425840353735856129"},{"lang":"en","author_id":"1513828290","public_metrics":{"retweet_count":0,"reply_count":0,"like_count":3,"quote_count":0},"created_at":"2021-08-12T15:23:22.000Z","text":"2 French air tankers  arrived in #Algeria today to help fighting the wildfires. #Algeria #Kabylie https://t.co/VvvuKQIv49","id":"1425840341178109954"},{"lang":"fr","author_id":"984419169776099333","public_metrics":{"retweet_count":0,"reply_count":0,"like_count":1,"quote_count":0},"created_at":"2021-08-12T15:21:48.000Z","text":"En me baladant sur twitter je me rend compte que seul les gens qui essai de résoudre ses problèmes partout en Algérie sont des civils et la France. Je comprend maintenant pourquoi j'aime mais en même temps je déteste mon pays. #Algerie #Kabylie","id":"1425839945873117185"},{"lang":"fr","author_id":"436987962","public_metrics":{"retweet_count":1,"reply_count":0,"like_count":0,"quote_count":0},"created_at":"2021-08-12T15:18:27.000Z","text":"#Algérie(Sos #Enfance) #RCD++ #TransitionDémocratique++ #Tamazight(Officielle) #Kabylie-#Aures-#MZab++ #Afrique[#Dz++/#Ww3 #VendreDire(SolidaritéDétenu(e)s #KhaledDRARENI++ #8Mars(Jidf) #Ww4(Vs#COVID19/Vaccinat°+]\n\n#AnpTerrain VsCriminels #FeuxDeForêts Cc @DzCalling\n++..: https://t.co/Z413nvYwFY","id":"1425839102662901769"},{"lang":"fr","author_id":"780675439","public_metrics":{"retweet_count":0,"reply_count":0,"like_count":1,"quote_count":0},"created_at":"2021-08-12T15:18:22.000Z","text":"Je vois des tweets qui me donnent la nausée ! Vos discussions stériles gardez les pour un autre moment les pro les anti algériens taisez vous et prier !! Gardez votre énergie pour les aider et rester soudés #Algerie #Kabylie","id":"1425839079669866496"},{"lang":"in","author_id":"896950207","public_metrics":{"retweet_count":0,"reply_count":0,"like_count":3,"quote_count":0},"created_at":"2021-08-12T15:16:49.000Z","text":"@inter_lignes Blad 9bayal b3ida wa al machina ghalia aurait dit  Cheikha Rimitti. #incendies #Kabylie #Algérie","id":"1425838693495959555"},{"lang":"fr","author_id":"436987962","public_metrics":{"retweet_count":1,"reply_count":0,"like_count":0,"quote_count":0},"created_at":"2021-08-12T15:15:25.000Z","text":"#Algérie(Sos #Enfance) #RCD++ #TransitionDémocratique++ #Tamazight(Officielle) #Kabylie-#Aures-#MZab++ #Afrique[#Dz++/#Ww3 #VendreDire(SolidaritéDétenu(e)s #KhaledDRARENI++ #8Mars(Jidf) #Ww4(Vs #COVID19/Vaccinat°+]\n\n#PremierMinistre++Vs #FeuxDeForêts++..: https://t.co/nYeYHBErtH","id":"1425838337638604809"},{"lang":"fr","author_id":"1346855073784213504","public_metrics":{"retweet_count":2,"reply_count":0,"like_count":3,"quote_count":0},"created_at":"2021-08-12T15:14:14.000Z","text":"Les #incendies de #Kabylie provoquent l'émoi à #LaRochesurYon #LRSY https://t.co/O0dCt0tNTD via @actufr","id":"1425838040006553605"},{"lang":"en","author_id":"1354196206432493569","public_metrics":{"retweet_count":0,"reply_count":0,"like_count":0,"quote_count":0},"created_at":"2021-08-12T15:11:36.000Z","text":"@Lamamra_dz  So instead of accepting Arab solidarity you and your heinous military clan refuse that aid, prefering meager EU help,. ;;Your people is not blind , and one day alll those deaths that could be avoided will be reckoned upon you..#Kabylie  #kabyliebrule","id":"1425837377386283010"},{"attachments":{"media_keys":["3_1425837071961255941"]},"lang":"und","author_id":"247756693","public_metrics":{"retweet_count":0,"reply_count":0,"like_count":0,"quote_count":0},"created_at":"2021-08-12T15:10:25.000Z","text":"#Kabylie #Algérie #PrayForKabylia https://t.co/eacBsunWeT","id":"1425837082581295111"},{"attachments":{"media_keys":["3_1425836551104122885"]},"lang":"fr","author_id":"1377887749311762435","public_metrics":{"retweet_count":5,"reply_count":0,"like_count":2,"quote_count":0},"created_at":"2021-08-12T15:08:19.000Z","text":"Faut faire passer le message c'est important #Kabylie #kabyliebrule #Algeria #Algerie https://t.co/PSbrjoOqmh","id":"1425836553285341185"},{"attachments":{"media_keys":["3_1425836078276255749","3_1425836081300312067"]},"lang":"fr","author_id":"1425808896564793348","public_metrics":{"retweet_count":0,"reply_count":0,"like_count":0,"quote_count":0},"created_at":"2021-08-12T15:06:28.000Z","text":"\uD83D\uDE1E l'armée algérienne envoyer à la mort pour rien hélas , #Tebboune criminels !! \n#Tebboune criminel !! \n#algerie #Tizi_Ouzou #Kabylie \uD83D\uDE21 https://t.co/K9kndRuDLg https://t.co/AyHfWlvfju","id":"1425836088740941827"},{"attachments":{"media_keys":["7_1425835486170345485"]},"lang":"fr","author_id":"831159703623319552","public_metrics":{"retweet_count":3,"reply_count":3,"like_count":6,"quote_count":0},"created_at":"2021-08-12T15:05:07.000Z","text":"#الجزائر #الجزائر_تحترق\n\nPauvre Algérie. Un pays qui a toutes les richesses toutes les matières premières et qui n’a pas d’oxygène, ni eau potable ... corruption quand tu nous tiens.\n\n#Algeria #AlgeriaIsBurning #Tizi_Ouzou #kabyliebrule #Kabylie https://t.co/bSqMAbNBIs","id":"1425835745374216197"},{"lang":"fr","author_id":"2840813638","public_metrics":{"retweet_count":0,"reply_count":2,"like_count":1,"quote_count":0},"created_at":"2021-08-12T15:04:17.000Z","text":"@vpecresse @iledefrance ils ont du pétrole, bcps de petrole et bcps de gaz ,on se demande où est passé le fric  ,pour être dans la loose comme çà, #PrayForAlgerie #Kabylie  #UrgenceAlgerie","id":"1425835535415709696"},{"attachments":{"media_keys":["7_1425816981773512715"]},"lang":"fr","author_id":"1425808896564793348","public_metrics":{"retweet_count":0,"reply_count":2,"like_count":0,"quote_count":0},"created_at":"2021-08-12T15:00:49.000Z","text":"@A67282373 #Tebboune criminel !! La junte militaire Algérienne mafieuse a mis le feu délibérément pour terroriser la population dissidentes \n#algerie #Tizi_Ouzou #Kabylie \uD83D\uDE21 https://t.co/YqcZhweeWq","id":"1425834666481917952"},{"lang":"fr","author_id":"1204007799921004544","public_metrics":{"retweet_count":0,"reply_count":0,"like_count":1,"quote_count":0},"created_at":"2021-08-12T15:00:46.000Z","text":"Hâte de voir les premières images de Canadairs entrain d'éteindre des feux en #Kabylie \uD83D\uDE14                                      #PrayForAlgeria","id":"1425834653395546124"},{"lang":"fr","author_id":"1021855300335357953","public_metrics":{"retweet_count":5,"reply_count":4,"like_count":33,"quote_count":0},"created_at":"2021-08-12T14:58:28.000Z","text":"Hâte de voir les premières images de Canadairs entrain d'éteindre des feux en #Kabylie.","id":"1425834075223298069"},{"lang":"fr","author_id":"984419169776099333","public_metrics":{"retweet_count":1,"reply_count":0,"like_count":0,"quote_count":0},"created_at":"2021-08-12T14:56:55.000Z","text":"L'#Algerie a dépensé son argent dans ce qui est militaire pour assuré la sécurité du gouvernement mais quand ses pour sauver ses citoyens y a plus personne. Ma maison est entrain de bruler, ma famille est encerclé par les flammes à Tizi Ouzou. Merci Bouteflika #Kabylie","id":"1425833684599394311"},{"lang":"fr","author_id":"1166388187922612224","public_metrics":{"retweet_count":1,"reply_count":0,"like_count":4,"quote_count":0},"created_at":"2021-08-12T14:56:47.000Z","text":"Le père de #Djamel_Bensmaïl adresse un message plein de sagesse (Vidéo)\n\nLire l’article ici ⤵⤵⤵\n#Algeria #Algerie\n#Kabylie #kabyliebrule \n#KABYLIESBURNING\nhttps://t.co/iv9cRxHN6P","id":"1425833651527249934"},{"attachments":{"media_keys":["3_1425832806676979716"]},"lang":"fr","author_id":"2574793477","public_metrics":{"retweet_count":0,"reply_count":0,"like_count":2,"quote_count":0},"created_at":"2021-08-12T14:56:11.000Z","text":"@JLMelenchon ZZzzz ... #Algérie : le marché d’armes et les ristournes du général Chengriha ! a commandé a #poutine 12 bombardiers Mig 29 M2,  14 avions de combats Sukhoï 57, le tout pour 2 milliards de dollars  sans compter les missiles S-300 et S-400  #Kabylie https://t.co/bfB7hTRUw6","id":"1425833498187689985"},{"attachments":{"media_keys":["3_1425833261297668106","3_1425833266393714695","3_1425833270155956234","3_1425833278242639888"]},"lang":"fr","author_id":"725757722721931264","public_metrics":{"retweet_count":0,"reply_count":1,"like_count":1,"quote_count":0},"created_at":"2021-08-12T14:55:19.000Z","text":"Signalez cette personne s'il vous plait, il ne fait qu'attiser la haine, et déversé sa rage sans prendre du recule sur la situation, il pourrait induire des personnes en erreurs.\n#Kabylie https://t.co/VTouFCWT1J","id":"1425833280859885575"},{"lang":"fr","author_id":"946453537244016640","public_metrics":{"retweet_count":0,"reply_count":0,"like_count":0,"quote_count":0},"created_at":"2021-08-12T14:55:04.000Z","text":"Vous avez un #projet en cours et vous souhaitez lui donner une identité numérique : je vous propose mes services de creation #web, pour plus d'infos contactez moi par message privé.  #Mbappé #Nasser #Kabylie #manif14aout #touchepasamesgosses","id":"1425833218561875972"}],"includes":{"media":[{"media_key":"3_1425868226899099660","type":"photo","url":"https://pbs.twimg.com/media/E8mzmQjWQAwyQRJ.jpg"},{"media_key":"7_1425867252142854148","public_metrics":{"view_count":0},"type":"video"},{"media_key":"3_1425866906997870595","type":"photo","url":"https://pbs.twimg.com/media/E8myZbiX0AMnZ-H.jpg"},{"media_key":"3_1425866670309101569","type":"photo","url":"https://pbs.twimg.com/media/E8myLpzX0AEf3V-.jpg"},{"media_key":"3_1425866673106599945","type":"photo","url":"https://pbs.twimg.com/media/E8myL0OWQAkc659.jpg"},{"media_key":"3_1425863929037737996","type":"photo","url":"https://pbs.twimg.com/media/E8mvsFxWUAwrF4F.jpg"},{"media_key":"3_1425863934108651529","type":"photo","url":"https://pbs.twimg.com/media/E8mvsYqWUAklQv7.jpg"},{"media_key":"3_1425863941343875077","type":"photo","url":"https://pbs.twimg.com/media/E8mvsznXEAUpwMW.jpg"},{"media_key":"3_1425863945840173068","type":"photo","url":"https://pbs.twimg.com/media/E8mvtEXXIAwxnrK.jpg"},{"media_key":"3_1425863463792955392","type":"photo","url":"https://pbs.twimg.com/media/E8mvRAmWUAAendV.jpg"},{"media_key":"3_1425863463948193803","type":"photo","url":"https://pbs.twimg.com/media/E8mvRBLXEAshXfL.jpg"},{"media_key":"3_1425863464233340937","type":"photo","url":"https://pbs.twimg.com/media/E8mvRCPWEAk45F2.jpg"},{"media_key":"7_1425862654107729923","public_metrics":{"view_count":200},"type":"video"},{"media_key":"3_1425862953082015750","type":"photo","url":"https://pbs.twimg.com/media/E8muzSDX0AYimeP.jpg"},{"media_key":"3_1425862972816117769","type":"photo","url":"https://pbs.twimg.com/media/E8mu0bkWUAkiAfe.jpg"},{"media_key":"3_1425862987487879168","type":"photo","url":"https://pbs.twimg.com/media/E8mu1SOXoAARim1.jpg"},{"media_key":"3_1425863008627183628","type":"photo","url":"https://pbs.twimg.com/media/E8mu2g-X0AwRaHf.jpg"},{"media_key":"7_1425862864716410882","public_metrics":{"view_count":975},"type":"video"},{"media_key":"3_1425862630560968707","type":"photo","url":"https://pbs.twimg.com/media/E8muggkXMAM1UU3.jpg"},{"media_key":"3_1425862630569283590","type":"photo","url":"https://pbs.twimg.com/media/E8muggmWEAYchdf.jpg"},{"media_key":"3_1425860286414733325","type":"photo","url":"https://pbs.twimg.com/media/E8msYD8WQA0U6RH.jpg"},{"media_key":"16_1425859316943364105","type":"animated_gif"},{"media_key":"3_1425858774175207426","type":"photo","url":"https://pbs.twimg.com/media/E8mrACaWUAIq9jX.png"},{"media_key":"3_1425857097514766339","type":"photo","url":"https://pbs.twimg.com/media/E8mpecXWUAMW-h8.jpg"},{"media_key":"7_1425851552749793283","public_metrics":{"view_count":4421},"type":"video"},{"media_key":"3_1425855178121613316","type":"photo","url":"https://pbs.twimg.com/media/E8mnuuEXEAQ_Tnt.jpg"},{"media_key":"3_1425854224915734534","type":"photo","url":"https://pbs.twimg.com/media/E8mm3PGXoAY6aOE.jpg"},{"media_key":"3_1425853322951540740","type":"photo","url":"https://pbs.twimg.com/media/E8mmCvBWQAQG3Es.jpg"},{"media_key":"3_1425853322964111360","type":"photo","url":"https://pbs.twimg.com/media/E8mmCvEWEAAYfjK.jpg"},{"media_key":"7_1425853712292065284","public_metrics":{"view_count":13},"type":"video"},{"media_key":"3_1425853185164521472","type":"photo","url":"https://pbs.twimg.com/media/E8ml6tuXMAAeDmP.jpg"},{"media_key":"16_1425853121503375365","type":"animated_gif"},{"media_key":"3_1425851198809202690","type":"photo","url":"https://pbs.twimg.com/media/E8mkHF-WYAI5FdU.jpg"},{"media_key":"3_1425851198809182214","type":"photo","url":"https://pbs.twimg.com/media/E8mkHF-WEAY-b79.jpg"},{"media_key":"7_1425851105334992897","public_metrics":{"view_count":1405},"type":"video"},{"media_key":"7_1425849339788906496","public_metrics":{"view_count":1105},"type":"video"},{"media_key":"3_1425849244708126721","type":"photo","url":"https://pbs.twimg.com/media/E8miVWYWQAEWomg.jpg"},{"media_key":"3_1425849251427409928","type":"photo","url":"https://pbs.twimg.com/media/E8miVvaWYAgETqS.jpg"},{"media_key":"3_1425849261212712963","type":"photo","url":"https://pbs.twimg.com/media/E8miWT3WQAMK-yk.jpg"},{"media_key":"3_1425849266199797761","type":"photo","url":"https://pbs.twimg.com/media/E8miWmcXIAEtH9M.jpg"},{"media_key":"7_1425845741474521090","public_metrics":{"view_count":262},"type":"video"},{"media_key":"3_1425845347373490190","type":"photo","url":"https://pbs.twimg.com/media/E8meyfrXIA4UdWU.jpg"},{"media_key":"3_1425845213420040194","type":"photo","url":"https://pbs.twimg.com/media/E8meqsqXsAIaMhj.jpg"},{"media_key":"3_1425843979954933763","type":"photo","url":"https://pbs.twimg.com/media/E8mdi5pX0AMZmfQ.jpg"},{"media_key":"3_1425843293896777733","type":"photo","url":"https://pbs.twimg.com/media/E8mc694XIAUCRJF.jpg"},{"media_key":"3_1425843294068748293","type":"photo","url":"https://pbs.twimg.com/media/E8mc6-hXMAUp_R5.jpg"},{"media_key":"3_1425841512991051779","type":"photo","url":"https://pbs.twimg.com/media/E8mbTTfWUAMdLF8.jpg"},{"media_key":"3_1425837071961255941","type":"photo","url":"https://pbs.twimg.com/media/E8mXQzXVcAUk3V9.jpg"},{"media_key":"3_1425836551104122885","type":"photo","url":"https://pbs.twimg.com/media/E8mWyfBUUAUrykZ.jpg"},{"media_key":"3_1425836078276255749","type":"photo","url":"https://pbs.twimg.com/media/E8mWW9mXoAU6b2Y.jpg"},{"media_key":"3_1425836081300312067","type":"photo","url":"https://pbs.twimg.com/media/E8mWXI3XEAMMFNE.jpg"},{"media_key":"7_1425835486170345485","public_metrics":{"view_count":430},"type":"video"},{"media_key":"7_1425816981773512715","public_metrics":{"view_count":832},"type":"video"},{"media_key":"3_1425832806676979716","type":"photo","url":"https://pbs.twimg.com/media/E8mTYh8UYAQfL57.jpg"},{"media_key":"3_1425833261297668106","type":"photo","url":"https://pbs.twimg.com/media/E8mTy_iVkAoWaNw.jpg"},{"media_key":"3_1425833266393714695","type":"photo","url":"https://pbs.twimg.com/media/E8mTzShVEAcjHg6.jpg"},{"media_key":"3_1425833270155956234","type":"photo","url":"https://pbs.twimg.com/media/E8mTzgiUUAo4VBl.jpg"},{"media_key":"3_1425833278242639888","type":"photo","url":"https://pbs.twimg.com/media/E8mTz-qVUBAxI3O.jpg"}]},"meta":{"newest_id":"1425869224061374471","oldest_id":"1425833218561875972","result_count":100,"next_token":"b26v89c19zqg8o3fpdm8kux6pejkvntvyjcrbskg291ml"}}