{"data":[{"id":"1425832954559750152","public_metrics":{"retweet_count":0,"reply_count":0,"like_count":0,"quote_count":0},"attachments":{"media_keys":["3_1425832945646936064","3_1425832951737065492"]},"created_at":"2021-08-12T14:54:01.000Z","text":"Les Candairs sont arrivées à Béjaïa enfin !!! \nFaites attention svp \uD83D\uDE4F\uD83C\uDFFB\n\n#Bejaia \n#AlgeriaIsBurning \n#Kabylie https://t.co/pLk6rE7xYQ","lang":"fr","author_id":"1041076074145243136"},{"id":"1425832900512079873","public_metrics":{"retweet_count":0,"reply_count":1,"like_count":2,"quote_count":0},"attachments":{"media_keys":["7_1425824570062213123"]},"created_at":"2021-08-12T14:53:48.000Z","text":"@A67282373 #Tebboune criminel !! La junte militaire Algérienne mafieuse a mis le feu délibérément pour terroriser la population dissidentes \n#algerie #Tizi_Ouzou #Kabylie \uD83D\uDE21 https://t.co/qC9riKfjoq","lang":"fr","author_id":"1425808896564793348"},{"id":"1425832587604512768","public_metrics":{"retweet_count":1,"reply_count":0,"like_count":1,"quote_count":0},"attachments":{"media_keys":["3_1425832578699776013"]},"created_at":"2021-08-12T14:52:34.000Z","text":"La mosqué d'argenteuil ne collecte pas les dons medicals pour l'Algérie voici leur communiqué RT au max #Tizi_Ouzou #kabyliebrule #Kabylie #KABYLIESBURNING #Tiziouzou #algerie https://t.co/Ufjm6AD0Tv","lang":"fr","author_id":"2722904855"},{"id":"1425832040331563020","public_metrics":{"retweet_count":0,"reply_count":1,"like_count":0,"quote_count":0},"created_at":"2021-08-12T14:50:23.000Z","text":"pyromanes suspectés de déclencher des incendies criminels dans les forêts de cette #Kabylie qu’il voulait d’abord et avant tout secourir. Djamel faisait partie d’une association de bienfaisance pour aider ses frères kabyles à éteindre le feu qui les ravage.\n\nUne foule déchaînée,","lang":"fr","author_id":"1393344536408113159"},{"id":"1425831927987146753","public_metrics":{"retweet_count":5,"reply_count":0,"like_count":7,"quote_count":0},"created_at":"2021-08-12T14:49:56.000Z","text":"Voici les faits. \n#Algerie #kabyliebrule #Kabylie #Tizi_Ouzou https://t.co/P16XIckajb","lang":"fr","author_id":"1222905799959121923"},{"id":"1425831525967400960","public_metrics":{"retweet_count":0,"reply_count":0,"like_count":1,"quote_count":0},"attachments":{"media_keys":["7_1425816981773512715"]},"created_at":"2021-08-12T14:48:21.000Z","text":"@APS_Algerie #Tebboune criminel !! La junte militaire Algérienne mafieuse a mis le feu délibérément pour terroriser la population dissidentes \n#algerie #Tizi_Ouzou #Kabylie \uD83D\uDE21 https://t.co/YqcZhweeWq","lang":"fr","author_id":"1425808896564793348"},{"id":"1425831424083517440","public_metrics":{"retweet_count":0,"reply_count":0,"like_count":0,"quote_count":0},"attachments":{"media_keys":["7_1425816981773512715"]},"created_at":"2021-08-12T14:47:56.000Z","text":"@Lamamra_dz #Tebboune criminel !! La junte militaire Algérienne mafieuse a mis le feu délibérément pour terroriser la population dissidentes \n#algerie #Tizi_Ouzou #Kabylie \uD83D\uDE21 https://t.co/YqcZhweeWq","lang":"fr","author_id":"1425808896564793348"},{"id":"1425831015021416448","public_metrics":{"retweet_count":1,"reply_count":0,"like_count":0,"quote_count":3},"attachments":{"media_keys":["7_1425816981773512715"]},"created_at":"2021-08-12T14:46:19.000Z","text":"@APS_Algerie #Tebboune criminel !! La junte militaire Algérienne mafieuse a mis le feu délibérément pour terroriser la population dissidentes \n#algerie #Tizi_Ouzou #Kabylie \uD83D\uDE21 https://t.co/YqcZhweeWq","lang":"fr","author_id":"1425808896564793348"},{"id":"1425830924239970304","public_metrics":{"retweet_count":0,"reply_count":0,"like_count":0,"quote_count":0},"attachments":{"media_keys":["7_1425824570062213123"]},"created_at":"2021-08-12T14:45:57.000Z","text":"@APS_Algerie #Tebboune criminel !! La junte militaire Algérienne mafieuse a mis le feu délibérément pour terroriser la population dissidentes \n#algerie #Tizi_Ouzou #Kabylie \uD83D\uDE21 https://t.co/qC9riKfjoq","lang":"fr","author_id":"1425808896564793348"},{"id":"1425830885329362944","public_metrics":{"retweet_count":1,"reply_count":0,"like_count":1,"quote_count":0},"attachments":{"media_keys":["7_1425824570062213123"]},"created_at":"2021-08-12T14:45:48.000Z","text":"@Lamamra_dz @APS_Algerie #Tebboune criminel !! La junte militaire Algérienne mafieuse a mis le feu délibérément pour terroriser la population dissidentes \n#algerie #Tizi_Ouzou #Kabylie \uD83D\uDE21 https://t.co/qC9riKfjoq","lang":"fr","author_id":"1425808896564793348"},{"id":"1425830851766591489","public_metrics":{"retweet_count":0,"reply_count":0,"like_count":1,"quote_count":0},"attachments":{"media_keys":["7_1425824570062213123"]},"created_at":"2021-08-12T14:45:40.000Z","text":"@APS_Algerie #Tebboune criminel !! La junte militaire Algérienne mafieuse a mis le feu délibérément pour terroriser la population dissidentes \n#algerie #Tizi_Ouzou #Kabylie \uD83D\uDE21 https://t.co/qC9riKfjoq","lang":"fr","author_id":"1425808896564793348"},{"id":"1425830417504952320","public_metrics":{"retweet_count":3,"reply_count":1,"like_count":20,"quote_count":0},"created_at":"2021-08-12T14:43:56.000Z","text":"I can't stop crying. The one and only @MarcoWerman for @TheWorld is paying a tribute to the people of #TiziOuzou in #Kabylie #Algeria. Just listen. Tanemmirte/Shukran Jazeelan/ Thank you so much. https://t.co/MO3IJ2JCtH","lang":"en","author_id":"1513828290"},{"id":"1425829997118476289","public_metrics":{"retweet_count":0,"reply_count":0,"like_count":0,"quote_count":0},"attachments":{"media_keys":["7_1425824570062213123"]},"created_at":"2021-08-12T14:42:16.000Z","text":"@Abdl76467878 @MarocDiplomatie #Tebboune criminel !! La junte militaire Algérienne mafieuse a mis le feu délibérément pour terroriser la population dissidentes \n#algerie #Tizi_Ouzou #Kabylie \uD83D\uDE21 https://t.co/qC9riKfjoq","lang":"fr","author_id":"1425808896564793348"},{"id":"1425829883536711680","public_metrics":{"retweet_count":0,"reply_count":0,"like_count":1,"quote_count":0},"attachments":{"media_keys":["7_1425816981773512715"]},"created_at":"2021-08-12T14:41:49.000Z","text":"@Abdl76467878 @MarocDiplomatie #Tebboune criminel !! La junte militaire Algérienne mafieuse a mis le feu délibérément pour terroriser la population dissidentes \n#algerie #Tizi_Ouzou #Kabylie \uD83D\uDE21 https://t.co/YqcZhweeWq","lang":"fr","author_id":"1425808896564793348"},{"id":"1425829290529095681","public_metrics":{"retweet_count":0,"reply_count":2,"like_count":3,"quote_count":0},"created_at":"2021-08-12T14:39:28.000Z","text":"@riadkaced Il faudrait régler le problème de la racine.Comment expliquer cette barbarie?Pq autant de haine entre algériens et kabyles? Pq hainer ses frères?Pq cette méfiance entre arabes?C’est triste. Si on vient pas à l’aide on est des fautifs, si on vient vous nous tuez. #Algerie #kabylie","lang":"fr","author_id":"1166408828730118145"},{"id":"1425829103362400261","public_metrics":{"retweet_count":4,"reply_count":0,"like_count":4,"quote_count":1},"created_at":"2021-08-12T14:38:43.000Z","text":"Rt rt rt svp \n#savedz #Kabylie https://t.co/iCSi1D1Xqh","lang":"fr","author_id":"1411993531246432258"},{"id":"1425828909740814338","public_metrics":{"retweet_count":0,"reply_count":0,"like_count":1,"quote_count":0},"created_at":"2021-08-12T14:37:57.000Z","text":"#Algérie(Sos #Enfance) #RCD++ #TransitionDémocratique++ #Tamazight(Officielle) #Kabylie-#Aures-#MZab++ #Afrique[#Dz++/#Ww3 #VendreDire(SolidaritéDétenu(e)s #KhaledDRARENI++ #8Mars(Jidf) #Ww4(Vs#COVID19/Vaccinat°+]\n\n#Barbacha(BGGAYET): 4Morts/Criminels #FeuxDeDorêts..: https://t.co/RfAyg3iu05","lang":"fr","author_id":"436987962"},{"id":"1425828529116270592","public_metrics":{"retweet_count":0,"reply_count":0,"like_count":0,"quote_count":0},"created_at":"2021-08-12T14:36:26.000Z","text":"Quand je vois les photos et vidéo de ce qui ce passe en #Kabylie j’ai envie de pleurer wAllah","lang":"fr","author_id":"2201997639"},{"id":"1425828248022229150","public_metrics":{"retweet_count":0,"reply_count":0,"like_count":0,"quote_count":0},"created_at":"2021-08-12T14:35:19.000Z","text":"@KhaledBeydoun Kind of a shame how western media is covering this with the emphasis on climate change rather than the lack of support for Kabylie people in terms of infrastructure and proper response to this devastating incident  #Kabylie #Algeria","lang":"en","author_id":"1230836177458094081"},{"id":"1425828004219949058","public_metrics":{"retweet_count":0,"reply_count":1,"like_count":2,"quote_count":0},"created_at":"2021-08-12T14:34:21.000Z","text":"@riadkaced Voilà le problème des arabes, ils ne se supportent pas entre eux. Même pas dans des moments difficiles.Le Maroc leur tend la main mais ils sortent le discours du Sahara pendant que la #Kabylie brûle.Les barbaries sont dues à la politique qui incite une haine entre races. #Algerie","lang":"fr","author_id":"1166408828730118145"},{"id":"1425827629865725965","public_metrics":{"retweet_count":0,"reply_count":0,"like_count":0,"quote_count":0},"created_at":"2021-08-12T14:32:52.000Z","text":"@animalculum I don't understand why everyone is reporting this as a wildfire. Are they basing this on any official report from Algeria? The country that bans political press?  #Kabylie #Algeria","lang":"en","author_id":"1230836177458094081"},{"id":"1425826803667529734","public_metrics":{"retweet_count":3,"reply_count":1,"like_count":3,"quote_count":1},"created_at":"2021-08-12T14:29:35.000Z","text":"Rt svp \n#savedz #skikda #Kabylie #kabyliebrule https://t.co/lkt30bzDH2","lang":"fr","author_id":"1411993531246432258"},{"id":"1425826427551707153","public_metrics":{"retweet_count":7,"reply_count":1,"like_count":7,"quote_count":1},"created_at":"2021-08-12T14:28:05.000Z","text":"Immense incendie à la forêt du village Amraou #Amizour #Kabylie https://t.co/iTZdeUOFRe","lang":"fr","author_id":"18115983"},{"id":"1425826168792436751","public_metrics":{"retweet_count":5,"reply_count":3,"like_count":19,"quote_count":0},"attachments":{"media_keys":["7_1425825396633718785"]},"created_at":"2021-08-12T14:27:03.000Z","text":"Ça brûle toujours, Ihassnewen et larbaa Nath Iraten,et de l'autre côté Béni Douala est en alerte rouge aussi.\nLa vidéo est en direct et la fumé c'est depuis ce matin .\n#Kabylie #kabyliebrule #Tiziouzou #TiziOuzou_brule \nNos coeurs brules avec la tragédie de #DjamelBensmail https://t.co/ylqPgu8Zme","lang":"fr","author_id":"257062289"},{"id":"1425825512190988292","public_metrics":{"retweet_count":0,"reply_count":2,"like_count":3,"quote_count":0},"created_at":"2021-08-12T14:24:27.000Z","text":"#kabylie ne me dites pas que c est un kabyle ? https://t.co/eq0uukabjb","lang":"fr","author_id":"1401421013364187142"},{"id":"1425825464954892289","public_metrics":{"retweet_count":1,"reply_count":1,"like_count":1,"quote_count":0},"attachments":{"media_keys":["7_1425824570062213123"]},"created_at":"2021-08-12T14:24:16.000Z","text":"@BMilantay @TSAlgerie #Tebboune criminel !! La junte militaire Algérienne mafieuse a mis le feu délibérément pour terroriser la population dissidentes \n#algerie #Tizi_Ouzou #Kabylie \uD83D\uDE21 https://t.co/qC9riKfjoq","lang":"fr","author_id":"1425808896564793348"},{"id":"1425825346721521672","public_metrics":{"retweet_count":8,"reply_count":3,"like_count":20,"quote_count":0},"attachments":{"media_keys":["3_1425825341185003528"]},"created_at":"2021-08-12T14:23:47.000Z","text":"\uD83D\uDD34 #Algérie| Deux canadairs à l'aéroport de #Bejaia s'apprêtent à intervenir pour participer aux opérations de lutte contre les feux qui ravagent les forêts de la #Kabylie depuis lundi. https://t.co/TRgA5Zypss","lang":"fr","author_id":"2715219673"},{"id":"1425825203821547522","public_metrics":{"retweet_count":0,"reply_count":0,"like_count":0,"quote_count":0},"attachments":{"media_keys":["3_1425825196972285963"]},"created_at":"2021-08-12T14:23:13.000Z","text":"Quand un gouvernement est incompétent jusqu’au bout .\n#Algeria_forest_fires #Kabylie #kabyliebrule https://t.co/Z2MsiyZFvv","lang":"fr","author_id":"1151535854042656770"},{"id":"1425825183412088855","public_metrics":{"retweet_count":3,"reply_count":0,"like_count":5,"quote_count":0},"attachments":{"media_keys":["13_1425813437616037890"]},"created_at":"2021-08-12T14:23:08.000Z","text":"#Algérie #LaKabylieBrule \nVent + fortes chaleurs c’est le cocktails explosif qui complique la maîtrise des feux violents en #Kabylie\nL’intervention des canadairs français laisse espérer 1 amélioration de la situation \nBilan: 70 morts et 20 portés disparus\n https://t.co/R1Twg0lo7L","lang":"fr","author_id":"372315720"},{"id":"1425824856600371201","public_metrics":{"retweet_count":1,"reply_count":0,"like_count":0,"quote_count":1},"created_at":"2021-08-12T14:21:51.000Z","text":"@EmmanuelMacron monsieur le President les canadairs ne sont toujours pas en opération beaucoup de feux subsistent c’est extrêmement urgent s’il vous plaît encore merci  #kabylie #FEU #URGENT #algerie","lang":"fr","author_id":"117386227"},{"id":"1425824596721233930","public_metrics":{"retweet_count":20,"reply_count":1,"like_count":18,"quote_count":3},"attachments":{"media_keys":["3_1425824587497959435","3_1425824587569197058","3_1425824587523059716","3_1425824587569192967"]},"created_at":"2021-08-12T14:20:49.000Z","text":"Je sors de l’association #APFA à Lyon7. Très accueillant et impliqué, elles étaient en plein tri mais prennent le temps de remercier. Donnez ce que vous pouvez, ils prennent tout et surtout ils ont besoin de tout. #Algerie #kabyliebrule #Kabylie \uD83C\uDDE9\uD83C\uDDFF\uD83C\uDDE9\uD83C\uDDFF\uD83C\uDDE9\uD83C\uDDFF\uD83C\uDDE9\uD83C\uDDFF https://t.co/cX77rJ55Gy","lang":"fr","author_id":"899434910901039104"},{"id":"1425824376071483417","public_metrics":{"retweet_count":1,"reply_count":1,"like_count":7,"quote_count":0},"created_at":"2021-08-12T14:19:56.000Z","text":"L’horreur absolue : un bénévole, humanitaire, pris pour un pyromane ( parce qu’il venait d’ailleurs ?) lynché et brûlé en #Kabylie alors qu’il se trouvait dans un fourgon de police ^^^ \nInnommable \nToutes mes pensées et soutien à ses proches #Algerie","lang":"fr","author_id":"1225032860643528706"},{"id":"1425824115391299592","public_metrics":{"retweet_count":1,"reply_count":0,"like_count":3,"quote_count":0},"attachments":{"media_keys":["3_1425824112027389968"]},"created_at":"2021-08-12T14:18:54.000Z","text":"UNITED \uD83C\uDDE9\uD83C\uDDFF #prayforalgeria #pray  #islam #الجزائر #help #algeria #algerie #oxygen #burn #covid_19 #corona  #unite #mahrez #africa #emergency #france #burning #feux #kabyle #kabylie #chaoui #chaouia #bylka  #berber #berbers #amazigh #mzab #United https://t.co/R08c1RGDsl","lang":"en","author_id":"1235386190033018881"},{"id":"1425823397095776266","public_metrics":{"retweet_count":19,"reply_count":3,"like_count":31,"quote_count":5},"attachments":{"media_keys":["7_1425823225930338315"]},"created_at":"2021-08-12T14:16:03.000Z","text":"\uD83D\uDD34\uD83C\uDFA5: L'arrivée des deux #Canadairs français et un avion de commandement à l'aéroport Houari Boumediene.\n#Algérie #Kabylie ##Tizi_Ouzou #PrayForAlgeria https://t.co/UhmsYEfnOG","lang":"fr","author_id":"782934172243492864"},{"id":"1425823109903437825","public_metrics":{"retweet_count":11,"reply_count":0,"like_count":18,"quote_count":0},"attachments":{"media_keys":["3_1425823102424928266","3_1425823102424862720"]},"created_at":"2021-08-12T14:14:54.000Z","text":"Depuis qq jours, l’Algérie brûle, principalement en #Kabylie. \nJ’ai une pensée particulière pour Bouzeguène avec #Aubervilliers est jumelée et pour chaque village dont sont issus mes amis kabyles. \nEn ces heures sombres, notre solidarité avec la Kabylie est totale #kabyliebrule https://t.co/6yNoeeaAH6","lang":"fr","author_id":"917897215"},{"id":"1425822898002939909","public_metrics":{"retweet_count":1,"reply_count":0,"like_count":3,"quote_count":1},"attachments":{"media_keys":["7_1425816981773512715"]},"created_at":"2021-08-12T14:14:04.000Z","text":"@radioalgerie_ar #Tebboune criminel !! La junte militaire Algérienne mafieuse a mis le feu délibérément pour terroriser la population dissidentes \n#algerie #Tizi_Ouzou #Kabylie \uD83D\uDE21 https://t.co/YqcZhweeWq","lang":"fr","author_id":"1425808896564793348"},{"id":"1425822792843366408","public_metrics":{"retweet_count":1,"reply_count":0,"like_count":0,"quote_count":0},"attachments":{"media_keys":["7_1425816981773512715"]},"created_at":"2021-08-12T14:13:38.000Z","text":"@radioalgerie_ar #Tebboune criminel !! La junte militaire Algérienne mafieuse a mis le feu délibérément pour terroriser la population dissidentes \n#algerie #Tizi_Ouzou #Kabylie \uD83D\uDE21 https://t.co/YqcZhweeWq","lang":"fr","author_id":"1425808896564793348"},{"id":"1425821914056912903","public_metrics":{"retweet_count":13,"reply_count":9,"like_count":103,"quote_count":1},"attachments":{"media_keys":["3_1425821608728424450"]},"created_at":"2021-08-12T14:10:09.000Z","text":"\uD83D\uDD34 DIRECT - Incendies en #Algerie : deux canadairs à l'aéroport de #Bejaia d'où ils s'apprêtent à intervenir pour participer aux opérations de lutte contre les feux qui ravagent les forêts de la #Kabylie depuis lundi \n\uD83D\uDD34 Suivez les dernières infos \uD83D\uDC49 https://t.co/k58Y6BaXNr https://t.co/xBCx5DYSlw","lang":"fr","author_id":"203879413"},{"id":"1425821329060626451","public_metrics":{"retweet_count":1,"reply_count":0,"like_count":2,"quote_count":1},"attachments":{"media_keys":["3_1425821273049894912"]},"created_at":"2021-08-12T14:07:49.000Z","text":"#savedz #PrayForAlgeria #Bejaia #Kabylie #kabyliebrule https://t.co/PbKt2Log8w","lang":"und","author_id":"4610389589"},{"id":"1425821215713865728","public_metrics":{"retweet_count":0,"reply_count":1,"like_count":21,"quote_count":0},"created_at":"2021-08-12T14:07:22.000Z","text":"My beloved motherland \uD83E\uDD7A\uD83E\uDD7A\uD83E\uDD7A\uD83E\uDD7A\uD83D\uDE14\uD83D\uDE14\uD83D\uDE14\uD83D\uDE14\uD83D\uDE14 #Algeria #Kabylie https://t.co/QqlpI5vjlp","lang":"en","author_id":"1513828290"},{"id":"1425820513272745985","public_metrics":{"retweet_count":0,"reply_count":2,"like_count":2,"quote_count":0},"created_at":"2021-08-12T14:04:35.000Z","text":"Ma famille vient de Mekla en #Kabylie, #Algerie\nTerrible de se dire que la région de ses ancêtres brûle, de penser à ses habitants apeurés qui perdent tout, qui souffrent et qui subissent l'impensable: l'enfer sur terre.\nEt puis la pluie qui revient, qui sauve, qui apaise.","lang":"fr","author_id":"1368962754317590542"},{"id":"1425819770343936010","public_metrics":{"retweet_count":0,"reply_count":0,"like_count":9,"quote_count":0},"created_at":"2021-08-12T14:01:38.000Z","text":"Les images et récits des feux en #Kabylie me brisent le coeur. On est tous dans le même bateau sur la même Terre. Face à ces feux qui vont se renouveler autour de la Méditerranée, l'entraide pour anticiper  et protéger les populations devrait être permanente.","lang":"fr","author_id":"24357513"},{"id":"1425819055001415680","public_metrics":{"retweet_count":0,"reply_count":0,"like_count":0,"quote_count":0},"attachments":{"media_keys":["3_1425819049217298440","3_1425819049234030592","3_1425819049217314820"]},"created_at":"2021-08-12T13:58:47.000Z","text":"@Islametinfo #Alger #Kabylie #Canadair https://t.co/Sp8ZGqv9Sw","lang":"und","author_id":"4461162256"},{"id":"1425819046562336785","public_metrics":{"retweet_count":9,"reply_count":1,"like_count":31,"quote_count":1},"attachments":{"media_keys":["3_1425818738209681430"]},"created_at":"2021-08-12T13:58:45.000Z","text":"\uD83D\uDEF0️ Vu de l'espace || Depuis plusieurs jours, de nombreux incendies sévissent dans la région de la #Kabylie. Les panaches de ces nombreux feux se distinguent sur l'image dans des teintes grisâtres. Des nuages blancs se mêlent également à ces panaches.\n\n\uD83D\uDCF8AQUA, le 11/08 à 12h33 UTC https://t.co/DvWqhc0S1z","lang":"fr","author_id":"756762998"},{"id":"1425817509630984194","public_metrics":{"retweet_count":0,"reply_count":0,"like_count":0,"quote_count":0},"attachments":{"media_keys":["7_1425816862110085124","7_1425816165591314443"]},"created_at":"2021-08-12T13:52:39.000Z","text":"#JesuisDjamelBenIsmail  #manif14aout #maroc #Palestine #Israel #traitres #normalisation #Algerie #Kabylie #Afghanistan #AntiPassSanitaire #الجزائر #FeuxDeForêt  suivez-nous sur telegram \nhttps://t.co/KHWslwsLfV https://t.co/iwzWV4yHWT https://t.co/GXqZCjIr2D","lang":"fr","author_id":"1390708816078065666"},{"id":"1425817473375428608","public_metrics":{"retweet_count":1,"reply_count":0,"like_count":0,"quote_count":0},"attachments":{"media_keys":["7_1425816866367279106","7_1425816165591314443"]},"created_at":"2021-08-12T13:52:30.000Z","text":"#JesuisDjamelBenIsmail  #manif14aout #maroc #Palestine #Israel #traitres #normalisation #Algerie #Kabylie #Afghanistan #AntiPassSanitaire #الجزائر #FeuxDeForêt  suivez-nous sur telegram \nhttps://t.co/KHWslwsLfV https://t.co/iwzWV4yHWT https://t.co/QIgETG5SYF","lang":"fr","author_id":"1390708816078065666"},{"id":"1425817413434683394","public_metrics":{"retweet_count":1,"reply_count":0,"like_count":0,"quote_count":0},"attachments":{"media_keys":["7_1425816924911403012","7_1425816165591314443"]},"created_at":"2021-08-12T13:52:16.000Z","text":"#JesuisDjamelBenIsmail  #manif14aout #maroc #Palestine #Israel #traitres #normalisation #Algerie #Kabylie #Afghanistan #AntiPassSanitaire #الجزائر #FeuxDeForêt  suivez-nous sur telegram \nhttps://t.co/KHWslwsLfV https://t.co/iwzWV4yHWT https://t.co/GXE4mpfhYa","lang":"fr","author_id":"1390708816078065666"},{"id":"1425817354022400001","public_metrics":{"retweet_count":1,"reply_count":0,"like_count":0,"quote_count":0},"attachments":{"media_keys":["7_1425816993475661844","7_1425816165591314443"]},"created_at":"2021-08-12T13:52:02.000Z","text":"#JesuisDjamelBenIsmail  #manif14aout #maroc #Palestine #Israel #traitres #normalisation #Algerie #Kabylie #Afghanistan #AntiPassSanitaire #الجزائر #FeuxDeForêt  suivez-nous sur telegram \nhttps://t.co/KHWslwsLfV https://t.co/iwzWV4yHWT https://t.co/O4DDe0py4b","lang":"fr","author_id":"1390708816078065666"},{"id":"1425817287337119745","public_metrics":{"retweet_count":1,"reply_count":0,"like_count":0,"quote_count":0},"attachments":{"media_keys":["7_1425816775959080973","7_1425816165591314443"]},"created_at":"2021-08-12T13:51:46.000Z","text":"#JesuisDjamelBenIsmail  #manif14aout #maroc #Palestine #Israel #traitres #normalisation #Algerie #Kabylie #Afghanistan #AntiPassSanitaire #الجزائر #FeuxDeForêt  suivez-nous sur telegram \nhttps://t.co/KHWslwsLfV https://t.co/iwzWV4yHWT https://t.co/eUFeAcmk3L","lang":"fr","author_id":"1390708816078065666"},{"id":"1425817123234877448","public_metrics":{"retweet_count":3,"reply_count":1,"like_count":3,"quote_count":1},"attachments":{"media_keys":["7_1425816981773512715"]},"created_at":"2021-08-12T13:51:07.000Z","text":"@TSAlgerie #Tebboune criminel !! La junte militaire Algérienne mafieuse a mis le feu délibérément pour terroriser la population dissidentes \n#algerie #Tizi_Ouzou #Kabylie \uD83D\uDE21 https://t.co/YqcZhweeWq","lang":"fr","author_id":"1425808896564793348"},{"id":"1425817088388698113","public_metrics":{"retweet_count":1,"reply_count":0,"like_count":0,"quote_count":0},"attachments":{"media_keys":["7_1425816885052907534","7_1425816165591314443"]},"created_at":"2021-08-12T13:50:58.000Z","text":"#JesuisDjamelBenIsmail  #manif14aout #maroc #Palestine #Israel #traitres #normalisation #Algerie #Kabylie #Afghanistan #AntiPassSanitaire #الجزائر #FeuxDeForêt  suivez-nous sur telegram \nhttps://t.co/KHWslwsLfV https://t.co/iwzWV4yHWT https://t.co/CbvBir7tYn","lang":"fr","author_id":"1390708816078065666"},{"id":"1425817008751382528","public_metrics":{"retweet_count":1,"reply_count":0,"like_count":0,"quote_count":0},"attachments":{"media_keys":["3_1425816925200809986","7_1425816165591314443"]},"created_at":"2021-08-12T13:50:39.000Z","text":"#JesuisDjamelBenIsmail  #manif14aout #maroc #Palestine #Israel #traitres #normalisation #Algerie #Kabylie #Afghanistan #AntiPassSanitaire #الجزائر #FeuxDeForêt  suivez-nous sur telegram \nhttps://t.co/KHWslwsLfV https://t.co/iwzWV4yHWT https://t.co/Ls4JeOTsXv","lang":"fr","author_id":"1390708816078065666"},{"id":"1425816985972068360","public_metrics":{"retweet_count":3,"reply_count":0,"like_count":1,"quote_count":0},"attachments":{"media_keys":["3_1425816966019698689"]},"created_at":"2021-08-12T13:50:34.000Z","text":"En #Algérie, les incendies continuent de faire des ravages. La plupart fait rage dans la #Kabylie . Le dernier bilan fait état de 69 morts dont 28 militaires envoyés pour contrer la progression des flammes. https://t.co/qUnljKIbBG","lang":"fr","author_id":"1224307457478070272"},{"id":"1425816441371172864","public_metrics":{"retweet_count":1,"reply_count":0,"like_count":0,"quote_count":0},"attachments":{"media_keys":["7_1425816165591314443"]},"created_at":"2021-08-12T13:48:24.000Z","text":"#JesuisDjamelBenIsmail  #manif14aout #maroc #Palestine #Israel #traitres #normalisation #Algerie #Kabylie #Afghanistan #AntiPassSanitaire #الجزائر #FeuxDeForêt  suivez-nous sur telegram \nhttps://t.co/KHWslwsLfV https://t.co/iwzWV4yHWT","lang":"fr","author_id":"1390708816078065666"},{"id":"1425815795402108929","public_metrics":{"retweet_count":0,"reply_count":2,"like_count":0,"quote_count":0},"created_at":"2021-08-12T13:45:50.000Z","text":"Où sont les canadairs? Savons-nous s'ils seront bien affretés aujourd'hui? #AlgeriaIsBurning #Algerie #MaKabylieBrule #Kabylie https://t.co/1A3R94Bu4x","lang":"fr","author_id":"1227355398165999616"},{"id":"1425815624509440002","public_metrics":{"retweet_count":0,"reply_count":0,"like_count":0,"quote_count":0},"created_at":"2021-08-12T13:45:09.000Z","text":"\uD83D\uDE4F\uD83C\uDFFE Force et courage à nos sœurs et frères algériens \uD83C\uDDE9\uD83C\uDDFF\n#Kabylie","lang":"fr","author_id":"153497299"},{"id":"1425814658431213569","public_metrics":{"retweet_count":0,"reply_count":0,"like_count":2,"quote_count":0},"attachments":{"media_keys":["3_1425814655746797568"]},"created_at":"2021-08-12T13:41:19.000Z","text":"#Kabylie\n#kabyliebrule\nElles n ont eu aucune chance de s'en sortir brûlées vivantes dans les bras de leur mère... le pays où les victimes deviennent des coupables s'appelle l'#Algerie..\nla haine a fait ses preuves Rwanda, Turquie.. Irak et bien d'autres endroits dans le monde\uD83D\uDE2D https://t.co/VKoKtKj7vi","lang":"fr","author_id":"39620335"},{"id":"1425813257399554049","public_metrics":{"retweet_count":14,"reply_count":3,"like_count":31,"quote_count":0},"attachments":{"media_keys":["3_1425813249367232519"]},"created_at":"2021-08-12T13:35:45.000Z","text":"À #Champigny, la solidarité se met en place pour venir en aide à la #Kabylie. Rendez vous au 2 rue georges dimitrov et/ou salle Jean Morlet.\n\n@LaurentJeanne94 https://t.co/hGdkAxbchn","lang":"fr","author_id":"1202228983116521472"},{"id":"1425812630917296132","public_metrics":{"retweet_count":0,"reply_count":0,"like_count":17,"quote_count":0},"created_at":"2021-08-12T13:33:16.000Z","text":"@MarocDiplomatie Que Dieu en soit témoin !\nL’histoire retiendra que sa Majesté le Roi Mohammed VI que Dieu l’assiste, a proposé l’aide du #Maroc à l’#Algérie, sous la présidence de M.#Tebboune qui n’a pas hésité à accepter celle de la #France, pour combattre les incendies qui ravagent la #Kabylie","lang":"fr","author_id":"1245338287499329536"},{"id":"1425811982742171648","public_metrics":{"retweet_count":1,"reply_count":0,"like_count":2,"quote_count":0},"attachments":{"media_keys":["3_1425811980334505993"]},"created_at":"2021-08-12T13:30:41.000Z","text":"Les gars abnn vous svppppp ‼\nPour plus des informations \n#Tizi_Ouzou #AlgeriaIsBurning #Algerie #Tizi_Ouzou #Kabylie #Tiziouzou #PrayForAlgeria #savedz https://t.co/ffH9xxoDji","lang":"fr","author_id":"1308906572224049155"},{"id":"1425811626599403539","public_metrics":{"retweet_count":2,"reply_count":3,"like_count":62,"quote_count":0},"created_at":"2021-08-12T13:29:16.000Z","text":"De tout cœur avec l’Algerie. #algerie #Kabylie https://t.co/JeoN3xXlP4","lang":"fr","author_id":"82066860"},{"id":"1425811530969460737","public_metrics":{"retweet_count":3,"reply_count":0,"like_count":12,"quote_count":0},"attachments":{"media_keys":["3_1425811526569529359","3_1425811526645022737"]},"created_at":"2021-08-12T13:28:53.000Z","text":"#kabylie \nArrivée de 2 canadairs à l’aéroport d’#Alger merci @EmmanuelMacron \n\uD83C\uDDE9\uD83C\uDDFF\uD83C\uDDEB\uD83C\uDDF7 https://t.co/GMMQe7k8Ow","lang":"fr","author_id":"838723729144307712"},{"id":"1425811511252033543","public_metrics":{"retweet_count":0,"reply_count":1,"like_count":0,"quote_count":0},"created_at":"2021-08-12T13:28:49.000Z","text":"L’agence de presse officielle du gouvernement algérien @APS_Algerie prétend que les Canadair ont été loués … ces incapables n’ont même pas le minimum d’honnêteté nécessaire pour admettre qu’ils ont accepté l’aide de la France et du Président Macron. #Algérie #Kabylie #Canadair https://t.co/KSYj4SfgQj","lang":"fr","author_id":"1175416979458527238"},{"id":"1425811124491100160","public_metrics":{"retweet_count":1,"reply_count":0,"like_count":2,"quote_count":0},"created_at":"2021-08-12T13:27:17.000Z","text":"@EmmanuelMacron L’agence de presse officielle du gouvernement algérien @APS_Algerie prétend que les Canadair ont été loués … ces incapables n’ont même pas le minimum d’honnêteté nécessaire pour admettre qu’ils ont accepté l’aide de la France et du Président Macron. #Algérie #Kabylie #Canadair https://t.co/2yxvyYE1iN","lang":"fr","author_id":"1175416979458527238"},{"id":"1425811024104595460","public_metrics":{"retweet_count":3,"reply_count":0,"like_count":1,"quote_count":0},"attachments":{"media_keys":["3_1425811018584707080","3_1425811018584711168","3_1425811018614145024"]},"created_at":"2021-08-12T13:26:53.000Z","text":"#Kabylie #kabyliebrule https://t.co/XWUSriCA8y","lang":"und","author_id":"1180610485818920961"},{"id":"1425810970132291589","public_metrics":{"retweet_count":0,"reply_count":0,"like_count":0,"quote_count":0},"attachments":{"media_keys":["3_1425810964000251911"]},"created_at":"2021-08-12T13:26:40.000Z","text":"#PrayForKabylia #PrayForAlgeria #Algerie #kabyliebrule #kabylie https://t.co/V74nLzDOHm","lang":"und","author_id":"956999442"},{"id":"1425809410786529289","public_metrics":{"retweet_count":1,"reply_count":0,"like_count":3,"quote_count":0},"attachments":{"media_keys":["3_1425809407984603137"]},"created_at":"2021-08-12T13:20:28.000Z","text":"Les canadair français arrivés en #Algérie. Ils doivent entrer en action contre les feux en #Kabylie, ayant fait au moins 80 morts et plusieurs brûlés dans un état critique, selon un dernier bilan. Une solidarité exceptionnelle lancée dans tout le pays en faveur des sinistrés. https://t.co/aQTUJNXnDe","lang":"fr","author_id":"2325505801"},{"id":"1425809177524334600","public_metrics":{"retweet_count":2,"reply_count":0,"like_count":2,"quote_count":0},"attachments":{"media_keys":["3_1425809160436916225"]},"created_at":"2021-08-12T13:19:32.000Z","text":"Quelque chose me dit qu'ils sont contents de recevoir l'aide des \"vilains colons blancs français\" \uD83D\uDE42\uD83D\uDE42\uD83D\uDE42\n\n#Kabylie #Algerie https://t.co/gYTWAGDfxh","lang":"fr","author_id":"1032244270705590272"},{"id":"1425809169257582592","public_metrics":{"retweet_count":8,"reply_count":1,"like_count":20,"quote_count":0},"created_at":"2021-08-12T13:19:30.000Z","text":"\"Oui, le nouveau Président a promis, mais toujours après : de l’eau après la soif et les médicaments après la mort, alors que gouverner c’est prévoir\".\nPar Chawki Amari dans @elwatan_com\n#Kabylie \nhttps://t.co/2savzuqqZo","lang":"fr","author_id":"19990293"},{"id":"1425808621154324484","public_metrics":{"retweet_count":0,"reply_count":0,"like_count":0,"quote_count":0},"created_at":"2021-08-12T13:17:20.000Z","text":"#Algerie #kabylie \n https://t.co/AmhMifedxz","lang":"und","author_id":"1311989599242256385"},{"id":"1425808534739079169","public_metrics":{"retweet_count":0,"reply_count":0,"like_count":0,"quote_count":0},"created_at":"2021-08-12T13:16:59.000Z","text":"@GillesClavreul @Emmanuel_Debono https://t.co/LiNjD9TQqP c criminel de ne pas laisser nos #pompiers bosser pour sauver des gens,car nous avons des #canadairs #canadair!#primairepop #primairepopulaire #primaire #populaire #khalifa/#crif #CassandreFristot #CASSANDRE #algerie #passedelahonte #kabylie_brule #kabylie","lang":"fr","author_id":"2703743521"},{"id":"1425808048031940609","public_metrics":{"retweet_count":2,"reply_count":0,"like_count":8,"quote_count":0},"created_at":"2021-08-12T13:15:03.000Z","text":"#Kabylie inacceptable le lynchage et le corps calciné de Djamel Bensmail hier à Larbâa Nath Irathen. Sous la complicité de la police, qui a laissé la foule. #Algerie c'est honteux. Paix et courage à sa famille.","lang":"fr","author_id":"499710513"},{"id":"1425807843719061510","public_metrics":{"retweet_count":1,"reply_count":0,"like_count":0,"quote_count":0},"created_at":"2021-08-12T13:14:14.000Z","text":"#Algérie(Sos #Enfance) #RCD++ #TransitionDémocratique++ #Tamazight(Officielle) #Kabylie-#Aures-#MZab++ #Afrique[#Dz++/#Ww3 #VendreDire(SolidaritéDétenu(e)s #KhaledDRARENI++ #8Mars(Jidf) #Ww4(Vs#COVID19/Vaccinat°+]\n\n#Annaba/Criminels #FeuxDeDorêts EnFlagrantDélit..: https://t.co/BXxw336y5E","lang":"fr","author_id":"436987962"},{"id":"1425807372577132544","public_metrics":{"retweet_count":1,"reply_count":1,"like_count":3,"quote_count":0},"created_at":"2021-08-12T13:12:22.000Z","text":"Le roi du #Maroc  donne des instructions pour venir en aide à l’#Algérie confrontée à de graves incendies de forêts en #Kabylie . #kabyliebrule \nhttps://t.co/hhh0DCTrpA","lang":"fr","author_id":"619014898"},{"id":"1425807319250751491","public_metrics":{"retweet_count":0,"reply_count":0,"like_count":2,"quote_count":0},"created_at":"2021-08-12T13:12:09.000Z","text":"@SHB_tweete Toutes mes condoléances. #Kabylie","lang":"fr","author_id":"2956683622"},{"id":"1425807226208493576","public_metrics":{"retweet_count":10,"reply_count":4,"like_count":18,"quote_count":0},"created_at":"2021-08-12T13:11:47.000Z","text":"Dénoncez les COUPABLES \n#kabyliebrule #Kabylie #JusticePourDjamelBenIsmail https://t.co/roMeD6ZmyR","lang":"fr","author_id":"1222905799959121923"},{"id":"1425807186467381250","public_metrics":{"retweet_count":0,"reply_count":0,"like_count":0,"quote_count":0},"attachments":{"media_keys":["3_1425807183267127299"]},"created_at":"2021-08-12T13:11:38.000Z","text":"@cutecilipadi أمس و اليوم، بوريطة و غلمان البلاط العلوي يقومون بأفخم طقوس الإنبطاح للكيان العبري إثر زيارة وزير خارجيته للمغرب. لهذا السبب يتم إلهاء شعب الجزائر و دولته بالنيران الإجرامية. #الجزائر  #الكيان_الصهيوني #القدس #الأقصى #الجزائر_تحترق #Algerie_brule #التطبيع_خيانة #تبون #Kabylie https://t.co/GuwfduFRjP","lang":"ar","author_id":"1417216345284939782"},{"id":"1425807092968005632","public_metrics":{"retweet_count":3,"reply_count":1,"like_count":9,"quote_count":0},"created_at":"2021-08-12T13:11:15.000Z","text":"#Contre la #fitna \nLa #Kabylie est innocente de ces criminels et de leurs #commanditaires #DRS\nÀ qui profite le crime? Certainement pas à la Kabylie.\n\nToutes mes condoléances à sa famille. Il est mort en martyr pour l'Algérie.\n\nإنا لله و انا إليه راجعون. https://t.co/3URugCaP6j","lang":"fr","author_id":"1328337588026007553"},{"id":"1425807030879723522","public_metrics":{"retweet_count":0,"reply_count":0,"like_count":0,"quote_count":0},"attachments":{"media_keys":["3_1425807027629133830"]},"created_at":"2021-08-12T13:11:01.000Z","text":"@Mnsart_ أمس و اليوم، بوريطة و غلمان البلاط العلوي يقومون بأفخم طقوس الإنبطاح للكيان العبري إثر زيارة وزير خارجيته للمغرب. لهذا السبب يتم إلهاء شعب الجزائر و دولته بالنيران الإجرامية. #الجزائر  #الكيان_الصهيوني #القدس #الأقصى #الجزائر_تحترق #Algerie_brule #التطبيع_خيانة #تبون #Kabylie https://t.co/cnXGhvbgkL","lang":"ar","author_id":"1417216345284939782"},{"id":"1425806976685072388","public_metrics":{"retweet_count":0,"reply_count":0,"like_count":1,"quote_count":0},"created_at":"2021-08-12T13:10:48.000Z","text":"@EmmanuelMacron En #Kabylie, c'est le peuple Kabyle , la colonisation c'est finie , apprenez donc l'histoire ça changera de la médecine","lang":"fr","author_id":"2309295708"},{"id":"1425806936574996486","public_metrics":{"retweet_count":0,"reply_count":0,"like_count":0,"quote_count":0},"attachments":{"media_keys":["3_1425806933852835841"]},"created_at":"2021-08-12T13:10:38.000Z","text":"@tasniiimben أمس و اليوم، بوريطة و غلمان البلاط العلوي يقومون بأفخم طقوس الإنبطاح للكيان العبري إثر زيارة وزير خارجيته للمغرب. لهذا السبب يتم إلهاء شعب الجزائر و دولته بالنيران الإجرامية. #الجزائر  #الكيان_الصهيوني #القدس #الأقصى #الجزائر_تحترق #Algerie_brule #التطبيع_خيانة #تبون #Kabylie https://t.co/uAyDnEcTWh","lang":"ar","author_id":"1417216345284939782"},{"id":"1425806866110685186","public_metrics":{"retweet_count":0,"reply_count":0,"like_count":0,"quote_count":0},"attachments":{"media_keys":["3_1425806863392718857"]},"created_at":"2021-08-12T13:10:21.000Z","text":"@MohandOulmas أمس و اليوم، بوريطة و غلمان البلاط العلوي يقومون بأفخم طقوس الإنبطاح للكيان العبري إثر زيارة وزير خارجيته للمغرب. لهذا السبب يتم إلهاء شعب الجزائر و دولته بالنيران الإجرامية. #الجزائر  #الكيان_الصهيوني #القدس #الأقصى #الجزائر_تحترق #Algerie_brule #التطبيع_خيانة #تبون #Kabylie https://t.co/14J8Mtc1aQ","lang":"ar","author_id":"1417216345284939782"},{"id":"1425806646828224515","public_metrics":{"retweet_count":0,"reply_count":0,"like_count":1,"quote_count":0},"created_at":"2021-08-12T13:09:29.000Z","text":"#kabylie #PrayForAlgeria #تيزي_وزو_تحترق #kabyliebrule https://t.co/SbMBHOEA0U","lang":"und","author_id":"1026507115345719297"},{"id":"1425806637646979073","public_metrics":{"retweet_count":0,"reply_count":0,"like_count":0,"quote_count":0},"attachments":{"media_keys":["3_1425806634870259717"]},"created_at":"2021-08-12T13:09:27.000Z","text":"@marruma11 أمس و اليوم، بوريطة و غلمان البلاط العلوي يقومون بأفخم طقوس الإنبطاح للكيان العبري إثر زيارة وزير خارجيته للمغرب. لهذا السبب يتم إلهاء شعب الجزائر و دولته بالنيران الإجرامية. #الجزائر  #الكيان_الصهيوني #القدس #الأقصى #الجزائر_تحترق #Algerie_brule #التطبيع_خيانة #تبون #Kabylie https://t.co/JaZOJz9u1k","lang":"ar","author_id":"1417216345284939782"},{"id":"1425806542780178437","public_metrics":{"retweet_count":0,"reply_count":0,"like_count":0,"quote_count":0},"attachments":{"media_keys":["3_1425806540146192412"]},"created_at":"2021-08-12T13:09:04.000Z","text":"@Ema97n أمس و اليوم، بوريطة و غلمان البلاط العلوي يقومون بأفخم طقوس الإنبطاح للكيان العبري إثر زيارة وزير خارجيته للمغرب. لهذا السبب يتم إلهاء شعب الجزائر و دولته بالنيران الإجرامية. #الجزائر  #الكيان_الصهيوني #القدس #الأقصى #الجزائر_تحترق #Algerie_brule #التطبيع_خيانة #تبون #Kabylie https://t.co/ocH01Q7eyg","lang":"ar","author_id":"1417216345284939782"},{"id":"1425806458705301504","public_metrics":{"retweet_count":0,"reply_count":0,"like_count":0,"quote_count":0},"attachments":{"media_keys":["3_1425806455714762757"]},"created_at":"2021-08-12T13:08:44.000Z","text":"@13Semsouma أمس و اليوم، بوريطة و غلمان البلاط العلوي يقومون بأفخم طقوس الإنبطاح للكيان العبري إثر زيارة وزير خارجيته للمغرب. لهذا السبب يتم إلهاء شعب الجزائر و دولته بالنيران الإجرامية. #الجزائر  #الكيان_الصهيوني #القدس #الأقصى #الجزائر_تحترق #Algerie_brule #التطبيع_خيانة #تبون #Kabylie https://t.co/TvRptfj26s","lang":"ar","author_id":"1417216345284939782"},{"id":"1425806432948064260","public_metrics":{"retweet_count":0,"reply_count":0,"like_count":0,"quote_count":0},"created_at":"2021-08-12T13:08:38.000Z","text":"#PrayForAlgeria #تيزي_وزو_تحترق #Tizi_Ouzou #kabyliebrule #Kabylie #PrayForKabylia https://t.co/orutOhiOKd","lang":"und","author_id":"1026507115345719297"},{"id":"1425806365893791747","public_metrics":{"retweet_count":0,"reply_count":0,"like_count":0,"quote_count":0},"attachments":{"media_keys":["3_1425806363624677382"]},"created_at":"2021-08-12T13:08:22.000Z","text":"@Noha_Ghareb86 أمس و اليوم، بوريطة و غلمان البلاط العلوي يقومون بأفخم طقوس الإنبطاح للكيان العبري إثر زيارة وزير خارجيته للمغرب. لهذا السبب يتم إلهاء شعب الجزائر و دولته بالنيران الإجرامية. #الجزائر  #الكيان_الصهيوني #القدس #الأقصى #الجزائر_تحترق #Algerie_brule #التطبيع_خيانة #تبون #Kabylie https://t.co/z7Id0Qaa9b","lang":"ar","author_id":"1417216345284939782"},{"id":"1425806288282439683","public_metrics":{"retweet_count":0,"reply_count":0,"like_count":0,"quote_count":0},"attachments":{"media_keys":["3_1425806285841354759"]},"created_at":"2021-08-12T13:08:03.000Z","text":"@alastalahmad أمس و اليوم، بوريطة و غلمان البلاط العلوي يقومون بأفخم طقوس الإنبطاح للكيان العبري إثر زيارة وزير خارجيته للمغرب. لهذا السبب يتم إلهاء شعب الجزائر و دولته بالنيران الإجرامية. #الجزائر  #الكيان_الصهيوني #القدس #الأقصى #الجزائر_تحترق #Algerie_brule #التطبيع_خيانة #تبون #Kabylie https://t.co/kXAaa82ino","lang":"ar","author_id":"1417216345284939782"},{"id":"1425806207500095492","public_metrics":{"retweet_count":0,"reply_count":0,"like_count":0,"quote_count":0},"attachments":{"media_keys":["3_1425806204396359682"]},"created_at":"2021-08-12T13:07:44.000Z","text":"@SheYma78143654 أمس و اليوم، بوريطة و غلمان البلاط العلوي يقومون بأفخم طقوس الإنبطاح للكيان العبري إثر زيارة وزير خارجيته للمغرب. لهذا السبب يتم إلهاء شعب الجزائر و دولته بالنيران الإجرامية. #الجزائر  #الكيان_الصهيوني #القدس #الأقصى #الجزائر_تحترق #Algerie_brule #التطبيع_خيانة #تبون #Kabylie https://t.co/gDuA7JqLCS","lang":"ar","author_id":"1417216345284939782"},{"id":"1425805258551332869","public_metrics":{"retweet_count":5,"reply_count":5,"like_count":38,"quote_count":0},"created_at":"2021-08-12T13:03:58.000Z","text":"L'état est dans l'obligation de capturer ces individus un par un, diffuser leurs noms et les soumettre à la peine capitale. L'Algérie entière est en deuil pour notre martyr, justice lui est due. \n#جمال_بن_سماعيل\n#Kabylie https://t.co/8I6141wFv9","lang":"fr","author_id":"1364954201667891202"},{"id":"1425804936831553552","public_metrics":{"retweet_count":0,"reply_count":0,"like_count":2,"quote_count":0},"created_at":"2021-08-12T13:02:41.000Z","text":"Appel à dons #Algerie #Kabylie \n#Urgence #Oxygene \n#COVID19 #kabyliebrule \nLa situation est d’autant plus tendue en Algérie que le nord du pays, la Kabylie, est touché par des incendies meurtriers qui ont fait au moins 65 morts depuis lundi soir.\nhttps://t.co/bJt6NgLZmN","lang":"fr","author_id":"49739723"},{"id":"1425804471884468227","public_metrics":{"retweet_count":1,"reply_count":0,"like_count":12,"quote_count":0},"created_at":"2021-08-12T13:00:50.000Z","text":"L’homme brûlé en Kabylie \uD83D\uDE22\uD83D\uDE22Allah y rahmou je suis en larmes ! c’est horrible je suis effondrée comment peut on ??!!!! Tfouuu a3likoum que Dieu vous punisse bande de sauvages !!! #Kabylie #DjamelBensmail  repose en paix tu es mort en martyre qu’Allah t’accueille près de lui","lang":"fr","author_id":"556153795"},{"id":"1425804443212210184","public_metrics":{"retweet_count":1,"reply_count":0,"like_count":0,"quote_count":0},"created_at":"2021-08-12T13:00:44.000Z","text":"#Algérie(Sos #Enfance) #RCD++ #TransitionDémocratique++ #Tamazight(Officielle) #Kabylie-#Aures-#MZab++ #Afrique[#Dz++/#Ww3 #VendreDire(SolidaritéDétenu(e)s #KhaledDRARENI++ #8Mars(Jidf) #Ww4(Vs#COVID19/Vaccinat°+]\n\nRN15/Bouira-Tizi:..#FeuxDeForêts.: https://t.co/eO44j2CKbV","lang":"fr","author_id":"436987962"},{"id":"1425804270344052739","public_metrics":{"retweet_count":2,"reply_count":0,"like_count":8,"quote_count":0},"created_at":"2021-08-12T13:00:02.000Z","text":"Aucune fitna… que de la bonté chez le papa de Djamel. Vraiment a l image de son defunt fils Allah y rahmou, des belles personnes.\nMashaAllah #DjamelBensmail #Algerie #Kabylie #Tiziouzou #JeSuisDjamel https://t.co/jepzfbGiJz","lang":"fr","author_id":"797064346128023552"},{"id":"1425804179042414595","public_metrics":{"retweet_count":0,"reply_count":2,"like_count":3,"quote_count":0},"created_at":"2021-08-12T12:59:41.000Z","text":"Le prochain qui me dit Karim Benzema vrai DZ je le démarre !\n#Kabylie #Algerie","lang":"fr","author_id":"450053077"},{"id":"1425803765584646151","public_metrics":{"retweet_count":21,"reply_count":0,"like_count":5,"quote_count":1},"created_at":"2021-08-12T12:58:02.000Z","text":"Pour les personnes/comités qui cherchent des denrées alimentaires, matelas et eaux à #Tizi_Ouzou ville contact: +213 542 43 81 60 #Kabylie #kabyliebrule #Algerie","lang":"fr","author_id":"408596415"},{"id":"1425803493617569799","public_metrics":{"retweet_count":0,"reply_count":0,"like_count":2,"quote_count":0},"created_at":"2021-08-12T12:56:57.000Z","text":"#Kabylie : face aux #incendies , les villageois ne comptent que sur eux-mêmes. La \"belle et rebelle\" subit le feu et compte ses morts \uD83D\uDE14 #Algérie  https://t.co/cg1MeMxFqY","lang":"fr","author_id":"795940454000979968"},{"id":"1425803034987278348","public_metrics":{"retweet_count":0,"reply_count":0,"like_count":0,"quote_count":0},"created_at":"2021-08-12T12:55:08.000Z","text":"#Kabylie #kabyliebrule https://t.co/InJnqCOdzM","lang":"und","author_id":"3606791896"},{"id":"1425802322911940614","public_metrics":{"retweet_count":0,"reply_count":0,"like_count":0,"quote_count":0},"created_at":"2021-08-12T12:52:18.000Z","text":"N’arrive pas à comprendre ce qu’il se passe en #Algerie. Le pays longe littéralement la Méditerranée, où sont les Canadairs ? Le pays n’en dispose pas ??  Ca brise le cœur ces images. La léthargie du GVT à ne pas agir + vite.. #kabyliebrule #Kabylie","lang":"fr","author_id":"21082259"}],"includes":{"media":[{"media_key":"3_1425832945646936064","type":"photo","url":"https://pbs.twimg.com/media/E8mTgnpVoAA4uTI.jpg"},{"media_key":"3_1425832951737065492","type":"photo","url":"https://pbs.twimg.com/media/E8mTg-VVoBQns4l.jpg"},{"media_key":"7_1425824570062213123","public_metrics":{"view_count":386},"type":"video"},{"media_key":"3_1425832578699776013","type":"photo","url":"https://pbs.twimg.com/media/E8mTLQqUUA0XhxM.jpg"},{"media_key":"7_1425816981773512715","public_metrics":{"view_count":832},"type":"video"},{"media_key":"7_1425825396633718785","public_metrics":{"view_count":2568},"type":"video"},{"media_key":"3_1425825341185003528","type":"photo","url":"https://pbs.twimg.com/media/E8mMl-0VEAgEJyI.jpg"},{"media_key":"3_1425825196972285963","type":"photo","url":"https://pbs.twimg.com/media/E8mMdllVoAslmMz.jpg"},{"media_key":"13_1425813437616037890","public_metrics":{"view_count":806},"type":"video"},{"media_key":"3_1425824587497959435","type":"photo","url":"https://pbs.twimg.com/media/E8mL6HHVcAsjuK0.jpg"},{"media_key":"3_1425824587569197058","type":"photo","url":"https://pbs.twimg.com/media/E8mL6HYUcAIqjyA.jpg"},{"media_key":"3_1425824587523059716","type":"photo","url":"https://pbs.twimg.com/media/E8mL6HNUcAQ0mys.jpg"},{"media_key":"3_1425824587569192967","type":"photo","url":"https://pbs.twimg.com/media/E8mL6HYUYAcxG_9.jpg"},{"media_key":"3_1425824112027389968","type":"photo","url":"https://pbs.twimg.com/media/E8mLeb2UUBAAsIC.jpg"},{"media_key":"7_1425823225930338315","public_metrics":{"view_count":1493},"type":"video"},{"media_key":"3_1425823102424928266","type":"photo","url":"https://pbs.twimg.com/media/E8mKjqyVUAoK4PM.jpg"},{"media_key":"3_1425823102424862720","type":"photo","url":"https://pbs.twimg.com/media/E8mKjqyUUAAaXS_.jpg"},{"media_key":"3_1425821608728424450","type":"photo","url":"https://pbs.twimg.com/media/E8mJMuVVcAIpyjG.jpg"},{"media_key":"3_1425821273049894912","type":"photo","url":"https://pbs.twimg.com/media/E8mI5L1VkAAh8ls.png"},{"media_key":"3_1425819049217298440","type":"photo","url":"https://pbs.twimg.com/media/E8mG3vaVEAgKShH.jpg"},{"media_key":"3_1425819049234030592","type":"photo","url":"https://pbs.twimg.com/media/E8mG3veUYAAAuXo.jpg"},{"media_key":"3_1425819049217314820","type":"photo","url":"https://pbs.twimg.com/media/E8mG3vaVUAQJUDA.jpg"},{"media_key":"3_1425818738209681430","type":"photo","url":"https://pbs.twimg.com/media/E8mGlo0VcBYijCq.jpg"},{"media_key":"7_1425816862110085124","public_metrics":{"view_count":14},"type":"video"},{"media_key":"7_1425816165591314443","public_metrics":{"view_count":27},"type":"video"},{"media_key":"7_1425816866367279106","public_metrics":{"view_count":36},"type":"video"},{"media_key":"7_1425816924911403012","public_metrics":{"view_count":29},"type":"video"},{"media_key":"7_1425816993475661844","public_metrics":{"view_count":15},"type":"video"},{"media_key":"7_1425816775959080973","public_metrics":{"view_count":20},"type":"video"},{"media_key":"7_1425816885052907534","public_metrics":{"view_count":24},"type":"video"},{"media_key":"3_1425816925200809986","type":"photo","url":"https://pbs.twimg.com/media/E8mE8G1VgAId7al.jpg"},{"media_key":"3_1425816966019698689","type":"photo","url":"https://pbs.twimg.com/media/E8mE-e5UUAE_n9A.jpg"},{"media_key":"3_1425814655746797568","type":"photo","url":"https://pbs.twimg.com/media/E8mC4AdVcAAeDIm.jpg"},{"media_key":"3_1425813249367232519","type":"photo","url":"https://pbs.twimg.com/media/E8mBmJSUUAcjwHO.jpg"},{"media_key":"3_1425811980334505993","type":"photo","url":"https://pbs.twimg.com/media/E8mAcRxVoAkacOr.jpg"},{"media_key":"3_1425811526569529359","type":"photo","url":"https://pbs.twimg.com/media/E8mAB3XVkA8zKTZ.jpg"},{"media_key":"3_1425811526645022737","type":"photo","url":"https://pbs.twimg.com/media/E8mAB3pVgBEbMTh.jpg"},{"media_key":"3_1425811018584707080","type":"photo","url":"https://pbs.twimg.com/media/E8l_kS-UUAgKs72.jpg"},{"media_key":"3_1425811018584711168","type":"photo","url":"https://pbs.twimg.com/media/E8l_kS-UYAAMufD.jpg"},{"media_key":"3_1425811018614145024","type":"photo","url":"https://pbs.twimg.com/media/E8l_kTFVgAANNxK.jpg"},{"media_key":"3_1425810964000251911","type":"photo","url":"https://pbs.twimg.com/media/E8l_hHoXoAcVk2h.jpg"},{"media_key":"3_1425809407984603137","type":"photo","url":"https://pbs.twimg.com/media/E8l-GjBVEAEGKzr.jpg"},{"media_key":"3_1425809160436916225","type":"photo","url":"https://pbs.twimg.com/media/E8l94I1XIAEx-uZ.jpg"},{"media_key":"3_1425807183267127299","type":"photo","url":"https://pbs.twimg.com/media/E8l8FDTWYAMeYH1.jpg"},{"media_key":"3_1425807027629133830","type":"photo","url":"https://pbs.twimg.com/media/E8l77_gXEAYUqpu.jpg"},{"media_key":"3_1425806933852835841","type":"photo","url":"https://pbs.twimg.com/media/E8l72iKWUAEJX0u.jpg"},{"media_key":"3_1425806863392718857","type":"photo","url":"https://pbs.twimg.com/media/E8l7ybrWQAkBBi2.jpg"},{"media_key":"3_1425806634870259717","type":"photo","url":"https://pbs.twimg.com/media/E8l7lIXWQAUPpeM.jpg"},{"media_key":"3_1425806540146192412","type":"photo","url":"https://pbs.twimg.com/media/E8l7fnfXsBwHdzX.jpg"},{"media_key":"3_1425806455714762757","type":"photo","url":"https://pbs.twimg.com/media/E8l7as9WUAUT51V.jpg"},{"media_key":"3_1425806363624677382","type":"photo","url":"https://pbs.twimg.com/media/E8l7VV5XIAY7v19.jpg"},{"media_key":"3_1425806285841354759","type":"photo","url":"https://pbs.twimg.com/media/E8l7Q0IX0AcisW6.jpg"},{"media_key":"3_1425806204396359682","type":"photo","url":"https://pbs.twimg.com/media/E8l7MEuX0AIPG6l.jpg"}]},"meta":{"newest_id":"1425832954559750152","oldest_id":"1425802322911940614","result_count":100,"next_token":"b26v89c19zqg8o3fpdm8kuwaam0e7w60zvorh2vcr1jlp"}}