{"data":[{"author_id":"1417216345284939782","attachments":{"media_keys":["3_1425802150253322246","3_1425802155127083011","3_1425802161968058374"]},"text":"أمس و اليوم، بوريطة و غلمان البلاط العلوي يقومون بأفخم طقوس الإنبطاح للكيان العبري إثر زيارة وزير خارجيته للمغرب. لهذا السبب يتم إلهاء شعب الجزائر و دولته بالنيران الإجرامية. #الجزائر  #الكيان_الصهيوني #القدس #الأقصى #الجزائر_تحترق #Algerie_brule #التطبيع_خيانة #تبون #Kabylie https://t.co/xK8Y83q7cW","id":"1425802164799254538","created_at":"2021-08-12T12:51:40.000Z","public_metrics":{"retweet_count":0,"reply_count":0,"like_count":0,"quote_count":0},"lang":"ar"},{"author_id":"856159212","attachments":{"media_keys":["3_1425801215309459458"]},"text":"\uD83E\uDD1D @larochesuryonfr exprime toute sa #solidarité aux habitants de sa ville jumelle #TiziOuzou touchés par les graves #incendies. La Ville se tient prête à apporter son appui pour faire face à cette situation dramatique.\n⏩ https://t.co/d5coeaIqMg.\n#Kabylie #larochesuryon #lrsy https://t.co/kpxZYRtbSs","id":"1425801961660723201","created_at":"2021-08-12T12:50:52.000Z","public_metrics":{"retweet_count":7,"reply_count":1,"like_count":23,"quote_count":0},"lang":"fr"},{"author_id":"972081658349477889","text":"#Colere #Kabylie #Incendies \nUn être humain a été lynché, immolé par une foule vengeresse. Le tout filmé en 4k et diffusé par 4G sur les RS. Qui est responsable de tout ce gâchis humain ? Où est dieu dans tout ça ?","id":"1425801481085755396","created_at":"2021-08-12T12:48:57.000Z","public_metrics":{"retweet_count":1,"reply_count":2,"like_count":10,"quote_count":0},"lang":"fr"},{"author_id":"1168267496912297984","text":"#Algerie #Kabylie #incendies https://t.co/L1lrXTRzI8","id":"1425800743244685316","created_at":"2021-08-12T12:46:01.000Z","public_metrics":{"retweet_count":0,"reply_count":0,"like_count":0,"quote_count":0},"lang":"und"},{"author_id":"121492226","attachments":{"media_keys":["3_1425799446000979978"]},"text":"Podcast | Le journal de 13 h de Radio Vatican \uD83D\uDCFB\n-La #Kabylie brûle \uD83C\uDDE9\uD83C\uDDFF\n-Le #Covid_19 toujours fort en #Russie \uD83C\uDDF7\uD83C\uDDFA\n-Visite historique israélienne au #Maroc \uD83C\uDDEE\uD83C\uDDF1\uD83C\uDDF2\uD83C\uDDE6\nhttps://t.co/1nqnEhb9L9 https://t.co/J5BSwsp4Qk","id":"1425800210333282310","created_at":"2021-08-12T12:43:54.000Z","public_metrics":{"retweet_count":1,"reply_count":0,"like_count":4,"quote_count":0},"lang":"fr"},{"author_id":"266653632","text":"#NoComment | #Algérie : au moins 69 morts dans les feux qui ravagent la #Kabylie https://t.co/HWkfcGKkKo","id":"1425799915091922945","created_at":"2021-08-12T12:42:44.000Z","public_metrics":{"retweet_count":1,"reply_count":0,"like_count":1,"quote_count":0},"lang":"fr"},{"author_id":"849289053279330305","text":"J'ai mal de voir la terre de mon père, mes ancêtres, ma terre brûlée, voir mon peupl mourir, mais tuer un homme même coupable, c'est ne pas craindre Allah Et toutes les gens qui cautionne son meurtre ne crains pas Allah. Vous faites honte dans cette crise\n#kabylie\n#kabylie_brule","id":"1425799891914301440","created_at":"2021-08-12T12:42:38.000Z","public_metrics":{"retweet_count":0,"reply_count":0,"like_count":7,"quote_count":0},"lang":"fr"},{"author_id":"1258776098168614918","attachments":{"media_keys":["3_1425799777543938048"]},"text":"#Tiziouzou #Tizi_Ouzou #PrayForAlgeria #تيزي_وزو_تحترق #Kabylie #savedz https://t.co/EA6rOlV08Z","id":"1425799813459816449","created_at":"2021-08-12T12:42:20.000Z","public_metrics":{"retweet_count":1,"reply_count":0,"like_count":4,"quote_count":0},"lang":"und"},{"author_id":"394658733","attachments":{"media_keys":["7_1425799629812162563"]},"text":"#Algérie #Kabylie spectacle de désolation...\n\nNotre valeureux frère K. parti secourir les villages des flammes vous envoie ces images.\n\nOffrez lui vos invocations les plus sincères. https://t.co/JXS3hzdYsE","id":"1425799689220284419","created_at":"2021-08-12T12:41:50.000Z","public_metrics":{"retweet_count":29,"reply_count":2,"like_count":63,"quote_count":1},"lang":"fr"},{"author_id":"1109135357382180865","attachments":{"media_keys":["7_1425799272168108036"]},"text":"Hommage à tous ceux qui sont partis dans ces misérables flammes l'histoire ne vous oubliera pas et nous non plus ! \uD83D\uDE4F\uD83C\uDFFB♓\uD83C\uDDE9\uD83C\uDDFF❤ la kabylie renaîtra de nouveau on vous le promets \uD83D\uDE2D\uD83D\uDC94 l'algérie toute entière se relèvera #kabylie #kabylie_brûle #Algerie #PrayForAlgeria #تيزي_وزو_تحترق https://t.co/HsmM9vKHSW","id":"1425799621801095170","created_at":"2021-08-12T12:41:34.000Z","public_metrics":{"retweet_count":4,"reply_count":0,"like_count":8,"quote_count":0},"lang":"fr"},{"author_id":"1425796336587259918","text":"@EmmanuelMacron Merci à vous tous car la Kabylie subit le même sort depuis des années,ils veulent nous exterminer mais ils ont oublié quand nous sommes une bonne grène,nous allons repoussé aussitôt Paix à tous les martyrs de cette belle et rebelle #kabylie #Lecombatcontinue #lakabylievaincra ♓️","id":"1425799291939999755","created_at":"2021-08-12T12:40:15.000Z","public_metrics":{"retweet_count":0,"reply_count":0,"like_count":1,"quote_count":0},"lang":"fr"},{"author_id":"1299426265468895232","attachments":{"media_keys":["3_1425798867514281985"]},"text":"#Kabylie #Algerie #Notre_Patrie Deuil National. https://t.co/siLbJKpm5K","id":"1425798873382105092","created_at":"2021-08-12T12:38:36.000Z","public_metrics":{"retweet_count":2,"reply_count":0,"like_count":3,"quote_count":0},"lang":"fr"},{"author_id":"1401505369923407874","text":"Svp, prévenez autant de monde que possible de ne pas rester près des feu. Si il y a du monde, les canadair ne pourront pas larguer l'eau car trop dangereux. Il faut relayer l'information pour que tout ce passe bien et arrêter cette folie !\n#kabylie #savedz","id":"1425798773112967169","created_at":"2021-08-12T12:38:12.000Z","public_metrics":{"retweet_count":0,"reply_count":0,"like_count":0,"quote_count":0},"lang":"fr"},{"author_id":"1258776098168614918","attachments":{"media_keys":["3_1425798514886561796","3_1425798515096231938"]},"text":"#Tiziouzou #Tizi_Ouzou #PrayForAlgeria #تيزي_وزو_تحترق #Kabylie #savedz https://t.co/erBvyYzCUS","id":"1425798537120452612","created_at":"2021-08-12T12:37:15.000Z","public_metrics":{"retweet_count":4,"reply_count":0,"like_count":4,"quote_count":1},"lang":"und"},{"author_id":"496193039","attachments":{"media_keys":["3_1425797831554633730","3_1425797935284068356","3_1425798011058331653","3_1425798092201267206"]},"text":"#Algérie #Kabylie Devant l'incurie du pouvoir, de ses choix stratégiques budgétaires inopérants face aux #Crises multiples, #Politique, #économique, #sociale, #climatique, #incendies sans réel moyens de défense, la révolte du #Hirak risque fort de rebondir encore + forte. #Dégage https://t.co/8jkxe2pImM https://t.co/CWsZ31aJJ6","id":"1425798122501025797","created_at":"2021-08-12T12:35:37.000Z","public_metrics":{"retweet_count":0,"reply_count":1,"like_count":0,"quote_count":0},"lang":"fr"},{"author_id":"782934172243492864","attachments":{"media_keys":["3_1425797818321604611"]},"text":"Incendies en Kabylie : Le Maroc propose officiellement son aide pour l'Algérie\nLire l'article \uD83D\uDC49 : https://t.co/GpSR7z0zJt\n\n#Algérie #Kabylie #Maroc #Incendies https://t.co/4NkuCStuCv","id":"1425797855999049731","created_at":"2021-08-12T12:34:33.000Z","public_metrics":{"retweet_count":3,"reply_count":4,"like_count":11,"quote_count":0},"lang":"fr"},{"author_id":"1191837771465449472","text":"#لا_للفتنة #لا_لتواقيع_شيوخ_القبائل #Kabylie #savedz #PrayForAlgeria","id":"1425797404994023428","created_at":"2021-08-12T12:32:46.000Z","public_metrics":{"retweet_count":0,"reply_count":0,"like_count":0,"quote_count":0},"lang":"und"},{"author_id":"88708920","attachments":{"media_keys":["3_1425797225062539268"]},"text":"#Algérie \uD83C\uDDE9\uD83C\uDDFF : le bilan provisoire des incendies en #Kabylie est de 65 personnes tuées dont 37 civils. Un deuil national de trois jours a été décrété. \n\nUn drame évitable ? Toutes nos explications \uD83D\uDC49\uD83C\uDFFE https://t.co/pcqjqhg6fV https://t.co/Pv3JtEaHmO","id":"1425797276459470848","created_at":"2021-08-12T12:32:15.000Z","public_metrics":{"retweet_count":6,"reply_count":2,"like_count":15,"quote_count":1},"lang":"fr"},{"author_id":"2205417928","text":"Méluche pleure sur les cendres de la #kabylie...\nCe qui est louable..\nEn revanche rien sur la #Grece...\nOn se demande bien pourquoi, trop de croix peut être.. https://t.co/dEdxlwgaNB","id":"1425797152584962061","created_at":"2021-08-12T12:31:45.000Z","public_metrics":{"retweet_count":8,"reply_count":3,"like_count":23,"quote_count":0},"lang":"fr"},{"author_id":"18115983","text":"Une nouvelle vidéo montre la police civile lyncher le jeune Djamel Ben Smail dans leur camionnette. #Kabylie","id":"1425796931989741568","created_at":"2021-08-12T12:30:53.000Z","public_metrics":{"retweet_count":7,"reply_count":4,"like_count":7,"quote_count":0},"lang":"fr"},{"author_id":"923967789400051712","text":"@rahim_bellem Il vient voir ce qu'il reste de la #Kabylie pour envoyer d'autres personnes finir le sale boulot ? #kabyliebrule","id":"1425796508356468741","created_at":"2021-08-12T12:29:12.000Z","public_metrics":{"retweet_count":0,"reply_count":0,"like_count":1,"quote_count":0},"lang":"fr"},{"author_id":"896950207","attachments":{"media_keys":["16_1425796368531181572"]},"text":"Pour ceux qui ne connaissent pas l'#Algérie, #TiziOuzou, aujourd'hui, est la banlieue d'Alger....100 km sépare #Alger de #TiziOuzou #incendies #Kabylie https://t.co/ao9RHybh96 https://t.co/7akXReQYri","id":"1425796377989242889","created_at":"2021-08-12T12:28:41.000Z","public_metrics":{"retweet_count":0,"reply_count":0,"like_count":1,"quote_count":0},"lang":"fr"},{"author_id":"244622342","attachments":{"media_keys":["7_1425796003995738115"]},"text":"Ce soutien des frères marocains envers le peuple d'#Algérie et la #kabylie en feu !\uD83D\uDE22\uD83D\uDE22\n\nÇa frappe au coeur.❤❤❤\n\nQu'Allah récompense tous les braves et nous réunissent tous sous le même drapeau. https://t.co/EaBUk44WCa","id":"1425796084698333186","created_at":"2021-08-12T12:27:31.000Z","public_metrics":{"retweet_count":2,"reply_count":0,"like_count":18,"quote_count":1},"lang":"fr"},{"author_id":"635765663","attachments":{"media_keys":["3_1425795524683255814"]},"text":"#kabylie_brule #KABYLIESBURNING #Kabylie https://t.co/JLJEkro002","id":"1425795530601418753","created_at":"2021-08-12T12:25:19.000Z","public_metrics":{"retweet_count":1,"reply_count":0,"like_count":1,"quote_count":0},"lang":"und"},{"author_id":"261863287","text":"@Momo06628171 @EmmanuelMacron De tout cœur avec vous #vivelalgerie #kabylie courage \uD83D\uDE4F❤️\uD83C\uDDE9\uD83C\uDDFF","id":"1425795457402421248","created_at":"2021-08-12T12:25:01.000Z","public_metrics":{"retweet_count":0,"reply_count":0,"like_count":2,"quote_count":0},"lang":"fr"},{"author_id":"1377887749311762435","text":"Il faut mobiliser pour sauver beni Douala \uD83D\uDE22\uD83D\uDE22\uD83D\uDE22 c'est URGENT #kabylie #Algerie #PrayForAlgeria #PrayForKabylia","id":"1425795281539436557","created_at":"2021-08-12T12:24:19.000Z","public_metrics":{"retweet_count":0,"reply_count":0,"like_count":0,"quote_count":0},"lang":"fr"},{"author_id":"2325505801","text":"Ca vient de Tizi-Ouzou en #Algerie. \"Un dispositif de sécurité impressionnant mis en place sur le parcours du Premier ministre et sa délégation en visite en #kabylie meurtrie par les incendies. Des policiers partout avec hélicoptère au ciel.\" Y a donc des moyens...","id":"1425794780462829570","created_at":"2021-08-12T12:22:20.000Z","public_metrics":{"retweet_count":0,"reply_count":2,"like_count":4,"quote_count":0},"lang":"fr"},{"author_id":"1377887749311762435","text":"#URGENT le feu est en train de ravager tout a ath douala #PrayForKabylia il est urgent de mobiliser les moyens pour étreindre les feux là-bas et vite \uD83D\uDE22\uD83D\uDE22\uD83D\uDE22 #Kabylie #kabylie_brule #Algerie","id":"1425794516435472394","created_at":"2021-08-12T12:21:17.000Z","public_metrics":{"retweet_count":0,"reply_count":0,"like_count":1,"quote_count":0},"lang":"fr"},{"author_id":"1264147179431702528","attachments":{"media_keys":["3_1425794186809380864"]},"text":"Début de la collecte des dons, l'élan de solidarité est spectaculaire, plusieurs personnes  se sont déplacés  pour offrir  leur aide, sachez que nous avons encore besoin  de votre aide, car le nombre d'incendie  ne cesse d'augmenter. #kabylie_brule #kabylie #Tiziouzou #Bejaia https://t.co/ytSefJD9h8","id":"1425794188994621441","created_at":"2021-08-12T12:19:59.000Z","public_metrics":{"retweet_count":2,"reply_count":0,"like_count":4,"quote_count":0},"lang":"fr"},{"author_id":"782934172243492864","attachments":{"media_keys":["3_1425794081255473154"]},"text":"Incendies en Kabylie : Le Premier ministre se rend à Tizi Ouzou\n\nLire l'article \uD83D\uDC49 : https://t.co/knCz0tj2xP\n\n#Algérie #Kabylie #Incendies #TiziOuzou_brule https://t.co/qrLX2VA0x3","id":"1425794141427048448","created_at":"2021-08-12T12:19:47.000Z","public_metrics":{"retweet_count":0,"reply_count":1,"like_count":3,"quote_count":3},"lang":"fr"},{"author_id":"1151094232444276736","text":"On ne pourra pas reprocher au #Maroc d'avoir voulu,envoyer des Canadair, (tout au début ...) avant que la France, ne le propose .... Solidarité à la #Kabylie et à son peuple(Algérien ) https://t.co/3iFv4tj8k1","id":"1425793987240136709","created_at":"2021-08-12T12:19:11.000Z","public_metrics":{"retweet_count":0,"reply_count":0,"like_count":1,"quote_count":0},"lang":"fr"},{"author_id":"865262160519335936","text":"@jclagarde Merci d'avoir rétablir la vérité sur ce pouvoir mafieux qui fait tout ce qu'il peut pour exterminer la #Kabylie","id":"1425793643223339011","created_at":"2021-08-12T12:17:49.000Z","public_metrics":{"retweet_count":0,"reply_count":0,"like_count":1,"quote_count":0},"lang":"fr"},{"author_id":"504216554","text":"⚠️⚠️⚠️  RT au max \n\n#marseille\n#kabylie\n#kabylie_brule https://t.co/gUzXEtAbOR","id":"1425792775086387207","created_at":"2021-08-12T12:14:22.000Z","public_metrics":{"retweet_count":1,"reply_count":0,"like_count":1,"quote_count":0},"lang":"fr"},{"author_id":"1368251482886320136","text":"#Algerie a accepté l aide de maman la #France.. qui n'a aucune relation avec #Israel, n'abrite ni le mak ni le président de #kabylie et n'a ni tué ni violé personne pendant 132 ans et n'a jamais essayé ses armes atomiques en #Algerie..c'est juste des rumeurs du makhzen au #Maroc https://t.co/D6IgfQKilA","id":"1425791508112986122","created_at":"2021-08-12T12:09:20.000Z","public_metrics":{"retweet_count":33,"reply_count":6,"like_count":74,"quote_count":1},"lang":"fr"},{"author_id":"1041076074145243136","attachments":{"media_keys":["3_1425791140041736192"]},"text":"Arrivé des Candairs en Algérie \nFinalllyyyyy ... Hmdlhhh \uD83E\uDD32\uD83C\uDFFB\n\n#PrayForAlgeria\n#TiziOuzou_brule \n#Kabylie\n#savedz https://t.co/mr9loUpFei","id":"1425791147063058432","created_at":"2021-08-12T12:07:54.000Z","public_metrics":{"retweet_count":0,"reply_count":0,"like_count":0,"quote_count":0},"lang":"fr"},{"author_id":"1578782359","attachments":{"media_keys":["3_1425790715465015296"]},"text":"La France va envoyer aujourd'hui deux bombardiers d'eau et un avion de reconnaissance en #Kabylie pour aider les secours algériens à lutter contre les gigantesques incendies qui y font rage. Le dernier bilan fait état d'au moins 69 morts. https://t.co/eyy3cX9Ysx","id":"1425790909287895042","created_at":"2021-08-12T12:06:57.000Z","public_metrics":{"retweet_count":1,"reply_count":0,"like_count":2,"quote_count":0},"lang":"fr"},{"author_id":"575699866","text":"Extreme justice is an extreme injustice.  So دمتم في رعاية الله و حفظه #Algerie #AlgeriaIsBurning #Algeria #Kabylie #TiziOuzou","id":"1425790606551420933","created_at":"2021-08-12T12:05:45.000Z","public_metrics":{"retweet_count":0,"reply_count":0,"like_count":0,"quote_count":0},"lang":"ca"},{"author_id":"2288796400","text":"Immensément triste par la mise à mort d'un innocent, #DjamelBensmaïl, immolé sur l'autel de la haine et du désespoir, comme jamais vu dans notre société. Profondément indigné par cet acte barbare et sauvage. Les dignes fils de la #Kabylie, de l'#Algérie, doivent s'en démarquer.","id":"1425789890441195522","created_at":"2021-08-12T12:02:54.000Z","public_metrics":{"retweet_count":0,"reply_count":0,"like_count":6,"quote_count":0},"lang":"fr"},{"author_id":"341983425","text":"الله يرحمك جمال\nRepose en paix brave homme. Tes bourreaux doivent être jugés et châtiés. Justice pour Djamel Bensmail. #Kabylie. #Algérie https://t.co/Xzr5yHUV4p","id":"1425789553013571586","created_at":"2021-08-12T12:01:33.000Z","public_metrics":{"retweet_count":1,"reply_count":0,"like_count":10,"quote_count":0},"lang":"ca"},{"author_id":"76428830","text":"De quoi je me mêle, Monsieur le Député? \nCessez de mettre l’huile sur le feu! \nVotre empathie à géométrie variable cache mal vos intentions électoralistes. Personne n’est dupe... \nOriginaire de Béjaïa, je prône l’union dans le respect de la diversité culturelle #Kabylie #Algerie https://t.co/UDEFk0DmMm","id":"1425789539340230658","created_at":"2021-08-12T12:01:30.000Z","public_metrics":{"retweet_count":9,"reply_count":8,"like_count":39,"quote_count":0},"lang":"fr"},{"author_id":"2882571076","attachments":{"media_keys":["7_1425788246890516492"]},"text":"Scènes de désolation à Beni Douala où les feux ne sont pas encore maitrisés. \n\n#Algerie #Kabylie https://t.co/mhE27Xv9d5","id":"1425788470191173640","created_at":"2021-08-12T11:57:15.000Z","public_metrics":{"retweet_count":50,"reply_count":5,"like_count":72,"quote_count":1},"lang":"fr"},{"author_id":"339878225","attachments":{"media_keys":["3_1425788074274041864"]},"text":"#ClimateChange: #Wildfires rage in #Algeria as #heatwave hits North Africa\nhttps://t.co/J4yViVUsgW\n\nThe blazes in the mountainous #Kabylie region are some of the worst in the country's history. https://t.co/uYU1fZdQ96","id":"1425788078178906116","created_at":"2021-08-12T11:55:42.000Z","public_metrics":{"retweet_count":0,"reply_count":2,"like_count":0,"quote_count":0},"lang":"en"},{"author_id":"1266457316532129793","text":"En réaction aux départs des feux qui ravagent la #kabylie,les algériens brûlent, en plein public,un artiste après l'avoir confondu avec les auteurs de ces mêmes feux de forêts\nC indigne de se faire justice et d'assassiner 1innocent venu aider à endiguer les feux\n@TebbouneAmadjid","id":"1425787886121766915","created_at":"2021-08-12T11:54:56.000Z","public_metrics":{"retweet_count":0,"reply_count":0,"like_count":0,"quote_count":0},"lang":"fr"},{"author_id":"1140200996112687105","attachments":{"media_keys":["3_1425787688389595137"]},"text":"Questo ragazzo è stato brucciato vivo dai locali nella zona di #kabylie in #algeria perche suspettato di innescare i fuochi nella foresta.\nE l'accusa era formata perche girava con una macchina senza targa cio che fanno solo i servizi segreti dello stato.\n(anche se fosse. É grave) https://t.co/viERXjw3xS","id":"1425787691690610696","created_at":"2021-08-12T11:54:10.000Z","public_metrics":{"retweet_count":0,"reply_count":1,"like_count":0,"quote_count":0},"lang":"it"},{"author_id":"1233511708938952707","text":"Je pleure mon pays ma commu kabyle qui brulent et une partie de barbares inconscient qui brulent un jeune venu donner de l'aide put1 j'ai la rage j'ai une haine incroyable contre ce pouvoir criminel -Kateb-Yacine \"on nous brule et on nous rends hommage \n#AlgeriaIsBurning #kabylie","id":"1425787554025123841","created_at":"2021-08-12T11:53:37.000Z","public_metrics":{"retweet_count":0,"reply_count":0,"like_count":1,"quote_count":0},"lang":"fr"},{"author_id":"743789552972800000","attachments":{"media_keys":["7_1425785357057024001"]},"text":"L'arrivée des deux Canadair a l'aéroport Houari Boumediene.\n(Vidéo : FB).\n#Tizi_Ouzou #Kabylie #savedz https://t.co/yt2cUeEamq","id":"1425787414652588034","created_at":"2021-08-12T11:53:04.000Z","public_metrics":{"retweet_count":15,"reply_count":13,"like_count":44,"quote_count":6},"lang":"fr"},{"author_id":"896950207","attachments":{"media_keys":["16_1425786313882710020"]},"text":"Pas de mots pour ce qui s'est passé à #LNI. Pour éteindre la fitna, et pour la mémoire de la victime, les sages de #LNI doivent livrer les coupables aux autorités: tsagui y ta9baylit n ladjdoud - c'est ça la tradition kabyle - Rabi y sabar ses proches!#incendies #Kabylie #Algérie https://t.co/7lxoh5pP4t","id":"1425786323332444161","created_at":"2021-08-12T11:48:43.000Z","public_metrics":{"retweet_count":1,"reply_count":2,"like_count":9,"quote_count":0},"lang":"fr"},{"author_id":"436987962","text":"#Algérie(Sos #Enfance) #RCD++ #TransitionDémocratique++ #Tamazight(Officielle) #Kabylie-#Aures-#MZab++ #Afrique[#Dz++/#Ww3 #VendreDire(SolidaritéDétenu(e)s #KhaledDRARENI++ #8Mars(Jidf) #Ww4(Vs#COVID19/Vaccinat°+]\n\nCriminels #FeuxDeForêts..: https://t.co/BzRBXupHBN","id":"1425786111239000069","created_at":"2021-08-12T11:47:53.000Z","public_metrics":{"retweet_count":1,"reply_count":0,"like_count":0,"quote_count":0},"lang":"fr"},{"author_id":"436987962","text":"#Algérie(Sos #Enfance) #RCD++ #TransitionDémocratique++ #Tamazight(Officielle) #Kabylie-#Aures-#MZab++ #Afrique[#Dz++/#Ww3 #VendreDire(SolidaritéDétenu(e)s #KhaledDRARENI++ #8Mars(Jidf) #Ww4(Vs#COVID19/Vaccinat°+]\n\n#France Solidarité/Mémoire #SimoneVeil..: https://t.co/jyuaoCI9hP","id":"1425785496790241280","created_at":"2021-08-12T11:45:26.000Z","public_metrics":{"retweet_count":0,"reply_count":0,"like_count":0,"quote_count":0},"lang":"fr"},{"author_id":"1223608475739197440","text":"Soutien à la communauté Kabyle❤️Merci à tous ceux qui la soutiennent d'une manière ou d'une autre. Solidarité avec ce peuple vaillant qui fait face aux pires incendies de l'histoire de l'Algérie. J'espère que vos proches se portent bien. Vous avez tout mon soutien #Kabylie \uD83D\uDC99\uD83D\uDC9A\uD83D\uDC9B","id":"1425785491018895363","created_at":"2021-08-12T11:45:25.000Z","public_metrics":{"retweet_count":0,"reply_count":0,"like_count":0,"quote_count":0},"lang":"fr"},{"author_id":"394658733","attachments":{"media_keys":["7_1425784310792167430"]},"text":"Un frère valeureux en route vers les incendies nous envoie ces images de désolation... \uD83D\uDE22\uD83D\uDE22\n\nQue Dieu l'assiste !\n\n #Kabylie #Incendies https://t.co/Ib34Jfi4hx","id":"1425784359278219268","created_at":"2021-08-12T11:40:55.000Z","public_metrics":{"retweet_count":11,"reply_count":1,"like_count":33,"quote_count":1},"lang":"fr"},{"author_id":"1120762402222505984","attachments":{"media_keys":["3_1425784132999782407"]},"text":"Un acte de #barbarie et de #monstruosité absolue à été commis contre #Djamel_BenSmail\nvenue en aide à ces frères et sœurs en #kabylie.\nQue justice soit faite, que les coupables soient jugés et condamnés,\nOn t'oubliera jamais #Djamel repose en paix.\n#Ghilas_Ainouche #kabylie_brule https://t.co/PI0Mj8Jd7V","id":"1425784139459047424","created_at":"2021-08-12T11:40:03.000Z","public_metrics":{"retweet_count":0,"reply_count":0,"like_count":0,"quote_count":0},"lang":"fr"},{"author_id":"723085926","attachments":{"media_keys":["3_1425783573521502212"]},"text":"Le \uD83D\uDD25 qui ravage la #Kabylie en ce moment ne doit pas nous faire oublier la grande détresse des patients atteints du #COVID19 en manque d'#oxygène et la saturation des établissements sanitaires.\n\n#kabyliebrule \n#coronavirus https://t.co/wQDoi1t2lH","id":"1425783576122036224","created_at":"2021-08-12T11:37:48.000Z","public_metrics":{"retweet_count":2,"reply_count":1,"like_count":0,"quote_count":0},"lang":"fr"},{"author_id":"610899012","text":"Crida a la solidaritat amb el poble amazic de la Cabilia! #SosKabylie #Kabylie\nhttps://t.co/v9KOAN9Z6t","id":"1425783342520221698","created_at":"2021-08-12T11:36:53.000Z","public_metrics":{"retweet_count":0,"reply_count":0,"like_count":0,"quote_count":0},"lang":"ca"},{"author_id":"1026507115345719297","text":"#Tizi_Ouzou #KABYLIESBURNING #kabylie #PrayForAlgeria #PrayForKabylia #تيزي_وزو_تحترق https://t.co/2Pb6BV9iq9","id":"1425782910209208328","created_at":"2021-08-12T11:35:10.000Z","public_metrics":{"retweet_count":0,"reply_count":0,"like_count":0,"quote_count":0},"lang":"und"},{"author_id":"1026507115345719297","text":"#kabylie #kabylie_brûle #KABYLIESBURNING #Tiziouzou https://t.co/xaAX5nfUV6","id":"1425782687642566663","created_at":"2021-08-12T11:34:17.000Z","public_metrics":{"retweet_count":0,"reply_count":0,"like_count":0,"quote_count":0},"lang":"und"},{"author_id":"1371145107542523907","attachments":{"media_keys":["3_1425782172431142921"]},"text":"Arrive des Canadair à l’aéroport Houari Boumediene a Alger \uD83C\uDDE9\uD83C\uDDFF\uD83E\uDD32❤️ #Algerie #PrayForAlgeria #PrayForKabylia #Algerie_brule #kabylie_brûle #kabyle #kabylie #dz #Twitter https://t.co/lW9q3lI7KS","id":"1425782176822579201","created_at":"2021-08-12T11:32:15.000Z","public_metrics":{"retweet_count":2,"reply_count":0,"like_count":8,"quote_count":1},"lang":"fr"},{"author_id":"1026507115345719297","text":"#Kabylie #KABYLIESBURNING #PrayForAlgeria #AlgeriaIsBurning #تيزي_وزو_تحترق https://t.co/yb2VJQo16w","id":"1425782062636838913","created_at":"2021-08-12T11:31:48.000Z","public_metrics":{"retweet_count":0,"reply_count":0,"like_count":0,"quote_count":0},"lang":"und"},{"author_id":"1026507115345719297","text":"#Tiziouzou #kabylie https://t.co/O6UR4B7hPR","id":"1425781569004965892","created_at":"2021-08-12T11:29:50.000Z","public_metrics":{"retweet_count":0,"reply_count":0,"like_count":0,"quote_count":0},"lang":"und"},{"author_id":"1617383198","text":"#Afrique - #Kabylie - #Algérie : \"Incendies dans le centre du pays : Bouira accueille des sinistrés de Tizi Ouzou\" https://t.co/5ouc2x10uH","id":"1425781535530176517","created_at":"2021-08-12T11:29:42.000Z","public_metrics":{"retweet_count":0,"reply_count":0,"like_count":0,"quote_count":0},"lang":"fr"},{"author_id":"1617383198","text":"#Afrique - #Kabylie - #Algérie : \"Feux de forêt : Des dizaines de citoyens évacués à Skikda\" https://t.co/ilVwwbJpE7","id":"1425781530958438400","created_at":"2021-08-12T11:29:41.000Z","public_metrics":{"retweet_count":0,"reply_count":0,"like_count":0,"quote_count":0},"lang":"fr"},{"author_id":"325567730","text":"⚠ Partagez au MAX : Aides aux victimes des incendies d'Ath Yenni !\n\n1 Retweet = PLUS de visibilité = plus de chances de trouver des donateurs ! #PrayForKabylia\n#PrayForAlgeria\n#Algerie #kabylie #TiziOuzou_brule\nhttps://t.co/Ws2M2sbQIM","id":"1425781516588695554","created_at":"2021-08-12T11:29:37.000Z","public_metrics":{"retweet_count":0,"reply_count":0,"like_count":1,"quote_count":0},"lang":"fr"},{"author_id":"1374364119143493638","text":"Un mal tres profond.... pauvre Algerie  #algeria #fire #kabylie #kabylie_brûle","id":"1425780384978112513","created_at":"2021-08-12T11:25:08.000Z","public_metrics":{"retweet_count":0,"reply_count":0,"like_count":0,"quote_count":0},"lang":"fr"},{"author_id":"1220037055557918720","text":"#algerie #Algerie #kabylie_brûle #kabylie @epsilonov71 @lejuste2019 @tamazgha_ @Tonner13 #oran #Tiziouzou #bejaia #Annaba #AlgeriaIsBurning https://t.co/SoTK4Lf6HP","id":"1425780359866863621","created_at":"2021-08-12T11:25:02.000Z","public_metrics":{"retweet_count":3,"reply_count":2,"like_count":5,"quote_count":0},"lang":"und"},{"author_id":"394658733","attachments":{"media_keys":["3_1425779732407332868"]},"text":"#Flash Bonne nouvelle, les Canadair français arrivés à Alger.\n\nInshaAllah bientôt en action en #Kabylie et ailleurs !\n\n( on ne peut s'empêcher de rappeler que chaque année des milliards sont dépensés par l'état en avions de guerre, 2 Canadair c'était si simple à acheter... ) https://t.co/8wI4djzkIU","id":"1425779735188094981","created_at":"2021-08-12T11:22:33.000Z","public_metrics":{"retweet_count":19,"reply_count":12,"like_count":108,"quote_count":3},"lang":"fr"},{"author_id":"1318541207618936834","attachments":{"media_keys":["3_1425779566711296004"]},"text":"هناك عدالة الله \nنسأل الله أن يرحمه ويرحمنا\n#JusticePourDjamelBenIsmail\n#العدالة_لجمال_بن_سماعيل\n#قلبي_محروق_عليك_يا_بلادي\n#PrayForAlgeria\n#savedz\n#الجزائر_تحترق #تيزي_وزو_تحترق\n#الجزائر #تيزي_وزو\n#Algerie #Algeria \n#Tizi_Ouzou #Kabylie https://t.co/h45cH5x9g1","id":"1425779569223770113","created_at":"2021-08-12T11:21:53.000Z","public_metrics":{"retweet_count":0,"reply_count":0,"like_count":0,"quote_count":0},"lang":"ar"},{"author_id":"1026507115345719297","text":"#PrayForAlgeria #تيزي_وزو_تحترق #KABYLIESBURNING #kabylie https://t.co/rysh5NPnVl","id":"1425779549267185667","created_at":"2021-08-12T11:21:48.000Z","public_metrics":{"retweet_count":0,"reply_count":0,"like_count":0,"quote_count":0},"lang":"und"},{"author_id":"1409926599017906180","text":"Selem Aleykoum , si vous pouvez participer à la cagnotte en Algérie              Ne serait-ce que un 1€ svp                        Barak Allah U Fikoum \uD83E\uDD0D.               https://t.co/ZUvwSHGWCK.  #Kabylie","id":"1425779413640224770","created_at":"2021-08-12T11:21:16.000Z","public_metrics":{"retweet_count":1,"reply_count":0,"like_count":0,"quote_count":0},"lang":"fr"},{"author_id":"1318541207618936834","text":"هناك عدالة الله \nنسأل الله أن يرحمه ويرحمنا\n#JusticePourDjamelBenIsmail\n#العدالة_لجمال_بن_سماعيل\n#قلبي_محروق_عليك_يا_بلادي\n#PrayForAlgeria\n#savedz\n#الجزائر_تحترق #تيزي_وزو_تحترق\n#الجزائر #تيزي_وزو\n#Algerie #Algeria \n#Tizi_Ouzou #Kabylie","id":"1425779353116368900","created_at":"2021-08-12T11:21:02.000Z","public_metrics":{"retweet_count":0,"reply_count":0,"like_count":0,"quote_count":0},"lang":"ar"},{"author_id":"899434910901039104","attachments":{"media_keys":["7_1425779004586475524"]},"text":"Nah sheitane… que dieu les aide dans cette épreuve. Amine. #Toudja #kabylie #Algerie https://t.co/3f2AM5DzIG","id":"1425779109871902724","created_at":"2021-08-12T11:20:04.000Z","public_metrics":{"retweet_count":2,"reply_count":0,"like_count":6,"quote_count":0},"lang":"fr"},{"author_id":"1231922522549104641","attachments":{"media_keys":["3_1425778502893285377"]},"text":"Les deux canadairs envoyés par le gouvernement français atterrissent un instant à l'aéroport d'Alger pour contribuer à la lutte contre les flemmes qui ravagent notre chère Kabylie, Merci à la France, Merci au gouvernement français!\n#kabylie_brûle #kabylie https://t.co/mut8yS2brM","id":"1425778982537076738","created_at":"2021-08-12T11:19:33.000Z","public_metrics":{"retweet_count":1,"reply_count":0,"like_count":6,"quote_count":1},"lang":"fr"},{"author_id":"1319705900727361538","text":"Incroyable regarder son regard et l’attention qui porte aux autres on voie clairement quel humain il était sans même le connaître Rip j’espère que l’algerie et les algériens lui rendront hommage #JesuisDjamelBenIsmail #kabylie https://t.co/qm2Vnza1rR","id":"1425778661727391744","created_at":"2021-08-12T11:18:17.000Z","public_metrics":{"retweet_count":1,"reply_count":0,"like_count":2,"quote_count":0},"lang":"fr"},{"author_id":"1009144356736061440","text":"Je n’ai que mes yeux pour pleurer la #kabylie de mon père.\nJe n’ai pas les mots pour crier ma colère sur l’inaction de la #france d’ #EmmanuelMacron https://t.co/wMk9878A5q","id":"1425778600985481220","created_at":"2021-08-12T11:18:02.000Z","public_metrics":{"retweet_count":0,"reply_count":1,"like_count":0,"quote_count":0},"lang":"fr"},{"author_id":"372315720","attachments":{"media_keys":["7_1425744750745903109"]},"text":"#LaKabylieBrule \nQuelle dignité \nQuelle force \nLe message du papa de #DjamelBensmail le jeune lynché &amp; brûlé vif en #Kabylie où il implore Dieu pour que la concorde &amp; l’amour règnent entre Algériens\nCe père est un héros &amp; une fierté d’une #Algérie en deuil\nhttps://t.co/loPpjXKGkS","id":"1425778436690358276","created_at":"2021-08-12T11:17:23.000Z","public_metrics":{"retweet_count":57,"reply_count":4,"like_count":194,"quote_count":7},"lang":"fr"},{"author_id":"1028609225537335297","text":"Cercle rouge DIRECT - Incendies en #Kabylie \nCercle rouge #TiziOuzou : le Premier ministre a affirmé que le président \n@TebbouneAmadjid\n a \"ordonné la création d'un fonds spécial d'indemnisation des sinistrés\" des feux de forêts enregistrés dans le pays depuis lundi","id":"1425778116367093771","created_at":"2021-08-12T11:16:07.000Z","public_metrics":{"retweet_count":0,"reply_count":0,"like_count":1,"quote_count":0},"lang":"fr"},{"author_id":"2288796400","text":"@ElkadiIhsane Sans viser nos frères sinistrés en #Kabylie, c'est un assassinat commis par des personnes en délire, psychiquement fragilisés, et qui devront répondre de leurs actes. La justice doit triompher, en tout lieu et en toutes circonstances. Condoléances à la famille de #Djamel_Bensmaïl","id":"1425778080308768768","created_at":"2021-08-12T11:15:58.000Z","public_metrics":{"retweet_count":1,"reply_count":0,"like_count":7,"quote_count":0},"lang":"fr"},{"author_id":"1009144356736061440","text":"La #kabylie brûle, les enfants meurs, un vrai drame sous nos yeux et personne ne bouge. Que fait la France, où est #macron où sont les #media. L’histoire saura nous rappeler notre inaction notre complicité.","id":"1425777907004289024","created_at":"2021-08-12T11:15:17.000Z","public_metrics":{"retweet_count":4,"reply_count":1,"like_count":3,"quote_count":1},"lang":"fr"},{"author_id":"1319705900727361538","attachments":{"media_keys":["3_1425777257415684097"]},"text":"Rip victime de la rumeur lynchée,brûlée vif les vrais responsables,c’est vos dirigeants que les feu soient volontaires ou non,quand on investit pas dans des Canadair,on mais en danger son peuple encore plus quand refuse l’aide des autres pays #JesuisDjamelBenIsmail #kabylie https://t.co/UTei1cfmuQ","id":"1425777261999964160","created_at":"2021-08-12T11:12:43.000Z","public_metrics":{"retweet_count":3,"reply_count":0,"like_count":2,"quote_count":0},"lang":"fr"},{"author_id":"1313047465508175872","text":"Appel à la raison et au calme\nNon à la Dérive\nNon au Lynchage\nNon à la vengeance\nEt surtout non à la manipulation.\n#AlgeriaIsBurning #kabylie_brûle #Kabylie #تيزي_وزو_تحترق","id":"1425777198863159302","created_at":"2021-08-12T11:12:28.000Z","public_metrics":{"retweet_count":0,"reply_count":0,"like_count":1,"quote_count":0},"lang":"fr"},{"author_id":"149444487","text":"#Algerie\n#PrayforAlgerie \n#Kabylie https://t.co/4ib8fthlTi","id":"1425776950044418050","created_at":"2021-08-12T11:11:29.000Z","public_metrics":{"retweet_count":0,"reply_count":0,"like_count":5,"quote_count":0},"lang":"und"},{"author_id":"203879413","text":"\uD83D\uDD34 DIRECT - Incendies en #Kabylie \n\uD83D\uDD34 #TiziOuzou : le Premier ministre a affirmé que le président @TebbouneAmadjid a \"ordonné la création d'un fonds spécial d'indemnisation des sinistrés\" des feux de forêts enregistrés dans le pays depuis lundi (APS) https://t.co/k58Y6ATmVT","id":"1425776786256891906","created_at":"2021-08-12T11:10:50.000Z","public_metrics":{"retweet_count":4,"reply_count":5,"like_count":16,"quote_count":1},"lang":"fr"},{"author_id":"203879413","text":"\uD83D\uDD34 Incendies en #Kabylie : l'Algérie a sollicité l'Union européenne pour l'envoi de canadairs. La #France a répondu immédiatement\n\uD83D\uDD34 Suivez les dernières infos en DIRECT \uD83D\uDC49 https://t.co/naWWj6hf6W https://t.co/IJkqbrfaR6","id":"1425776128489316353","created_at":"2021-08-12T11:08:13.000Z","public_metrics":{"retweet_count":9,"reply_count":5,"like_count":21,"quote_count":4},"lang":"fr"},{"author_id":"156424693","attachments":{"media_keys":["7_1425774166922436614"]},"text":"L’effroi qui s’ajoute à l’effroi en #Kabylie \uD83C\uDDE9\uD83C\uDDFF en proie aux incendies meurtriers.\nSur toutes celles, horribles qui tournent sur les réseaux sociaux, c'est cette vidéo que je retiendrai de #DjamelBensmail 35 ans, originaire de #Meliana, un homme investi, volontaire et dévoué, https://t.co/XhN4YuSiFp","id":"1425775022652731394","created_at":"2021-08-12T11:03:49.000Z","public_metrics":{"retweet_count":12,"reply_count":3,"like_count":20,"quote_count":0},"lang":"fr"},{"author_id":"896950207","attachments":{"media_keys":["16_1425774581281955848"]},"text":"Voilà, on pouvait louer des canadairs ! ceux qui ne l'avaient pas fait, en temps opportun, portent l'entière responsabilité des pertes humaines et des drames de ces incendies. #Kabylie #Algérie https://t.co/XtkCgwxsze https://t.co/JEKXOyWJPD","id":"1425774589989249032","created_at":"2021-08-12T11:02:06.000Z","public_metrics":{"retweet_count":2,"reply_count":0,"like_count":1,"quote_count":0},"lang":"fr"},{"author_id":"7233372","text":"Pong, #HTML5 #games #play #onlinegames #150games #150juegos #gaming #indiegames #indie​ #indiegaming #gamedev #indiedev #TwitterBot \nhttps://t.co/FWLF4MD3Vw \n #Kabylie #Nasser","id":"1425774083040595968","created_at":"2021-08-12T11:00:05.000Z","public_metrics":{"retweet_count":2,"reply_count":0,"like_count":0,"quote_count":0},"lang":"en"},{"author_id":"846655084285038593","attachments":{"media_keys":["3_1425774065768357888"]},"text":"\uD83D\uDD34 Les deux #Canadairs envoyés par la #France sont arrivés à l'aéroport d'#Alger ce jeudi en fin de matinée. Ils vont participer à la lutte contre les incendies en #Kabylie https://t.co/0Ej8DTf9rf","id":"1425774068448563208","created_at":"2021-08-12T11:00:02.000Z","public_metrics":{"retweet_count":3,"reply_count":0,"like_count":6,"quote_count":0},"lang":"fr"},{"author_id":"609434583","attachments":{"media_keys":["3_1425773462006730757"]},"text":"URGENT !\nUn départ de feu à l'instant entre #AKFADOU et #TIBANE (Vgayet). Faites attention mes ami.e.s !\nSOYEZ VIGILANT.E.S !\n#Kabylie #Bejaia #Algerie #Algeria #feuxDeForet https://t.co/ZS6D1O4ycO","id":"1425773466674941958","created_at":"2021-08-12T10:57:38.000Z","public_metrics":{"retweet_count":11,"reply_count":2,"like_count":20,"quote_count":0},"lang":"fr"},{"author_id":"1010998194","text":"\uD83C\uDDE9\uD83C\uDDFF | Il s’est avéré que le jeune homme est un volontaire venu prêter main forte. Il a été brûlé vif\n#PrayForKabylia #JusticePourDjamelBenIsmail #الجزاير_تحترق #الجزايٴر_تستغيث #Kabylie \nhttps://t.co/bB86zPqZW1","id":"1425773299884298244","created_at":"2021-08-12T10:56:58.000Z","public_metrics":{"retweet_count":78,"reply_count":20,"like_count":186,"quote_count":15},"lang":"fr"},{"author_id":"1340386516661628929","attachments":{"media_keys":["3_1425766694102913025","3_1425766694165884929"]},"text":"إشعال نار الفتنة طول العام..\n\nPyromanie toute l'année..\n\nلكن ما لازمش ننسى حالة الطوارئ و معاناة الناس.\n\nإيقاف الرسوم الناشرة للفتنة \uD83D\uDD34أمر عاجل\uD83D\uDD34 أيضا\n\nأظن أن عينوش أدرك عواقب نار قلمه و ستسأله الأيام\n\n#الجزائر #بجاية #تيزي_وزو_تحترق #Algerie #TiziOuzou #Tizi_Ouzou #kabylie https://t.co/QzSSA5ZODj https://t.co/51lL3nRN8X","id":"1425771876207443978","created_at":"2021-08-12T10:51:19.000Z","public_metrics":{"retweet_count":0,"reply_count":0,"like_count":4,"quote_count":0},"lang":"ar"},{"author_id":"1560664110","attachments":{"media_keys":["13_1425771312480391172"]},"text":"#Algérie: les incendies dans la région de #Kabylie ont fait au moins 69 morts https://t.co/VDceZCIWJN","id":"1425771411541532677","created_at":"2021-08-12T10:49:28.000Z","public_metrics":{"retweet_count":7,"reply_count":0,"like_count":6,"quote_count":2},"lang":"fr"},{"author_id":"93397975","text":"À qui profite le crime ? Pas à la #Kabylie en tous cas. https://t.co/AaVZ3Rfr8v","id":"1425771245606420484","created_at":"2021-08-12T10:48:49.000Z","public_metrics":{"retweet_count":0,"reply_count":0,"like_count":0,"quote_count":0},"lang":"fr"},{"author_id":"786625296","attachments":{"media_keys":["3_1425770774401531907"]},"text":"(France 24): Incendies en #Algérie : au moins 69 morts en #Kabylie, deuil national de trois jours • FRANCE 24 : Au moins 69 personnes sont mortes dans les incendies qui ravagent le nord de l'Algérie, des feux par dizaines avivés.. https://t.co/779oxl4PB5 https://t.co/ZIGwYuWTsc","id":"1425770775349432322","created_at":"2021-08-12T10:46:57.000Z","public_metrics":{"retweet_count":0,"reply_count":0,"like_count":0,"quote_count":0},"lang":"fr"},{"author_id":"1251860360702971904","attachments":{"media_keys":["3_1425769709295767552"]},"text":"\uD83D\uDEA8\uD83D\uDEA8\n#Toudja #Bejaia #kabylie \n#savedz https://t.co/aBnAdHYcPo","id":"1425769719466975232","created_at":"2021-08-12T10:42:45.000Z","public_metrics":{"retweet_count":4,"reply_count":0,"like_count":4,"quote_count":0},"lang":"und"},{"author_id":"408596415","attachments":{"media_keys":["3_1425769304805548035"]},"text":"Toutes les structures sanitaires : le CHU , EPH, polycliniques ont besoin de consommable, produit de premiers secours \n\n#Kabylie #kabyliebrule #Tiziouzou #TiziOuzou_brule #Algerie https://t.co/JiMGfRaHPZ","id":"1425769311621292035","created_at":"2021-08-12T10:41:08.000Z","public_metrics":{"retweet_count":7,"reply_count":0,"like_count":6,"quote_count":0},"lang":"fr"},{"author_id":"381031307","text":"Je viens d'apprendre que quelques membres de ma famille sont décédés une femme et ses enfants et son frère, voilà le résultat des jours sans aucune aide, des habitants qui essayent d'éteindre les feux avec des bouteilles d'eau et des branches #kabylie","id":"1425768887715573760","created_at":"2021-08-12T10:39:26.000Z","public_metrics":{"retweet_count":0,"reply_count":0,"like_count":5,"quote_count":0},"lang":"fr"},{"author_id":"1103784084919250944","text":"Finalement ils ont mis l'orgueil a part pour sauver son peuple. #Maroc #ROI #Algerie #Kabylie #incendie","id":"1425768764688175113","created_at":"2021-08-12T10:38:57.000Z","public_metrics":{"retweet_count":0,"reply_count":0,"like_count":0,"quote_count":0},"lang":"fr"},{"author_id":"1296397392","text":"#PrayforAlgerie #Kabylie","id":"1425768708891361281","created_at":"2021-08-12T10:38:44.000Z","public_metrics":{"retweet_count":0,"reply_count":0,"like_count":0,"quote_count":0},"lang":"und"},{"author_id":"29965737","attachments":{"media_keys":["3_1425768633922371584","3_1425768633926553608","3_1425768633918177285","3_1425768633926569986"]},"text":"[\uD83C\uDF0D] Canada, USA, Grèce, Turquie, et maintenant l' #Algerie ! Plus de 70 départs de feu se sont déclarés en début de semaine dans le nord du pays...\n\nD'origine criminelle selon les autorités locales, l'incendie s'est amplifié sous l'effet de la #canicule. #Kabylie #futuraplanete https://t.co/qnoxmTfF29","id":"1425768637609172998","created_at":"2021-08-12T10:38:27.000Z","public_metrics":{"retweet_count":8,"reply_count":0,"like_count":22,"quote_count":1},"lang":"fr"},{"author_id":"887286212016386048","attachments":{"media_keys":["3_1425768332872011778","3_1425768332872069124"]},"text":"⚠️ Une connaissance à moi organise une collecte de dons pour des premiers soin. Elle peut se déplacer à Courbevoie ou Evry. Les dons peuvent également être déposés à l’hôtel mercure place charras. Les détails en dessous \uD83D\uDC47 #Kabylie #kabyliebrule https://t.co/p12FOw18Uq","id":"1425768338181984268","created_at":"2021-08-12T10:37:15.000Z","public_metrics":{"retweet_count":2,"reply_count":0,"like_count":1,"quote_count":0},"lang":"fr"},{"author_id":"879106081053691904","attachments":{"media_keys":["3_1425767747418566658"]},"text":"Souvent la foule trahit le peuple.\nVictor Hugo\n#Kabylie #Tizi_Ouzou #Algérie https://t.co/Svtx6z3vN0","id":"1425767749574406145","created_at":"2021-08-12T10:34:55.000Z","public_metrics":{"retweet_count":4,"reply_count":1,"like_count":23,"quote_count":0},"lang":"fr"}],"includes":{"media":[{"media_key":"3_1425802150253322246","type":"photo","url":"https://pbs.twimg.com/media/E8l3gF3WYAYRPWl.jpg"},{"media_key":"3_1425802155127083011","type":"photo","url":"https://pbs.twimg.com/media/E8l3gYBWEAMNXGx.jpg"},{"media_key":"3_1425802161968058374","type":"photo","url":"https://pbs.twimg.com/media/E8l3gxgXEAY5jo-.jpg"},{"media_key":"3_1425801215309459458","type":"photo","url":"https://pbs.twimg.com/media/E8l2pq7XMAI11H_.jpg"},{"media_key":"3_1425799446000979978","type":"photo","url":"https://pbs.twimg.com/media/E8l1CrvWUAoOxAq.jpg"},{"media_key":"3_1425799777543938048","type":"photo","url":"https://pbs.twimg.com/media/E8l1V-1WYAAjSZO.png"},{"media_key":"7_1425799629812162563","public_metrics":{"view_count":2564},"type":"video"},{"media_key":"7_1425799272168108036","public_metrics":{"view_count":284},"type":"video"},{"media_key":"3_1425798867514281985","type":"photo","url":"https://pbs.twimg.com/media/E8l0hAtX0AENg5D.jpg"},{"media_key":"3_1425798514886561796","type":"photo","url":"https://pbs.twimg.com/media/E8l0MfEX0AQEQdx.jpg"},{"media_key":"3_1425798515096231938","type":"photo","url":"https://pbs.twimg.com/media/E8l0Mf2XIAIhgvD.jpg"},{"media_key":"3_1425797831554633730","type":"photo","url":"https://pbs.twimg.com/media/E8lzktdWEAI3PRx.jpg"},{"media_key":"3_1425797935284068356","type":"photo","url":"https://pbs.twimg.com/media/E8lzqv4XoAQ50Id.jpg"},{"media_key":"3_1425798011058331653","type":"photo","url":"https://pbs.twimg.com/media/E8lzvKKXIAUyIED.jpg"},{"media_key":"3_1425798092201267206","type":"photo","url":"https://pbs.twimg.com/media/E8lzz4cWEAYRCmS.jpg"},{"media_key":"3_1425797818321604611","type":"photo","url":"https://pbs.twimg.com/media/E8lzj8KWEAMUSy6.jpg"},{"media_key":"3_1425797225062539268","type":"photo","url":"https://pbs.twimg.com/media/E8lzBaGXIAQ7kB-.jpg"},{"media_key":"16_1425796368531181572","type":"animated_gif"},{"media_key":"7_1425796003995738115","public_metrics":{"view_count":388},"type":"video"},{"media_key":"3_1425795524683255814","type":"photo","url":"https://pbs.twimg.com/media/E8lxebsWUAY9GHT.jpg"},{"media_key":"3_1425794186809380864","type":"photo","url":"https://pbs.twimg.com/media/E8lwQjuXEAAsgX8.jpg"},{"media_key":"3_1425794081255473154","type":"photo","url":"https://pbs.twimg.com/media/E8lwKagWQAI6zQE.jpg"},{"media_key":"3_1425791140041736192","type":"photo","url":"https://pbs.twimg.com/media/E8ltfNoWQAAyrUe.jpg"},{"media_key":"3_1425790715465015296","type":"photo","url":"https://pbs.twimg.com/media/E8ltGf9XoAAqNJW.jpg"},{"media_key":"7_1425788246890516492","public_metrics":{"view_count":6966},"type":"video"},{"media_key":"3_1425788074274041864","type":"photo","url":"https://pbs.twimg.com/media/E8lqswwXsAgExaN.jpg"},{"media_key":"3_1425787688389595137","type":"photo","url":"https://pbs.twimg.com/media/E8lqWTOWUAELe9s.jpg"},{"media_key":"7_1425785357057024001","public_metrics":{"view_count":1819},"type":"video"},{"media_key":"16_1425786313882710020","type":"animated_gif"},{"media_key":"7_1425784310792167430","public_metrics":{"view_count":1068},"type":"video"},{"media_key":"3_1425784132999782407","type":"photo","url":"https://pbs.twimg.com/media/E8lnHWXXIAcNtrK.jpg"},{"media_key":"3_1425783573521502212","type":"photo","url":"https://pbs.twimg.com/media/E8lmmyJWEAQihhm.jpg"},{"media_key":"3_1425782172431142921","type":"photo","url":"https://pbs.twimg.com/media/E8llVOrX0Akk7tS.jpg"},{"media_key":"3_1425779732407332868","type":"photo","url":"https://pbs.twimg.com/media/E8ljHM4XMAQu-7n.jpg"},{"media_key":"3_1425779566711296004","type":"photo","url":"https://pbs.twimg.com/media/E8li9jnWUAQCSNT.jpg"},{"media_key":"7_1425779004586475524","public_metrics":{"view_count":235},"type":"video"},{"media_key":"3_1425778502893285377","type":"photo","url":"https://pbs.twimg.com/media/E8lh_olXsAENG4O.png"},{"media_key":"7_1425744750745903109","public_metrics":{"view_count":49496},"type":"video"},{"media_key":"3_1425777257415684097","type":"photo","url":"https://pbs.twimg.com/media/E8lg3I0XsAEvFMM.jpg"},{"media_key":"7_1425774166922436614","public_metrics":{"view_count":302},"type":"video"},{"media_key":"16_1425774581281955848","type":"animated_gif"},{"media_key":"3_1425774065768357888","type":"photo","url":"https://pbs.twimg.com/media/E8ld9XAWYAAtbLZ.jpg"},{"media_key":"3_1425773462006730757","type":"photo","url":"https://pbs.twimg.com/media/E8ldaN0XEAU4BGV.jpg"},{"media_key":"3_1425766694102913025","type":"photo","url":"https://pbs.twimg.com/media/E8lXQRaWUAEGx7J.jpg"},{"media_key":"3_1425766694165884929","type":"photo","url":"https://pbs.twimg.com/media/E8lXQRpXMAErZCg.jpg"},{"media_key":"13_1425771312480391172","public_metrics":{"view_count":1011},"type":"video"},{"media_key":"3_1425770774401531907","type":"photo","url":"https://pbs.twimg.com/media/E8la9xtWQAMssrW.jpg"},{"media_key":"3_1425769709295767552","type":"photo","url":"https://pbs.twimg.com/media/E8lZ_x4WEAApjAE.jpg"},{"media_key":"3_1425769304805548035","type":"photo","url":"https://pbs.twimg.com/media/E8lZoPCXIAMTI5U.jpg"},{"media_key":"3_1425768633922371584","type":"photo","url":"https://pbs.twimg.com/media/E8lZBLzWQAAYGSF.jpg"},{"media_key":"3_1425768633926553608","type":"photo","url":"https://pbs.twimg.com/media/E8lZBL0WEAgkdGf.jpg"},{"media_key":"3_1425768633918177285","type":"photo","url":"https://pbs.twimg.com/media/E8lZBLyWQAUT05O.jpg"},{"media_key":"3_1425768633926569986","type":"photo","url":"https://pbs.twimg.com/media/E8lZBL0WUAIwPTA.jpg"},{"media_key":"3_1425768332872011778","type":"photo","url":"https://pbs.twimg.com/media/E8lYvqTWUAInmgv.jpg"},{"media_key":"3_1425768332872069124","type":"photo","url":"https://pbs.twimg.com/media/E8lYvqTXMAQfonD.jpg"},{"media_key":"3_1425767747418566658","type":"photo","url":"https://pbs.twimg.com/media/E8lYNlUXsAIwL9w.jpg"}]},"meta":{"newest_id":"1425802164799254538","oldest_id":"1425767749574406145","result_count":100,"next_token":"b26v89c19zqg8o3fpdm8kstd3g9m4swevcytts5y0l8cd"}}