{"data":[{"author_id":"463133503","text":"J'ai la profonde douleur de vous annoncer le décès de ma cousine Bahia Hocini dans les incendies à LNI en #Kabylie. Le reste de la famille a pu fuir mais elle est restée coincées dans les flammes. \nDepuis lundi, le cauchemar n'en finit plus. \n#MaKabylieBrule #SaveKabylie","created_at":"2021-08-12T10:31:09.000Z","public_metrics":{"retweet_count":42,"reply_count":71,"like_count":192,"quote_count":2},"id":"1425766802810974215","lang":"fr"},{"author_id":"332310361","text":"Incendie en Kabylie. Le Maroc mobilise deux canadairs\n\nhttps://t.co/kAbspj0guP\n\n#Tebboune  #Algérie  #Maroc #Kabylie  #RoiMohammedVI #TiziOuzou","created_at":"2021-08-12T10:31:09.000Z","public_metrics":{"retweet_count":1,"reply_count":1,"like_count":5,"quote_count":1},"id":"1425766800684371969","lang":"fr"},{"author_id":"1617383198","text":"#Afrique - #Kabylie - #Algérie : \"Pr Abdelkrim Chelghoum. Membre du Club des risques majeurs : «Ce que nous vivons illustre l’absence totale d’une stratégie de prévention»\" https://t.co/FnerK5hSaQ","created_at":"2021-08-12T10:29:18.000Z","public_metrics":{"retweet_count":0,"reply_count":0,"like_count":0,"quote_count":0},"id":"1425766336718905346","lang":"fr"},{"author_id":"1617383198","text":"#Afrique - #Kabylie - #Algérie : \"Les feux de forêt, une menace pour tout le nord du pays\" https://t.co/TAytScBDs8","created_at":"2021-08-12T10:29:18.000Z","public_metrics":{"retweet_count":0,"reply_count":0,"like_count":0,"quote_count":0},"id":"1425766334911090689","lang":"fr"},{"author_id":"1617383198","text":"#Afrique - #Kabylie - #Algérie : \"Feux de forêt dans 17 wilayas : 69 décès déplorés et importants dégâts matériels\" https://t.co/1xjuL9VXRx","created_at":"2021-08-12T10:29:17.000Z","public_metrics":{"retweet_count":0,"reply_count":0,"like_count":0,"quote_count":0},"id":"1425766331593510915","lang":"fr"},{"author_id":"1617383198","text":"#Afrique - #Kabylie - #Algérie : \"La solidarité avec la Kabylie endeuillée s’organise à Biskra\" https://t.co/xd8oXNxOIB","created_at":"2021-08-12T10:29:16.000Z","public_metrics":{"retweet_count":0,"reply_count":0,"like_count":0,"quote_count":0},"id":"1425766325889101831","lang":"fr"},{"author_id":"1617383198","text":"#Afrique - #Kabylie - #Algérie : \"Intervention algéro-tunisienne sur la frontière\" https://t.co/Yu8sMxAGzz","created_at":"2021-08-12T10:29:15.000Z","public_metrics":{"retweet_count":0,"reply_count":0,"like_count":0,"quote_count":0},"id":"1425766321833365506","lang":"fr"},{"author_id":"1617383198","text":"#Afrique - #Kabylie - #Algérie : \"BMS alerte canicule : Plusieurs wilayas en zone orange\" https://t.co/ya4TnCimu4","created_at":"2021-08-12T10:29:14.000Z","public_metrics":{"retweet_count":0,"reply_count":0,"like_count":0,"quote_count":0},"id":"1425766317244702724","lang":"fr"},{"author_id":"1617383198","text":"#Afrique - #Kabylie - #Algérie : \"Qui veut brûler l’Algérie ?\" https://t.co/cIdSZNzNMQ","created_at":"2021-08-12T10:29:13.000Z","public_metrics":{"retweet_count":0,"reply_count":0,"like_count":0,"quote_count":0},"id":"1425766314149351428","lang":"fr"},{"author_id":"1617383198","text":"#Afrique - #Kabylie - #Algérie : \"Incendies de forêt : Sonelgaz a assuré la reprise de l’alimentation en électricité de 175 870 foyers\" https://t.co/MuMAFyELnn","created_at":"2021-08-12T10:29:12.000Z","public_metrics":{"retweet_count":0,"reply_count":0,"like_count":0,"quote_count":0},"id":"1425766311649501186","lang":"fr"},{"author_id":"1617383198","text":"#Afrique - #Kabylie - #Algérie : \"Le président de la République décrète un deuil national de trois jours\" https://t.co/JsdKNiDNj1","created_at":"2021-08-12T10:29:11.000Z","public_metrics":{"retweet_count":0,"reply_count":0,"like_count":0,"quote_count":0},"id":"1425766307648229376","lang":"fr"},{"author_id":"1617383198","text":"#Afrique - #Kabylie - #Algérie : \"Tunisie : Le président Saïed face au défi de la réforme de l’appareil de l’Etat \" https://t.co/5YPGWVfrNo","created_at":"2021-08-12T10:29:10.000Z","public_metrics":{"retweet_count":0,"reply_count":0,"like_count":0,"quote_count":0},"id":"1425766303378427904","lang":"fr"},{"author_id":"1287135786068975616","text":"GIVEAWAY: France only\nObtenez un nouveau scooter électrique maintenant! \nGet a new electric scooter now! join giveaway here:\nhttps://t.co/nBN65xweO0\n\n#jeudiphoto #CHEVIL #Kabylie #TheKissingBooth3 #touchepasamesgosses #Antilles #Shaqiri https://t.co/wZkeoS4sa7","attachments":{"media_keys":["3_1425765039835738117"]},"created_at":"2021-08-12T10:27:48.000Z","public_metrics":{"retweet_count":0,"reply_count":0,"like_count":0,"quote_count":0},"id":"1425765959256608771","lang":"fr"},{"author_id":"774602503124058112","text":"Situation chaotique à Toudja dans la ville de #Béjaia, Les feux sont entrain d'encercler les villageois de Tala Hiba (Toudja) #Kabylie https://t.co/zuHJTpuxaB","created_at":"2021-08-12T10:27:19.000Z","public_metrics":{"retweet_count":0,"reply_count":0,"like_count":1,"quote_count":0},"id":"1425765834962710529","lang":"fr"},{"author_id":"743789552972800000","text":"Les bénévoles à la salle des fêtes Boumaiza, Tamda, demandent au moins un carton de serviettes hygiéniques pour les femmes sinistrées qui sont sur place.\ncontact : 0540731240 Tinhinane Hadj\n#Kabylie #savedz","created_at":"2021-08-12T10:26:35.000Z","public_metrics":{"retweet_count":3,"reply_count":0,"like_count":4,"quote_count":0},"id":"1425765653785550848","lang":"fr"},{"author_id":"408596415","text":"Vous pouvez déposer vos dons à: Boulevard Krim Belkacem, Stade premier novembre, Cité 600 logements à côté INSIM, Parc Tamghra, Restaurant le 114 en face de la maison  d'arrêt de #Tizi_Ouzou (Petites quantités). #Kabyliebrule #Kabylie #Algerie #incendies","created_at":"2021-08-12T10:25:26.000Z","public_metrics":{"retweet_count":4,"reply_count":0,"like_count":2,"quote_count":0},"id":"1425765362092621829","lang":"fr"},{"author_id":"955479318980976641","text":"Donc au final le mec qu'ils ont TABASSER et BRÛLER vif était INNOCENT et était venu justement pour aider?? C'est n'importe quoi ‼️ cette situation emmène a faire le pire Allah y rahmo, mais pourquoi ils l'on arrêtés ??C'est trop louche #Kabylie #PrayForAlgeria #LaKabylieBrule","created_at":"2021-08-12T10:24:51.000Z","public_metrics":{"retweet_count":6,"reply_count":4,"like_count":19,"quote_count":0},"id":"1425765216923574276","lang":"fr"},{"author_id":"255533642","text":"@Videos2Riles Qui a un lien d’une organisation sérieuse proposant d’aider l’Algerie ? #Kabylie #Algerie","created_at":"2021-08-12T10:23:45.000Z","public_metrics":{"retweet_count":0,"reply_count":0,"like_count":0,"quote_count":0},"id":"1425764937801023493","lang":"fr"},{"author_id":"1323307833174183937","text":"@anwarmalek Le responsable? Ceux qui propagent la haine et nous promettent le chaos, islamistes terorristes et charlatans separatistes, refugies d'outre-mer apres leurs echecs a #Algerie, porteront sur le dos, la mort de ces citoyens et militaires tombes a #Kabylie et ailleurs. Honte a vous.","created_at":"2021-08-12T10:19:12.000Z","public_metrics":{"retweet_count":0,"reply_count":0,"like_count":0,"quote_count":0},"id":"1425763794677022722","lang":"fr"},{"author_id":"1377887749311762435","text":"#Tiziouzou #Algerie #Kabylie la route vers tizi est ouverte le plus normalement du monde","created_at":"2021-08-12T10:19:06.000Z","public_metrics":{"retweet_count":1,"reply_count":0,"like_count":1,"quote_count":0},"id":"1425763769414832135","lang":"fr"},{"author_id":"1377887749311762435","text":"\uD83D\uDFE5VOS MESSAGES\uD83D\uDFE5 - SOS URGENT - Appel au secours : Les jeunes de la localité des Ouadhias, allez à Ighil Imoula SVP. Les citoyens de Ait-el Kaid sont deja en route. \nLa population est désemparée  Ils demandent de l'aide pour éteindre le feu et de l'eau minerale #Kabylie #Algerie","created_at":"2021-08-12T10:17:52.000Z","public_metrics":{"retweet_count":3,"reply_count":1,"like_count":2,"quote_count":0},"id":"1425763458600079361","lang":"fr"},{"author_id":"723085926","text":"Le meurtre de #Djamel_Bensmail (R.I.P) par une foule en délire à #Larbaâ_Nath_Irathen relève de la bêtise humaine. RIEN ne peut justifier cette atrocité. \nLa #Kabylie est une terre de tolérance et nous ne pourrons accepter que des criminels de la sorte la souillent.\n#kabyliebrule","created_at":"2021-08-12T10:13:50.000Z","public_metrics":{"retweet_count":3,"reply_count":1,"like_count":12,"quote_count":0},"id":"1425762443930841088","lang":"fr"},{"author_id":"1251860360702971904","text":"SAVE TOUDJA !! \uD83D\uDEA8\uD83D\uDEA8\uD83D\uDEA8\n#Toudja #Kabylie #Bejaia","created_at":"2021-08-12T10:10:51.000Z","public_metrics":{"retweet_count":3,"reply_count":0,"like_count":7,"quote_count":1},"id":"1425761691233619974","lang":"ht"},{"author_id":"111233728","text":"Soutien au peuple algérien et aux familles endeuillées \uD83D\uDE4F #incendies #AlgeriaIsBurning #Kabylie https://t.co/wTzRamQfzb","created_at":"2021-08-12T10:07:11.000Z","public_metrics":{"retweet_count":0,"reply_count":0,"like_count":1,"quote_count":0},"id":"1425760769615015942","lang":"fr"},{"author_id":"1105425072729346048","text":"About the Truth #Kabylie #Algerie https://t.co/9zf01z4sia","created_at":"2021-08-12T10:07:06.000Z","public_metrics":{"retweet_count":0,"reply_count":0,"like_count":0,"quote_count":0},"id":"1425760747687141381","lang":"en"},{"author_id":"1357815849697087494","text":"#Kabylie  #kabyliebrule https://t.co/WUJStZZ70K","created_at":"2021-08-12T10:01:58.000Z","public_metrics":{"retweet_count":0,"reply_count":0,"like_count":1,"quote_count":0},"id":"1425759454969188353","lang":"und"},{"author_id":"1079299127857635329","text":"Suite aux grands incendies qui ont ravagé de nombreux Wilayas du pays, Nous présentons nos chaleureuses condoléances aux familles des victimes et des martyrs de la patrie, ainsi que notre solidarité avec les habitants des zones touchées \uD83E\uDD1D\n\n#Icosnet #solidarité #Algérie #kabylie https://t.co/fRHl5mqlBU","attachments":{"media_keys":["3_1425755998522912770"]},"created_at":"2021-08-12T10:01:27.000Z","public_metrics":{"retweet_count":0,"reply_count":0,"like_count":0,"quote_count":0},"id":"1425759328380899331","lang":"fr"},{"author_id":"1256334133330153473","text":"Chaoui hor \uD83C\uDDE9\uD83C\uDDFF\uD83C\uDDE9\uD83C\uDDFF tous unis !! Le peuple  !! #algerie #chaoui #lesaures  #Kabylie #arabe #dz ☝\uD83C\uDFFC\uD83C\uDDE9\uD83C\uDDFF https://t.co/HOCf1BE8gO","created_at":"2021-08-12T10:01:26.000Z","public_metrics":{"retweet_count":0,"reply_count":0,"like_count":2,"quote_count":0},"id":"1425759323339243521","lang":"fr"},{"author_id":"1251860360702971904","text":"\uD83D\uDD34 #URGENT Les habitants de Bohathem, Tala Heiba et Achloof de #Toudja sont encerclés par le feu, au point que les camions de la protection civile n'ont pas pu passer au village de Bohathem\n#savedz #PrayForAlgeria #Bejaia #Kabylie #kabyliebrule","created_at":"2021-08-12T10:00:38.000Z","public_metrics":{"retweet_count":30,"reply_count":1,"like_count":26,"quote_count":1},"id":"1425759123027767296","lang":"fr"},{"author_id":"3395276595","text":"Deadly wildfires raging across the #Kabylie region in #Algeria has lead to a death toll to at least 69 as firefighters, soldiers and civilian volunteers battled blazes in forests across northern Algeria. Read more: https://t.co/2mY1lGoZEe\n\nSource: AFP https://t.co/xqa5t3ZKvZ","attachments":{"media_keys":["13_1425746730218307584"]},"created_at":"2021-08-12T10:00:01.000Z","public_metrics":{"retweet_count":0,"reply_count":0,"like_count":1,"quote_count":0},"id":"1425758964571049985","lang":"en"},{"author_id":"11752512","text":"@PierrickLeurent L’#Algérie \uD83C\uDDE9\uD83C\uDDFF entame un #deuilnational de trois jours. \n\nLes #incendies qui font rage en #Kabylie ont tué au moins 69 personnes ⤵️\n\n#AlgeriaIsBurning https://t.co/uqzGRar1JT","attachments":{"media_keys":["7_1425752983782973444"]},"created_at":"2021-08-12T09:59:51.000Z","public_metrics":{"retweet_count":0,"reply_count":0,"like_count":0,"quote_count":0},"id":"1425758923513081856","lang":"fr"},{"author_id":"1003676874176978946","text":"#kabyliebrule #Kabylie #Tiziouzou \nSoutien à la Kabylie sous les flammes. \nQue peut-on faire pour aider la Kabylie et l'Algérie face à cette terrible épreuve ?","created_at":"2021-08-12T09:58:55.000Z","public_metrics":{"retweet_count":2,"reply_count":1,"like_count":4,"quote_count":0},"id":"1425758690896982017","lang":"fr"},{"author_id":"2743964140","text":"#kabyliebrule \n#Kabylie \n#PrayForAlgeria \n#Algerie \n#AlgeriaIsBurning \n#Algeria https://t.co/qF7z93SY6a","created_at":"2021-08-12T09:57:06.000Z","public_metrics":{"retweet_count":0,"reply_count":0,"like_count":1,"quote_count":0},"id":"1425758231360679936","lang":"und"},{"author_id":"25048816","text":"@PierrickLeurent L’#Algérie \uD83C\uDDE9\uD83C\uDDFF entame un #deuilnational de trois jours. \n\nLes #incendies qui font rage en #Kabylie ont tué au moins 69 personnes ⤵️\n\n#AlgeriaIsBurning https://t.co/MjI7tlXHcT","attachments":{"media_keys":["7_1425752983782973444"]},"created_at":"2021-08-12T09:57:00.000Z","public_metrics":{"retweet_count":29,"reply_count":3,"like_count":66,"quote_count":2},"id":"1425758205867560962","lang":"fr"},{"author_id":"1425747709735194624","text":"@hugoclement #couloirvertsanitaire #urgencekabylie #algerie #sauvons_la_kabylie #incendies #prayforalgeria #kabyliebrule #Kabylie \nHugo, svp, partagez cette urgence pour une aide internationale ! le gourvernement ne fait rien.","created_at":"2021-08-12T09:56:52.000Z","public_metrics":{"retweet_count":0,"reply_count":0,"like_count":0,"quote_count":0},"id":"1425758174213296129","lang":"fr"},{"author_id":"1278721792765378561","text":"The government has deployed the army to help fight the fires, which have burned most fiercely in the mountainous #Kabylie region, and 28 of the dead are soldiers, with another 12 critically injured with burns.\n\n#Algeria\n#AlgeriaIsBurning\n#AlgeriaWildfires","created_at":"2021-08-12T09:56:31.000Z","public_metrics":{"retweet_count":0,"reply_count":0,"like_count":0,"quote_count":0},"id":"1425758086619271169","lang":"en"},{"author_id":"1318149830229790722","text":"Allah y rahmhom \uD83D\uDE1E \n#AlgeriaIsBurning #kabyliebrule #Kabylie #Algerie https://t.co/iX977v2MtZ","attachments":{"media_keys":["3_1425758079103246337"]},"created_at":"2021-08-12T09:56:31.000Z","public_metrics":{"retweet_count":0,"reply_count":0,"like_count":0,"quote_count":0},"id":"1425758084014780420","lang":"et"},{"author_id":"743789552972800000","text":"Repose en paix l'artiste !\nQue justice soit faite.\n#Kabylie #Tizi_Ouzou https://t.co/Rpgl9dQfuW","attachments":{"media_keys":["7_1425756550883430402"]},"created_at":"2021-08-12T09:52:42.000Z","public_metrics":{"retweet_count":44,"reply_count":13,"like_count":203,"quote_count":8},"id":"1425757123879718916","lang":"fr"},{"author_id":"1010998194","text":"\uD83D\uDD25\uD83C\uDDE9\uD83C\uDDFF | Les incendies ravagent toujours le nord de l’#Algérie, des feux par dizaines contre lesquels pompiers, militaires et volontaires tentent désespérément de lutter. \n\nCes feux ont débuté lundi soir en #Kabylie, notamment dans la région de #tiziouzou\n\n\uD83D\uDCF8 AFP https://t.co/ckTq9b6f9h","attachments":{"media_keys":["3_1425756558307299330","3_1425756558391234564","3_1425756558378643459"]},"created_at":"2021-08-12T09:50:45.000Z","public_metrics":{"retweet_count":8,"reply_count":0,"like_count":26,"quote_count":1},"id":"1425756633368600577","lang":"fr"},{"author_id":"1034226650832138241","text":"Il est révolu,le temps où nos parents avaient peur pour nous en exil. Dorénavant, c’est nous qui avons peur pour eux #communexil #kabyliebrule #kabylie","created_at":"2021-08-12T09:50:43.000Z","public_metrics":{"retweet_count":0,"reply_count":0,"like_count":1,"quote_count":0},"id":"1425756626171072515","lang":"fr"},{"author_id":"1353301632218505226","text":"Jusqu'au jour où une enquête démontrera peut-être que ce n'est pas le réchauffement climatique mais le fait de pyromanes écervelés ? #Kabylie https://t.co/D5QNK7wjhk","created_at":"2021-08-12T09:49:44.000Z","public_metrics":{"retweet_count":0,"reply_count":0,"like_count":1,"quote_count":0},"id":"1425756378392584201","lang":"fr"},{"author_id":"938751285561647104","text":"70 départs de feu quasi-simultanés dans 13 régions différentes en  #Kabylie au nord de l'Algérie, Kabylie où l'axe  #USIsraël a tenté pas plus tard qu'il y deux semaines une nouvelle provocation, en la présentant comme étant un État indépendant sur une carte manipulée algérienne. https://t.co/dvqdetXtyE","attachments":{"media_keys":["7_1425754611072356356"]},"created_at":"2021-08-12T09:49:34.000Z","public_metrics":{"retweet_count":2,"reply_count":1,"like_count":3,"quote_count":0},"id":"1425756334641844225","lang":"fr"},{"author_id":"1232720373579423746","text":"@HerminePatriote @franceinfo Les kabyles sont des gens respectueux, ne faites pas la différence avec les racailles des cités, j'ai été a Béjaïa en 2018 et accueilli comme un prince, c'est ds montagnard des gens avec des valeurs #kabylie ❤️❤️❤️","created_at":"2021-08-12T09:48:29.000Z","public_metrics":{"retweet_count":0,"reply_count":0,"like_count":0,"quote_count":0},"id":"1425756063249354752","lang":"fr"},{"author_id":"15715139","text":"Quelqu'un a des nouvelles de #djaaboub? \nLa #France annonce aider #Algerie pour les incendies en #Kabylie. https://t.co/B5hUutETv6","attachments":{"media_keys":["3_1425755815999385603"]},"created_at":"2021-08-12T09:47:30.000Z","public_metrics":{"retweet_count":0,"reply_count":1,"like_count":1,"quote_count":0},"id":"1425755818037817351","lang":"fr"},{"author_id":"1386017379348582403","text":"Quelqu’un sait si y a des collectes à Toulouse pour venir en aide à Tizi-Ouzou ? ‼️ #Algeria #Kabylie","created_at":"2021-08-12T09:45:19.000Z","public_metrics":{"retweet_count":8,"reply_count":2,"like_count":2,"quote_count":0},"id":"1425755266310672384","lang":"fr"},{"author_id":"4475098421","text":"La #Kabylie natale de mes grands parents brûle et ça me fend le cœur... J'espère qu'ils ne suivent plus les infos actuellement et qu'ils s'épargnent ces tristes nouvelles... Si je peux faire quelque chose à mon échelle pour aider, dites moi","created_at":"2021-08-12T09:44:27.000Z","public_metrics":{"retweet_count":0,"reply_count":0,"like_count":0,"quote_count":0},"id":"1425755049964232708","lang":"fr"},{"author_id":"100496102","text":"La #Kabylie vit un cauchemar  #incendies  #Tiziouzou #climat #rechauffementclimatique #Algérie https://t.co/tSdpFbgD1H","created_at":"2021-08-12T09:43:45.000Z","public_metrics":{"retweet_count":0,"reply_count":0,"like_count":0,"quote_count":0},"id":"1425754871484006400","lang":"fr"},{"author_id":"1386601788","text":"Question: vous assistez à un lynchage public,  que faites vous ?  Quelle est votre réaction ? \n#الجزاير_تحترق\n#AlgeriaIsBurning \n#Algerie #Kabylie","created_at":"2021-08-12T09:39:20.000Z","public_metrics":{"retweet_count":0,"reply_count":1,"like_count":3,"quote_count":0},"id":"1425753759112699908","lang":"fr"},{"author_id":"1390374906341347329","text":"Ô Seigneur ! Abreuve-nous d’une pluie abondante, saine et salvatrice, bénéfique et non nuisible, proche et non tardive.\n\nاللَّهُمَّ أَسْقِنَا غَيْثاً مُغِيثاً مَرِيئاً مَرِيعاً، نَافِعاً، غَيْرَ ضَارٍّ، عَاجِلاً غَيْرَ آجِلٍ\n\n#Algerie #kabyliebrule #Kabylie #AlgeriaIsBurning","created_at":"2021-08-12T09:35:53.000Z","public_metrics":{"retweet_count":2,"reply_count":0,"like_count":1,"quote_count":0},"id":"1425752894201077760","lang":"und"},{"author_id":"17214347","text":"#incendies en #Kabylie. Le devoir d'#ingérence étrangères doit entrer en action quelque soit l'avis de l'état #algérien.","created_at":"2021-08-12T09:34:42.000Z","public_metrics":{"retweet_count":0,"reply_count":0,"like_count":0,"quote_count":0},"id":"1425752593276547075","lang":"fr"},{"author_id":"1221514850922323968","text":"Appels aux dons !! PARTAGEZ AUTOUR DE VOUS POUR CELLES ET CEUX QUI VEULENT/PEUVENT AIDER / 75018 / 94 \uD83E\uDD32\uD83C\uDFFC\uD83C\uDDE9\uD83C\uDDFF\uD83D\uDC94♓️ #AlgeriaIsBurning #Algeriaburning #HelpAlgeria #kabyliebrule #TiziOuzou ##TiziOuzouBrule #FiresInAlgeria #AppelAuxDons #Kabylie #Algerie #HelpKabylie #HelpAlgeria https://t.co/wlrVyhRmbO","attachments":{"media_keys":["3_1425752149481463810","3_1425752149452103684","3_1425752149443624962","3_1425752149468798976"]},"created_at":"2021-08-12T09:32:57.000Z","public_metrics":{"retweet_count":3,"reply_count":0,"like_count":3,"quote_count":1},"id":"1425752156288819200","lang":"fr"},{"author_id":"1617383198","text":"#Afrique - #Kabylie - #Algérie : \"Khaled Foudil. Président de l’association Oxy-jeunes Darguina : «Lutter contre ces incendies dévastateurs est l’affaire de tous»\" https://t.co/4SrbWYvjcp","created_at":"2021-08-12T09:29:57.000Z","public_metrics":{"retweet_count":0,"reply_count":0,"like_count":0,"quote_count":0},"id":"1425751397908328449","lang":"fr"},{"author_id":"1617383198","text":"#Afrique - #Kabylie - #Algérie : \"Les prix du pétrole sous pression : Les Etats-Unis appellent l’OPEP à augmenter sa production\" https://t.co/BSVORdj4Xo","created_at":"2021-08-12T09:29:56.000Z","public_metrics":{"retweet_count":0,"reply_count":0,"like_count":0,"quote_count":0},"id":"1425751393592352770","lang":"fr"},{"author_id":"1617383198","text":"#Afrique - #Kabylie - #Algérie : \"Retour du débat sur le passage du gazoduc ouest par le Maroc\" https://t.co/JmYYEwHZAx","created_at":"2021-08-12T09:29:54.000Z","public_metrics":{"retweet_count":0,"reply_count":0,"like_count":0,"quote_count":0},"id":"1425751387829424130","lang":"fr"},{"author_id":"1617383198","text":"#Afrique - #Kabylie - #Algérie : \"Coupe de la Ligue (consécration de la JS Kabylie) : Un titre dans la douleur\" https://t.co/d8HMznBRkN","created_at":"2021-08-12T09:29:53.000Z","public_metrics":{"retweet_count":0,"reply_count":0,"like_count":0,"quote_count":0},"id":"1425751382099902467","lang":"fr"},{"author_id":"1617383198","text":"#Afrique - #Kabylie - #Algérie : \"MC Oran : Brouillard en plein été chez les Hamraoua\" https://t.co/HBnaLD7pJh","created_at":"2021-08-12T09:29:51.000Z","public_metrics":{"retweet_count":0,"reply_count":0,"like_count":0,"quote_count":0},"id":"1425751374877372420","lang":"fr"},{"author_id":"1617383198","text":"#Afrique - #Kabylie - #Algérie : \"Imad Eddine Tibermacine. concepteur du «Flamingo» : Les drones pour lutter contre les feux de forêt\" https://t.co/fQjUsLQO5e","created_at":"2021-08-12T09:29:50.000Z","public_metrics":{"retweet_count":0,"reply_count":0,"like_count":0,"quote_count":0},"id":"1425751370964127747","lang":"fr"},{"author_id":"1617383198","text":"#Afrique - #Kabylie - #Algérie : \"Un nouveau pôle à l’est du pays\" https://t.co/ncTuSIjGC6","created_at":"2021-08-12T09:29:49.000Z","public_metrics":{"retweet_count":0,"reply_count":0,"like_count":0,"quote_count":0},"id":"1425751367809970185","lang":"fr"},{"author_id":"1617383198","text":"#Afrique - #Kabylie - #Algérie : \"Tirage au sort demain au Caire\" https://t.co/Au7oqbgP82","created_at":"2021-08-12T09:29:49.000Z","public_metrics":{"retweet_count":0,"reply_count":0,"like_count":0,"quote_count":0},"id":"1425751364450361345","lang":"fr"},{"author_id":"1617383198","text":"#Afrique - #Kabylie - #Algérie : \"«La plus grande opération de reboisement du pays» bientôt lancée à Khenchela\" https://t.co/I4ZeUE0OgW","created_at":"2021-08-12T09:29:48.000Z","public_metrics":{"retweet_count":0,"reply_count":0,"like_count":0,"quote_count":0},"id":"1425751361170313217","lang":"fr"},{"author_id":"1617383198","text":"#Afrique - #Kabylie - #Algérie : \"L’Algérie aura deux représentants\" https://t.co/2vgOleRiw5","created_at":"2021-08-12T09:29:47.000Z","public_metrics":{"retweet_count":0,"reply_count":0,"like_count":0,"quote_count":0},"id":"1425751357097656320","lang":"fr"},{"author_id":"1227019398","text":"#Kabylie #Algerie #kabyliebrule #Tiziouzou\nAu premier signe d'un feu, partagez une alerte, des photos avec l'app @signalert en arabe pour intervenir au plus vite. Visualisez la situation autour de vous sur l'app ou WORLDIMPACT https://t.co/pE0GAISKfT https://t.co/rAkColGRyj https://t.co/LXshmzg75d","attachments":{"media_keys":["3_1425749168258224132"]},"created_at":"2021-08-12T09:28:54.000Z","public_metrics":{"retweet_count":0,"reply_count":0,"like_count":0,"quote_count":0},"id":"1425751135407726595","lang":"fr"},{"author_id":"17214347","text":"Incendies en #Kabylie. L'aide humanitaire est considérée comme une ingérence par le c gouvernement d'#Algérie.","created_at":"2021-08-12T09:27:27.000Z","public_metrics":{"retweet_count":0,"reply_count":0,"like_count":0,"quote_count":0},"id":"1425750771140861960","lang":"fr"},{"author_id":"1062802978749464577","text":"@ElkadiIhsane Je suis très TRIIISTE, en COLÈRE &amp; DÉÇUE Monsieur ELKADI.. \uD83D\uDE20\uD83D\uDE2D\n\nAprès que l'#Algérie ENTIÈRE était mobilisée pour sauver la #kabylie, après cet énorme ÉLAN de SOLIDARIT.. Ce groupe que je qualifie de BARBARES vient tout gâcher..\nLes mots ne suffisent pas pour DÉNONCER cet acte","created_at":"2021-08-12T09:19:28.000Z","public_metrics":{"retweet_count":0,"reply_count":1,"like_count":10,"quote_count":0},"id":"1425748759577833480","lang":"fr"},{"author_id":"1256198895056674816","text":"Je ne suis personne mais J’en appelle au sens de la responsabilité de tous ! \n\nLa colère, la détresse, le désespoir… ne donnent pas tous les droits.\n\nCe brave homme ne demandait qu’à aider ses semblables dans la détresse. Paix à son âme\uD83D\uDC94\n#Kabylie #Algerie","created_at":"2021-08-12T09:17:30.000Z","public_metrics":{"retweet_count":6,"reply_count":2,"like_count":28,"quote_count":0},"id":"1425748265685950465","lang":"fr"},{"author_id":"1323307833174183937","text":"@FerhatMhenni @Akli_At_Yahya Ceux qui propagent la haine et nous promettent le chaos, islamistes terorristes et charlatans separatistes, refugies d'outre-mer apres leurs echecs a #Algerie, porteront sur le dos, la mort de ces citoyens et militaires tombes a #Kabylie et ailleurs. Honte a vous.","created_at":"2021-08-12T09:15:55.000Z","public_metrics":{"retweet_count":0,"reply_count":0,"like_count":1,"quote_count":0},"id":"1425747866337910784","lang":"fr"},{"author_id":"1323307833174183937","text":"@FerhatMhenni Ceux qui propagent la haine et nous promettent le chaos, islamistes terorristes et charlatans separatistes, refugies d'outre-mer apres leurs echecs a #Algerie, porteront sur le dos, la mort de ces citoyens et militaires tombes a #Kabylie et ailleurs. Honte a vous.","created_at":"2021-08-12T09:12:54.000Z","public_metrics":{"retweet_count":0,"reply_count":0,"like_count":5,"quote_count":0},"id":"1425747110180306944","lang":"fr"},{"author_id":"178804106","text":"تصريحات والد الشهيد جمال بن اسماعيل\nالمغدور أمس بتيزي وزو بعد ضرب وإحراق الشاب\nلاتهامه زورا وبهتان بالتورط في إشعال الحرائق\nفي مدينة الأربعاء ناث ايراثن بمنطقة القبائل تيزي وزو\nhttps://t.co/CYtEbD6FPX\n#الجزاير_تحترق\n#الجزايٴر_تستغيث\n#Kabylie\n#PrayForAlgeria\n#Tizi_Ouzou","created_at":"2021-08-12T09:08:53.000Z","public_metrics":{"retweet_count":0,"reply_count":0,"like_count":1,"quote_count":0},"id":"1425746096396161025","lang":"ar"},{"author_id":"1328702478","text":"La #Kabylie brûle, et ce n’est pas une métaphore via @Mediapart https://t.co/SHG9DqykXe","created_at":"2021-08-12T09:05:41.000Z","public_metrics":{"retweet_count":1,"reply_count":0,"like_count":2,"quote_count":0},"id":"1425745291878223872","lang":"fr"},{"author_id":"1317578269336784898","text":"Message d’appel à la solidarité : avec le hashtag #Kabylie vous pourrez constaté que cette région d’Algérie (ma patrie natale) fait face à des incendies hors du commun, des villages sont entourés par les flammes, déjà pas mal de morts, c’est un désastre \uD83D\uDC47","created_at":"2021-08-12T09:03:39.000Z","public_metrics":{"retweet_count":7,"reply_count":1,"like_count":0,"quote_count":1},"id":"1425744782681419780","lang":"fr"},{"author_id":"426433936","text":"@isabelle_denuit @ju_tfra @benoithamon #Kabylie \n\nNous ne sommes pas loin de tenir le con du jour, mais il y a une forte concurence! https://t.co/WAJ2ARjmfL","attachments":{"media_keys":["3_1425744091619397633"]},"created_at":"2021-08-12T09:01:59.000Z","public_metrics":{"retweet_count":0,"reply_count":1,"like_count":0,"quote_count":0},"id":"1425744362131107841","lang":"fr"},{"author_id":"297521198","text":"J'ai appris ce matin via une amie Algérienne qu'il y avait des feux en #Kabylie..\n\nJ'ai même pas vu passer l'info nul part, en revanche, dans les médias classiques/réseaux, les tweets sur Messi et/ou Fonseca, ça défile pas de soucis la dessus !\n\n\uD83D\uDE4F #PrayForAlgeria #PrayForKabylia","created_at":"2021-08-12T09:00:49.000Z","public_metrics":{"retweet_count":0,"reply_count":3,"like_count":3,"quote_count":0},"id":"1425744069154811905","lang":"fr"},{"author_id":"1380202225201508355","text":"La #Kabylie brûle nos cœurs brûlent avec.\n\n#genocide_en_kabylie https://t.co/hLV6TyN8gS","attachments":{"media_keys":["3_1425743977760894977","3_1425743979874865152","3_1425743982458548225"]},"created_at":"2021-08-12T09:00:29.000Z","public_metrics":{"retweet_count":0,"reply_count":0,"like_count":1,"quote_count":0},"id":"1425743984442421256","lang":"fr"},{"author_id":"1728472189","text":"Réponse à un oncle en Algérie via ma page FB sur ce qui se passe là-bas #Algerie #Kabylie #Incendies  https://t.co/A8xXQkppSp","created_at":"2021-08-12T08:59:40.000Z","public_metrics":{"retweet_count":0,"reply_count":0,"like_count":0,"quote_count":0},"id":"1425743779110211586","lang":"fr"},{"author_id":"1195243342495461377","text":"#algérie #kabylie \n\nIl va falloir que l'Etat algérien achète au moins une trentaines de canadairs rapidement.\n\nhttps://t.co/tFeg3NYv36","created_at":"2021-08-12T08:59:20.000Z","public_metrics":{"retweet_count":0,"reply_count":0,"like_count":0,"quote_count":0},"id":"1425743693206769667","lang":"fr"},{"author_id":"2882571076","text":"Boulevard Krim Belkacem. Tizi Ouzou. \n\nDes bénévoles récupèrent les dons en provenance de différentes régions d’Algérie pour les acheminer vers les villages sinistrés et les lieux qui accueillent les victimes des incendies. \n\n #Algerie #Kabylie https://t.co/JqFPaEiKdb","attachments":{"media_keys":["7_1425743563120431105"]},"created_at":"2021-08-12T08:59:01.000Z","public_metrics":{"retweet_count":98,"reply_count":2,"like_count":168,"quote_count":7},"id":"1425743615670771717","lang":"fr"},{"author_id":"1408408257455087616","text":"#SaveAlgeria #kabyliebrule #Kabylie https://t.co/YHzzaTRijx","attachments":{"media_keys":["7_1425742007864070145"]},"created_at":"2021-08-12T08:53:08.000Z","public_metrics":{"retweet_count":0,"reply_count":0,"like_count":1,"quote_count":0},"id":"1425742134401978369","lang":"und"},{"author_id":"1393197498504818689","text":"La #France devrait aider l'#Algerie !\nFaire un pont aerien avec les canadairs. Mais au lieu de voyager à vide depuis le Sud vers la #Kabylie, ramener une partie des 1.8 millions qui sont la...\n...Pour sauver car la #kabyliebrule","created_at":"2021-08-12T08:52:46.000Z","public_metrics":{"retweet_count":0,"reply_count":0,"like_count":0,"quote_count":0},"id":"1425742043041644547","lang":"fr"},{"author_id":"1318929493302648835","text":"un mig ou un sukhoi vaut combien de canadair ? #Kabylie","created_at":"2021-08-12T08:52:08.000Z","public_metrics":{"retweet_count":0,"reply_count":0,"like_count":0,"quote_count":0},"id":"1425741881825181698","lang":"fr"},{"author_id":"1425155742169018371","text":"Honte à vous. \n#savekabylie #SaveAlgeria #HelpAlgeria #Kabylie #kabyliebrule https://t.co/mvvAFO4NcQ","attachments":{"media_keys":["7_1425740904221052929"]},"created_at":"2021-08-12T08:48:31.000Z","public_metrics":{"retweet_count":0,"reply_count":0,"like_count":0,"quote_count":0},"id":"1425740974546948098","lang":"fr"},{"author_id":"4030991","text":"Après la #Grèce, la #Turquie, la #Sibérie, l'#Italie, la #Californie, la #Kabylie brûle, frappée de plein fouet par la sécheresse et la canicule qui touchent l'#Algérie depuis quelques jours. \uD83D\uDD25 Soutien aux victimes de ces terribles incendies. \uD83D\uDE4F \nhttps://t.co/3QTqC3qPUA","created_at":"2021-08-12T08:47:30.000Z","public_metrics":{"retweet_count":2,"reply_count":1,"like_count":1,"quote_count":0},"id":"1425740716035215364","lang":"fr"},{"author_id":"1340386516661628929","text":"ربما من أعقل ما قرأت :\nاللي سرى سرى و ما نقدروش نرجعوا للوراء، لازم نتقدموا (بكل معاني الكلمة) اليد في اليد للأمام.\n\nOn ne peut pas revenir en arrière sur ce qui est arrivé mais on peut avancer ensemble.\n\n#الجزائر #تيزي_وزو #Algeria #Algérie #kabylie #Tizi_Ouzou #TiziOuzou https://t.co/Ypaw3hLXOb","created_at":"2021-08-12T08:47:06.000Z","public_metrics":{"retweet_count":1,"reply_count":0,"like_count":1,"quote_count":0},"id":"1425740617167089667","lang":"und"},{"author_id":"4898551029","text":"\uD83D\uDE2D\uD83D\uDC94Quelle catastrophe ! Je suis triste de voir la nouvelle qu'au moins 69 personnes ont perdu la vie dans les #incendies qui ravagent le nord de l'#Algérie ! Que Dieu vous protègent, mes amis algériens ! \uD83D\uDE4F#Kabylie https://t.co/yXNDsO9ncY","attachments":{"media_keys":["3_1425740058846507010","3_1425740058817138691","3_1425740058842251265"]},"created_at":"2021-08-12T08:44:58.000Z","public_metrics":{"retweet_count":6,"reply_count":2,"like_count":15,"quote_count":0},"id":"1425740079851573248","lang":"fr"},{"author_id":"930117857312198657","text":"#Conte \"Princesse Nelya et le temps\" enfin disponible sur @AmazonFrance https://t.co/P5VwwKT6r9\nAuteur : @SynaAwel - Illustratrice : Emilie Camatte\n#berbere #kabylie #enfant #jeunesse #philosophie https://t.co/3KM0NI5qv1","attachments":{"media_keys":["3_1425739797021274115"]},"created_at":"2021-08-12T08:44:04.000Z","public_metrics":{"retweet_count":0,"reply_count":0,"like_count":0,"quote_count":0},"id":"1425739854487379969","lang":"fr"},{"author_id":"1226852100631601153","text":"#Kabylie https://t.co/qN1DEBQaK0","created_at":"2021-08-12T08:43:44.000Z","public_metrics":{"retweet_count":0,"reply_count":0,"like_count":0,"quote_count":0},"id":"1425739770525794309","lang":"und"},{"author_id":"875490776","text":"Si y a des psychologues ou si vous en connaissez svp!!! #savedz #Algerie #AlgeriaIsBurning #Kabylie #Tiziouzou #Bejaia https://t.co/n1Nu0uksc1","created_at":"2021-08-12T08:42:52.000Z","public_metrics":{"retweet_count":17,"reply_count":0,"like_count":15,"quote_count":0},"id":"1425739548861009920","lang":"fr"},{"author_id":"2325505801","text":"Après la France qui envoie deux canadair en #Algérie, le #Maroc propose à son voisin deux avions pour aider à combattre les feux qui ravagent le nord du pays, notamment en #Kabylie. Solidarité.","created_at":"2021-08-12T08:37:43.000Z","public_metrics":{"retweet_count":0,"reply_count":2,"like_count":2,"quote_count":0},"id":"1425738255228678145","lang":"fr"},{"author_id":"3195086894","text":"Ma revue de presse Afrique sur @RFIAfrique : \nla Kabylie s’embrase !\nhttps://t.co/Q6MfKKZWPU via @RFI \n#Kabylie #Algerie #kabyliebrule  #incendies","created_at":"2021-08-12T08:33:33.000Z","public_metrics":{"retweet_count":6,"reply_count":0,"like_count":11,"quote_count":0},"id":"1425737207072034818","lang":"fr"},{"author_id":"867387494299561986","text":"Images effroyables et choquée en apprenant hier que le gvt algérien n’avait jamais investi ds un seul Canadair, au moins après la Grèce et l’Italie ns allons également aider la Kabylie abandonnée par son gvt…#Kabylie #Algerie #Canadairs #incendie #PrayForkabylie #PrayForAlgeria https://t.co/TiL8tbDStd","created_at":"2021-08-12T08:32:28.000Z","public_metrics":{"retweet_count":0,"reply_count":0,"like_count":3,"quote_count":0},"id":"1425736934333243392","lang":"fr"},{"author_id":"381031307","text":"Pourquoi l'etat ne répond pas aux propositions d'aides d'autres pays ? #kabylie","created_at":"2021-08-12T08:31:24.000Z","public_metrics":{"retweet_count":0,"reply_count":0,"like_count":0,"quote_count":0},"id":"1425736664710852608","lang":"fr"},{"author_id":"540275074","text":"L'Algerie acceptera l'aide de tout les pays sauf le #maroc et #israel qui cherchent sa destruction\n#Kabylie #FeuxDeForêt #Algerie","created_at":"2021-08-12T08:31:09.000Z","public_metrics":{"retweet_count":1,"reply_count":1,"like_count":0,"quote_count":0},"id":"1425736600793780226","lang":"fr"},{"author_id":"2938255713","text":"تتمة الفيديو \nيقول ابن عنه انه لا يملك سيارة وبحياته ما ساق ولا عنده رخصة سياقة\n#الجزائر_تحترق #PrayForAlgeria #PrayForkabylie #Kabylie #تيزي_وزو https://t.co/BOn0C82Rb3","attachments":{"media_keys":["7_1425736425698467840"]},"created_at":"2021-08-12T08:30:53.000Z","public_metrics":{"retweet_count":1,"reply_count":0,"like_count":1,"quote_count":0},"id":"1425736536117624835","lang":"ar"},{"author_id":"743789552972800000","text":"Par respect à la victime, à sa famille, à ses amis et à la dignité humaine, cessez de partager la vidéo du jeune artiste et que justice soit faite contre les coupables qui ont commis ce meurtre abject, et ceux  qui n'ont pas porté assistance à ce jeune homme.\n#Kabylie #Tizi_Ouzou https://t.co/lyx3z6AIrT","attachments":{"media_keys":["3_1425736298510303234"]},"created_at":"2021-08-12T08:29:57.000Z","public_metrics":{"retweet_count":53,"reply_count":15,"like_count":162,"quote_count":2},"id":"1425736301261819905","lang":"fr"},{"author_id":"1016287835505221632","text":"Ils sont prisonniers des flammes en ce moment même !\n\n#DrameEnCours #Béjaia #Kabylie #SOS : Les gens sont encerclés de tout bord par le feu dans le villages de Tala Hiba (Toudja). \n\nL'évacuation est impossible ! \n\nIls appellent au secours les gens les plus proches.\n\nMon Dieu. https://t.co/cF7UwQjXhK","attachments":{"media_keys":["7_1425734808995520514"]},"created_at":"2021-08-12T08:24:12.000Z","public_metrics":{"retweet_count":48,"reply_count":5,"like_count":52,"quote_count":1},"id":"1425734854805688323","lang":"fr"},{"author_id":"397909802","text":"Sibérie, Grèce, #Kabylie... Les #FeuxDeForêt qui brûlent notre maison communes ne sont pas qu'un #ecocide  : ils sont un ethnocide. C'est non seulement suicidaire mais aussi injuste. https://t.co/3bZADrMgVX https://t.co/JSIM9lGYWJ","attachments":{"media_keys":["3_1425734589637701634"]},"created_at":"2021-08-12T08:23:10.000Z","public_metrics":{"retweet_count":1,"reply_count":0,"like_count":2,"quote_count":0},"id":"1425734592036757508","lang":"fr"},{"author_id":"993932753531035648","text":"Els nostres germans atrapats, ara amb els incendis. Tota la nostra solidaritat. \n#SosKabylie #Kabylie \uD83D\uDC94\uD83D\uDE22 https://t.co/6jYdDK8O2g","created_at":"2021-08-12T08:20:29.000Z","public_metrics":{"retweet_count":2,"reply_count":0,"like_count":3,"quote_count":0},"id":"1425733916057612289","lang":"ca"},{"author_id":"1416515039926931459","text":"قلبي مع #الجزائر الحبيبة و إخوتي الجزائريين في معاناتهم مع #الحرائق الضخمة الّتي يواجهونها .. رحم الله الضحايا \uD83D\uDE4F\uD83D\uDE4F هذه الحرائق عبر العالم درس لنا جميعا كي نستيقظ و نواجه خطر #تغير_المناخ الّذي يداهمنا .\n#algeria #algerie #kabylie #globalwarming #globalwarmingisreal #wildfires https://t.co/DgD10hxApx","attachments":{"media_keys":["3_1425733824101638147","3_1425733829151674373","3_1425733832385482761","3_1425733837053702150"]},"created_at":"2021-08-12T08:20:10.000Z","public_metrics":{"retweet_count":0,"reply_count":0,"like_count":1,"quote_count":0},"id":"1425733839406747650","lang":"ar"},{"author_id":"2273367694","text":"Je suis horrifiée par les feux criminels en #Kabylie #savekabylie","created_at":"2021-08-12T08:18:42.000Z","public_metrics":{"retweet_count":0,"reply_count":0,"like_count":0,"quote_count":0},"id":"1425733467288047618","lang":"fr"},{"author_id":"743789552972800000","text":"Que la justice soit faite pour le jeune artiste, mes condoléances à sa famille, aux gens de Meliana et tout les Algériens.\nQue les coupables soient jugés.\nRestons toujours unis et solidaire.\n#Kabylie #Tizi_Ouzou","created_at":"2021-08-12T08:18:26.000Z","public_metrics":{"retweet_count":3,"reply_count":3,"like_count":46,"quote_count":0},"id":"1425733402037215238","lang":"fr"}],"includes":{"media":[{"media_key":"3_1425765039835738117","type":"photo","url":"https://pbs.twimg.com/media/E8lVv-yUcAUH1Ej.png"},{"media_key":"3_1425755998522912770","type":"photo","url":"https://pbs.twimg.com/media/E8lNhtRXMAIx980.jpg"},{"media_key":"13_1425746730218307584","public_metrics":{"view_count":96},"type":"video"},{"media_key":"7_1425752983782973444","public_metrics":{"view_count":2594},"type":"video"},{"media_key":"3_1425758079103246337","type":"photo","url":"https://pbs.twimg.com/media/E8lPa0CXoAEjnbv.jpg"},{"media_key":"7_1425756550883430402","public_metrics":{"view_count":3940},"type":"video"},{"media_key":"3_1425756558307299330","type":"photo","url":"https://pbs.twimg.com/media/E8lOCSoXEAIVYoB.jpg"},{"media_key":"3_1425756558391234564","type":"photo","url":"https://pbs.twimg.com/media/E8lOCS8X0AQtweb.jpg"},{"media_key":"3_1425756558378643459","type":"photo","url":"https://pbs.twimg.com/media/E8lOCS5XsAMLTTc.jpg"},{"media_key":"7_1425754611072356356","public_metrics":{"view_count":33},"type":"video"},{"media_key":"3_1425755815999385603","type":"photo","url":"https://pbs.twimg.com/media/E8lNXFUXMAM5R-q.jpg"},{"media_key":"3_1425752149481463810","type":"photo","url":"https://pbs.twimg.com/media/E8lKBqeXoAIt-58.jpg"},{"media_key":"3_1425752149452103684","type":"photo","url":"https://pbs.twimg.com/media/E8lKBqXXoAQp7Z5.jpg"},{"media_key":"3_1425752149443624962","type":"photo","url":"https://pbs.twimg.com/media/E8lKBqVWQAIoIa4.jpg"},{"media_key":"3_1425752149468798976","type":"photo","url":"https://pbs.twimg.com/media/E8lKBqbWYAAfkhY.jpg"},{"media_key":"3_1425749168258224132","type":"photo","url":"https://pbs.twimg.com/media/E8lHUIjXEAQmmdN.png"},{"media_key":"3_1425744091619397633","type":"photo","url":"https://pbs.twimg.com/media/E8lCsomWEAE531o.png"},{"media_key":"3_1425743977760894977","type":"photo","url":"https://pbs.twimg.com/media/E8lCmAcXMAEJXSW.jpg"},{"media_key":"3_1425743979874865152","type":"photo","url":"https://pbs.twimg.com/media/E8lCmIUX0AAtXFf.jpg"},{"media_key":"3_1425743982458548225","type":"photo","url":"https://pbs.twimg.com/media/E8lCmR8XsAEP7k_.jpg"},{"media_key":"7_1425743563120431105","public_metrics":{"view_count":6114},"type":"video"},{"media_key":"7_1425742007864070145","public_metrics":{"view_count":121},"type":"video"},{"media_key":"7_1425740904221052929","public_metrics":{"view_count":16},"type":"video"},{"media_key":"3_1425740058846507010","type":"photo","url":"https://pbs.twimg.com/media/E8k_B5WXMAIzI94.jpg"},{"media_key":"3_1425740058817138691","type":"photo","url":"https://pbs.twimg.com/media/E8k_B5PXEAM4gIp.jpg"},{"media_key":"3_1425740058842251265","type":"photo","url":"https://pbs.twimg.com/media/E8k_B5VWQAEFgRz.jpg"},{"media_key":"3_1425739797021274115","type":"photo","url":"https://pbs.twimg.com/media/E8k-yp-XMAMuZ3e.jpg"},{"media_key":"7_1425736425698467840","public_metrics":{"view_count":98},"type":"video"},{"media_key":"3_1425736298510303234","type":"photo","url":"https://pbs.twimg.com/media/E8k7nBAWQAIuZ-t.jpg"},{"media_key":"7_1425734808995520514","public_metrics":{"view_count":1583},"type":"video"},{"media_key":"3_1425734589637701634","type":"photo","url":"https://pbs.twimg.com/media/E8k6Di9XsAIk8_0.jpg"},{"media_key":"3_1425733824101638147","type":"photo","url":"https://pbs.twimg.com/media/E8k5W_HWYAMTy4w.jpg"},{"media_key":"3_1425733829151674373","type":"photo","url":"https://pbs.twimg.com/media/E8k5XR7X0AUpDS1.jpg"},{"media_key":"3_1425733832385482761","type":"photo","url":"https://pbs.twimg.com/media/E8k5Xd-X0Akz-yV.jpg"},{"media_key":"3_1425733837053702150","type":"photo","url":"https://pbs.twimg.com/media/E8k5XvXXMAYgk6l.jpg"}]},"meta":{"newest_id":"1425766802810974215","oldest_id":"1425733402037215238","result_count":99,"next_token":"b26v89c19zqg8o3fpdm8kssgk30bgeglyxap4m1lclzst"}}