{"data":[{"created_at":"2021-08-12T08:17:11.000Z","id":"1425733088345219074","author_id":"1364138290933354496","text":"#Algérie: face aux feux de forêt qui ravagent la #Kabylie, la population se mobilise\nhttps://t.co/oRDu01oWWP","lang":"fr","public_metrics":{"retweet_count":0,"reply_count":0,"like_count":0,"quote_count":0}},{"created_at":"2021-08-12T08:14:16.000Z","id":"1425732352337235971","author_id":"394658733","text":"⭕ #DrameEnCours #Béjaia #SOS : Le feu encercle de tout bord les villages de Tala Hiba (Toudja). L'évacuation est devenu impossible ! SOS AUX AUTRES VILLAGES ! #Kabylie \n\nLes habitants sont coincés au milieu des flammes !\n\nÔ Seigneur sauve les et permet à des secours de passer ! https://t.co/U9nXXsTXDc","lang":"fr","public_metrics":{"retweet_count":72,"reply_count":4,"like_count":111,"quote_count":4},"attachments":{"media_keys":["3_1425732349216624642"]}},{"created_at":"2021-08-12T08:13:17.000Z","id":"1425732104768344066","author_id":"789451360911626240","text":"Villagers attempt to put out a wildfire, in #Achallam village, in the mountainous #Kabylie region of Tizi Ouzou, east of the #Algerian capital. \n#Wildfires are raging through forested areas of the country's north and have killed at least 65 people, state television reported. https://t.co/zQ3orLUPFH","lang":"en","public_metrics":{"retweet_count":3,"reply_count":1,"like_count":6,"quote_count":1},"attachments":{"media_keys":["3_1425730308763160580","3_1425730308771549185","3_1425730308754788354","3_1425730308771549186"]}},{"created_at":"2021-08-12T08:13:09.000Z","id":"1425732074175086594","author_id":"1102508772755423233","text":"Some f******* savages in #Algeria burned a man alive because they thought that he was one of the responsible people putting fire in #Kabylie \n\nThese savages are no better than the #Talibans or other terrorists and us Moroccans are unfortunate to have such people as neighbours. https://t.co/NPxc1nVR1T","lang":"en","public_metrics":{"retweet_count":1,"reply_count":0,"like_count":5,"quote_count":0}},{"created_at":"2021-08-12T08:12:05.000Z","id":"1425731803969695750","author_id":"325716866","text":"\uD83D\uDD34 APPEL À LA DIASPORA : Collecte de dons pour les sinistrés des incendies #Algérie #Kabylie.\nA déposer ou envoyer par voie postale à : \nMedical Hope\n15, rue Jean Bart \n31400 Toulouse https://t.co/l9fjxDfXrT","lang":"fr","public_metrics":{"retweet_count":13,"reply_count":3,"like_count":11,"quote_count":0}},{"created_at":"2021-08-12T08:09:40.000Z","id":"1425731195535597568","author_id":"93397975","text":"La #Kabylie brûlée par les feux et son honneur souillé par les plus hystériques de ses enfants. Comme si le sort (ou un plan diabolique) s'acharnait sur elle. Puisse ce drame inhumain décontaminer les esprits. Honte et sidération.","lang":"fr","public_metrics":{"retweet_count":0,"reply_count":0,"like_count":2,"quote_count":1}},{"created_at":"2021-08-12T08:09:07.000Z","id":"1425731058134396929","author_id":"2493422106","text":"Ce niveau de sauvagerie. Il était venu les aider, ils l'ont exterminé. \uD83D\uDE33\nAllah ir7am #DjamelBenSmail #Kabylie \n\nhttps://t.co/76zZuwFx1U","lang":"fr","public_metrics":{"retweet_count":2,"reply_count":2,"like_count":15,"quote_count":1}},{"created_at":"2021-08-12T08:06:56.000Z","id":"1425730506126135297","author_id":"2938255713","text":"ابن عم جيمي (جمال) رحمة الله عليه يحكي عن جمال شخصيته واخلاقه \nمالقيت ما نقول انا لله وانا اليه راجعون \uD83D\uDE4F\uD83D\uDC94 الله يصبر ميمته \uD83D\uDE2D\n#الجزائر_تحترق #PrayForAlgeria #PrayForkabylie #kabylie https://t.co/UvysMgu5fU","lang":"ar","public_metrics":{"retweet_count":1,"reply_count":1,"like_count":1,"quote_count":0},"attachments":{"media_keys":["7_1425730384118091776"]}},{"created_at":"2021-08-12T08:05:30.000Z","id":"1425730146095542276","author_id":"2769986554","text":"Ce qui se passe en  kabylie est triste et va entraîner forcément des conséquences grave dans cette région montagneuse #kabyliebrule #PrayForkabylie #Kabylie https://t.co/abMa7iAimb","lang":"fr","public_metrics":{"retweet_count":0,"reply_count":0,"like_count":2,"quote_count":1}},{"created_at":"2021-08-12T08:03:16.000Z","id":"1425729584692137987","author_id":"780675439","text":"@NenessVideos @neness Bienvenue Inès quand tu écris un tweet il faut le taguer pour qu’un maximum de personnes puissent le voir #Algerie #kabylie","lang":"fr","public_metrics":{"retweet_count":0,"reply_count":1,"like_count":1,"quote_count":0}},{"created_at":"2021-08-12T08:02:08.000Z","id":"1425729300519608320","author_id":"14389177","text":"Après la Turquie et la Grèce, la #Kabylie se consume sous nos yeux engendrant mort et chaos. L'humanité affronte les calamités du réchauffement climatique. Mes pensées vont aux familles endeuillées et ruinées par ces fléaux. Il faut changer radicalement de modèle de développement https://t.co/dwfwc8K3KL","lang":"fr","public_metrics":{"retweet_count":198,"reply_count":66,"like_count":823,"quote_count":6},"attachments":{"media_keys":["3_1425728123925106688"]}},{"created_at":"2021-08-12T08:00:03.000Z","id":"1425728774537158657","author_id":"729587274984394752","text":"La France toujours aussi conne et sans couilles, envoi 3 avions pour lutter contre les incendies. \n https://t.co/9NUqNdIxi0     #Kabylie #kabyliebrule #Algerie","lang":"fr","public_metrics":{"retweet_count":2,"reply_count":2,"like_count":0,"quote_count":0}},{"created_at":"2021-08-12T07:59:58.000Z","id":"1425728755268468739","author_id":"1688894864","text":"Terribles enchaînements catastrophiques en Algérie et #Kabylie\n#incendies \n#Covid19 \nGrande Émotion et Solidarité pour le peuple algérien \uD83D\uDC94 https://t.co/0W0mas4CBs","lang":"fr","public_metrics":{"retweet_count":0,"reply_count":0,"like_count":4,"quote_count":0}},{"created_at":"2021-08-12T07:52:19.000Z","id":"1425726828921171973","author_id":"47118854","text":"Effroi face aux terribles images de la #Kabylie qui brûle, quelle tristesse ! Ce matin toutes mes pensées vont vers nos amis algériens et aux familles des victimes. https://t.co/x6yqX8oX1G","lang":"fr","public_metrics":{"retweet_count":10,"reply_count":1,"like_count":76,"quote_count":1},"attachments":{"media_keys":["3_1425726825280548865"]}},{"created_at":"2021-08-12T07:48:52.000Z","id":"1425725959282511873","author_id":"99081902","text":"Après la Turquie, la Grèce et l'Italie, c'est l'#Algérie, qui à son tour est frappée par de terribles #incendies.\n\nJ'apporte toute mon #soutien au peuple algérien et à la #Kabylie en proie aux flammes. \n\nEn ce sens, je me réjouis de l'envoi de Canadair par la #France \uD83C\uDDEB\uD83C\uDDF7 https://t.co/lSSpF7FZ4q","lang":"fr","public_metrics":{"retweet_count":1,"reply_count":1,"like_count":14,"quote_count":0}},{"created_at":"2021-08-12T07:42:37.000Z","id":"1425724389245558784","author_id":"112141378","text":"@Algeria_Tweet @ZidaneOffi @TiziouSpaceHist @mahrezxmalik @ConsulatAlgerie Solidarité avec la Kabylie en Algérie \uD83C\uDDE9\uD83C\uDDFF contre les incendies #Algerie #Kabylie #Tizi_Ouzou #solidarite #DereglementClimatique https://t.co/2YdGzfU73R","lang":"fr","public_metrics":{"retweet_count":1,"reply_count":0,"like_count":1,"quote_count":0},"attachments":{"media_keys":["3_1425724383419674627"]}},{"created_at":"2021-08-12T07:38:50.000Z","id":"1425723435959869440","author_id":"1617383198","text":"#Afrique - #Kabylie - #Algérie : \"Lynchage d’un suspect pyromane : Condamnation sans appel par le MAK et l’Anavad\" https://t.co/Bi4Zm0cQiK","lang":"fr","public_metrics":{"retweet_count":0,"reply_count":1,"like_count":0,"quote_count":0}},{"created_at":"2021-08-12T07:38:49.000Z","id":"1425723433296580610","author_id":"1617383198","text":"#Afrique - #Kabylie - #Algérie : \"Incendies meurtriers déclenchés par le régime algérien : Remerciements de la Kabylie au soutien international\" https://t.co/OssDbdpGlu","lang":"fr","public_metrics":{"retweet_count":0,"reply_count":1,"like_count":0,"quote_count":0}},{"created_at":"2021-08-12T07:31:01.000Z","id":"1425721468286013441","author_id":"734279599434141696","text":"#Kabylie    Pauvre gars ...\nIl est parti en Kabylie pour prêter main forte aux victimes des incendies, il finit lynché en public et brûlé vif https://t.co/paLY4JQRuH via @Algerie Part Plus","lang":"fr","public_metrics":{"retweet_count":1,"reply_count":1,"like_count":2,"quote_count":0}},{"created_at":"2021-08-12T07:29:33.000Z","id":"1425721100793753602","author_id":"2786938583","text":"#Kabylie #kabyliebrule   A des fins électoralistes @BenoitPayan et @SamiaGhali envoient @MicheleRubirola éteindre le #feu pour glaner quelques voix. #Marseille #feuxDeForet https://t.co/BNqYUNfYoz","lang":"fr","public_metrics":{"retweet_count":1,"reply_count":0,"like_count":1,"quote_count":1},"attachments":{"media_keys":["3_1425721098394550274"]}},{"created_at":"2021-08-12T07:29:32.000Z","id":"1425721095504674817","author_id":"939531426202112000","text":"Nous sommes des pions sur l’échiquier \uD83D\uDE22\n\n#Kabylie #kabyliebrule #savedz #Tizi_Ouzou #PrayForAlgeria #PrayForkabylie #Algeria_forest_fires","lang":"fr","public_metrics":{"retweet_count":0,"reply_count":0,"like_count":1,"quote_count":0}},{"created_at":"2021-08-12T07:29:24.000Z","id":"1425721063992958976","author_id":"1617383198","text":"#Afrique - #Kabylie - #Algérie : \"Les incendies ont fait sept morts et beaucoup de dégâts matériels : Nuit d’enfer à Tizi Ouzou\" https://t.co/CwxVt1kOJ4","lang":"fr","public_metrics":{"retweet_count":0,"reply_count":0,"like_count":0,"quote_count":0}},{"created_at":"2021-08-12T07:28:33.000Z","id":"1425720847768162306","author_id":"1975233108","text":"2ème mort de lynchage public... les habitants doivent retrouver leurs esprits.\nLa Kabylie est prise en otage depuis longtemps par une mafia bien organisée et ce sont les habitants qui en souffrent le plus....\nQue ces 2 innocents reposent en paix\uD83E\uDD32 #Algérie #Kabylie https://t.co/7nr9eDAsvn","lang":"fr","public_metrics":{"retweet_count":1,"reply_count":3,"like_count":7,"quote_count":1}},{"created_at":"2021-08-12T07:26:42.000Z","id":"1425720381814489088","author_id":"289819399","text":"#Kabylie : le site de la NASA permet de suivre l'évolution des incendies\nhttps://t.co/5cMXIupXtq\n#kabyliebrule #Algerie #NASA https://t.co/1G7ILq933S","lang":"fr","public_metrics":{"retweet_count":0,"reply_count":0,"like_count":0,"quote_count":0},"attachments":{"media_keys":["3_1425720372733820930"]}},{"created_at":"2021-08-12T07:25:53.000Z","id":"1425720176197185537","author_id":"711874086515970049","text":"Toutes mes pensées vont vers ma Kabylie et son peuple fier et courageux. Les responsables devront payer! \n#kabyliebrule #PrayForkabylie #Kabylie https://t.co/1gdphgiKfq https://t.co/ImmO2P0fJD","lang":"fr","public_metrics":{"retweet_count":0,"reply_count":1,"like_count":0,"quote_count":0},"attachments":{"media_keys":["16_1425720162465067014"]}},{"created_at":"2021-08-12T07:24:44.000Z","id":"1425719889038299139","author_id":"797064346128023552","text":"#JesuisDjamelBenSmail\nJ ai mal pour mon #Algerie et pour ma oumma partager de belles photos de notre martyr svp et effacer tout le reste, lui qui avait la main sur le ♥️, qui était venu juste aider Allah y rahmou #DjamelBensmail\n#Kabylie #Tiziouzou #Bejaia #PrayForAlgeria #TeamDZ https://t.co/krDKg5qTsc","lang":"fr","public_metrics":{"retweet_count":127,"reply_count":17,"like_count":421,"quote_count":8},"attachments":{"media_keys":["3_1425719884068134912"]}},{"created_at":"2021-08-12T07:23:13.000Z","id":"1425719504647110656","author_id":"966337216229400576","text":"La France et le Maroc vont envoyer des Canadairs pour lutter contre les incendies #Kabylie et c'est très bien, mais si l'intérêt tactique des retardants largués par les Canadairs est incontestable, les incendies s'éteignent au sol. \nCourage à celleux qui luttent.","lang":"fr","public_metrics":{"retweet_count":0,"reply_count":1,"like_count":4,"quote_count":0}},{"created_at":"2021-08-12T07:22:25.000Z","id":"1425719304205619200","author_id":"896950207","text":"#incendies #Algérie #Kabylie / \"L'enfer\": https://t.co/WwUodO3x49","lang":"fr","public_metrics":{"retweet_count":0,"reply_count":0,"like_count":0,"quote_count":0}},{"created_at":"2021-08-12T07:20:17.000Z","id":"1425718767095529474","author_id":"372315720","text":"Ce visage est celui du jeune algérien #DjamelBensmail , originaire de #Miliana . \nCe visage sera pour toujours le symbole d’1 moment de folie meurtrière &amp; de barbarie absolue qui s’est emparée de la #Kabylie en feu\nLynché &amp; brûlé vif parce que soupçonné … https://t.co/2qpzUzhcyu","lang":"fr","public_metrics":{"retweet_count":19,"reply_count":1,"like_count":16,"quote_count":3}},{"created_at":"2021-08-12T07:19:41.000Z","id":"1425718615551131648","author_id":"1289506452","text":"Toutes mes pensées vont vers la Kabylie en proie aux flammes. J'adresse tout mon soutien au peuple Kabyle, courageux et résilient qui se relèvera de cette effroyable épreuve comme il le fait depuis des siècles.\n#Kabylie #PrayForkabylie #kabyliebrule","lang":"fr","public_metrics":{"retweet_count":2,"reply_count":1,"like_count":14,"quote_count":1}},{"created_at":"2021-08-12T07:19:30.000Z","id":"1425718571934617602","author_id":"1596881311","text":"@baudoin_quatre @JLMelenchon La #Kabylie s’y associera seule alors , idiot \uD83D\uDE1B","lang":"fr","public_metrics":{"retweet_count":0,"reply_count":0,"like_count":0,"quote_count":0}},{"created_at":"2021-08-12T07:11:56.000Z","id":"1425716666760146944","author_id":"386440875","text":"#PrayForAlgeria : la mobilisation s'organise sur les réseaux sociaux après les incendies en #Kabylie ❤️\n\ncc @Mahrez22 @LeilaBekhti @djsnake  @Soolking @Fianso \nhttps://t.co/ZomdxsZjHH","lang":"fr","public_metrics":{"retweet_count":0,"reply_count":0,"like_count":0,"quote_count":0}},{"created_at":"2021-08-12T07:11:50.000Z","id":"1425716641367724033","author_id":"928277574","text":"#Algerie #PrayForAlgeria #Kabylie une parole forte !\uD83D\uDE07 force à vous \uD83D\uDE4F https://t.co/urP1a1npjp","lang":"fr","public_metrics":{"retweet_count":2,"reply_count":0,"like_count":1,"quote_count":0},"attachments":{"media_keys":["7_1425716539777507330"]}},{"created_at":"2021-08-12T07:10:47.000Z","id":"1425716378208714755","author_id":"275253266","text":"La Kabylie renaîtra..\nJe ne laisserai  pas tomber ma KABYLIE.\n#PrayForkabylie #kabylie https://t.co/sLYlq2OJCr","lang":"fr","public_metrics":{"retweet_count":0,"reply_count":0,"like_count":8,"quote_count":1},"attachments":{"media_keys":["3_1425716373314064385"]}},{"created_at":"2021-08-12T07:09:59.000Z","id":"1425716174902464512","author_id":"1047371129369874433","text":"#meliana #algerie #alger #kabylie #kabyliebrule  #PrayForAlgeria \n\nS'il vous plaît, partagez cette video qui explique les circonstances de l'assassinat du jeune monsieur par des algériens en colère. C'est très grave ce qui se passe en Algérie avec le gouvernement assassin. https://t.co/YnzQG08UZh","lang":"fr","public_metrics":{"retweet_count":0,"reply_count":3,"like_count":0,"quote_count":0}},{"created_at":"2021-08-12T07:08:30.000Z","id":"1425715800497926146","author_id":"452962295","text":"\uD83D\uDD34\uD83D\uDCA5\uD83D\uDD25Encore des images horribles qui nous parviennent d'#Algerie et de la #Kabylie en flammes\n #Tizi_Ouzou \n #Algeria_burning #HelpAlgeria  https://t.co/CzVu2Rux2V","lang":"fr","public_metrics":{"retweet_count":1,"reply_count":0,"like_count":3,"quote_count":0},"attachments":{"media_keys":["7_1425441808105066497"]}},{"created_at":"2021-08-12T07:05:40.000Z","id":"1425715091375378435","author_id":"4008667396","text":"#Solidarité\uD83C\uDDE9\uD83C\uDDFF\uD83E\uDD1D\uD83C\uDDEB\uD83C\uDDF7 #MPCU\uD83C\uDDEA\uD83C\uDDFA#Algérie #Kabylie https://t.co/oK1TdtxjVG","lang":"und","public_metrics":{"retweet_count":0,"reply_count":0,"like_count":4,"quote_count":0}},{"created_at":"2021-08-12T07:02:48.000Z","id":"1425714368822587394","author_id":"731964279642071041","text":"#savedz  #PrayForAlgeria #Kabylie #kabyliebrule #Algerie https://t.co/d1YZQ0LZkz","lang":"und","public_metrics":{"retweet_count":1,"reply_count":0,"like_count":1,"quote_count":0},"attachments":{"media_keys":["3_1425714363533496323"]}},{"created_at":"2021-08-12T07:00:53.000Z","id":"1425713886062391296","author_id":"1272547889986797570","text":"Marseille \uD83D\uDE4F\uD83D\uDE4F\n\n#Kabylie https://t.co/aAAZlpVCcu","lang":"fr","public_metrics":{"retweet_count":0,"reply_count":0,"like_count":1,"quote_count":0}},{"created_at":"2021-08-12T06:58:54.000Z","id":"1425713388475269125","author_id":"1422337656101429254","text":"#kabylie #algerie #incendies\n\nLes incendies qui ravagent la Kabylie ont fait 65 morts, selon un bilan provisoire. Pour aider l’Algérie, la France a prévu d’envoyer demain deux canadairs, et un avion d’investigation.\n69 morts dont 28 militaires https://t.co/c907vkr05G","lang":"fr","public_metrics":{"retweet_count":0,"reply_count":0,"like_count":0,"quote_count":0},"attachments":{"media_keys":["3_1425713029115691010","3_1425713054621257729","3_1425713177204076550"]}},{"created_at":"2021-08-12T06:57:45.000Z","id":"1425713097470365696","author_id":"1360626058958155780","text":"\uD83D\uDD34\uD83D\uDCA5\uD83D\uDD25 #Algérie #Kabylie\nL'horreur....Quatorze morts dans un village près de #Tizi_Ouzou, et parmi eux  une femme enceinte...\n #HelpAlgeria #FiresInAlgeria \n https://t.co/lBAjadf9jD","lang":"fr","public_metrics":{"retweet_count":0,"reply_count":0,"like_count":0,"quote_count":0},"attachments":{"media_keys":["7_1425552368721174533"]}},{"created_at":"2021-08-12T06:57:24.000Z","id":"1425713009100460034","author_id":"1360626058958155780","text":"\uD83D\uDD34\uD83D\uDCA5\uD83D\uDD25L'#Algérie brûle \nTerribles images de la #Kabylie en feu....\nEn deux jours, le feu a déjà tué plus de 60 personnes.\n\n#HelpAlgeria\n#Tiziouzou \n https://t.co/A19FjhuLcQ","lang":"fr","public_metrics":{"retweet_count":5,"reply_count":0,"like_count":3,"quote_count":1},"attachments":{"media_keys":["7_1425488558694010880"]}},{"created_at":"2021-08-12T06:57:05.000Z","id":"1425712927638704135","author_id":"1360626058958155780","text":"\uD83D\uDD34\uD83D\uDCA5\uD83D\uDD25Encore des images horribles qui nous parviennent d'#Algerie et de la #Kabylie en flammes\n #Tizi_Ouzou \n #Algeria_burning #HelpAlgeria  https://t.co/Xo46BIKU09","lang":"fr","public_metrics":{"retweet_count":0,"reply_count":0,"like_count":1,"quote_count":0},"attachments":{"media_keys":["7_1425441808105066497"]}},{"created_at":"2021-08-12T06:56:00.000Z","id":"1425712658880282624","author_id":"2849783591","text":"Sur mon thé ? (tout ça) \nParfois avec un nuage de lait\n\n#Messi #Incendies #Kabylie #Afghanistan #Antilles  ... https://t.co/ZKfefhC1b0","lang":"fr","public_metrics":{"retweet_count":0,"reply_count":0,"like_count":0,"quote_count":0},"attachments":{"media_keys":["16_1425712185146331138"]}},{"created_at":"2021-08-12T06:55:15.000Z","id":"1425712469318774786","author_id":"275253266","text":"Je pleure ma KABYLIE.\nVraiment triste.\nC’est une catastrophe .\n#prayforalgeria #kabylie #jaimemakabylie  https://t.co/X9B4wUFD3P","lang":"fr","public_metrics":{"retweet_count":0,"reply_count":0,"like_count":5,"quote_count":0}},{"created_at":"2021-08-12T06:53:47.000Z","id":"1425712097225232385","author_id":"775272952984178688","text":"@MelizaBeghdad @FedouaFedoua2 Que #Algerie commence par accepter de récupérer ses ressortissants expulsés et que ceux qui viennent toucher nos allocations arrêtent de cracher sur les Français, et on verra ce qu'on peut faire !\n#Kabylie \n#kabyliebrule","lang":"fr","public_metrics":{"retweet_count":0,"reply_count":0,"like_count":0,"quote_count":0}},{"created_at":"2021-08-12T06:53:31.000Z","id":"1425712032649781254","author_id":"714826728808513536","text":"#Algerie #Kabylie #incendies https://t.co/heGzu6yMmS","lang":"und","public_metrics":{"retweet_count":0,"reply_count":0,"like_count":1,"quote_count":0}},{"created_at":"2021-08-12T06:52:17.000Z","id":"1425711720702652417","author_id":"1609128032","text":"Ils ont livré un présumé suspect à la foule déchaînée. on a tous vu le moment du  lynchage aucun policier n'a essayé de le retirer des mains de la foule ils l'ont laissé livré à lui même sans intervenir et tout ça se passe en face d'un poste de police #Algérie #Kabylie","lang":"fr","public_metrics":{"retweet_count":0,"reply_count":0,"like_count":2,"quote_count":0}},{"created_at":"2021-08-12T06:51:21.000Z","id":"1425711487994286083","author_id":"1105425072729346048","text":"#Kabylie #Algerie #tarf https://t.co/aOWVl4Dv2O","lang":"und","public_metrics":{"retweet_count":1,"reply_count":0,"like_count":2,"quote_count":0}},{"created_at":"2021-08-12T06:51:13.000Z","id":"1425711453026271232","author_id":"784739270938529792","text":"#kabyliebrule #Kabylie #KABYLIESBURNING #LaKabylieBrule https://t.co/NNOelbfGUU","lang":"und","public_metrics":{"retweet_count":0,"reply_count":0,"like_count":1,"quote_count":0}},{"created_at":"2021-08-12T06:50:46.000Z","id":"1425711338349858819","author_id":"838723729144307712","text":"@Kaitbouali C’est quasiment toute la #kabylie qui a brûlé. Combien d’années va t-il falloir pour retrouver nos belles montagnes? Car aujourd’hui la réalité est là \uD83E\uDD72 https://t.co/rxs6wAqArC","lang":"fr","public_metrics":{"retweet_count":0,"reply_count":1,"like_count":4,"quote_count":0},"attachments":{"media_keys":["7_1425711254652571648"]}},{"created_at":"2021-08-12T06:50:22.000Z","id":"1425711237782978560","author_id":"784739270938529792","text":"@mishette_b #LaKabylieBrule #kabyliebrule #Kabylie #KABYLIESBURNING #Kabyle","lang":"und","public_metrics":{"retweet_count":0,"reply_count":0,"like_count":2,"quote_count":0}},{"created_at":"2021-08-12T06:48:52.000Z","id":"1425710861545578497","author_id":"784739270938529792","text":"#kabyliebrule #LaKabylieBrule #Kabylie https://t.co/oTl5PU3F0n","lang":"und","public_metrics":{"retweet_count":0,"reply_count":0,"like_count":1,"quote_count":0}},{"created_at":"2021-08-12T06:47:42.000Z","id":"1425710566308519936","author_id":"784739270938529792","text":"@Szacassie #LaKabylieBrule #kabyliebrule #Kabylie","lang":"und","public_metrics":{"retweet_count":0,"reply_count":0,"like_count":0,"quote_count":0}},{"created_at":"2021-08-12T06:45:21.000Z","id":"1425709975603666944","author_id":"707215210738814977","text":"L’effroi qui s’ajoute à l’effroi. Pensées aux proches de Djamel Bensmail. #kabylie https://t.co/4UvmAaiOyM","lang":"fr","public_metrics":{"retweet_count":7,"reply_count":0,"like_count":36,"quote_count":0}},{"created_at":"2021-08-12T06:43:23.000Z","id":"1425709483787968514","author_id":"772299901434597380","text":"@vpecresse Oui et allez encore des sous. Toujours Plein de sous. Le puit sans fond c’est en France. Mieux en Île de France. C’est toujours facile quand ce ne sont pas les siens et surtout quand c’est par CALCUL POLITIQUE en vue de plaire à une certaine communauté. #pecresse #Kabylie","lang":"fr","public_metrics":{"retweet_count":0,"reply_count":1,"like_count":0,"quote_count":0}},{"created_at":"2021-08-12T06:42:40.000Z","id":"1425709301906223108","author_id":"1106174031093481472","text":"بسم الله الرحمان الرحيم\nيَا أَيُّهَا الَّذِينَ آمَنُوا إِن جَاءَكُمْ فَاسِقٌ بِنَبَإٍ فَتَبَيَّنُوا أَن تُصِيبُوا قَوْمًا بِجَهَالَةٍ فَتُصْبِحُوا عَلَىٰ مَا فَعَلْتُمْ نَادِمِينَ\n#Tiziouzou #Tizi_Ouzou #PrayForAlgeria #تيزي_وزو_تحترق #Kabylie #savedz\nا #الجزاير_تحترق #تيزي_وزو","lang":"ar","public_metrics":{"retweet_count":0,"reply_count":0,"like_count":1,"quote_count":0}},{"created_at":"2021-08-12T06:33:53.000Z","id":"1425707091113676807","author_id":"1272547889986797570","text":"Il y en a qui arrive à créer des polémiques entre les Algériens des Français et des Marocains pendant que la Kabylie subit de grave incendie. Vous êtes une sale race que Dieu est pitié est de vous. \n\n#Kabylie #incendies","lang":"fr","public_metrics":{"retweet_count":0,"reply_count":1,"like_count":2,"quote_count":0}},{"created_at":"2021-08-12T06:30:33.000Z","id":"1425706251837661191","author_id":"275253266","text":"#prayforalgeria  #kabylie  https://t.co/FsIZ1xdJAt","lang":"und","public_metrics":{"retweet_count":0,"reply_count":0,"like_count":0,"quote_count":0}},{"created_at":"2021-08-12T06:12:34.000Z","id":"1425701727018311680","author_id":"437774410","text":"#Algérie: face aux #feux de forêt qui ravagent la #Kabylie, la population se mobilise https://t.co/ghPrRODN8j","lang":"fr","public_metrics":{"retweet_count":3,"reply_count":0,"like_count":1,"quote_count":0}},{"created_at":"2021-08-12T06:12:16.000Z","id":"1425701650380070917","author_id":"2188612976","text":"#TiziOuzou_brule  #Tiziouzou #LaKabylieBrûle #URGENT #HelpKabylie ⵣ\uD83D\uDD25\uD83D\uDC94\uD83D\uDE22\uD83C\uDDE9\uD83C\uDDFF #Algériens #aide la #Kabylie \n@Tizi_Ouzou15 ·3h\nURGENT VILLAGE IGHIL GUEFRI LARBA NATH IRATHEN TIZI OUZOU BRÛLE EN CE MOMENT VEUILLEZ APPELER DU RENFORTS LES GENS QUI SONT SUR PLACE ON BESOIN D'AIDE SVP https://t.co/gudOjACbt6","lang":"fr","public_metrics":{"retweet_count":0,"reply_count":0,"like_count":0,"quote_count":0}},{"created_at":"2021-08-12T06:09:29.000Z","id":"1425700951772565505","author_id":"437774410","text":"\"Animaux, champs, maisons, tout est ravagé\" : en #Algérie, la #Kabylie en proie aux flammes https://t.co/Ygr8Dnft8E","lang":"fr","public_metrics":{"retweet_count":1,"reply_count":0,"like_count":0,"quote_count":0}},{"created_at":"2021-08-12T06:05:33.000Z","id":"1425699962239791111","author_id":"216448601","text":"Je ne parle même pas des dérèglements climatiques et leurs impacts sur notre santé physique et psychique. \nJe ne suis pas de nature pessimiste, mais il y a de quoi s'interroger sur l'avenir de nos enfants.\n#GIEC #climat #environnement #incendie #Kabylie \nhttps://t.co/Joqd7kZMUv","lang":"fr","public_metrics":{"retweet_count":0,"reply_count":1,"like_count":0,"quote_count":0}},{"created_at":"2021-08-12T05:57:42.000Z","id":"1425697984436752386","author_id":"1325091272332337154","text":"#PrayForAlgeria #تيزي_وزو_تحترق #PrayForAlgeria #Kabylie #savedz #kabyliebrule https://t.co/V4wfPKuFu5","lang":"und","public_metrics":{"retweet_count":0,"reply_count":0,"like_count":0,"quote_count":0}},{"created_at":"2021-08-12T05:57:13.000Z","id":"1425697864085352450","author_id":"1711946348","text":"الرئيس الجزائري يفتح حسابه على مواقع التواصل الاجتماعي للتهاني و التبريكات و التعازي تتبادر فكرة في ذهني حول ان ينشأ حسابا تحت اسم تبون صباح الخير احسن لكسب شعبية كان المفترض أن يفعلها كسابقيه، النزول إلى أرض الميدان منعدم تماما منذ توليه الرئاسة! \n#Kabylie #kabyliebrule https://t.co/qkdnL7lBxQ","lang":"ar","public_metrics":{"retweet_count":1,"reply_count":1,"like_count":0,"quote_count":0},"attachments":{"media_keys":["3_1425697860734029828"]}},{"created_at":"2021-08-12T05:56:40.000Z","id":"1425697725060980746","author_id":"57652561","text":"Désastre en #Kabylie , une région d’une beauté sidérante , entre mer et montagnes , ravagée par les flammes . Désastre aussi dans le Nord du pays . Les hôpitaux algériens, déjà saturés par le #covid sont à la peine Merci à la France , au Maroc d’avoir envoyé une aide précieuse \uD83D\uDE4F https://t.co/jouYzuvOqb","lang":"fr","public_metrics":{"retweet_count":51,"reply_count":16,"like_count":149,"quote_count":3}},{"created_at":"2021-08-12T05:56:27.000Z","id":"1425697669167689728","author_id":"1325091272332337154","text":"#PrayForAlgeria #Kabylie #savedz #kabyliebrule #BTSVSPAIN https://t.co/gQX6fo68Ye","lang":"und","public_metrics":{"retweet_count":0,"reply_count":0,"like_count":1,"quote_count":0}},{"created_at":"2021-08-12T05:56:08.000Z","id":"1425697589576577031","author_id":"1371543563251638273","text":"#Kabylie\n\n\uD83C\uDDEE\uD83C\uDDF9 New Italian hit \uD83C\uDDEE\uD83C\uDDF9\uD83C\uDFBC\uD83C\uDFA4\uD83C\uDFB6\uD83D\uDCA3\uD83D\uDCA5\uD83D\uDD25\n\nPierpaolo • L'estate più calda (feat. Giorgina) \n\n3.4  million views (YouTube)\n1.5  million streams (Spotify) \n\nhttps://t.co/A10AJQ4H7Z","lang":"it","public_metrics":{"retweet_count":21,"reply_count":0,"like_count":4,"quote_count":0}},{"created_at":"2021-08-12T05:54:07.000Z","id":"1425697082036400132","author_id":"1352904994715013120","text":"#Kabylie\n\n\uD83C\uDDEE\uD83C\uDDF9 Nueva hit Italiana \uD83C\uDDEE\uD83C\uDDF9\uD83C\uDFBC\uD83C\uDFA4\uD83C\uDFB6\n\nPierpaolo • L'estate più calda (feat. Giorgina) \n\n3.4 million views (YouTube)\n1.5 million streams (Spotify)\n\nUno de los éxitos del Verano en Italia, escúchala en YouTube y Spotify ❤️\n\nhttps://t.co/eyshXVvedb","lang":"es","public_metrics":{"retweet_count":6,"reply_count":0,"like_count":0,"quote_count":0}},{"created_at":"2021-08-12T05:52:17.000Z","id":"1425696623246680065","author_id":"2188612976","text":"#Kabylie terre de mon Père la #kabyliebrule mes prières en #Respect aux familles; personnes affectés #PrayForkabylie La Kabylie est en Deuil Condoléances à Tous, on compte déjà 70 Morts et nombreux blessés, des militaires et civils\uD83D\uDE22\uD83D\uDC94\uD83C\uDDE9\uD83C\uDDFF\uD83D\uDD25#HelpAlgeria #please #Solidarité #Algérie https://t.co/soL21UlUPq","lang":"fr","public_metrics":{"retweet_count":0,"reply_count":0,"like_count":0,"quote_count":0}},{"created_at":"2021-08-12T05:52:01.000Z","id":"1425696556553056260","author_id":"158662309","text":"En tant que Kabyle, je condamne et je suis écœurée par cet acte barbare et abominable, j'espére que ces criminels vont le payer \nRabi yera7mek Jimmy \uD83D\uDE4F\uD83C\uDFFB\uD83D\uDC94\n#PrayForAlgeria #Algerie #Kabylie","lang":"fr","public_metrics":{"retweet_count":1,"reply_count":0,"like_count":1,"quote_count":0}},{"created_at":"2021-08-12T05:50:34.000Z","id":"1425696188989325313","author_id":"1266331499621728257","text":"#HelpAlgeria \n#PrayForAlgeria \n#Kabylie https://t.co/PPsgbmO0Gx","lang":"und","public_metrics":{"retweet_count":0,"reply_count":1,"like_count":0,"quote_count":0},"attachments":{"media_keys":["7_1425694913379934209"]}},{"created_at":"2021-08-12T05:47:38.000Z","id":"1425695451748179968","author_id":"1193786760356085761","text":"@RACHA_SL Arrêtez d'utiliser cette image en targuant #Kabylie, elle se passe en Grèce","lang":"fr","public_metrics":{"retweet_count":0,"reply_count":0,"like_count":0,"quote_count":0}},{"created_at":"2021-08-12T05:47:15.000Z","id":"1425695355044237313","author_id":"784636611183214592","text":"\uD83D\uDD34 INFO - #Algérie : Depuis Lundi, au moins 69 personnes, dont 41 civils et 28 militaires, ont perdu la vie dans les incendies qui ravagent le nord de l'Algérie, notamment en #Kabylie. #Tiziouzou #Bejaïa #kabyliebrule #TiziOuzou_brule https://t.co/1tN5a1btYi","lang":"fr","public_metrics":{"retweet_count":3,"reply_count":0,"like_count":4,"quote_count":0},"attachments":{"media_keys":["7_1425695277508354052"]}},{"created_at":"2021-08-12T05:36:42.000Z","id":"1425692700410585096","author_id":"1051531425277726720","text":"#Kabylie #Algerie #France @EmmanuelMacron Merci au président Macron et à la France qui vient en aide aux populations kabyles démunies.\nTout l'argent du pétrole est parti dans les poches des dictateurs qui se sont succédés depuis 1962 en laissant les populations dans la misère. https://t.co/wseJ7TRlr2","lang":"fr","public_metrics":{"retweet_count":1,"reply_count":2,"like_count":3,"quote_count":0}},{"created_at":"2021-08-12T05:25:35.000Z","id":"1425689903032057856","author_id":"3751293743","text":"La main du diable est bien présente . \uD83C\uDD98 #LaKabylieEstEnDanger #Kabylia #PrayForKabylia #Kabylie https://t.co/b5sdq7DZUo","lang":"fr","public_metrics":{"retweet_count":1,"reply_count":0,"like_count":1,"quote_count":0}},{"created_at":"2021-08-12T05:20:17.000Z","id":"1425688569834782720","author_id":"1057225731481239552","text":"يجب إخماد نار هذه الفتنة بالتدخل  العقلاء فقط من كلا الطرفين ناس #تزي_وزو و ناس #ملينة . \n#Algerie #AlgeriaIsBurning #PrayForAlgeria #الجزايٴر_تستغيث #لا_للفتنة \n#متوحدين_نقف_متفرقين_نسقط \n@fatimaa_zaahra @amykarma2016 @fatimafazo2 @Naima198006  @hamzabob91 #Kabylie","lang":"ar","public_metrics":{"retweet_count":1,"reply_count":0,"like_count":3,"quote_count":0}},{"created_at":"2021-08-12T05:18:41.000Z","id":"1425688166531485698","author_id":"637313801","text":"@BoukhorsAmir1 @batailledeconsc \n#kabylie #kabyliebrule #PrayForAlgeria https://t.co/iQbjcM1dZ9","lang":"und","public_metrics":{"retweet_count":0,"reply_count":0,"like_count":0,"quote_count":0},"attachments":{"media_keys":["3_1425688161859014657"]}},{"created_at":"2021-08-12T05:16:43.000Z","id":"1425687671901392899","author_id":"1418355008974860288","text":"#تيزي_وزو_تحترق \n#PrayForAlgeria \n#Kabylie \n#تبون #تبون_المزور #الجزائر_تحترق \n#الجزايٴر_تستغيث #الجزائر https://t.co/MhwsybzoCG","lang":"und","public_metrics":{"retweet_count":0,"reply_count":0,"like_count":1,"quote_count":0},"attachments":{"media_keys":["7_1425687381848514561"]}},{"created_at":"2021-08-12T05:14:21.000Z","id":"1425687074594820100","author_id":"1322868430270275586","text":"pour aider les sinistrés de tizi voilà les numéros de téléphone et la liste des besoins \nمن اجل مساعدة منكوبي تيزيوزو هذه ارقام \nالهواتف ولائحة المتطلبات\n#TiziOuzou_brule \n#Kabylie \n#kabyliebrule \n#PrayForAlgeria \n#AlgeriaIsBurning \n#partageraumax\n#RetweeetPlease \n@Tizi_Ouzou15 https://t.co/xnbea6Aj97","lang":"und","public_metrics":{"retweet_count":1,"reply_count":0,"like_count":1,"quote_count":0},"attachments":{"media_keys":["3_1425687067334488065"]}},{"created_at":"2021-08-12T05:12:10.000Z","id":"1425686528093790215","author_id":"1322868430270275586","text":"#Tizi_Ouzou \n#TiziOuzou_brule \n#AlgeriaIsBurning \n#PrayForAlgeria \n#collector \n#HelpAlgeria \n#Tiziouzou \n#TiziBrule \n#kabyliebrule \n#Kabylie \n#RetweeetPlease\n@Tizi_Ouzou15 https://t.co/mTz6iJIzyg","lang":"und","public_metrics":{"retweet_count":2,"reply_count":0,"like_count":2,"quote_count":0},"attachments":{"media_keys":["3_1425686508665716738"]}},{"created_at":"2021-08-12T05:07:41.000Z","id":"1425685396231446536","author_id":"1425675259966066688","text":"@BenoitPayan @marseille @MarinsPompiers La cause principale des feux en Algérie c'est le gouvernement. comment voulez vous qu'ils vous demande de l'aide à quelque chose qui veulent eux même détruire...\n( Force à la kabylie )\nILS ONT BRÛLER MON PARADIS #Kabylie","lang":"fr","public_metrics":{"retweet_count":0,"reply_count":0,"like_count":3,"quote_count":0}},{"created_at":"2021-08-12T05:02:31.000Z","id":"1425684098576683010","author_id":"394658733","text":"#Algérie le drame continue en #Kabylie qui déplore des dizaines de morts et les incendies touchent désormais d'autres régions.\n\nMultiplions les invocations ! \uD83E\uDD32\uD83C\uDFFB\uD83E\uDD32\uD83C\uDFFC\uD83E\uDD32\uD83C\uDFFE\n\nYa Allah sauve tes créatures, elles sont faibles et dépourvues ! https://t.co/iVwtcPF6fG","lang":"fr","public_metrics":{"retweet_count":12,"reply_count":2,"like_count":41,"quote_count":0},"attachments":{"media_keys":["7_1425683895966703619"]}},{"created_at":"2021-08-12T04:55:18.000Z","id":"1425682281109282817","author_id":"318632100","text":"Incendies d’origine criminelle ,ravage en #Kabylie ! 4 hommes ont été arrêtés ⬇️⬇️ https://t.co/qvyVLIXvbC","lang":"fr","public_metrics":{"retweet_count":1,"reply_count":0,"like_count":1,"quote_count":0}},{"created_at":"2021-08-12T04:53:51.000Z","id":"1425681915806457856","author_id":"1392824685662986243","text":"#Kabylie\n\n\uD83C\uDDEE\uD83C\uDDF9 New Italian hit \uD83C\uDDEE\uD83C\uDDF9\uD83C\uDFBC\uD83C\uDFA4\uD83C\uDFB6\uD83D\uDCA3\uD83D\uDCA5\uD83D\uDD25\n\nPierpaolo • L'estate più calda (feat. Giorgina) \n\n3.4  million views (YouTube)\n1.5  million streams (Spotify) \nhttps://t.co/lI8vSnB6oB","lang":"it","public_metrics":{"retweet_count":18,"reply_count":0,"like_count":4,"quote_count":0}},{"created_at":"2021-08-12T04:47:01.000Z","id":"1425680196951236612","author_id":"1371543563251638273","text":"#Kabylie\n\n\uD83C\uDDEE\uD83C\uDDF9 Nueva hit Italiana \uD83C\uDDEE\uD83C\uDDF9\uD83C\uDFBC\uD83C\uDFA4\uD83C\uDFB6\n\nPierpaolo • L'estate più calda (feat. Giorgina) \n\n3.4 million views (YouTube)\n1.5 million streams (Spotify)\n\nUno de los éxitos del Verano en Italia, escúchala en YouTube y Spotify ❤️\n\nhttps://t.co/90bj76FgGY","lang":"es","public_metrics":{"retweet_count":17,"reply_count":0,"like_count":2,"quote_count":0}},{"created_at":"2021-08-12T04:45:13.000Z","id":"1425679742620086277","author_id":"1425625102880808963","text":"If you are interested in reading books Here there is an important and free book that you may like a lot. To read it, click on the free link \uD83D\uDCA5\uD83D\uDCA5\uD83D\uDCA5\uD83D\uDCA5 \n\nhttps://t.co/u4b9kxBf6o\n\n#WhatIfMarvel \n#VMAs\n#SuperCup \n#MessiPSG \n#Kabylie #touchepasamesgosses #PSGxMESSI \n#باريس_سان_جيرمان https://t.co/4jcI8Y1nrg","lang":"en","public_metrics":{"retweet_count":0,"reply_count":0,"like_count":1,"quote_count":0},"attachments":{"media_keys":["3_1425679740023754754"]}},{"created_at":"2021-08-12T04:40:43.000Z","id":"1425678610678128645","author_id":"1274757037155651584","text":"#Kabylie #Algerie #AlgeriaIsBurning #Tizi_Ouzou #تيزي_وزو_تحترق #الجزايٴر_تستغيث #Algeria \nLa paix n'a pas de frontières. https://t.co/DJBurHqNJO","lang":"fr","public_metrics":{"retweet_count":0,"reply_count":0,"like_count":7,"quote_count":0},"attachments":{"media_keys":["3_1425678607595286530"]}},{"created_at":"2021-08-12T04:30:00.000Z","id":"1425675913480392706","author_id":"3028247758","text":"Des #incendies «d'origine criminelle» selon le gouvernement, quatre pyromanes arrêtés\n\n#Algérie #Kabylie\n\nhttps://t.co/nChEQaKTMd","lang":"fr","public_metrics":{"retweet_count":6,"reply_count":2,"like_count":7,"quote_count":0}},{"created_at":"2021-08-12T04:29:25.000Z","id":"1425675768118579201","author_id":"33887820","text":"\uD83D\uDD25 Drame en #Algérie : au moins 65 morts dans les feux qui ravagent la #Kabylie, la France envoie des renforts\nhttps://t.co/BjvQ5GdwAY https://t.co/Hns4xfemoM","lang":"fr","public_metrics":{"retweet_count":3,"reply_count":5,"like_count":4,"quote_count":1},"attachments":{"media_keys":["3_1425675669724405760"]}},{"created_at":"2021-08-12T04:25:44.000Z","id":"1425674839814180865","author_id":"1425625102880808963","text":"If you are interested in reading books Here there is an important and free book that you may like a lot. To read it, click on the free link \uD83D\uDCA5\uD83D\uDCA5\uD83D\uDCA5\uD83D\uDCA5 \n\nhttps://t.co/WcAlIjkVKb\n\n#WhatIfMarvel \n#VMAs\n#SuperCup \n#MessiPSG \n#Kabylie #touchepasamesgosses #PSGxMESSI https://t.co/2U5IVTzbFL","lang":"en","public_metrics":{"retweet_count":0,"reply_count":0,"like_count":1,"quote_count":0},"attachments":{"media_keys":["3_1425674837192843268"]}},{"created_at":"2021-08-12T04:16:19.000Z","id":"1425672472116989955","author_id":"130813961","text":"Situation des principaux #feux \uD83D\uDD25 \nde forêt \uD83C\uDF33 en #Kabylie \nPour hier le 11 août https://t.co/atadxjPIIX","lang":"fr","public_metrics":{"retweet_count":0,"reply_count":1,"like_count":0,"quote_count":0},"attachments":{"media_keys":["3_1425672448327000070","3_1425672448251400192","3_1425672448205377537","3_1425672448347983872"]}},{"created_at":"2021-08-12T04:12:49.000Z","id":"1425671592080822277","author_id":"1376886121964179456","text":"Still burning ..may allah ease everything \uD83E\uDD32\uD83D\uDC9B \n#Kabylie \n#AlgeriaIsBurning  \n#savedz https://t.co/V0N0j201YK","lang":"en","public_metrics":{"retweet_count":0,"reply_count":0,"like_count":1,"quote_count":0}},{"created_at":"2021-08-12T04:05:28.000Z","id":"1425669739603537924","author_id":"3611059947","text":"@KarimaDelli Une vache pleure son petit en #Kabylie https://t.co/YSPdR2FXuC","lang":"fr","public_metrics":{"retweet_count":0,"reply_count":0,"like_count":0,"quote_count":0},"attachments":{"media_keys":["3_1425669734616518661"]}},{"created_at":"2021-08-12T04:02:45.000Z","id":"1425669056976363522","author_id":"1425625102880808963","text":"If you are interested in reading books Here there is an important and free book that you may like a lot. To read it, click on the free link \uD83D\uDCA5\uD83D\uDCA5\uD83D\uDCA5\uD83D\uDCA5 \n\nhttps://t.co/jxPQXMjLhw\n\n#WhatIfMarvel \n#VMAs\n#SuperCup \n#MessiPSG \n#Kabylie #touchepasamesgosses #PSGxMESSI https://t.co/lxiZhqnbdl","lang":"en","public_metrics":{"retweet_count":0,"reply_count":0,"like_count":1,"quote_count":0},"attachments":{"media_keys":["3_1425669054677884931"]}},{"created_at":"2021-08-12T03:57:00.000Z","id":"1425667607949086721","author_id":"2188612976","text":"#Monde #informations #IMPORTANTES #solidarité #URGENT_URGENT #Algeria #solidarity #Algérie \uD83C\uDDE9\uD83C\uDDFF #Algériens #aide pour la #Kabylie et les #kabyles \uD83C\uDDE9\uD83C\uDDFF\uD83D\uDD25\uD83D\uDE22\uD83D\uDC94\uD83E\uDD32 #prière pour Vous tous ,la terre de mon Père la #kabyliebrule #HelpAlgeria #please #PrayForkabylie ~ https://t.co/C2vechtLeb","lang":"fr","public_metrics":{"retweet_count":1,"reply_count":0,"like_count":0,"quote_count":0}},{"created_at":"2021-08-12T03:55:40.000Z","id":"1425667273835036672","author_id":"1216321266317254661","text":"#Algerie #Kabylie #kabyliebrule Par la grâce d’Allah \uD83E\uDD32\uD83C\uDFFD\uD83C\uDF27 https://t.co/gNi5mmCk75","lang":"fr","public_metrics":{"retweet_count":1,"reply_count":0,"like_count":0,"quote_count":0},"attachments":{"media_keys":["7_1425667193547771905"]}},{"created_at":"2021-08-12T03:55:09.000Z","id":"1425667142926618628","author_id":"1030950864624799744","text":"TOUDJA EST EN FEU A BEJAYA MAINTENANT !!!! Partagez !!! #Kabylie #kabyliebrule #kabylie_brule #Kabyle #PrayForkabylie #Algerie https://t.co/ZNGy1Bmkp1","lang":"fr","public_metrics":{"retweet_count":1,"reply_count":0,"like_count":1,"quote_count":0},"attachments":{"media_keys":["7_1425667110685102081"]}},{"created_at":"2021-08-12T03:37:52.000Z","id":"1425662794205208582","author_id":"276934698","text":"Quel désastre comme l'ile d'#Eubé la #Kabylie brule on y déplore de nombreux morts parmi la population et des pompiers et militaire\n la France solidaire a envoye des moyens https://t.co/yhfuniDiWM","lang":"fr","public_metrics":{"retweet_count":24,"reply_count":10,"like_count":74,"quote_count":2},"attachments":{"media_keys":["3_1425662790333878276"]}},{"created_at":"2021-08-12T03:36:07.000Z","id":"1425662356189818881","author_id":"1327722693882507268","text":"j'arrive pas à dormir\uD83D\uDC94\uD83D\uDC94\n#PrayForAlgeria\n#Algerie \n#الجزائر_تحترق \n#Kabylie","lang":"fr","public_metrics":{"retweet_count":1,"reply_count":3,"like_count":10,"quote_count":0}}],"includes":{"media":[{"media_key":"3_1425732349216624642","type":"photo","url":"https://pbs.twimg.com/media/E8k4BIvXEAICyqt.jpg"},{"media_key":"3_1425730308763160580","type":"photo","url":"https://pbs.twimg.com/media/E8k2KXdWEAQOujl.jpg"},{"media_key":"3_1425730308771549185","type":"photo","url":"https://pbs.twimg.com/media/E8k2KXfWEAEs9Ng.jpg"},{"media_key":"3_1425730308754788354","type":"photo","url":"https://pbs.twimg.com/media/E8k2KXbWUAI9OR_.jpg"},{"media_key":"3_1425730308771549186","type":"photo","url":"https://pbs.twimg.com/media/E8k2KXfWEAIX62k.jpg"},{"media_key":"7_1425730384118091776","public_metrics":{"view_count":104},"type":"video"},{"media_key":"3_1425728123925106688","type":"photo","url":"https://pbs.twimg.com/media/E8k0LMTXEAAqfOS.jpg"},{"media_key":"3_1425726825280548865","type":"photo","url":"https://pbs.twimg.com/media/E8ky_meXsAEzhX8.jpg"},{"media_key":"3_1425724383419674627","type":"photo","url":"https://pbs.twimg.com/media/E8kwxd1XsAMvNpE.jpg"},{"media_key":"3_1425721098394550274","type":"photo","url":"https://pbs.twimg.com/media/E8ktyQKWQAIqyV9.jpg"},{"media_key":"3_1425720372733820930","type":"photo","url":"https://pbs.twimg.com/media/E8ktIA3WQAIU3M-.jpg"},{"media_key":"16_1425720162465067014","type":"animated_gif"},{"media_key":"3_1425719884068134912","type":"photo","url":"https://pbs.twimg.com/media/E8ksrkcXoAAiF6z.jpg"},{"media_key":"7_1425716539777507330","public_metrics":{"view_count":326},"type":"video"},{"media_key":"3_1425716373314064385","type":"photo","url":"https://pbs.twimg.com/media/E8kpfN3X0AERTzn.jpg"},{"media_key":"7_1425441808105066497","public_metrics":{"view_count":653},"type":"video"},{"media_key":"3_1425714363533496323","type":"photo","url":"https://pbs.twimg.com/media/E8knqO2WEAMK_oN.jpg"},{"media_key":"3_1425713029115691010","type":"photo","url":"https://pbs.twimg.com/media/E8kmcjwWQAI8j-x.jpg"},{"media_key":"3_1425713054621257729","type":"photo","url":"https://pbs.twimg.com/media/E8kmeCxWUAEqJsc.jpg"},{"media_key":"3_1425713177204076550","type":"photo","url":"https://pbs.twimg.com/media/E8kmlLbXsAYkYlK.jpg"},{"media_key":"7_1425552368721174533","public_metrics":{"view_count":614},"type":"video"},{"media_key":"7_1425488558694010880","public_metrics":{"view_count":14622},"type":"video"},{"media_key":"16_1425712185146331138","type":"animated_gif"},{"media_key":"7_1425711254652571648","public_metrics":{"view_count":137},"type":"video"},{"media_key":"3_1425697860734029828","type":"photo","url":"https://pbs.twimg.com/media/E8kYppIWEAQGfiR.jpg"},{"media_key":"7_1425694913379934209","public_metrics":{"view_count":132},"type":"video"},{"media_key":"7_1425695277508354052","public_metrics":{"view_count":439},"type":"video"},{"media_key":"3_1425688161859014657","type":"photo","url":"https://pbs.twimg.com/media/E8kP1GAWEAEXETz.jpg"},{"media_key":"7_1425687381848514561","public_metrics":{"view_count":11},"type":"video"},{"media_key":"3_1425687067334488065","type":"photo","url":"https://pbs.twimg.com/media/E8kO1YlXMAE0bTo.jpg"},{"media_key":"3_1425686508665716738","type":"photo","url":"https://pbs.twimg.com/media/E8kOU3YWQAI56hT.jpg"},{"media_key":"7_1425683895966703619","public_metrics":{"view_count":1080},"type":"video"},{"media_key":"3_1425679740023754754","type":"photo","url":"https://pbs.twimg.com/media/E8kIK4OWUAI_QAn.jpg"},{"media_key":"3_1425678607595286530","type":"photo","url":"https://pbs.twimg.com/media/E8kHI9mXMAIyWuG.jpg"},{"media_key":"3_1425675669724405760","type":"photo","url":"https://pbs.twimg.com/media/E8kEd9LXIAAaOaW.jpg"},{"media_key":"3_1425674837192843268","type":"photo","url":"https://pbs.twimg.com/media/E8kDtfwXoAQ-9bl.jpg"},{"media_key":"3_1425672448327000070","type":"photo","url":"https://pbs.twimg.com/media/E8kBiciXoAYnyQH.jpg"},{"media_key":"3_1425672448251400192","type":"photo","url":"https://pbs.twimg.com/media/E8kBicQWEAAFVTC.jpg"},{"media_key":"3_1425672448205377537","type":"photo","url":"https://pbs.twimg.com/media/E8kBicFX0AEHyvj.jpg"},{"media_key":"3_1425672448347983872","type":"photo","url":"https://pbs.twimg.com/media/E8kBicnX0AASwOa.jpg"},{"media_key":"3_1425669734616518661","type":"photo","url":"https://pbs.twimg.com/media/E8j_EfLX0AUp9Xy.jpg"},{"media_key":"3_1425669054677884931","type":"photo","url":"https://pbs.twimg.com/media/E8j-c6NXoAMsOwL.jpg"},{"media_key":"7_1425667193547771905","public_metrics":{"view_count":177},"type":"video"},{"media_key":"7_1425667110685102081","public_metrics":{"view_count":226},"type":"video"},{"media_key":"3_1425662790333878276","type":"photo","url":"https://pbs.twimg.com/media/E8j4wRtX0AQWqk2.jpg"}]},"meta":{"newest_id":"1425733088345219074","oldest_id":"1425662356189818881","result_count":100,"next_token":"b26v89c19zqg8o3fpdm8kqomqic9joay7u9qaysw25vnh"}}