{"data":[{"created_at":"2021-08-12T03:16:35.000Z","text":"#kabylie #algerie #incendies #Dar_Al_Akhbar_24 \n\nAlgérie : 69 morts dans des incendies qui ravagent le nord du pays \uD83D\uDE2D| Dar Al Akhbar 24\nhttps://t.co/cAMxswnHyG","id":"1425657439018524675","public_metrics":{"retweet_count":0,"reply_count":0,"like_count":0,"quote_count":0},"lang":"fr","author_id":"1422337656101429254"},{"created_at":"2021-08-12T03:04:37.000Z","text":"SM #MohammedVI imparte instrucciones a los ministros del Interior y de Asuntos Exteriores para que expresen a sus homólogos argelinos la disponibilidad de #Marruecos para ayudar a #Argelia a combatir los #Incendios que arrasan varias regiones.\n#Kabylie","id":"1425654427432767497","public_metrics":{"retweet_count":2,"reply_count":0,"like_count":9,"quote_count":0},"lang":"es","author_id":"1565788418"},{"created_at":"2021-08-12T03:02:06.000Z","text":"HM #MohammedVI has instructed the Ministers of Interior and Foreign Affairs to express to their Algerian counterparts the availability of #Morocco to help #Algeria fight the #fires that are devastating several regions.\n#FiresInAlgeria #Kabylie #KABYLIESBURNING","id":"1425653794256396292","public_metrics":{"retweet_count":1,"reply_count":0,"like_count":8,"quote_count":0},"lang":"en","author_id":"1565788418"},{"created_at":"2021-08-12T02:54:59.000Z","text":"الأحداث والفتن كاشفة، يُنزلها الله بعد ركود والتباس الأحوال حتى تُخرِج مكنونات النفوس لتتمايز الصفوف، وكلما كان كشف الفتن أشد فما بعدها عظيم. \n\n#Tiziouzou #Tizi_Ouzou #PrayForAlgeria #تيزي_وزو_تحترق #Kabylie #savedz #تيزي_وزو_تحترق https://t.co/YDN6Q8uT99","attachments":{"media_keys":["3_1425651999979315202"]},"id":"1425652001740890117","public_metrics":{"retweet_count":0,"reply_count":0,"like_count":0,"quote_count":0},"lang":"ar","author_id":"874373407"},{"created_at":"2021-08-12T02:53:13.000Z","text":"La #France à la rescousse de la #Kabylie #incendies https://t.co/U1Xh3jHITr","id":"1425651556502974473","public_metrics":{"retweet_count":0,"reply_count":0,"like_count":0,"quote_count":0},"lang":"fr","author_id":"3253083733"},{"created_at":"2021-08-12T02:52:15.000Z","text":"#فاطٓٓٓٓٓٓٓٓٓٓٓٓٓٓٓٓٓٓٓٓٓمه_العليله #عاشوراء #LionelMessi #التحديث_الجديد #SuperCup #مرسول_يبرد_عليك #كلنا_الدكتور_هزاع #تيزي_وزو_تحترق #طقم_النصر #التيس_العارضي #بانيغا_في_أبها #مفقودة_بللحمر #تشيلسي_فياريال #رغد_عبدالله_الحربي #تسليم_البشير_إهانة_للسودان #Afghanistan #Kabylie https://t.co/M18s1ASWKI","attachments":{"media_keys":["7_1425651177639796738"]},"id":"1425651316106399747","public_metrics":{"retweet_count":0,"reply_count":0,"like_count":0,"quote_count":0},"lang":"und","author_id":"1298652695402881024"},{"created_at":"2021-08-12T02:47:30.000Z","text":"#Kabylie  ⵣ  #Tizi_Ouzou \uD83D\uDC94 #Bejaia \uD83D\uDE25\n\n#AlgerieBrule \n\n#algerie_brûle https://t.co/Kake686YAn","attachments":{"media_keys":["3_1425650111653335043"]},"id":"1425650120285200385","public_metrics":{"retweet_count":0,"reply_count":0,"like_count":1,"quote_count":0},"lang":"und","author_id":"1140602401432494080"},{"created_at":"2021-08-12T02:46:37.000Z","text":"Ravagés du ciboulot... incendier son propre environnement \uD83E\uDD7A\uD83E\uDD7A\uD83E\uDD7A#Kabylie\uD83C\uDDE9\uD83C\uDDFF\uD83C\uDF3F https://t.co/EOTLuPK4wp","id":"1425649895558496263","public_metrics":{"retweet_count":0,"reply_count":0,"like_count":2,"quote_count":0},"lang":"fr","author_id":"3253083733"},{"created_at":"2021-08-12T02:45:04.000Z","text":"Allah yara7mek Youssef Bensmail. \n\nLa justice avant l'horreur.\n\nQuel désastre,quelle barbarie.\n\n#Algerie\n#Kabylie https://t.co/JRkKHA5Rk5 https://t.co/4JAHHasH1j","attachments":{"media_keys":["3_1425649507195363331"]},"id":"1425649509410000899","public_metrics":{"retweet_count":3,"reply_count":0,"like_count":3,"quote_count":0},"lang":"fr","author_id":"2837307866"},{"created_at":"2021-08-12T02:38:22.000Z","text":"#savedz #Kabylie #PrayForAlgeria https://t.co/wCPTzEHcZU","attachments":{"media_keys":["3_1425647819659034624"]},"id":"1425647821999546369","public_metrics":{"retweet_count":0,"reply_count":0,"like_count":1,"quote_count":0},"lang":"und","author_id":"1190339544685711363"},{"created_at":"2021-08-12T02:31:28.000Z","text":"Tous les chemins mènent à Tizi Ouzou. All roads lead to Tizi Ouzou. Pray for #TiziOuzouBrule #Kabylie #Algerie","id":"1425646085435904005","public_metrics":{"retweet_count":0,"reply_count":0,"like_count":0,"quote_count":0},"lang":"ht","author_id":"57462557"},{"created_at":"2021-08-12T02:23:04.000Z","text":"J’ai vu des commentaires de faux compte et avant dormir je souhaite vous dire que aucune haine avec mes frere Marocains Tunisien et aucun autre peuple ! Nous sommes unis ! Ils veulent nous diviser ! Et personne ce réjouit de ce qui ce passe !\uD83C\uDDE9\uD83C\uDDFF \uD83C\uDDF2\uD83C\uDDE6 \uD83C\uDDF9\uD83C\uDDF3 ❤️ #kabyliebrule #Kabylie \uD83E\uDD32\uD83C\uDFFD https://t.co/B1akznWigH","attachments":{"media_keys":["3_1425643967719292933","3_1425643967752941568"]},"id":"1425643972056260609","public_metrics":{"retweet_count":1,"reply_count":1,"like_count":4,"quote_count":0},"lang":"fr","author_id":"1378139720882995200"},{"created_at":"2021-08-12T02:19:44.000Z","text":"@Kacim53168458 @sofiaadrc @csaghaahbg @_pqtucherches NON frère, tu es entrain de jouer le jeu des criminels (arabes, kabyles, Chaouis, …….) qui dirigent le pays. Les #Algeriens au pays et à l’étranger sont solidaires avec la  #Kabylie. Ce qu’on a fait à la victime, Rebi Athirham, n’est qu’un acte de barbarie.\n#PrayForAlgeria \uD83D\uDC94","id":"1425643130536218631","public_metrics":{"retweet_count":0,"reply_count":1,"like_count":2,"quote_count":0},"lang":"fr","author_id":"709217574471516161"},{"created_at":"2021-08-12T02:17:29.000Z","text":"#Kabylie #kabyliebrule #savedz #تيزي_وزو_تحترق https://t.co/CZTOJoGKep","id":"1425642566351994881","public_metrics":{"retweet_count":0,"reply_count":0,"like_count":0,"quote_count":0},"lang":"und","author_id":"1146887087490326533"},{"created_at":"2021-08-12T02:13:23.000Z","text":"#Kabylie #savedz https://t.co/5aKgYrBQM9","id":"1425641535438266370","public_metrics":{"retweet_count":1,"reply_count":0,"like_count":0,"quote_count":0},"lang":"und","author_id":"2752860843"},{"created_at":"2021-08-12T02:09:58.000Z","text":"Le numéro et insta ta3 la page #Kabylie #Algerie #AlgeriaIsBurning https://t.co/9tI7vMU5Ni","attachments":{"media_keys":["3_1425640667464835077"]},"id":"1425640675618566144","public_metrics":{"retweet_count":0,"reply_count":0,"like_count":0,"quote_count":0},"lang":"fr","author_id":"1374428034636292098"},{"created_at":"2021-08-12T02:09:21.000Z","text":"Dr. Sevillano : \"Ils seront capables de faire ce qu'ils n'ont jamais fait auparavant à l'espèce humaine grâce au graphène\" https://t.co/uMrNnWGfxO\n\n#LaQuintaColumna\n#GrapheneOxide \n#graphene \n#WhatIf \n#Kabylie \n#kabyliebrule \n#touchepasamesgosses \n#SuperCup \n#TheKissingBooth3 https://t.co/Zv5Bjl4CHN","attachments":{"media_keys":["3_1425640506638360582"]},"id":"1425640519569453056","public_metrics":{"retweet_count":0,"reply_count":0,"like_count":0,"quote_count":0},"lang":"fr","author_id":"158764526"},{"created_at":"2021-08-12T02:05:55.000Z","text":"\uD83E\uDD32\uD83C\uDFFC\uD83E\uDD32\uD83C\uDFFC\uD83E\uDD32\uD83C\uDFFC et l’état regarde ces forêts s’embraser les unes derrière les autres… Le peuple se gérer comme des braves!! Que dieu vous vienne en aide il est le meilleur garant #Algerie #Kabylie #Tiziouzou #Letatestresponsable #\uD83E\uDD32\uD83C\uDFFC https://t.co/3EZho1wl00","id":"1425639654653665281","public_metrics":{"retweet_count":1,"reply_count":0,"like_count":1,"quote_count":0},"lang":"fr","author_id":"829183776"},{"created_at":"2021-08-12T02:05:48.000Z","text":"Hadi 3afsa tazid tabynlkom #Algerie #Kabylie #AlgeriaIsBurning https://t.co/zSVBRXB7A7","attachments":{"media_keys":["7_1425639458465009667"]},"id":"1425639623552819205","public_metrics":{"retweet_count":0,"reply_count":0,"like_count":0,"quote_count":0},"lang":"da","author_id":"1374428034636292098"},{"created_at":"2021-08-12T02:00:43.000Z","text":"#PrayForAlgeria #تيزي_وزو_تحترق #Kabylie #savedz #kabyliebrule #LaKabylieBrule #AlgeriaIsBurning https://t.co/S75qQScwns","attachments":{"media_keys":["3_1425638344520839168"]},"id":"1425638347079311371","public_metrics":{"retweet_count":1,"reply_count":0,"like_count":1,"quote_count":0},"lang":"und","author_id":"891375456255180805"},{"created_at":"2021-08-12T02:00:41.000Z","text":"Ya lkhawa kyn chi klab hachakum rahum ynhiw f les matricules tae les voiteurs bch yhslu f nas bli hda li hrag et tout hbit n9ullkum li rah rayah yb9a f la voiture ta3ou \n\n #PrayForAlgeria #تيزي_وزو_تحترق #Kabylie #savedz #Algerie #AlgeriaIsBurning","id":"1425638339269570561","public_metrics":{"retweet_count":0,"reply_count":0,"like_count":0,"quote_count":0},"lang":"in","author_id":"1312404012948492288"},{"created_at":"2021-08-12T01:58:22.000Z","text":"#PrayForAlgeria #Kabylie https://t.co/RudNisYPMI","attachments":{"media_keys":["3_1425637753820270595"]},"id":"1425637756131291139","public_metrics":{"retweet_count":0,"reply_count":0,"like_count":0,"quote_count":0},"lang":"und","author_id":"891375456255180805"},{"created_at":"2021-08-12T01:58:03.000Z","text":"#Kabylie #Algerie #AlgeriaIsBurning https://t.co/oDZYlihLv8","attachments":{"media_keys":["7_1425637563277131781"]},"id":"1425637675705438209","public_metrics":{"retweet_count":1,"reply_count":0,"like_count":3,"quote_count":0},"lang":"und","author_id":"1374428034636292098"},{"created_at":"2021-08-12T01:55:42.000Z","text":"Working conditions of doctors in #Kabylie region. Please make sure you keep them in your prayers. Healthcare professionals have given us so much these past two years https://t.co/4tsCZCi5u7","attachments":{"media_keys":["7_1425637009092222976"]},"id":"1425637083188715525","public_metrics":{"retweet_count":0,"reply_count":0,"like_count":1,"quote_count":0},"lang":"en","author_id":"2358110239"},{"created_at":"2021-08-12T01:45:00.000Z","text":"#PrayForAlgeria\n#تيزي_وزو_تحترق\n#Kabylie\n#kabyliebrule\n#savedz https://t.co/OMrMoZaXtH","attachments":{"media_keys":["3_1425634388071567361"]},"id":"1425634390374326272","public_metrics":{"retweet_count":0,"reply_count":0,"like_count":1,"quote_count":0},"lang":"und","author_id":"1425624381087178766"},{"created_at":"2021-08-12T01:43:43.000Z","text":"Ils ont fait de ce paradis un enfer, Allah les fera payer très cher #kabylie #PrayForkabylie #PrayForAlgeria https://t.co/fyuEbvaOZU","id":"1425634066775384066","public_metrics":{"retweet_count":0,"reply_count":0,"like_count":4,"quote_count":0},"lang":"fr","author_id":"1273230789887569920"},{"created_at":"2021-08-12T01:42:26.000Z","text":"رابط للتبرع فضلا انشروه .\nFor Donation  \uD83D\uDE4F\uD83C\uDFFB  :\nhttps://t.co/KVsoq8mJT7 \nPlease Help Us \uD83C\uDD98 \n#PrayForAlgeria . #Kabylie #savedz \n#HelpAlgeria https://t.co/iTs5Bh4Ysh","attachments":{"media_keys":["3_1425633734636748805"]},"id":"1425633743130222593","public_metrics":{"retweet_count":2,"reply_count":0,"like_count":2,"quote_count":0},"lang":"und","author_id":"1422531293561098242"},{"created_at":"2021-08-12T01:40:19.000Z","text":"شاب في مقتبل العمر راح ضحية سوء ظن و جهل و تسرع المواطنين و لعبة قذرة من الحكومة الله ينتقم في من كان السبب  \nرحمة الله عليك \uD83E\uDD32\uD83C\uDFFB\n#تيزي_وزو_تحترق #تيزي_تحترق #الجزايٴر_تستغيث #الجزائر_تحترق #الجزائر_تختنق #الجزائر_تقاوم_ولا_تموت #Tiziouzou #TiziOuzouBrule #Kabylie #kabylie_brule https://t.co/yu02Lc3RxO","attachments":{"media_keys":["7_1425632330723508224"]},"id":"1425633213398097921","public_metrics":{"retweet_count":0,"reply_count":0,"like_count":0,"quote_count":0},"lang":"ar","author_id":"2886944446"},{"created_at":"2021-08-12T01:26:11.000Z","text":"Non pour le discorde  Nous sommes un seul peuple \n#Tiziouzou #Kabylie #AlgeriaIsBurning","id":"1425629654929584129","public_metrics":{"retweet_count":1,"reply_count":0,"like_count":2,"quote_count":0},"lang":"fr","author_id":"1332784455895953411"},{"created_at":"2021-08-12T01:25:37.000Z","text":"#savedz #kabylie_brule #kabylie #تيزي_وزو_تحترق https://t.co/FJJ48SzfmE","id":"1425629513598259200","public_metrics":{"retweet_count":0,"reply_count":0,"like_count":1,"quote_count":0},"lang":"und","author_id":"1146887087490326533"},{"created_at":"2021-08-12T01:25:11.000Z","text":"arrêtez d’essayer de vous faire justice vous même je vous en supplie #Kabylie","id":"1425629404101812225","public_metrics":{"retweet_count":0,"reply_count":0,"like_count":1,"quote_count":0},"lang":"fr","author_id":"1134224032046485505"},{"created_at":"2021-08-12T01:21:06.000Z","text":"N'hésitez pas à partager ce thread pour toucher un maximum de monde, chaque euro sera utilisé❤️\n#Algeria #Algerie_brule #AlgeriaIsBurning #Kabylie https://t.co/IVGgtT6X62","id":"1425628375444512768","public_metrics":{"retweet_count":0,"reply_count":0,"like_count":0,"quote_count":0},"lang":"fr","author_id":"753366626695802880"},{"created_at":"2021-08-12T01:20:03.000Z","text":"@Nyctode en gros du peu que j'ai vu sur l'immense bordel qu'est #Kabylie ils ont lynché puis bruler vivant un artiste venue aidé pour éteindre les feux mais ils l'ont soupçonné parce qu'il avait de l'essence et parlé arabe...","id":"1425628112176431108","public_metrics":{"retweet_count":0,"reply_count":1,"like_count":1,"quote_count":0},"lang":"fr","author_id":"1273673567838908417"},{"created_at":"2021-08-12T01:18:53.000Z","text":"Le #hirak a mis l’#lAlgérie a genoux, depuis deux ans notre pays a atteint un niveau de médiocrité jamais atteint. Débordé par le covid, frontières fermées, coupure d’eau, humiliation au JO et maintenant incapable de lutter contre les feu. Les révolutions sont des pièges #Kabylie","id":"1425627817656655876","public_metrics":{"retweet_count":0,"reply_count":1,"like_count":0,"quote_count":0},"lang":"fr","author_id":"1079495888471552002"},{"created_at":"2021-08-12T01:08:23.000Z","text":"trop peu d'information, ça insulte à droite à gauche, le mieux c'est de ne rien dire tout les gens sont sur les nerfs ( moi aussi ) ça sert à rien de comprendre maintenant #Kabylie","id":"1425625174360137732","public_metrics":{"retweet_count":0,"reply_count":0,"like_count":1,"quote_count":0},"lang":"fr","author_id":"1273673567838908417"},{"created_at":"2021-08-12T01:07:39.000Z","text":"\uD83D\uDD25\uD83D\uDD25\uD83D\uDD25\uD83D\uDD25\uD83D\uDD25\uD83D\uDD25\uD83D\uDD25\uD83D\uDD25\uD83D\uDD25\uD83D\uDD25\uD83D\uDD25\uD83D\uDD25\ni'm not perverted just italian shirt\nprix 29,95 $\nbuy https://t.co/ROq2n2Jl5Z\n'\n' \n#MessiAuPSG #fashion #PSG #Chelsea #Kabylie #savedz #SuperCup","id":"1425624991119388673","public_metrics":{"retweet_count":0,"reply_count":0,"like_count":0,"quote_count":0},"lang":"en","author_id":"1424027364019818508"},{"created_at":"2021-08-12T01:02:07.000Z","text":"#MessiPSG #PrayForAlgeria #savedz #Kabylie #LaKabylieBrule #Covid_19 #profite_dinternet \nCheck out this free app — It Pays to Walk \uD83D\uDEB6 https://t.co/je1UE3Vom1","id":"1425623598673313794","public_metrics":{"retweet_count":0,"reply_count":0,"like_count":0,"quote_count":0},"lang":"en","author_id":"1369693616843730944"},{"created_at":"2021-08-12T00:59:55.000Z","text":"C'est maintenant que je comprends Lkhota et contre-khotta\nLkhota:\na7re9 l7ala w zidelha fitna bin cha3b \nContre-khotta:\nSolidarité, peuple comme un seul homme.\n#Algerie #Kabylie #Algerie_brule #kabylie_brule #paix","id":"1425623043641126915","public_metrics":{"retweet_count":1,"reply_count":0,"like_count":3,"quote_count":0},"lang":"fr","author_id":"1274757037155651584"},{"created_at":"2021-08-12T00:57:35.000Z","text":"#savedz #Bejaia #Tizi_Ouzou #kabylie https://t.co/gCeI5zajEM","id":"1425622458648965122","public_metrics":{"retweet_count":1,"reply_count":0,"like_count":1,"quote_count":0},"lang":"und","author_id":"1284250638029815811"},{"created_at":"2021-08-12T00:53:53.000Z","text":"CEUX QUI PEUVENT SE DÉPLACER JUSQU’À BEJAIA OU TIZI SVP!! #savedz #Bejaia #Tizi_Ouzou #kabylie https://t.co/yrdudBYAKn","id":"1425621527236681729","public_metrics":{"retweet_count":5,"reply_count":0,"like_count":2,"quote_count":0},"lang":"fr","author_id":"875490776"},{"created_at":"2021-08-12T00:47:21.000Z","text":"@DZ59_42 #PrayForAlgeria #تيزي_وزو_تحترق #Kabylie #PrayForAlgeria","id":"1425619884835213318","public_metrics":{"retweet_count":0,"reply_count":0,"like_count":0,"quote_count":0},"lang":"und","author_id":"1411480618605727745"},{"created_at":"2021-08-12T00:46:08.000Z","text":"Ces incendies sont peut être d'origine du MAK  ou de personne extérieures du pays voir même du gouvernement pour  seumer la division au sein de notre propre pays... faut faire attention et  rester très vigilants. Vive L'Algérie et la kabylie #Algerie #Kabylie","id":"1425619577455718401","public_metrics":{"retweet_count":0,"reply_count":1,"like_count":1,"quote_count":0},"lang":"fr","author_id":"1225085334859538433"},{"created_at":"2021-08-12T00:46:00.000Z","text":"INHUMAINS !! bande de criminels, lynché et brûlé vif un homme sur la place publique, je suis outré !! #PrayForAlgeria #Algerie #Kabylie https://t.co/fYFMFrLLDE","id":"1425619541355372544","public_metrics":{"retweet_count":0,"reply_count":0,"like_count":5,"quote_count":0},"lang":"fr","author_id":"2464708994"},{"created_at":"2021-08-12T00:37:44.000Z","text":"C’EST TRÈS GRV PARTAGEZ #Kabylie #kabyliebrule https://t.co/mcbqsWSZ0P","attachments":{"media_keys":["3_1425617455653736462"]},"id":"1425617461316042754","public_metrics":{"retweet_count":0,"reply_count":1,"like_count":1,"quote_count":0},"lang":"fr","author_id":"1413654411566592001"},{"created_at":"2021-08-12T00:34:49.000Z","text":"Svp les Kabyles mdkhloch rohkom f khedma tae doula mshi li bantlkom elih tahargoh Maranach aychin f ghaba ou rbi yjib lkhir \n#PrayForAlgeria #Kabylie #Tizi_Ouzou #تيزي_وزو_تحترق","id":"1425616730072748032","public_metrics":{"retweet_count":0,"reply_count":0,"like_count":5,"quote_count":0},"lang":"in","author_id":"1283941746238521344"},{"created_at":"2021-08-12T00:34:27.000Z","text":"La police l'a condamné, la foule a exécuté ! \nDans tout ça, je le redis encore une fois, UN SEUL ENNEMI, L'ÉTAT ! \n\n#Kabylie \n#Algerie","id":"1425616638221631489","public_metrics":{"retweet_count":0,"reply_count":0,"like_count":2,"quote_count":1},"lang":"fr","author_id":"1066075915"},{"created_at":"2021-08-12T00:29:04.000Z","text":"L'Algérie à l'épreuve du feu... Le titre  d'un épisode sombre que traverse l'Algérie ! Le feu nous a uni hier et risque de nous diviser aujourd'hui.\n\n#AlgerieBrule #Kabylie #lynchage #Djamel","id":"1425615283507666947","public_metrics":{"retweet_count":0,"reply_count":0,"like_count":1,"quote_count":0},"lang":"fr","author_id":"128011931"},{"created_at":"2021-08-12T00:22:15.000Z","text":"\uD83D\uDC94\n#TiziOuzouBrule #AlgeriaIsBurning #savedz #Kabylie #soskabylie #تيزي_وزو_تحترق #تيزي_وزو #الجزائر_تحترق\n#الجزاير_تحترق https://t.co/t7MyKxm5wx","attachments":{"media_keys":["3_1425613562005819396"]},"id":"1425613564551782402","public_metrics":{"retweet_count":0,"reply_count":1,"like_count":8,"quote_count":1},"lang":"und","author_id":"1250364916961357824"},{"created_at":"2021-08-12T00:19:34.000Z","text":"@AissiNath #Kabylie...faire des kms pour aller aider bénévolement des personnes en détresse ne mérite pas une telle confusion barbare.","id":"1425612891315658756","public_metrics":{"retweet_count":0,"reply_count":0,"like_count":0,"quote_count":0},"lang":"fr","author_id":"1418704398302294016"},{"created_at":"2021-08-12T00:09:56.000Z","text":"Notre Kabylie est en feu\n#Kabylie #PrayForAlgeria \nربي يجيب الخير و لا للفتنة ❤️ https://t.co/wm8qL9EDiJ","attachments":{"media_keys":["3_1425610461094072327"]},"id":"1425610467683221504","public_metrics":{"retweet_count":1,"reply_count":0,"like_count":0,"quote_count":0},"lang":"und","author_id":"1233466151704940544"},{"created_at":"2021-08-12T00:08:10.000Z","text":"Le seul héros, le peuple \uD83D\uDE4C c’est a ces moments la qu’il faut qu’on soit souder comme les 5 doigts de la main \uD83D\uDC4F\uD83C\uDFFB#Kabylie","id":"1425610020511748097","public_metrics":{"retweet_count":0,"reply_count":0,"like_count":0,"quote_count":0},"lang":"fr","author_id":"1189497699176980481"},{"created_at":"2021-08-12T00:06:38.000Z","text":"photos tristes\uD83D\uDC94\uD83D\uDC94\uD83E\uDD15 #Kabylie #Algerie  #Tizi_Ouzou https://t.co/qVpnueFSm0","attachments":{"media_keys":["3_1425609618911371269","3_1425609624888164359","3_1425609628738629633","3_1425609632471474177"]},"id":"1425609634677760003","public_metrics":{"retweet_count":0,"reply_count":0,"like_count":1,"quote_count":0},"lang":"pt","author_id":"1276476277126565892"},{"created_at":"2021-08-12T00:05:55.000Z","text":"#Bejaïa #TiziOuzou #Kabylie\n#incendiesAlgerie \uD83D\uDC94\uD83D\uDC9A\uD83D\uDC94 https://t.co/7Icxh0looM","attachments":{"media_keys":["3_1425609454389809154"]},"id":"1425609457917120512","public_metrics":{"retweet_count":0,"reply_count":0,"like_count":2,"quote_count":0},"lang":"und","author_id":"773022574829834240"},{"created_at":"2021-08-12T00:05:24.000Z","text":"There are no words to describe how it feels to see our beautiful Kabylie, my home, literally burning down #AlgeriaWildfires #Kabylie https://t.co/UWSxNKbyYp","id":"1425609326153056260","public_metrics":{"retweet_count":0,"reply_count":0,"like_count":0,"quote_count":0},"lang":"en","author_id":"1177262712600104960"},{"created_at":"2021-08-12T00:03:03.000Z","text":"\"La France enverra 2 canadairs et un avion de commandement\"\nTant mieux pour la Kabylie\nIl faut noter que le gouvernement algérien qui se targue d'être le seul pays africain anti colonialiste et blabla, accepte l'aide de l'ancien colonisateur et refuse celle du Maroc\n#Kabylie","id":"1425608735104372736","public_metrics":{"retweet_count":0,"reply_count":1,"like_count":4,"quote_count":0},"lang":"fr","author_id":"1202268187011829760"},{"created_at":"2021-08-12T00:01:27.000Z","text":"\uD83D\uDEB8  UN SEULE HÉRO LE PEUPLE  \uD83D\uDEB8\n\nLa solidarité bat son plein dans plusieurs quartier a Alger bravo les jeunes révolutionnaires \uD83D\uDCAA\nعدة أحياء من العاصمة الأن تقوم بجمع التبرعات للمتضررين من الحرائق شكرا الشعب الجزائري \nالثوري \uD83D\uDCAA\n#Kabylie \n#Tizi_Ouzou \n#Algerie \n#PrayForAlgeria https://t.co/PK9WpzpW42","attachments":{"media_keys":["7_1425608130604457990"]},"id":"1425608333155835913","public_metrics":{"retweet_count":0,"reply_count":0,"like_count":2,"quote_count":0},"lang":"und","author_id":"236434820"},{"created_at":"2021-08-11T23:58:59.000Z","text":"Ce soutien des frères marocains envers le peuple algérien et la #kabylie !\uD83D\uDE22\uD83D\uDE22\n\nQu'Allah récompense tous les braves et nous réunissent tous sous le même drapeau. https://t.co/oQLslRGsIL","id":"1425607710255587331","public_metrics":{"retweet_count":76,"reply_count":4,"like_count":348,"quote_count":2},"lang":"fr","author_id":"394658733"},{"created_at":"2021-08-11T23:53:11.000Z","text":"loulou Retweeted\nSamy Daoud\n@DAOUDSamy\n·\n58m\nAppel à l'aide du P/APC de #AthZmenzer Ali DAOUD. La commune est entouré par les flammes et demande de l'aide pour les familles évacuées qui se trouve actuellement au niveau du lycée d'Ath Zmenzer. \n#Kabylie \nhttps://t.co/a7vkSiEUEH","id":"1425606252785250306","public_metrics":{"retweet_count":0,"reply_count":0,"like_count":1,"quote_count":0},"lang":"fr","author_id":"1268561755103428609"},{"created_at":"2021-08-11T23:51:07.000Z","text":"Au niveau de Boudjemaa temim 1 à Draria les gens svp rt!! #Algerie #AlgeriaIsBurning #Kabylie #bejaia #Tizi_Ouzou #savedz https://t.co/zGcMZ4CXF1","attachments":{"media_keys":["3_1425605722952376322"]},"id":"1425605731756224515","public_metrics":{"retweet_count":39,"reply_count":0,"like_count":20,"quote_count":1},"lang":"fr","author_id":"875490776"},{"created_at":"2021-08-11T23:47:00.000Z","text":"Pour les gens qui sont resté sans abris venez à Boudjima c'est à 13km de tigzirt .\n#Kabylie \n#kabyliebrule \n#savekabylie https://t.co/O9Ee9qmHkF","attachments":{"media_keys":["3_1425604677312331777","3_1425604681875828736","3_1425604692302782465"]},"id":"1425604695184261122","public_metrics":{"retweet_count":0,"reply_count":0,"like_count":4,"quote_count":0},"lang":"fr","author_id":"1425244632082944004"},{"created_at":"2021-08-11T23:44:17.000Z","text":"#Djamel a été sorti d’un camion de police, lynché et brûlé vif par une foule qui le pensait être le #pyromane des incendies de #kabylie \nCe musicien était en réalité venu de son village pour aider\nCeux qui l’ont livré en pâture sont coupables et ceux qui l’ont tué aussi #Algérie https://t.co/zQFX4PqtEX","attachments":{"media_keys":["3_1425604003337998340"]},"id":"1425604010778714114","public_metrics":{"retweet_count":15,"reply_count":3,"like_count":36,"quote_count":0},"lang":"fr","author_id":"2981665438"},{"created_at":"2021-08-11T23:44:05.000Z","text":"Ce qu'est fait pour le jeune homme de #KHMISS MELIANA n'a rien approuvé que certains personnes ne veulent  jamais changer quoi qu'il arrive pour eux.... Les #Kabylie tt simplement 3IB 3LIKOM w 7RAM... \uD83D\uDC94 On était tous solidaires avec vous puisque nous sommes les algériens.. \uD83E\uDD1A\uD83D\uDE1E","id":"1425603962909102085","public_metrics":{"retweet_count":0,"reply_count":2,"like_count":2,"quote_count":0},"lang":"fr","author_id":"1099066293645398016"},{"created_at":"2021-08-11T23:42:59.000Z","text":"L’asso Tiwizi organise une collecte de #dons dand le #valdemarne du 12 au 15 août pr les sinistrés des #incendie de #kabylie en #algerie de 14h a 18h au 2 rue Georges Dimitrov à #champignysurmarne allezy en masse medicament biafine doliprane betadine compresses partagez en masse https://t.co/nn2ujDcYbr","attachments":{"media_keys":["3_1425603682582859779","3_1425603682557644804"]},"id":"1425603686609338373","public_metrics":{"retweet_count":5,"reply_count":0,"like_count":4,"quote_count":1},"lang":"fr","author_id":"1360896433243762689"},{"created_at":"2021-08-11T23:38:48.000Z","text":"#je_suis_algerien et l'Algérie nous unies \n#لا_للفتنة_في_الجزائر\n#الجزائر \n#algerie\n#algeriaisburning\n#PrayforAlgeria \n#kabylie\n#kabyliebrule \n#algerie\uD83C\uDDE9\uD83C\uDDFF https://t.co/SVuhgj2VpD","attachments":{"media_keys":["3_1425602631918047238"]},"id":"1425602633880965127","public_metrics":{"retweet_count":0,"reply_count":0,"like_count":2,"quote_count":1},"lang":"fr","author_id":"1222295644410449920"},{"created_at":"2021-08-11T23:35:02.000Z","text":"Je suis complètement choquée par l’acte barbare commis en kabylie à l’encontre du jeune homme présumé avoir mis le feu à la region.\nMais dans quel monde de malade mental vit-on.\nC’est une jungle kol wahad yahkem bahkamo.\nحسبيٰ الله و نعم الوكيل. #Kabylie #kabyliebrule #Algerie","id":"1425601685804785667","public_metrics":{"retweet_count":0,"reply_count":1,"like_count":7,"quote_count":0},"lang":"fr","author_id":"2445856988"},{"created_at":"2021-08-11T23:32:50.000Z","text":"Malheureusement la colère a pris le dessus, la police a laissé faire, le système a réussi son coup.\n#Kabylie #PrayForAlgeria #تيزي_وزو_تحترق #Tizi_Ouzou","id":"1425601131007336452","public_metrics":{"retweet_count":0,"reply_count":1,"like_count":5,"quote_count":0},"lang":"fr","author_id":"1209230856264519680"},{"created_at":"2021-08-11T23:31:40.000Z","text":"#Bejaia\n#Tizi_Ouzou #TiziOuzou_brule  #algerie #Kabylie \n#PrayForAlgeria #الجزائر_تحترق #الجزائر #تيزي_وزو #تيزي_وزو_تحترق https://t.co/lsJTtFDrwr https://t.co/TrJysZSEUO","attachments":{"media_keys":["3_1425600836030369796","3_1425368775323537409"]},"id":"1425600838672785424","public_metrics":{"retweet_count":2,"reply_count":0,"like_count":3,"quote_count":0},"lang":"und","author_id":"1392323934251536388"},{"created_at":"2021-08-11T23:31:23.000Z","text":"@gaelmoali Baraka’Allah oufik !!\n#Algerie #AlgeriaIsBurning #Kabylie #Tizi_Ouzou","id":"1425600767268884481","public_metrics":{"retweet_count":0,"reply_count":1,"like_count":1,"quote_count":0},"lang":"in","author_id":"4461162256"},{"created_at":"2021-08-11T23:28:50.000Z","text":"من قبايل الي العاصمه \uD83C\uDF99️....البرقيه مفهومه...أكرر ..البرقيه مفهومه....\n#PrayForAlgeria #Kabylie #تيزي_وزو #تيزي_وزو_تحترق \n#Maroc https://t.co/LFQqGU0hyW","attachments":{"media_keys":["3_1425598680476889095"]},"id":"1425600123653005312","public_metrics":{"retweet_count":2,"reply_count":4,"like_count":3,"quote_count":0},"lang":"ar","author_id":"24854100"},{"created_at":"2021-08-11T23:27:45.000Z","text":"Wildfires in occupied #Kabylie showed to the world the algerian army doesn't have any canadair to fight against fires around occupied Kabylie but it has all the money to corrupt NGOs (WSRW, WSCUK...). \n#SaharaOccidental #WesternSahara \n#MoroccanSahara because #MoroccanSaharawi https://t.co/SPvmaSr3H7","attachments":{"media_keys":["3_1425598940355964929"]},"id":"1425599852520554499","public_metrics":{"retweet_count":3,"reply_count":0,"like_count":6,"quote_count":0},"lang":"en","author_id":"902832019947884544"},{"created_at":"2021-08-11T23:26:31.000Z","text":"L’Algérie c’est un pays de rater ils ont bruler un homme en pensant qu’il avait déclenché les incendies alors qu’il été venue aider... comment vous voulez avancer avec un peuple comme ça ? \n#Algerie #Kabylie","id":"1425599540967714817","public_metrics":{"retweet_count":0,"reply_count":0,"like_count":0,"quote_count":0},"lang":"fr","author_id":"1319747377226518529"},{"created_at":"2021-08-11T23:24:28.000Z","text":"\uD83D\uDD34\uD83D\uDD34\uD83D\uDD34\uD83D\uDD34\uD83D\uDD34\uD83D\uDD34\uD83D\uDD34\uD83D\uDD34\uD83D\uDD34\uD83D\uDD34\uD83D\uDD34\uD83D\uDD34 #Tizi_Ouzou #TiziOuzouBrule #larbaanathirathen #kabylie https://t.co/6VmPcPMdez","attachments":{"media_keys":["3_1425599016000163840"]},"id":"1425599024862801922","public_metrics":{"retweet_count":1,"reply_count":0,"like_count":4,"quote_count":0},"lang":"und","author_id":"1232714177015418881"},{"created_at":"2021-08-11T23:24:18.000Z","text":"#PrayForAlgeria\n#savedz\n#تيزي_وزو_تحترق\n#Kabylie\n#AlgeriaIsBurning https://t.co/z8r6ZLlB0R","attachments":{"media_keys":["3_1425598980268900356"]},"id":"1425598982810750976","public_metrics":{"retweet_count":0,"reply_count":0,"like_count":0,"quote_count":0},"lang":"und","author_id":"1272072973"},{"created_at":"2021-08-11T23:22:52.000Z","text":"« J’ai mal à l'Algérie, en ce moment, comme d'autres ont mal aux poumons.”\n― Albert Camus.\n#Kabylie #Algerie #تيزي_وزو_تحترق  #Kabylie #feuxDeForet","id":"1425598623249747969","public_metrics":{"retweet_count":0,"reply_count":0,"like_count":4,"quote_count":0},"lang":"fr","author_id":"1300929963378565121"},{"created_at":"2021-08-11T23:19:56.000Z","text":"Notre kabylie est entrain de brûler\uD83D\uDC94 \nLa kabylie a besoin de nous \uD83D\uDCAA\uD83C\uDFFB \n     ربي يرحم الشهداء \uD83E\uDD32\uD83C\uDFFB\uD83D\uDE4F\uD83C\uDFFB\n#Kabylie #save_kabylie #TiziOuzou_brule https://t.co/FnBWcvrylb","attachments":{"media_keys":["7_1425597516435886081"]},"id":"1425597884209242118","public_metrics":{"retweet_count":2,"reply_count":0,"like_count":5,"quote_count":0},"lang":"und","author_id":"1363140629790941189"},{"created_at":"2021-08-11T23:16:57.000Z","text":"Oui quelle horreur ! Ça m’inspire du dégoût ! Comment peut-on être solidaire de la #Kabylie après le comportement barbare des kabyles ? Brûler un homme par une foule de sauvage… Je n’ai pas les mots !\n#Algerie #Kabylie #kabyliebrule #djamel #feuxDeForet https://t.co/E4WybbFN9W","id":"1425597133713989635","public_metrics":{"retweet_count":0,"reply_count":5,"like_count":2,"quote_count":0},"lang":"fr","author_id":"1271129128129961984"},{"created_at":"2021-08-11T23:12:19.000Z","text":"#Algérie : en #Kabylie : un homme innocent a été brûlé vif par des personnes qui l’ont suspecté d’être à l’origine des incendies... Le niveau de violence et l’absence de Justice dans les sociétés arabes sont affligeants","id":"1425595965273251842","public_metrics":{"retweet_count":2,"reply_count":8,"like_count":12,"quote_count":0},"lang":"fr","author_id":"1300796812207575041"},{"created_at":"2021-08-11T23:11:57.000Z","text":"#Algérie #kabylie bizarrement on n'entend plus les islamistes. On ne les vois plus. Ils ont disparut. Volatilisés.","id":"1425595875758419974","public_metrics":{"retweet_count":0,"reply_count":1,"like_count":1,"quote_count":0},"lang":"fr","author_id":"17214347"},{"created_at":"2021-08-11T23:11:04.000Z","text":"#savedz #savekabylie #fire\n#kabylie\n#algerie \n#SOS_Kabylie https://t.co/u9My6CuIby","attachments":{"media_keys":["3_1425595650784350210"]},"id":"1425595653787459584","public_metrics":{"retweet_count":0,"reply_count":0,"like_count":1,"quote_count":0},"lang":"und","author_id":"1347140033149595649"},{"created_at":"2021-08-11T23:10:26.000Z","text":"@RachidTemal @elmouradia_dz ils ont du pétrole, bcps de petrole et bcps de gaz ,on se demande où est passé le fric  ,pour être dans la loose comme çà, #PrayForAlgerie #Kabylie","id":"1425595493422444550","public_metrics":{"retweet_count":0,"reply_count":1,"like_count":1,"quote_count":0},"lang":"fr","author_id":"2840813638"},{"created_at":"2021-08-11T23:10:09.000Z","text":"L’Algerie s’en sortira la tête haute, comme elle l’a toujours fait \uD83C\uDDE9\uD83C\uDDFF❤️ #Algerie #Kabylie https://t.co/oeol3N3JKu","attachments":{"media_keys":["3_1425595382084653058","3_1425595382072021001","3_1425595382101385224","3_1425595382097190920"]},"id":"1425595422270267399","public_metrics":{"retweet_count":21,"reply_count":3,"like_count":52,"quote_count":0},"lang":"fr","author_id":"1388870177077481472"},{"created_at":"2021-08-11T23:10:03.000Z","text":"#Kabylie https://t.co/ccPJ5GfKQF","attachments":{"media_keys":["3_1425595390582304770"]},"id":"1425595394818560007","public_metrics":{"retweet_count":0,"reply_count":0,"like_count":2,"quote_count":0},"lang":"und","author_id":"910794320994869248"},{"created_at":"2021-08-11T23:09:15.000Z","text":"« …Make it rain, \nMake it rain down, Lord, \nMake it rain, \nOh make it rain… »\n\uD83E\uDD32\uD83C\uDFFC#Kabylie #Greece #Turkey #Siberia #Italia","id":"1425595196402720770","public_metrics":{"retweet_count":0,"reply_count":0,"like_count":1,"quote_count":0},"lang":"en","author_id":"1350025703807471616"},{"created_at":"2021-08-11T23:08:48.000Z","text":"#PrayForAlgeria \n#AlgeriaIsBurning \n#FiresInAlgeria \n#Tizi_Ouzou \n#Kabylie\n#تيزي_وزو_تحترق \n#الجزائر_تحترق https://t.co/pZICuNs9kF","id":"1425595080811982859","public_metrics":{"retweet_count":0,"reply_count":0,"like_count":0,"quote_count":0},"lang":"und","author_id":"1319397434213228544"},{"created_at":"2021-08-11T23:08:47.000Z","text":"@JORourkeEU A tous ceux qui viennent cracher leur haine envers la #kabyliebrule  en critiquant l'utilisation du terme #Kabylie  en lieux et place d'#Algérie  , allez tous vous enc.. bien profond !!!  La #Xénophobie  même en temps de crise !! C'est incroyable.","id":"1425595075892072459","public_metrics":{"retweet_count":0,"reply_count":0,"like_count":2,"quote_count":0},"lang":"fr","author_id":"723085926"},{"created_at":"2021-08-11T23:08:02.000Z","text":"#PrayForAlgeria \n#AlgeriaIsBurning \n#FiresInAlgeria \n#Tizi_Ouzou \n#Kabylie\n#تيزي_وزو_تحترق \n#الجزائر_تحترق https://t.co/Xcmuo8BzKs","id":"1425594889006424069","public_metrics":{"retweet_count":0,"reply_count":0,"like_count":1,"quote_count":0},"lang":"und","author_id":"1319397434213228544"},{"created_at":"2021-08-11T23:07:29.000Z","text":"#PrayForAlgeria \n#AlgeriaIsBurning \n#FiresInAlgeria \n#Tizi_Ouzou \n#Kabylie\n#تيزي_وزو_تحترق \n#الجزائر_تحترق https://t.co/qya1GOq0Fh","id":"1425594750275567616","public_metrics":{"retweet_count":0,"reply_count":0,"like_count":0,"quote_count":0},"lang":"und","author_id":"1319397434213228544"},{"created_at":"2021-08-11T23:05:39.000Z","text":"Il s'appelait Djamel Bensmail, un jeune artiste de Meliana. Il a été jugé, comdanné, torturé et brûlé vif en une soirée par des extrémistes du MAK #Algerie #kabyliebrule #Algeria #MaKabylieBrule #Kabylie https://t.co/UnVkDAIn4C","attachments":{"media_keys":["3_1425594285710270468"]},"id":"1425594291087421444","public_metrics":{"retweet_count":5,"reply_count":4,"like_count":20,"quote_count":1},"lang":"fr","author_id":"1038452186576048130"},{"created_at":"2021-08-11T23:05:17.000Z","text":"#Algerie #Kabylie : les incendies révèlent le manque de moyens de l’État  - TV5MONDE     https://t.co/sQyH4Dfpze","id":"1425594198108028928","public_metrics":{"retweet_count":1,"reply_count":1,"like_count":1,"quote_count":0},"lang":"fr","author_id":"255479204"},{"created_at":"2021-08-11T23:00:00.000Z","text":"Le p'tit rougi est en deuil pour 3 jours \uD83D\uDE22\n#leptitrougi #Algérie #Incendie #Tizi_ouzou #Béjaia #Solidatité #Kabylie #DeuilNational https://t.co/qcO6K4NopB","attachments":{"media_keys":["3_1425558439674122245"]},"id":"1425592869503463429","public_metrics":{"retweet_count":1,"reply_count":0,"like_count":2,"quote_count":0},"lang":"fr","author_id":"1422401592079396903"},{"created_at":"2021-08-11T22:59:25.000Z","text":"Why is no one talking about this? \nA Guy has been wrongfully accused and he was Burned alive, this guy went to help the victims of the wildfires, shame on whoever did this.\n#Kabylie\n#savedz\n#AlgeriaIsBurning \n#AlgeriaWildfires https://t.co/x8MjQDPpxU","attachments":{"media_keys":["3_1425592720320520193"]},"id":"1425592722564521993","public_metrics":{"retweet_count":2,"reply_count":0,"like_count":3,"quote_count":1},"lang":"en","author_id":"980044058688217090"},{"created_at":"2021-08-11T22:59:03.000Z","text":"@djsnake Not music our kabylie is inneed\uD83D\uDCAB\uD83D\uDCAB\uD83D\uDCA5#safety #Kabylie #KABYLIESBURNING","id":"1425592630310756353","public_metrics":{"retweet_count":0,"reply_count":0,"like_count":0,"quote_count":0},"lang":"en","author_id":"1075008688916697090"},{"created_at":"2021-08-11T22:58:54.000Z","text":"my kabylie is burning\nmy entire body is burning with rage\nif you know of a way to help from far please share\n\n#kabylie #algeria #savealgeria","id":"1425592591085711362","public_metrics":{"retweet_count":0,"reply_count":0,"like_count":0,"quote_count":0},"lang":"en","author_id":"794943830281883648"},{"created_at":"2021-08-11T22:58:19.000Z","text":"#تيزي_وزو_تحترق #تيزي_وزو #الجزائر #الجزايٴر_تستغيث #الجزائر_تقاوم_ولا_تموت #الجزائر_تحترق #الجزائر_تختنق #Algerie #algeria #Tizi_Ouzou #Kabylie #kabyliebrule #TiziOuzouBrule https://t.co/S1NWfss7CE","attachments":{"media_keys":["3_1425592441378426886"]},"id":"1425592444113063946","public_metrics":{"retweet_count":1,"reply_count":2,"like_count":7,"quote_count":0},"lang":"und","author_id":"2886944446"},{"created_at":"2021-08-11T22:56:11.000Z","text":"#Kabylie\nLes bouteilles en verre laissées à l'abandon peuvent provoquer des incendies. https://t.co/G0syJjy66G","attachments":{"media_keys":["3_1425591905556045826"]},"id":"1425591907724451844","public_metrics":{"retweet_count":4,"reply_count":1,"like_count":11,"quote_count":0},"lang":"fr","author_id":"2954024641"},{"created_at":"2021-08-11T22:52:53.000Z","text":"Appel à l'aide du P/APC de #AthZmenzer Ali DAOUD. La commune est entouré par les flammes et demande de l'aide pour les familles évacuées qui se trouve actuellement au niveau du lycée d'Ath Zmenzer. \n#Kabylie https://t.co/dXXo8KAW3Q","attachments":{"media_keys":["7_1425590906393174020"]},"id":"1425591075733901320","public_metrics":{"retweet_count":19,"reply_count":1,"like_count":7,"quote_count":1},"lang":"fr","author_id":"1178032051"},{"created_at":"2021-08-11T22:51:46.000Z","text":"#Kabylie \n#kabyliebrule \n#savekabylie \n#TiziOuzouBrule https://t.co/ixLTF21Tna","attachments":{"media_keys":["3_1425590789229404176"]},"id":"1425590795072069636","public_metrics":{"retweet_count":2,"reply_count":1,"like_count":6,"quote_count":0},"lang":"und","author_id":"1425244632082944004"},{"created_at":"2021-08-11T22:45:56.000Z","text":"#manif14aout #maroc #Palestine #Israel #traitres #normalisation #Algerie #Kabylie #Afghanistan #AntiPassSanitaire #الجزائر #FeuxDeForêt https://t.co/4zcxDXE5Ig","attachments":{"media_keys":["7_1425589269083590667"]},"id":"1425589326650433541","public_metrics":{"retweet_count":1,"reply_count":0,"like_count":1,"quote_count":0},"lang":"und","author_id":"1390708816078065666"}],"includes":{"media":[{"media_key":"3_1425651999979315202","type":"photo","url":"https://pbs.twimg.com/media/E8ju8MgXoAI1Q-M.jpg"},{"media_key":"7_1425651177639796738","public_metrics":{"view_count":1},"type":"video"},{"media_key":"3_1425650111653335043","type":"photo","url":"https://pbs.twimg.com/media/E8jtOR8X0AMIyHX.png"},{"media_key":"3_1425649507195363331","type":"photo","url":"https://pbs.twimg.com/media/E8jsrGKXIAMS7Zc.jpg"},{"media_key":"3_1425647819659034624","type":"photo","url":"https://pbs.twimg.com/media/E8jrI3mWQAAm-KZ.jpg"},{"media_key":"3_1425643967719292933","type":"photo","url":"https://pbs.twimg.com/media/E8jnoqAWQAU_wbr.jpg"},{"media_key":"3_1425643967752941568","type":"photo","url":"https://pbs.twimg.com/media/E8jnoqIXsAAKUQn.jpg"},{"media_key":"3_1425640667464835077","type":"photo","url":"https://pbs.twimg.com/media/E8jkojmXoAUY31_.jpg"},{"media_key":"3_1425640506638360582","type":"photo","url":"https://pbs.twimg.com/media/E8jkfMeWYAYslIs.jpg"},{"media_key":"7_1425639458465009667","public_metrics":{"view_count":110},"type":"video"},{"media_key":"3_1425638344520839168","type":"photo","url":"https://pbs.twimg.com/media/E8jihV9XMAAIoA3.jpg"},{"media_key":"3_1425637753820270595","type":"photo","url":"https://pbs.twimg.com/media/E8jh-9bX0AMqZKQ.jpg"},{"media_key":"7_1425637563277131781","public_metrics":{"view_count":36},"type":"video"},{"media_key":"7_1425637009092222976","public_metrics":{"view_count":31},"type":"video"},{"media_key":"3_1425634388071567361","type":"photo","url":"https://pbs.twimg.com/media/E8je7DCWUAEQNRF.jpg"},{"media_key":"3_1425633734636748805","type":"photo","url":"https://pbs.twimg.com/media/E8jeVAzWQAU93HO.jpg"},{"media_key":"7_1425632330723508224","public_metrics":{"view_count":27},"type":"video"},{"media_key":"3_1425617455653736462","type":"photo","url":"https://pbs.twimg.com/media/E8jPhc3WUA4sQaS.jpg"},{"media_key":"3_1425613562005819396","type":"photo","url":"https://pbs.twimg.com/media/E8jL-z5WEAQC-kO.jpg"},{"media_key":"3_1425610461094072327","type":"photo","url":"https://pbs.twimg.com/media/E8jJKUGX0AcCP9o.jpg"},{"media_key":"3_1425609618911371269","type":"photo","url":"https://pbs.twimg.com/media/E8jIZSuXoAUwIII.jpg"},{"media_key":"3_1425609624888164359","type":"photo","url":"https://pbs.twimg.com/media/E8jIZo_WQAczIY4.jpg"},{"media_key":"3_1425609628738629633","type":"photo","url":"https://pbs.twimg.com/media/E8jIZ3VXsAEi3w-.jpg"},{"media_key":"3_1425609632471474177","type":"photo","url":"https://pbs.twimg.com/media/E8jIaFPWYAEY90e.jpg"},{"media_key":"3_1425609454389809154","type":"photo","url":"https://pbs.twimg.com/media/E8jIPt1X0AIrooF.jpg"},{"media_key":"7_1425608130604457990","public_metrics":{"view_count":201},"type":"video"},{"media_key":"3_1425605722952376322","type":"photo","url":"https://pbs.twimg.com/media/E8jE2hJXIAI3spl.jpg"},{"media_key":"3_1425604677312331777","type":"photo","url":"https://pbs.twimg.com/media/E8jD5p1WQAEDr9P.jpg"},{"media_key":"3_1425604681875828736","type":"photo","url":"https://pbs.twimg.com/media/E8jD561XsAA2jiY.jpg"},{"media_key":"3_1425604692302782465","type":"photo","url":"https://pbs.twimg.com/media/E8jD6hrWYAEHdIS.jpg"},{"media_key":"3_1425604003337998340","type":"photo","url":"https://pbs.twimg.com/media/E8jDSbFWEAQpxrB.jpg"},{"media_key":"3_1425603682582859779","type":"photo","url":"https://pbs.twimg.com/media/E8jC_wLXEAMDyI_.jpg"},{"media_key":"3_1425603682557644804","type":"photo","url":"https://pbs.twimg.com/media/E8jC_wFWUAQ0oFG.jpg"},{"media_key":"3_1425602631918047238","type":"photo","url":"https://pbs.twimg.com/media/E8jCCmJWUAY5vhf.jpg"},{"media_key":"3_1425600836030369796","type":"photo","url":"https://pbs.twimg.com/media/E8jAaD8XEAQqLkX.jpg"},{"media_key":"3_1425368775323537409","type":"photo","url":"https://pbs.twimg.com/media/E8ftWWcX0AEM8ox.jpg"},{"media_key":"3_1425598680476889095","type":"photo","url":"https://pbs.twimg.com/media/E8i-cl4XMAchpCh.jpg"},{"media_key":"3_1425598940355964929","type":"photo","url":"https://pbs.twimg.com/media/E8i-ruAXMAE_qX7.png"},{"media_key":"3_1425599016000163840","type":"photo","url":"https://pbs.twimg.com/media/E8i-wHzWEAAUJLJ.jpg"},{"media_key":"3_1425598980268900356","type":"photo","url":"https://pbs.twimg.com/media/E8i-uCsWQAQn5fJ.jpg"},{"media_key":"7_1425597516435886081","public_metrics":{"view_count":132},"type":"video"},{"media_key":"3_1425595650784350210","type":"photo","url":"https://pbs.twimg.com/media/E8i7sPZX0AIvdI8.jpg"},{"media_key":"3_1425595382084653058","type":"photo","url":"https://pbs.twimg.com/media/E8i7cmaX0AIwHZs.jpg"},{"media_key":"3_1425595382072021001","type":"photo","url":"https://pbs.twimg.com/media/E8i7cmXXEAkJH5Z.jpg"},{"media_key":"3_1425595382101385224","type":"photo","url":"https://pbs.twimg.com/media/E8i7cmeXIAgLTxQ.jpg"},{"media_key":"3_1425595382097190920","type":"photo","url":"https://pbs.twimg.com/media/E8i7cmdXIAg_h08.jpg"},{"media_key":"3_1425595390582304770","type":"photo","url":"https://pbs.twimg.com/media/E8i7dGEXsAIuteh.jpg"},{"media_key":"3_1425594285710270468","type":"photo","url":"https://pbs.twimg.com/media/E8i6cyGWYAQZvMy.jpg"},{"media_key":"3_1425558439674122245","type":"photo","url":"https://pbs.twimg.com/media/E8iZ2RNWEAUokgl.jpg"},{"media_key":"3_1425592720320520193","type":"photo","url":"https://pbs.twimg.com/media/E8i5BqkWYAElSAB.jpg"},{"media_key":"3_1425592441378426886","type":"photo","url":"https://pbs.twimg.com/media/E8i4xbbX0AYQHMD.jpg"},{"media_key":"3_1425591905556045826","type":"photo","url":"https://pbs.twimg.com/media/E8i4SPVXIAIFefv.jpg"},{"media_key":"7_1425590906393174020","public_metrics":{"view_count":582},"type":"video"},{"media_key":"3_1425590789229404176","type":"photo","url":"https://pbs.twimg.com/media/E8i3RQsWYBAMvP9.jpg"},{"media_key":"7_1425589269083590667","public_metrics":{"view_count":302},"type":"video"}]},"meta":{"newest_id":"1425657439018524675","oldest_id":"1425589326650433541","result_count":98,"next_token":"b26v89c19zqg8o3fpdm8kokignhgduxbxamcp5dq5fwxp"}}