{"data":[{"id":"1425585584379150345","public_metrics":{"retweet_count":3,"reply_count":1,"like_count":12,"quote_count":0},"attachments":{"media_keys":["3_1425585578553352198"]},"created_at":"2021-08-11T22:31:04.000Z","text":"L’image du jour ❤️\n\n #Kabylie #PrayForAlgeria #الجزائر https://t.co/nf2RRWgXyL","lang":"fr","author_id":"1107060867366088705"},{"id":"1425585525893877768","public_metrics":{"retweet_count":1,"reply_count":0,"like_count":6,"quote_count":0},"created_at":"2021-08-11T22:30:50.000Z","text":"لا حوله ولا قوة إلا بالله\nقلوبنا جميعا تحترق على جزائرنا، لكن ان يظلم شخص قبل التحقيق معه بحرقه، لا يعذب بالنار إلا رب النار، أسأل الله أن يرحمنا جميعا وأن يلطف بنا\n#PrayForAlgeria\n#savedz\n#الجزائر_تحترق #تيزي_وزو_تحترق #تيزي_وزو #الجزائر\n#Tizi_Ouzou #Kabylie\n#Algerie","lang":"ar","author_id":"1318541207618936834"},{"id":"1425585321635459076","public_metrics":{"retweet_count":2,"reply_count":1,"like_count":7,"quote_count":0},"created_at":"2021-08-11T22:30:01.000Z","text":"C’est très grave ce qui se passe en Kabylie qu’Allah fasse que le feu cesse et qu’une pluie abondante tombe \uD83E\uDD32\uD83C\uDFFD  #Kabylie #Algerie","lang":"fr","author_id":"1256355971179446275"},{"id":"1425585269038895110","public_metrics":{"retweet_count":0,"reply_count":0,"like_count":0,"quote_count":0},"attachments":{"media_keys":["3_1425585261975592964","3_1425585266958417924"]},"created_at":"2021-08-11T22:29:48.000Z","text":"@kkerima @ZohraBitan vs qualifiez comment le fait qu.en #France des enfants se voient retirer leurs parents pr être exposer au sein ASE aux violences mm viols : 1 viol/h c rapporte par le Cese CESE relayé par une député ex enfant DASS @perrinegoulet\nceci sans parler du sevrage de ces enfants\n#Kabylie https://t.co/68AweuRhxb","lang":"fr","author_id":"1195808256083537921"},{"id":"1425585072040726530","public_metrics":{"retweet_count":2,"reply_count":1,"like_count":4,"quote_count":0},"created_at":"2021-08-11T22:29:01.000Z","text":"Solidarité totale au peuple de #Kabylie et plus largement we toutes ceux qui vivent en #Algérie en proie aux flammes \nDéjà beaucoup trop de victimes https://t.co/Pe6AIs9GD8","lang":"fr","author_id":"203027759"},{"id":"1425584952163377153","public_metrics":{"retweet_count":17,"reply_count":0,"like_count":15,"quote_count":0},"created_at":"2021-08-11T22:28:33.000Z","text":"AVANT TOUT OUBLIEZ PAS QUE Y A DES FAMILLES DES ENFANTS DES MAMANS QUI PERDENT LA VIE EN CE MOMENT!!! #savedz #kabylie #algerie https://t.co/ZerRAj7N2T","lang":"fr","author_id":"875490776"},{"id":"1425584863172866058","public_metrics":{"retweet_count":0,"reply_count":0,"like_count":6,"quote_count":0},"attachments":{"media_keys":["3_1425584860555579395"]},"created_at":"2021-08-11T22:28:12.000Z","text":"#تيزي_وزو_تحترق #تيزي_وزو #الجزايٴر_تستغيث #الجزائر #Algerie #Tizi_Ouzou #TiziBrule #Kabylie #kabyliebrule https://t.co/8LNbEfvlcG","lang":"und","author_id":"2886944446"},{"id":"1425584755240808459","public_metrics":{"retweet_count":1,"reply_count":0,"like_count":1,"quote_count":0},"created_at":"2021-08-11T22:27:46.000Z","text":"SVP Y A TJRS LE FEU!!!!!!! #kabylie #savedz https://t.co/8pe3hfZf7q","lang":"fr","author_id":"875490776"},{"id":"1425584697430712321","public_metrics":{"retweet_count":0,"reply_count":0,"like_count":1,"quote_count":0},"created_at":"2021-08-11T22:27:32.000Z","text":"أنا لست #عربي، أنا لست #قبائلي\nأنا #جزائري\uD83C\uDDE9\uD83C\uDDFF\uD83D\uDCAF\n\nI'm not #Arab, I'm not #Kabylie, I am #Algerian \uD83C\uDDE9\uD83C\uDDFF\uD83D\uDCAF\n\n مانيش #عربي ، مانيش #قبايلي ، أنا #جزايري\n\uD83C\uDDE9\uD83C\uDDFF\uD83D\uDCAF\n\n#tendance #Algerie #Kabylie #Tizi_Ouzou #arabe #PrayForKabylia #PrayForAlgeria #الجزائر","lang":"ar","author_id":"1080307410"},{"id":"1425584157837647873","public_metrics":{"retweet_count":0,"reply_count":0,"like_count":0,"quote_count":0},"attachments":{"media_keys":["3_1425583958968963082"]},"created_at":"2021-08-11T22:25:23.000Z","text":"غير موافق:\nرغم وحشية الصور، يجب رؤية الهمجية بحقيقتها، لتكون فرصة بيداغوجية للتعامل بتعقل، تحضر و حذر.\n\nمثلما كانت الحرب النفسية بيداغوجية، يجب أن تكون المعلومة كذلك.\n\nمُرة و لكنها حقيقة..\n\n#Algeria #Algérie #Tizi_Ouzou #Kabylie #Meliana #الجزائر #تيزي_وزو_تحترق #تيزي_وزو #مليانة https://t.co/o4juapvX9p https://t.co/8kfHA0PdwT","lang":"ar","author_id":"1340386516661628929"},{"id":"1425584109447954444","public_metrics":{"retweet_count":4,"reply_count":3,"like_count":20,"quote_count":0},"created_at":"2021-08-11T22:25:12.000Z","text":"Peut-être que des agents du régime ont jeté un os à la population qui avait soif de vengeance pour les calmer et les détourner de l'État. Tout est possible dans ce pays.\n\n#Kabylie","lang":"fr","author_id":"381975737"},{"id":"1425583829687934976","public_metrics":{"retweet_count":0,"reply_count":1,"like_count":0,"quote_count":0},"created_at":"2021-08-11T22:24:05.000Z","text":"#Kabylie Tout ça me rappelle le lynchage en 2013 de 2 touristes et un malgache sur une plage de l’île de Nosy Be (Madagascar) avant d’être brûlés sur un bûcher. @lemondefr y avait consacré une excellente enquête à l’époque : https://t.co/rxZf5QXVrW https://t.co/pPeYA1H2Nd","lang":"fr","author_id":"517376229"},{"id":"1425583688826372103","public_metrics":{"retweet_count":0,"reply_count":1,"like_count":0,"quote_count":0},"created_at":"2021-08-11T22:23:32.000Z","text":"الصغار لبارح برك كانت تبعت فليكوش ولما وتدعي لخاوتنا المتضررين في تيزي وزو وبجاية ايماجين ليوم تبدل كلش 90  درجة و على جال كمشة اشرار ومجرمين راح يتحرمو بزاف متضررين مالحرائق سورتو مع لي الدولة تاعنا العاجزة راي حاكمة كوينة وتشوف غير مالبعيد \n#savedz #ouestlepresident #Kabylie","lang":"ar","author_id":"1208875380607717376"},{"id":"1425583218758193152","public_metrics":{"retweet_count":2,"reply_count":0,"like_count":4,"quote_count":0},"created_at":"2021-08-11T22:21:40.000Z","text":"SVP SVP⚠️⚠️⚠️⚠️⚠️\nRT ET PARTAGEZ!!! \n#savedz #kabylie #AlgeriaIsBurning #algerie https://t.co/ZxWqu1a5y6","lang":"fr","author_id":"875490776"},{"id":"1425582572109811715","public_metrics":{"retweet_count":0,"reply_count":0,"like_count":0,"quote_count":0},"created_at":"2021-08-11T22:19:05.000Z","text":"#البطل_الوحيد_الشعب #الجزايٴر_تستغيث #الجزائر_تحترق #تيزي_وزو_تحترق #بجاية_تحترق #الشعب_للشعب #Algerie #Kabylie https://t.co/KNn3NYzUIG","lang":"und","author_id":"1350571107443748869"},{"id":"1425581819903324163","public_metrics":{"retweet_count":1,"reply_count":0,"like_count":1,"quote_count":0},"created_at":"2021-08-11T22:16:06.000Z","text":"#algerie #AlgerieBrule #Kabylie #kabyliebrule https://t.co/0oShI6JeHJ","lang":"und","author_id":"1418949264416333831"},{"id":"1425580939007115264","public_metrics":{"retweet_count":1,"reply_count":0,"like_count":1,"quote_count":0},"created_at":"2021-08-11T22:12:36.000Z","text":"Lynchage\uD83E\uDD7A #Kabylie https://t.co/WJs7BHGsUT","lang":"fr","author_id":"3253083733"},{"id":"1425580727115165710","public_metrics":{"retweet_count":5,"reply_count":0,"like_count":11,"quote_count":0},"created_at":"2021-08-11T22:11:46.000Z","text":"\"يا ايها الذين أمنوا إن جاءكم فاسق بنبإً فتبينوا\"\nلا تنجروا وراء الإشاعات يا إخوتنا #الجزايٴر_تستغيث #الجزائر_تحترق #تيزي_وزو_تحترق #تيزي_وزو #Kabylie https://t.co/eoEOCRuHUl","lang":"ar","author_id":"1350571107443748869"},{"id":"1425580146497662981","public_metrics":{"retweet_count":1,"reply_count":1,"like_count":6,"quote_count":1},"created_at":"2021-08-11T22:09:27.000Z","text":"#Kabylie En ce moment circule sur les réseaux sociaux une vidéo qui serait celle du lynchage à mort - avant d’être brûlé - d’un homme présumé être l’un des pyromanes des incendies que subit actuellement la Kabylie.","lang":"fr","author_id":"517376229"},{"id":"1425580106437771269","public_metrics":{"retweet_count":0,"reply_count":0,"like_count":1,"quote_count":0},"attachments":{"media_keys":["3_1425368775323537409"]},"created_at":"2021-08-11T22:09:18.000Z","text":"Pauvre Nature \uD83D\uDE1E #Bejaia\n\n#Tizi_Ouzou #Tiziouzou #feu #algerie #Kabylie \n#PrayForAlgeria #الجزائر_تحترق #الجزائر #تيزي_وزو #تيزي_وزو_تحترق https://t.co/Go2YQodx9e\nبهاذه الافعال لا اضن ان الله يرفع غضبه عنا لا حول ولا قوة إلا بالله","lang":"ar","author_id":"463008250"},{"id":"1425579741076246535","public_metrics":{"retweet_count":2,"reply_count":0,"like_count":2,"quote_count":0},"created_at":"2021-08-11T22:07:50.000Z","text":"Le bilan s’alourdit à #TiziOuzou : 69 personnes tuées dans les incendies\n\nLire l'article ⤵️\n\n#Kabylie #kabyliebrule #PrayForKabylia\n#Algerie #Algerie_brule #PrayForAlgeria\nhttps://t.co/vkW3SltEfS","lang":"fr","author_id":"1166388187922612224"},{"id":"1425579453242085382","public_metrics":{"retweet_count":4,"reply_count":2,"like_count":18,"quote_count":0},"created_at":"2021-08-11T22:06:42.000Z","text":"La France exprime sa solidarité avec l’Algérie qui doit faire face en #Kabylie à de terribles incendies. J’ai une pensée pour les victimes de ce drame. https://t.co/MiIkF1pfio","lang":"fr","author_id":"866826365152235521"},{"id":"1425577341892407309","public_metrics":{"retweet_count":0,"reply_count":0,"like_count":0,"quote_count":0},"created_at":"2021-08-11T21:58:18.000Z","text":"#kabylie_brule #kabylie https://t.co/TEFqOSGAfW","lang":"und","author_id":"1105425072729346048"},{"id":"1425577334543880193","public_metrics":{"retweet_count":0,"reply_count":1,"like_count":7,"quote_count":0},"created_at":"2021-08-11T21:58:17.000Z","text":"La rivalité elle est que dans les réseaux bande de con \uD83E\uDD26‍♂️ En interne on s'aime trop \uD83C\uDDF2\uD83C\uDDE6♓\uD83C\uDDE9\uD83C\uDDFF❤#Kabylie #Algerie #Maroc https://t.co/nTwyYCpRgT","lang":"fr","author_id":"3437386721"},{"id":"1425576470886375429","public_metrics":{"retweet_count":21,"reply_count":0,"like_count":10,"quote_count":0},"attachments":{"media_keys":["3_1425576447536664579","3_1425576447574528005"]},"created_at":"2021-08-11T21:54:51.000Z","text":"C’EST AU NIVEAU DE BORDJ EL KIFFAN EN FACE L’ARRÊT DU TRAM (Bordj el kiffan centre (wassat))\nRT SVP!!!!!! \n#Algerie #savedz #Algerie_brule #Kabylie https://t.co/LVMlREzJhr","lang":"fr","author_id":"875490776"},{"id":"1425576117684015105","public_metrics":{"retweet_count":1,"reply_count":0,"like_count":1,"quote_count":1},"created_at":"2021-08-11T21:53:27.000Z","text":"Voilà donc #algerie faire attention à #macron je suis sûr que c’est lui qui a fomenter les incendies en #kabylie pour ensuite venir en aide avec un cheval de Troie pour y foutre la merde https://t.co/0lvkYAPAK3","lang":"fr","author_id":"107376624"},{"id":"1425575599020646425","public_metrics":{"retweet_count":2,"reply_count":0,"like_count":4,"quote_count":0},"attachments":{"media_keys":["3_1425575592989274112"]},"created_at":"2021-08-11T21:51:23.000Z","text":"#Kabylie : Le village Cheurfa N Behloul ( Azazga) pret à accueillir le maximum possible de sinistrés d'où qu'ils viennent.\n\n#MaKabylieBrule\n#تيزي_وزو_تحترق \n#Tizi_Ouzou https://t.co/HfM4xocEkO","lang":"fr","author_id":"1379138952934883329"},{"id":"1425575261559566340","public_metrics":{"retweet_count":7,"reply_count":3,"like_count":28,"quote_count":1},"attachments":{"media_keys":["3_1425575258489229330"]},"created_at":"2021-08-11T21:50:02.000Z","text":"@wides112 @MAgentSecret @timbaland57 Cet algérien lynché et brûlé vif s'appellerait Djamel Bensmail. \nLa foule hystérique a peut-être tué un innocent, et combien même il était coupable, il ne pourra pas dire qui étaient les commanditaires ou ses motivations.\n= défaillance de la Police et de la Justice.\n#Kabylie https://t.co/3WJaor8O86","lang":"fr","author_id":"1230624730492829696"},{"id":"1425575255742033928","public_metrics":{"retweet_count":0,"reply_count":1,"like_count":1,"quote_count":0},"created_at":"2021-08-11T21:50:01.000Z","text":"@aphelion211 Toujours rigolo @aphelion211 . Merci pour cet humour même s’il est acide #Kabylie","lang":"fr","author_id":"1596881311"},{"id":"1425574622355984390","public_metrics":{"retweet_count":0,"reply_count":0,"like_count":1,"quote_count":0},"created_at":"2021-08-11T21:47:30.000Z","text":"@BenoitPayan ..On vous demande .. #Algerie . Courage chouchou . \uD83D\uDE18\uD83D\uDE18\uD83D\uDE18#Kabylie https://t.co/BIuNJuRMu2","lang":"fr","author_id":"1596881311"},{"id":"1425574311256072192","public_metrics":{"retweet_count":2,"reply_count":0,"like_count":2,"quote_count":1},"attachments":{"media_keys":["3_1425574306629791748","3_1425574306654863364"]},"created_at":"2021-08-11T21:46:16.000Z","text":"Si il y a des gens qui veulent deposer des dons à Genas ou Lyon7 et qui n’ont pas de quoi se déplacer, je peux vous y amener inshallah dès demain. #Algerie #Kabylie #kabyliebrule #Lyon https://t.co/OkCXIFzHqy","lang":"fr","author_id":"899434910901039104"},{"id":"1425573990819631109","public_metrics":{"retweet_count":0,"reply_count":0,"like_count":0,"quote_count":0},"attachments":{"media_keys":["7_1425573747164057603","7_1425499373144793094"]},"created_at":"2021-08-11T21:44:59.000Z","text":"#Algerie #الجزائر #Kabylie #feuxDeForet https://t.co/dv1Z7sE7g4 https://t.co/DMiyfxjA67","lang":"und","author_id":"1390708816078065666"},{"id":"1425573977632673796","public_metrics":{"retweet_count":1,"reply_count":0,"like_count":1,"quote_count":0},"attachments":{"media_keys":["7_1425573687919579142","7_1425499373144793094"]},"created_at":"2021-08-11T21:44:56.000Z","text":"#Algerie #الجزائر #Kabylie #feuxDeForet https://t.co/dv1Z7sE7g4 https://t.co/Xb5wpv43DX","lang":"und","author_id":"1390708816078065666"},{"id":"1425573754487377923","public_metrics":{"retweet_count":3,"reply_count":0,"like_count":15,"quote_count":0},"created_at":"2021-08-11T21:44:03.000Z","text":"Face aux terribles incendies, la Présidente de la Région Ile-de-France @vpecresse fera voter une aide afin de soutenir les victimes en Kabylie. #Kabylie #Algerie https://t.co/4CKse3L387","lang":"fr","author_id":"229189504"},{"id":"1425573694496182273","public_metrics":{"retweet_count":2,"reply_count":1,"like_count":15,"quote_count":0},"attachments":{"media_keys":["3_1425573688301264902"]},"created_at":"2021-08-11T21:43:49.000Z","text":"Vivement que nos Canadairs gagnent #Algérie au plus vite Ya Rabi\nM.#Tebboune devra mettre de côté pour une fois les considérations politiques et croire à la sincère fraternité du #Maroc : les ravages de l’incendie en #Kabylie nous chavirent le cœur.\n#تيزي_وزو_تحترق #الجزائر_تحترق https://t.co/dL2h43Tf4x","lang":"fr","author_id":"1245338287499329536"},{"id":"1425573203699699722","public_metrics":{"retweet_count":1,"reply_count":1,"like_count":17,"quote_count":0},"created_at":"2021-08-11T21:41:52.000Z","text":"J’espère que la famille de cette chère Dounia @12janvier2019 est saine et sauve en #Kabylie \uD83D\uDE4F\uD83C\uDFFB\uD83D\uDE2A https://t.co/YGVeqihnCD","lang":"fr","author_id":"1163939076090880000"},{"id":"1425572395797131266","public_metrics":{"retweet_count":0,"reply_count":0,"like_count":2,"quote_count":0},"attachments":{"media_keys":["3_1425572390407450626"]},"created_at":"2021-08-11T21:38:39.000Z","text":"#Bejaïa\n#بجاية\n#تيزي_وزو_تحترق\n#الجزائر \n#Algerie #الجزائر_تستغيث\n#الجزايٴر_تستغيث\n#Kabylie #kabyliebrule #الجزائر_تحترق https://t.co/Jzgkav9Btj","lang":"und","author_id":"1392123209982562304"},{"id":"1425572335785070597","public_metrics":{"retweet_count":9,"reply_count":1,"like_count":22,"quote_count":1},"attachments":{"media_keys":["7_1425571783172923402"]},"created_at":"2021-08-11T21:38:25.000Z","text":"#Kabylie #kabyliebrule #Algerie #Tizi_Ouzou https://t.co/RT2GMnDvo8","lang":"und","author_id":"257062289"},{"id":"1425571989222268936","public_metrics":{"retweet_count":0,"reply_count":0,"like_count":1,"quote_count":0},"created_at":"2021-08-11T21:37:02.000Z","text":"@BenoitPayan @marseille @MarinsPompiers Espérons, qu’indépendamment d’être prête, elle agisse .. le feu ne réfléchit pas et n’a pas de stratégie #Kabylie et les morts s’accumulent. Ceci étant, en moins de trois jours, la population de tout le pays et les comités de villages ont fait davantage que l’Etat central. #Fière","lang":"fr","author_id":"1596881311"},{"id":"1425571886889672706","public_metrics":{"retweet_count":0,"reply_count":0,"like_count":0,"quote_count":0},"created_at":"2021-08-11T21:36:38.000Z","text":"Nous sommes pas des assassins Nik Matkoum, vous revenez au methodes du GIA ya les abrutis #Algerie #Kabylie","lang":"fr","author_id":"575699866"},{"id":"1425571774507401217","public_metrics":{"retweet_count":2,"reply_count":1,"like_count":5,"quote_count":1},"attachments":{"media_keys":["3_1425571744488767489","3_1425571771340701696"]},"created_at":"2021-08-11T21:36:11.000Z","text":"صور أخرى للرجل الذي قُتل بتهمة إحراق الغابات يُدعى جمال بن سماعيل المدعو \"جيمي\" ينحدر من مدينة مليانة بـ عين الدفلى فنان موسيقي و رسام. ربي يصبر عايلتو و يحفظ بلادنا من الفتن. #تيزي_وزو_تحترق #PrayForAlgeria #kabylie_brule #Kabylie https://t.co/LiYa7R37XQ https://t.co/U1x1yB5Rfv","lang":"ar","author_id":"1339888060985708544"},{"id":"1425571760200630278","public_metrics":{"retweet_count":2,"reply_count":0,"like_count":1,"quote_count":0},"created_at":"2021-08-11T21:36:08.000Z","text":"#Kabylie https://t.co/D03IJcGnLL","lang":"und","author_id":"1105425072729346048"},{"id":"1425571434626170883","public_metrics":{"retweet_count":11,"reply_count":0,"like_count":7,"quote_count":0},"created_at":"2021-08-11T21:34:50.000Z","text":"AU NIVEAU DES SOURCES SVP!!!! 11 rue Marcelo Fabri les Sources Bir \nMERCI DE RT!!! #Algerie #Algerie_brule #Tizi_Ouzou #Kabylie #Bejaïa #savedz #savedz https://t.co/iWyYk7KSYJ","lang":"fr","author_id":"875490776"},{"id":"1425571157554704401","public_metrics":{"retweet_count":0,"reply_count":1,"like_count":0,"quote_count":0},"created_at":"2021-08-11T21:33:44.000Z","text":"@JLMelenchon Il est temps pour la #Kabylie  de prendre son destin en main et de s'émanciper d'une #Algérie  prisonnière d'un #panarabisme  pur et dur !","lang":"fr","author_id":"723085926"},{"id":"1425571100713525255","public_metrics":{"retweet_count":6,"reply_count":0,"like_count":7,"quote_count":0},"created_at":"2021-08-11T21:33:30.000Z","text":"Aux comités de villages : \nDès aujourd'hui on doit construire demain \nL'hiver est vite arrivé.\nCoordination entre les villages mettre en place  des groupes restreints à l'effet de procéder à des prise de décision efficace et efficiente pour parer au plus urgent\n#kabylie","lang":"fr","author_id":"1105425072729346048"},{"id":"1425570980391526406","public_metrics":{"retweet_count":0,"reply_count":0,"like_count":0,"quote_count":0},"created_at":"2021-08-11T21:33:02.000Z","text":"#Kabylie soutien","lang":"en","author_id":"1227688525090426885"},{"id":"1425570805811924992","public_metrics":{"retweet_count":1,"reply_count":1,"like_count":3,"quote_count":0},"attachments":{"media_keys":["16_1425570798027386886"]},"created_at":"2021-08-11T21:32:20.000Z","text":"Une pensée à tout mes amis Algériens qui traversent une période difficile  #incendies #kabylie  force et courage ❤ https://t.co/JDlHBChFkw","lang":"fr","author_id":"1291705316128718851"},{"id":"1425570730075430920","public_metrics":{"retweet_count":8,"reply_count":2,"like_count":16,"quote_count":2},"attachments":{"media_keys":["7_1425570493369880581"]},"created_at":"2021-08-11T21:32:02.000Z","text":"\uD83C\uDDE9\uD83C\uDDFF Algeria will begin three days of mourning to honour the 65 lives lost in moutain wildfires in the region of Kabyle.\n\n#Algeria #Kabylie #kabyliebrule #algerie #africa #EYEONAFRICA #France24 @GCSF24 https://t.co/Xq2F1LUFey","lang":"en","author_id":"2479866800"},{"id":"1425570267854561287","public_metrics":{"retweet_count":0,"reply_count":0,"like_count":4,"quote_count":1},"created_at":"2021-08-11T21:30:12.000Z","text":"«Dès demain, deux #Canadairs et un avion de commandement seront déployés en #Kabylie en proie à de violents incendies», a déclaré le président français, #EmmanuelMacron https://t.co/ld3WnQ1cQP","lang":"fr","author_id":"1273218547846729729"},{"id":"1425570194185932817","public_metrics":{"retweet_count":0,"reply_count":0,"like_count":0,"quote_count":0},"created_at":"2021-08-11T21:29:54.000Z","text":"Hier vous avez été IZMAWEN, aujourd'hui vous êtes devenu tout simplement Th'Ighyal. Hélas vous avez tout gâché #NonALaBarbarie #Kabylie #Algerie #AlgeriaIsBurning","lang":"fr","author_id":"575699866"},{"id":"1425569584166416390","public_metrics":{"retweet_count":1,"reply_count":0,"like_count":2,"quote_count":0},"created_at":"2021-08-11T21:27:29.000Z","text":"@Idir31813318 Le comité de village de mon village met à disposition trois logements . Il est pour l’instant épargné (MP pour le nom du village si vous le voulez ) #Kabylie","lang":"fr","author_id":"1596881311"},{"id":"1425569499491807236","public_metrics":{"retweet_count":0,"reply_count":0,"like_count":2,"quote_count":0},"attachments":{"media_keys":["3_1425569496685846533"]},"created_at":"2021-08-11T21:27:09.000Z","text":"L'équipe li f aïn benian \n#prayforalgeria \n#Kabylie https://t.co/UwMEkE5LNi","lang":"fr","author_id":"1285697348216197128"},{"id":"1425569130262958085","public_metrics":{"retweet_count":1,"reply_count":1,"like_count":2,"quote_count":0},"created_at":"2021-08-11T21:25:41.000Z","text":"Aux comités de villages : \nLes pertes sont considérables , des familles sont sans revenu. \nPermettre une remise en place des structures associatives et des coopératives , à l'effet de redistribuer équitablement tout éventuel investissement agricole\n#kabylie #Algerie","lang":"fr","author_id":"1105425072729346048"},{"id":"1425568802100682754","public_metrics":{"retweet_count":0,"reply_count":0,"like_count":0,"quote_count":0},"created_at":"2021-08-11T21:24:22.000Z","text":"Incendies meurtriers en Algérie… la France envoie des Canadair sur place #France  #Algérie  #Aide  #incendies  #Kabylie  https://t.co/YE1fDHD4Hb","lang":"fr","author_id":"42236944"},{"id":"1425568778704785419","public_metrics":{"retweet_count":13,"reply_count":0,"like_count":32,"quote_count":0},"attachments":{"media_keys":["3_1425568772497227778","3_1425568772765765636","3_1425568774112124933","3_1425568773378125828"]},"created_at":"2021-08-11T21:24:17.000Z","text":"La mobilisation via les réseaux sociaux pour aider la #Kabylie est incroyable. Vraiment, le peuple qui se mobilise pr récolter de l’argent, des compresses, des crèmes anti-brûlures…\n\nBravo aux asso &amp; influenceurs qui font un travail utile. Et aussi à la mosquée d’Argenteuil ici. https://t.co/42rBbnqgVb","lang":"fr","author_id":"486572582"},{"id":"1425568546092982281","public_metrics":{"retweet_count":0,"reply_count":0,"like_count":1,"quote_count":0},"created_at":"2021-08-11T21:23:21.000Z","text":"@Inal_Boukhalfa Acte condamnable qui entache l’image de solidarité et du civisme que la #kabylie et l’#Algerie montraient depuis 3 jours","lang":"fr","author_id":"106403237"},{"id":"1425568435078115331","public_metrics":{"retweet_count":0,"reply_count":0,"like_count":0,"quote_count":0},"created_at":"2021-08-11T21:22:55.000Z","text":"A citizen documents the moment a military \uD83C\uDDE9\uD83C\uDDFF helicopter dropped a highly flammable substance over a fire that the residents put out....intending to set fires again in the #Kabylie region. https://t.co/upa3HhvUae","lang":"en","author_id":"754293257245454336"},{"id":"1425567698277310472","public_metrics":{"retweet_count":10,"reply_count":2,"like_count":18,"quote_count":2},"attachments":{"media_keys":["7_1425567545910759429"]},"created_at":"2021-08-11T21:19:59.000Z","text":"Le maire de Champigny-sur-Marne Laurent Jeanne apporte son soutient à la Kabylie et aux kabyles avec l’aide de la région Ile de france et @vpecresse , j’invite l’ensemble des maires de notre région à faire de même bravo et merci la Kabylie à besoin de vous ! \n\n#Algerie \n#Kabylie https://t.co/Js7gF78Xlp","lang":"fr","author_id":"1176909973206573057"},{"id":"1425565893136949251","public_metrics":{"retweet_count":0,"reply_count":2,"like_count":1,"quote_count":0},"created_at":"2021-08-11T21:12:49.000Z","text":"@POsub5 @PetitOursBrun4 @PierreDDN @ZidaneOffi Les militaires sont morts de l’autre cotée de la #Kabylie de mémoire a #Setif et surtout du côté de Tizi , Azazga , Yakouren ( près de chez moi \uD83D\uDE02) et fort national dont le centre ville a été atteint . Fort national n’est pas un petit village . Je suis écœurée .. 69 morts ce soir","lang":"fr","author_id":"1596881311"},{"id":"1425565203949887492","public_metrics":{"retweet_count":0,"reply_count":1,"like_count":6,"quote_count":0},"created_at":"2021-08-11T21:10:04.000Z","text":"La Kabylie n’a pas besoin de pensées et de prières. Elle a besoin de Canadairs, de médicaments, de moyens logistiques et de refuges pour tous les sinistrés.\n\n#PrayForKabylia #prayForAlgeria #Kabylie","lang":"fr","author_id":"51072302"},{"id":"1425565047900839938","public_metrics":{"retweet_count":0,"reply_count":0,"like_count":0,"quote_count":0},"created_at":"2021-08-11T21:09:27.000Z","text":"#kabylie #Algerie https://t.co/LdnRDWxmp4","lang":"und","author_id":"1105425072729346048"},{"id":"1425564750633750534","public_metrics":{"retweet_count":0,"reply_count":0,"like_count":2,"quote_count":0},"attachments":{"media_keys":["7_1425563807057911808","7_1425499373144793094"]},"created_at":"2021-08-11T21:08:16.000Z","text":"#Algerie #الجزائر #Kabylie #feuxDeForet https://t.co/dv1Z7sE7g4 https://t.co/rarG42SHBU","lang":"und","author_id":"1390708816078065666"},{"id":"1425564683621306369","public_metrics":{"retweet_count":2,"reply_count":0,"like_count":3,"quote_count":0},"attachments":{"media_keys":["7_1425563790729437187","7_1425499373144793094"]},"created_at":"2021-08-11T21:08:00.000Z","text":"#Algerie #الجزائر #Kabylie #feuxDeForet https://t.co/dv1Z7sE7g4 https://t.co/7PinP8LQu9","lang":"und","author_id":"1390708816078065666"},{"id":"1425564602436362241","public_metrics":{"retweet_count":1,"reply_count":0,"like_count":3,"quote_count":0},"attachments":{"media_keys":["7_1425563610282090497","7_1425499373144793094"]},"created_at":"2021-08-11T21:07:41.000Z","text":"#Algerie #الجزائر #Kabylie #feuxDeForet https://t.co/dv1Z7sE7g4 https://t.co/cBn50by7q4","lang":"und","author_id":"1390708816078065666"},{"id":"1425564361041629190","public_metrics":{"retweet_count":1,"reply_count":1,"like_count":1,"quote_count":0},"attachments":{"media_keys":["7_1425563693643874313","7_1425499373144793094"]},"created_at":"2021-08-11T21:06:44.000Z","text":"#Algerie #الجزائر #Kabylie #feuxDeForet https://t.co/dv1Z7sE7g4 https://t.co/jJo49AiNXm","lang":"und","author_id":"1390708816078065666"},{"id":"1425563859394383877","public_metrics":{"retweet_count":1,"reply_count":0,"like_count":0,"quote_count":0},"created_at":"2021-08-11T21:04:44.000Z","text":"Aux comités de villages: \nDes réunions extraordinaires Doivent être établies \nFaire Un état des lieux recensé les dégâts\nÉtablir un inventaire  des pertes \nUne pétition pour \"obligé\" les représentants locaux de l'État à décrété un état d'urgence #kabylie #Algerie","lang":"fr","author_id":"1105425072729346048"},{"id":"1425562201650253833","public_metrics":{"retweet_count":0,"reply_count":0,"like_count":1,"quote_count":0},"created_at":"2021-08-11T20:58:09.000Z","text":"@MAgentSecret @emchoch pauvre #Kabylie \n pouvoir assassin","lang":"fr","author_id":"1214414555373359104"},{"id":"1425562164396503045","public_metrics":{"retweet_count":0,"reply_count":0,"like_count":1,"quote_count":0},"created_at":"2021-08-11T20:58:00.000Z","text":"Faire tourner #kabylie_brule #Kabylie #kabylie_brûle https://t.co/NoxJ2JjIO1","lang":"fr","author_id":"1596881311"},{"id":"1425561785285885955","public_metrics":{"retweet_count":4,"reply_count":0,"like_count":8,"quote_count":0},"attachments":{"media_keys":["3_1425561782182191105"]},"created_at":"2021-08-11T20:56:29.000Z","text":"#Algerie #kabylie https://t.co/MiT8E4qLQV","lang":"und","author_id":"1274757037155651584"},{"id":"1425560964527763456","public_metrics":{"retweet_count":0,"reply_count":0,"like_count":0,"quote_count":0},"created_at":"2021-08-11T20:53:14.000Z","text":"#kabylie est inondé de mouches du régime.","lang":"fr","author_id":"17214347"},{"id":"1425560908613496836","public_metrics":{"retweet_count":8,"reply_count":0,"like_count":13,"quote_count":3},"attachments":{"media_keys":["3_1425560904301748229"]},"created_at":"2021-08-11T20:53:00.000Z","text":"La Une de Liberté du 12 août 2021\n#Kabylie https://t.co/NIAN2M1atc","lang":"fr","author_id":"334899661"},{"id":"1425560334392233990","public_metrics":{"retweet_count":1,"reply_count":2,"like_count":6,"quote_count":0},"created_at":"2021-08-11T20:50:44.000Z","text":"Lutte contre les feux de forêts : Le #Maroc propose son aide à l’Algérie\n\nLire l'article ⤵️\n\n#Kabylie #kabyliebrule #PrayForkabylie\n#Algerie #AlgerieBrule #PrayForAlgeria\n\nhttps://t.co/VwMDDANQtD","lang":"fr","author_id":"1166388187922612224"},{"id":"1425559589651636229","public_metrics":{"retweet_count":5,"reply_count":0,"like_count":3,"quote_count":1},"attachments":{"media_keys":["3_1425559586413678592"]},"created_at":"2021-08-11T20:47:46.000Z","text":"\"PALAIS YAHI \" OUVRE SES PORTES AU RÉFUGIÉS \n#savedz #kabyliebrule #kabylie #TiziOuzou_brule \n\n@mishette_b @fatchma1 @MAHDI_BADEY @theogghizlane https://t.co/XrOgJR2buD","lang":"fr","author_id":"1146887087490326533"},{"id":"1425559266656669703","public_metrics":{"retweet_count":4,"reply_count":1,"like_count":11,"quote_count":1},"created_at":"2021-08-11T20:46:29.000Z","text":"\uD83D\uDD25\uD83C\uDDF2\uD83C\uDDE6\uD83C\uDDE9\uD83C\uDDFF[FLASH] L'#Algérie vient d'accepter que les #Canadairs du #Maroc participent à éteindre les incendies de forêts dans la #Kabylie !! #PrayForKabylia #PrayForAlgeria \nhttps://t.co/McYYVXtvD7","lang":"fr","author_id":"1311032864759308290"},{"id":"1425558776573214720","public_metrics":{"retweet_count":1,"reply_count":0,"like_count":0,"quote_count":0},"created_at":"2021-08-11T20:44:32.000Z","text":"#MessiPSG #Messi #MessiAuPSG #MessiDay #SuperCup #PrayForKabylia #Kabylie #Algerie \n#WhatIf https://t.co/aRqi4gHhjV","lang":"und","author_id":"1195808256083537921"},{"id":"1425558667097743360","public_metrics":{"retweet_count":1,"reply_count":1,"like_count":0,"quote_count":1},"created_at":"2021-08-11T20:44:06.000Z","text":"Feux de forêts en #Kabylie : Un pyromane présumé lynché\n\nLire l'article ⤵️\n\n#Algerie #PrayForAlgeria #PrayForKabylia\n\nhttps://t.co/PQp4QIeFnI","lang":"fr","author_id":"1166388187922612224"},{"id":"1425558003038793734","public_metrics":{"retweet_count":6,"reply_count":0,"like_count":0,"quote_count":0},"attachments":{"media_keys":["3_1425557998899011595"]},"created_at":"2021-08-11T20:41:28.000Z","text":"Dons pour la #Kabylie départ en #Algerie dimanche https://t.co/30Uoh380BQ","lang":"fr","author_id":"1051569310454431745"},{"id":"1425557676063436808","public_metrics":{"retweet_count":0,"reply_count":0,"like_count":1,"quote_count":0},"created_at":"2021-08-11T20:40:10.000Z","text":"FEUX EN KABYLIE: LA FRANCE VA SUPERVISER LES OPERATIONS. MACRON ANNONCE L'ENVOI DE DEUX AVIONS CANADAIR ET D'UN AVION DE COMMANDEMENT https://t.co/6VitrtORxH #algerie #kabylie #AlgeriaIsBurning #Algeria #kabyliebrule #kabylie_brule","lang":"fr","author_id":"1171732868231507968"},{"id":"1425557302489272325","public_metrics":{"retweet_count":4,"reply_count":1,"like_count":25,"quote_count":0},"attachments":{"media_keys":["7_1425557280959893510"]},"created_at":"2021-08-11T20:38:41.000Z","text":"Préservons et protégeons les montagnes de #Kabylie pour les générations futures… https://t.co/05s2JpkSXk","lang":"fr","author_id":"2982790619"},{"id":"1425557147639848963","public_metrics":{"retweet_count":0,"reply_count":0,"like_count":1,"quote_count":0},"created_at":"2021-08-11T20:38:04.000Z","text":"FEUX EN KABYLIE: LA FRANCE VA SUPERVISER LES OPERATIONS. MACRON ANNONCE L'ENVOI DE DEUX AVIONS CANADAIR ET D'UN AVION DE COMMANDEMENT https://t.co/4dbMGOkXkd #algerie #kabylie #AlgeriaIsBurning #Algeria #kabyliebrule #kabylie_brule","lang":"fr","author_id":"4178697094"},{"id":"1425556995642478601","public_metrics":{"retweet_count":6,"reply_count":0,"like_count":7,"quote_count":0},"attachments":{"media_keys":["3_1425556993150967815"]},"created_at":"2021-08-11T20:37:27.000Z","text":"#PrayForAlgeria #Tizi_Ouzou #kabyliebrule #Kabylie #PrayForKabylia #Bejaia #savedz #savekabylie #تيزي_وزو #بجاية_تحترق #تيزي_وزو_تستغيث https://t.co/5jlxoHirbV","lang":"und","author_id":"1242212891543187460"},{"id":"1425556536722657281","public_metrics":{"retweet_count":0,"reply_count":0,"like_count":0,"quote_count":0},"attachments":{"media_keys":["3_1425556531521675266","3_1425556531546886153","3_1425556531546832902","3_1425556531559419904"]},"created_at":"2021-08-11T20:35:38.000Z","text":"Voici les étapes pour commander des produits pour une association à #Tizi_Ouzou qui s’appelle ˋfondation la forem’ \n#PrayForKabylia #PrayForAlgeria #Kabylie #الجزائر_تحترق https://t.co/ed3JNVhUVS","lang":"fr","author_id":"2938255713"},{"id":"1425556374717714433","public_metrics":{"retweet_count":0,"reply_count":0,"like_count":1,"quote_count":0},"attachments":{"media_keys":["3_1425556368564568067","3_1425556372138123269"]},"created_at":"2021-08-11T20:34:59.000Z","text":"svp RT pr sauvez Enfants #zaghouane #Algerie Nejma 4a Rabah 3a Hamdi 6m qui souffrent &amp; ne peuvent vivre en famille car privés de parents par agents ASE #Lyon @brunobernard_fr \npas par maltraitance parentale\nmais par conflit perso\nzèle discrimination socio raciale\nargent\n#Kabylie https://t.co/PIjVsGhkVz https://t.co/E6orvuZmJ9","lang":"fr","author_id":"1195808256083537921"},{"id":"1425556180189990912","public_metrics":{"retweet_count":0,"reply_count":0,"like_count":0,"quote_count":0},"created_at":"2021-08-11T20:34:13.000Z","text":"svp RT pr sauvez Enfants #zaghouane #Algerie Nejma 4a Rabah 3a Hamdi 6m qui souffrent &amp; ne peuvent vivre en famille car privés de parents par agents ASE #Lyon @brunobernard_fr \npas par maltraitance parentale\nmais par conflit perso\nzèle discrimination socio raciale\nargent\n#Kabylie https://t.co/E6orvuZmJ9","lang":"fr","author_id":"1195808256083537921"},{"id":"1425556010400419842","public_metrics":{"retweet_count":0,"reply_count":0,"like_count":5,"quote_count":0},"created_at":"2021-08-11T20:33:33.000Z","text":"#Kabylie #kabyliebrule \nILS ONT BRULÉS NOS HOMMES NOS VILLAGES NOS MAISON .\nMAIS PAS NOS MONTAGNES ON VIVRA ET ON VAINCRA ❤♓♓♓♓","lang":"fr","author_id":"3360724569"},{"id":"1425555595546013707","public_metrics":{"retweet_count":5,"reply_count":0,"like_count":3,"quote_count":0},"created_at":"2021-08-11T20:31:54.000Z","text":"RT SVP C’EST À DOUERA!! #Kabylie #savedz #Algerie_brule #Algerie https://t.co/feHg8hLLde","lang":"fr","author_id":"875490776"},{"id":"1425555469112909826","public_metrics":{"retweet_count":0,"reply_count":0,"like_count":4,"quote_count":1},"created_at":"2021-08-11T20:31:24.000Z","text":"FEUX EN KABYLIE: LA FRANCE VA SUPERVISER LES OPERATIONS. MACRON ANNONCE L'ENVOI DE DEUX AVIONS CANADAIR ET D'UN AVION DE COMMANDEMENT https://t.co/b5rphVVtl1 #algerie #kabylie #AlgeriaIsBurning #Algeria #kabyliebrule #kabylie_brule","lang":"fr","author_id":"1667736768"},{"id":"1425555239483150342","public_metrics":{"retweet_count":0,"reply_count":0,"like_count":0,"quote_count":0},"created_at":"2021-08-11T20:30:29.000Z","text":"Incendies en Algérie : 65 morts dont 28 militaires envoyés pour contrer la progression des flammes\n#Mediaactu #Algerie #Kabylie https://t.co/0athvCb6Cz","lang":"fr","author_id":"1337108266501988355"},{"id":"1425554918623129607","public_metrics":{"retweet_count":9,"reply_count":4,"like_count":21,"quote_count":0},"created_at":"2021-08-11T20:29:12.000Z","text":"Pensées pour l'Algérie, la #Kabylie et les pays du pourtour méditerranéen, comme la Turquie et la Grèce, confrontés à ces incendies meurtriers. Le dérèglement climatique, l'enjeu majeur de notre siècle. Agissons vite !\n\n@najwaelhaite, déléguée nationale adjointe #TdP sur @LCI ⤵️ https://t.co/pnxqlrHeZj","lang":"fr","author_id":"1192118351637753856"},{"id":"1425554734694416387","public_metrics":{"retweet_count":13,"reply_count":1,"like_count":31,"quote_count":1},"attachments":{"media_keys":["3_1425554715576836107"]},"created_at":"2021-08-11T20:28:28.000Z","text":"Cette photo \uD83D\uDE30\uD83D\uDE30\uD83D\uDE30 le courage, désespérément... \n#Kabylie #Algerie https://t.co/ABYjb9WMHU","lang":"fr","author_id":"1225032860643528706"},{"id":"1425554563248099335","public_metrics":{"retweet_count":0,"reply_count":0,"like_count":1,"quote_count":0},"attachments":{"media_keys":["3_1425554479445909509"]},"created_at":"2021-08-11T20:27:48.000Z","text":"المصائب لا تأتي فرادى . كان الله في عون إخواننا في الجزائر \n#Tizi_Ouzou #Tiziouzou #feu #algerie #Kabylie \n#PrayForAlgeria #الجزائر_تحترق #الجزائر \n#تيزي_وزو #تيزي_وزو_تحترق https://t.co/ex7mSNnedW","lang":"ar","author_id":"821386374687367169"},{"id":"1425554296381321221","public_metrics":{"retweet_count":0,"reply_count":0,"like_count":1,"quote_count":0},"created_at":"2021-08-11T20:26:44.000Z","text":"FEUX EN ALGÉRIE: MACRON ANNONCE L'ENVOI DE DEUX AVIONS CANADAIR ET D'UN AVION DE COMMANDEMENT https://t.co/xd1teCDNtp #algerie #kabylie #AlgeriaIsBurning #Algeria #kabyliebrule #kabylie_brule","lang":"fr","author_id":"4178697094"},{"id":"1425554120300244997","public_metrics":{"retweet_count":4,"reply_count":2,"like_count":12,"quote_count":0},"created_at":"2021-08-11T20:26:02.000Z","text":"C’est intenable. \nJe peux comprendre mais je n’approuve pas. Restons lucides et solidaires \n#lynchage #kabylie","lang":"fr","author_id":"1256198895056674816"},{"id":"1425553579130171400","public_metrics":{"retweet_count":0,"reply_count":1,"like_count":2,"quote_count":0},"attachments":{"media_keys":["7_1425553340382031873"]},"created_at":"2021-08-11T20:23:53.000Z","text":"La suite de la vidéo \n\n#PrayForAlgeria #PrayForKabylia #Kabylie #الجزائر_تحترق https://t.co/MGIJH6wRXv","lang":"fr","author_id":"2938255713"},{"id":"1425553565469364229","public_metrics":{"retweet_count":0,"reply_count":0,"like_count":0,"quote_count":0},"attachments":{"media_keys":["16_1425553557412057095"]},"created_at":"2021-08-11T20:23:50.000Z","text":"@MoorishAtlas \uD83D\uDE2E La #Kabylie va bientôt avoir un rendez vous avec l’histoire. https://t.co/qiqAFcK2sG","lang":"fr","author_id":"1277983806088085508"},{"id":"1425553535383527426","public_metrics":{"retweet_count":0,"reply_count":0,"like_count":0,"quote_count":0},"created_at":"2021-08-11T20:23:42.000Z","text":"Incendies : La Kabylie remercie les secours internationaux retardés par l’Algérie https://t.co/o5eVj3X3dE #Kabylie #Algerie #macron #Maroc","lang":"fr","author_id":"4178697094"},{"id":"1425553366441205770","public_metrics":{"retweet_count":0,"reply_count":0,"like_count":0,"quote_count":0},"created_at":"2021-08-11T20:23:02.000Z","text":"Des incendies en Kabylie font état de 69 morts. #Kabylie","lang":"fr","author_id":"1243191780906012674"},{"id":"1425553340323205120","public_metrics":{"retweet_count":24,"reply_count":1,"like_count":29,"quote_count":1},"attachments":{"media_keys":["3_1425553337324392448"]},"created_at":"2021-08-11T20:22:56.000Z","text":"#Oran #Wahran\n#Tizi_Ouzou #Kabylie #Algérie #savedz https://t.co/Gc17aWlWmr","lang":"und","author_id":"743789552972800000"},{"id":"1425552053909270531","public_metrics":{"retweet_count":3,"reply_count":0,"like_count":1,"quote_count":0},"created_at":"2021-08-11T20:17:49.000Z","text":"⚠ Partagez au MAX : Aide aux sinistrés de la Kabylie !\n#Kabylie\n1 Retweet = PLUS de visibilité = plus de chances de trouver des donateurs !\n\n https://t.co/mtl06WdC8o","lang":"fr","author_id":"40642059"},{"id":"1425551892051025924","public_metrics":{"retweet_count":0,"reply_count":0,"like_count":0,"quote_count":0},"created_at":"2021-08-11T20:17:11.000Z","text":"Je suis  #Kabylie \n#savekabylie \n#HelpKabylie","lang":"fr","author_id":"1425207210456518658"}],"includes":{"media":[{"media_key":"3_1425585578553352198","type":"photo","url":"https://pbs.twimg.com/media/E8iyh9aXoAY_D6j.jpg"},{"media_key":"3_1425585261975592964","type":"photo","url":"https://pbs.twimg.com/media/E8iyPiEWYAQOe4Y.jpg"},{"media_key":"3_1425585266958417924","type":"photo","url":"https://pbs.twimg.com/media/E8iyP0oWQAQip3G.jpg"},{"media_key":"3_1425584860555579395","type":"photo","url":"https://pbs.twimg.com/media/E8ix4KqXEAMoIrA.jpg"},{"media_key":"3_1425583958968963082","type":"photo","url":"https://pbs.twimg.com/media/E8ixDr_XEAohLuS.jpg"},{"media_key":"3_1425368775323537409","type":"photo","url":"https://pbs.twimg.com/media/E8ftWWcX0AEM8ox.jpg"},{"media_key":"3_1425576447536664579","type":"photo","url":"https://pbs.twimg.com/media/E8iqOduWEAMLJRF.jpg"},{"media_key":"3_1425576447574528005","type":"photo","url":"https://pbs.twimg.com/media/E8iqOd3X0AUbwB-.jpg"},{"media_key":"3_1425575592989274112","type":"photo","url":"https://pbs.twimg.com/media/E8ipcuSXsAAQjET.jpg"},{"media_key":"3_1425575258489229330","type":"photo","url":"https://pbs.twimg.com/media/E8ipJQLWEBIoimp.jpg"},{"media_key":"3_1425574306629791748","type":"photo","url":"https://pbs.twimg.com/media/E8ioR2OXsAQxTzI.jpg"},{"media_key":"3_1425574306654863364","type":"photo","url":"https://pbs.twimg.com/media/E8ioR2UWQAQBgTr.jpg"},{"media_key":"7_1425573747164057603","public_metrics":{"view_count":79},"type":"video"},{"media_key":"7_1425499373144793094","public_metrics":{"view_count":149},"type":"video"},{"media_key":"7_1425573687919579142","public_metrics":{"view_count":275},"type":"video"},{"media_key":"3_1425573688301264902","type":"photo","url":"https://pbs.twimg.com/media/E8int2xXIAYcLgd.jpg"},{"media_key":"3_1425572390407450626","type":"photo","url":"https://pbs.twimg.com/media/E8imiTvXMAI-LmU.jpg"},{"media_key":"7_1425571783172923402","public_metrics":{"view_count":770},"type":"video"},{"media_key":"3_1425571744488767489","type":"photo","url":"https://pbs.twimg.com/media/E8il8tgWQAEwxh1.jpg"},{"media_key":"3_1425571771340701696","type":"photo","url":"https://pbs.twimg.com/media/E8il-RiWQAAtZLn.jpg"},{"media_key":"16_1425570798027386886","type":"animated_gif"},{"media_key":"7_1425570493369880581","public_metrics":{"view_count":1565},"type":"video"},{"media_key":"3_1425569496685846533","type":"photo","url":"https://pbs.twimg.com/media/E8ij53yXoAUjwG0.jpg"},{"media_key":"3_1425568772497227778","type":"photo","url":"https://pbs.twimg.com/media/E8ijPt-WQAICn8Q.jpg"},{"media_key":"3_1425568772765765636","type":"photo","url":"https://pbs.twimg.com/media/E8ijPu-X0AQNp0V.jpg"},{"media_key":"3_1425568774112124933","type":"photo","url":"https://pbs.twimg.com/media/E8ijPz_XoAU0WED.jpg"},{"media_key":"3_1425568773378125828","type":"photo","url":"https://pbs.twimg.com/media/E8ijPxQXsAQ62Uh.jpg"},{"media_key":"7_1425567545910759429","public_metrics":{"view_count":511},"type":"video"},{"media_key":"7_1425563807057911808","public_metrics":{"view_count":179},"type":"video"},{"media_key":"7_1425563790729437187","public_metrics":{"view_count":150},"type":"video"},{"media_key":"7_1425563610282090497","public_metrics":{"view_count":133},"type":"video"},{"media_key":"7_1425563693643874313","public_metrics":{"view_count":122},"type":"video"},{"media_key":"3_1425561782182191105","type":"photo","url":"https://pbs.twimg.com/media/E8ic41BXoAEF4-z.jpg"},{"media_key":"3_1425560904301748229","type":"photo","url":"https://pbs.twimg.com/media/E8icFuqXIAUIoqe.jpg"},{"media_key":"3_1425559586413678592","type":"photo","url":"https://pbs.twimg.com/media/E8ia5BJXEAASXj9.jpg"},{"media_key":"3_1425557998899011595","type":"photo","url":"https://pbs.twimg.com/media/E8iZcnMXoAsz3Qc.jpg"},{"media_key":"7_1425557280959893510","public_metrics":{"view_count":1009},"type":"video"},{"media_key":"3_1425556993150967815","type":"photo","url":"https://pbs.twimg.com/media/E8iYiEfWYAcB8y2.jpg"},{"media_key":"3_1425556531521675266","type":"photo","url":"https://pbs.twimg.com/media/E8iYHMyWYAIaIUg.jpg"},{"media_key":"3_1425556531546886153","type":"photo","url":"https://pbs.twimg.com/media/E8iYHM4XEAk0Fby.jpg"},{"media_key":"3_1425556531546832902","type":"photo","url":"https://pbs.twimg.com/media/E8iYHM4WQAYXDQQ.jpg"},{"media_key":"3_1425556531559419904","type":"photo","url":"https://pbs.twimg.com/media/E8iYHM7WUAAW-zd.jpg"},{"media_key":"3_1425556368564568067","type":"photo","url":"https://pbs.twimg.com/media/E8iX9tuWQAM1sEy.jpg"},{"media_key":"3_1425556372138123269","type":"photo","url":"https://pbs.twimg.com/media/E8iX97CWYAUJjIW.jpg"},{"media_key":"3_1425554715576836107","type":"photo","url":"https://pbs.twimg.com/media/E8iWdf3XIAstNxV.jpg"},{"media_key":"3_1425554479445909509","type":"photo","url":"https://pbs.twimg.com/media/E8iWPwNXIAUEOGn.jpg"},{"media_key":"7_1425553340382031873","public_metrics":{"view_count":240},"type":"video"},{"media_key":"16_1425553557412057095","type":"animated_gif"},{"media_key":"3_1425553337324392448","type":"photo","url":"https://pbs.twimg.com/media/E8iVNReX0AA1mh0.jpg"}]},"meta":{"newest_id":"1425585584379150345","oldest_id":"1425551892051025924","result_count":100,"next_token":"b26v89c19zqg8o3fpdm8kojlr9gah3a3scu5fb59uvm9p"}}