{"data":[{"id":"1425093944967323659","lang":"en","text":"More than 56,000 hectares have been burnt in the last 10 days in Greece &amp; thousands of people have been evacuated. Our Community Initiative is raising money to help those in need. @greekredcross \nPlease donate here: https://t.co/JiP8UaBnfC We'll match the raised funds. #wildfires https://t.co/ZQJa0mj2qv","created_at":"2021-08-10T13:57:28.000Z","attachments":{"media_keys":["3_1425092447877619717","3_1425092567146942483","3_1425092566643617799"]},"author_id":"22667478","public_metrics":{"retweet_count":0,"reply_count":0,"like_count":0,"quote_count":0}},{"id":"1425092904687648775","lang":"en","text":"\"there’s really no end in sight for the capacity for that type of thing to happen again,” \n\n#wildfires #ClimateCrisis \n\nhttps://t.co/rqnAjy8OgU","created_at":"2021-08-10T13:53:20.000Z","author_id":"710844287341170688","public_metrics":{"retweet_count":0,"reply_count":0,"like_count":1,"quote_count":0}},{"id":"1425092850732122118","lang":"en","text":"5 Haunting Images That Show the Dixie Fire’s Path of Destruction by Matt Charnock in @thebolditalic https://t.co/HPjTXB1D4y #BayAreaNews #FridayFive #Wildfires #ClimateCrisis #Climate","created_at":"2021-08-10T13:53:07.000Z","author_id":"14229632","public_metrics":{"retweet_count":0,"reply_count":0,"like_count":1,"quote_count":0}},{"id":"1425092680648908800","lang":"en","text":"@22Cowboy1 @cynthiamckinney \uD83D\uDC40FLASHBACK\uD83C\uDFAF\n✡️⚡️strikes again! #Wildfires are #Arson!  #WhiteExtinctionAnxiety is #ClimateEmergency! #COVID911 is #GreatReset to cancel #Reparations. #BuildBackBetter is #ManifestDestiny 2.0! #NurembergTrialsForCovid #CutTheCheck #NoAntiBlackRacism\n#B1\nhttps://t.co/4FVGELFDSk https://t.co/6ABBwBQO7f","created_at":"2021-08-10T13:52:26.000Z","attachments":{"media_keys":["3_1425090207821488145","3_1425090207829930002","3_1425090207821574162","3_1425090207829925902"]},"author_id":"17172437","public_metrics":{"retweet_count":0,"reply_count":0,"like_count":0,"quote_count":0}},{"id":"1425092677117386759","lang":"en","text":"@IPCC_CH Climate collapse is caused by the massive amount of heat and CO2 stemming from 3-4 billion purely systemic and/or redundant #bullshitjobs. #wildfires #climatechange #IPCC https://t.co/Reaf2Dys1I","created_at":"2021-08-10T13:52:25.000Z","author_id":"3308920474","public_metrics":{"retweet_count":0,"reply_count":0,"like_count":0,"quote_count":0}},{"id":"1425092077721882636","lang":"en","text":"FutureDanger Indicator: WILDFIRES LAY WASTE\nHeatMap Column 4&gt; https://t.co/xddBncYhJr\n #Wildfire  #Wildfires #HeatMap #WarnOthers https://t.co/DqH1qwNxvf","created_at":"2021-08-10T13:50:02.000Z","attachments":{"media_keys":["3_1425092075796766723"]},"author_id":"867896844852101121","public_metrics":{"retweet_count":0,"reply_count":0,"like_count":0,"quote_count":0}},{"id":"1425092012685119508","lang":"en","text":"@ScottishPower @COP26 @SPRKeith Climate collapse is caused by the massive amount of heat and CO2 stemming from 3-4 billion purely systemic and/or redundant #bullshitjobs. #wildfires #climatechange #IPCC https://t.co/Reaf2Dys1I","created_at":"2021-08-10T13:49:47.000Z","author_id":"3308920474","public_metrics":{"retweet_count":0,"reply_count":0,"like_count":0,"quote_count":0}},{"id":"1425091938831720460","lang":"en","text":"‘Unprecedented.’ Massive Forest Fire Ravages #Greece’s Second Largest Island\n\n#Evia  #Wildfires\nhttps://t.co/1BbzQiPDP4 https://t.co/D1X1gcUphA","created_at":"2021-08-10T13:49:29.000Z","attachments":{"media_keys":["3_1425091893650657283"]},"author_id":"143142203","public_metrics":{"retweet_count":0,"reply_count":0,"like_count":0,"quote_count":0}},{"id":"1425090948485156864","lang":"en","text":"#Greece #Wildfires #Climatechange #Climatechange Firefighters battling wildfires to save homes on Greek island of Evia https://t.co/LyFc4nItzd","created_at":"2021-08-10T13:45:33.000Z","author_id":"67126684","public_metrics":{"retweet_count":1,"reply_count":0,"like_count":1,"quote_count":0}},{"id":"1425090680582512657","lang":"en","text":"#Heatwaves, deadly #floods and #wildfires...☀️\uD83C\uDF21️⛈️\uD83D\uDD25\n\nMatt Taylor looks at the link between this year's extreme weather &amp; climate change\uD83D\uDC49https://t.co/FISbtT4pPq https://t.co/3IEDeVNtih","created_at":"2021-08-10T13:44:29.000Z","attachments":{"media_keys":["7_1425090131954913294"]},"author_id":"142614009","public_metrics":{"retweet_count":1,"reply_count":1,"like_count":7,"quote_count":0}},{"id":"1425090475250262016","lang":"en","text":"@sfchronicle This is wrong! Is this happening because he’s #Asian ? He has served his time, worked as #firefighter on #CaliforniaFires #DixieFire #wildfires \nThat should be considered in his favor.\n\uD83D\uDE4Ffor Phi Pham","created_at":"2021-08-10T13:43:40.000Z","author_id":"1691991871","public_metrics":{"retweet_count":0,"reply_count":0,"like_count":1,"quote_count":0}},{"id":"1425090209436377091","lang":"en","text":"@IPCC_CH Climate collapse is caused by the massive amount of heat and CO2 stemming from 3-4 billion purely systemic and/or redundant #bullshitjobs. #wildfires #climatechange #IPCC https://t.co/Reaf2Dys1I","created_at":"2021-08-10T13:42:37.000Z","author_id":"3308920474","public_metrics":{"retweet_count":0,"reply_count":0,"like_count":0,"quote_count":0}},{"id":"1425089908453089283","lang":"en","text":"Turkey: Fires expose how Erdogan's regime is descending into farce and caricature. @wolfpiccoli looks at the political damage suffered by Turkish president amid recent wildfires https://t.co/QOn4JPw5Ke #Turkey #Erdogan #wildfires","created_at":"2021-08-10T13:41:25.000Z","author_id":"1856512344","public_metrics":{"retweet_count":1,"reply_count":0,"like_count":1,"quote_count":0}},{"id":"1425089898072137740","lang":"en","text":"#RT @GSCP_GR: #Israeli firefighters \uD83C\uDDEE\uD83C\uDDF1 \uD83D\uDC68‍\uD83D\uDE92 arrived in #Greece \uD83C\uDDEC\uD83C\uDDF7 to assist in battling the #wildfires \n\n\uD83E\uDD1D A highly appreciated support &amp; act of #solidarity by a close friend \n\nThank you \uD83D\uDE4F #Israel for strongly standing by #Greece in this hard time!\n\n@… https://t.co/CaU9Vrb4oR","created_at":"2021-08-10T13:41:23.000Z","attachments":{"media_keys":["3_1425087975990439949","3_1425088195822342150","3_1425088312054886406","3_1425088311891304448"]},"author_id":"1156222469818245120","public_metrics":{"retweet_count":0,"reply_count":0,"like_count":0,"quote_count":0}},{"id":"1425089380029435910","lang":"en","text":"@IPCC_CH Climate collapse is caused by the massive amount of heat and CO2 stemming from 3-4 billion purely systemic and/or redundant #bullshitjobs. #wildfires #climatechange #IPCC https://t.co/Reaf2Dys1I","created_at":"2021-08-10T13:39:19.000Z","author_id":"3308920474","public_metrics":{"retweet_count":0,"reply_count":0,"like_count":0,"quote_count":0}},{"id":"1425089177226514444","lang":"en","text":"Algeria: Multiple wildfires spread in the North African country, at least seven dead #Algeria #Africa #Wildfires #Fires #AlgeriaFire #AlgeriaWildfires #TiziOuzou https://t.co/NxeWeK9Ize","created_at":"2021-08-10T13:38:31.000Z","author_id":"1045943081118269440","public_metrics":{"retweet_count":0,"reply_count":0,"like_count":0,"quote_count":0}},{"id":"1425089114572005385","lang":"en","text":"@EUClimateAction @EU_ScienceHub @EU_ENV @EUAgri @EUEnvironment @FAOBrussels @IUCN_forests @UNBiodiversity @CIFOR @WWFLeadForests @IPBES @europeanforest Climate collapse is caused by the massive amount of heat and CO2 stemming from 3-4 billion purely systemic and/or redundant #bullshitjobs. #wildfires #climatechange #IPCC https://t.co/Reaf2Dys1I","created_at":"2021-08-10T13:38:16.000Z","author_id":"3308920474","public_metrics":{"retweet_count":0,"reply_count":0,"like_count":0,"quote_count":0}},{"id":"1425088813311868928","lang":"en","text":"@WWF Climate collapse is caused by the massive amount of heat and CO2 stemming from 3-4 billion purely systemic and/or redundant #bullshitjobs. #wildfires #climatechange #IPCC https://t.co/Reaf2Dys1I","created_at":"2021-08-10T13:37:04.000Z","author_id":"3308920474","public_metrics":{"retweet_count":0,"reply_count":0,"like_count":0,"quote_count":0}},{"id":"1425088640464605196","lang":"en","text":"Are arrests enough of a deterrent to prevent widfires in Albania? #tirana #albania #wildfires In a press conference held on Tuesday, the Director of Public Order said that the Police have also pressed charges against 16 https://t.co/oiZ7KIVGbj","created_at":"2021-08-10T13:36:23.000Z","author_id":"798095269522997248","public_metrics":{"retweet_count":0,"reply_count":0,"like_count":1,"quote_count":0}},{"id":"1425088557589438474","lang":"en","text":"#Israeli firefighters \uD83C\uDDEE\uD83C\uDDF1 \uD83D\uDC68‍\uD83D\uDE92 arrived in #Greece \uD83C\uDDEC\uD83C\uDDF7 to assist in battling the #wildfires \n\n\uD83E\uDD1D A highly appreciated support &amp; act of #solidarity by a close friend \n\nThank you \uD83D\uDE4F #Israel for strongly standing by #Greece in this hard time!\n\n@IsraelinGreece @GreeceInTelAviv https://t.co/eLECKRrvTI","created_at":"2021-08-10T13:36:03.000Z","attachments":{"media_keys":["3_1425087975990439949","3_1425088195822342150","3_1425088312054886406","3_1425088311891304448"]},"author_id":"1637650700","public_metrics":{"retweet_count":15,"reply_count":0,"like_count":51,"quote_count":3}},{"id":"1425088424948736008","lang":"und","text":"#greece #evia #wildfires #φωτιες #φωτια #πυρκαγια #copernicus https://t.co/oAW8NDPoOc","created_at":"2021-08-10T13:35:32.000Z","author_id":"6700072","public_metrics":{"retweet_count":1,"reply_count":0,"like_count":0,"quote_count":0}},{"id":"1425088357202374669","lang":"und","text":"@AFP #wildfires","created_at":"2021-08-10T13:35:15.000Z","author_id":"819515288496410624","public_metrics":{"retweet_count":0,"reply_count":0,"like_count":0,"quote_count":0}},{"id":"1425088259949047817","lang":"en","text":"@VSinkevicius @EUEnvironment @TimmermansEU @EU_Commission @EUClimateAction @EU_ENV @EU_MARE @EU_Partnerships @EUintheUS @IPBES @UNBiodiversity @ConnectSDGs Climate collapse is caused by the massive amount of heat and CO2 stemming from 3-4 billion purely systemic and/or redundant #bullshitjobs. #wildfires #climatechange #IPCC https://t.co/Reaf2Dys1I","created_at":"2021-08-10T13:34:52.000Z","author_id":"3308920474","public_metrics":{"retweet_count":0,"reply_count":0,"like_count":0,"quote_count":0}},{"id":"1425087943807488002","lang":"en","text":"@Reuters @GretaThunberg Climate collapse is caused by the massive amount of heat and CO2 stemming from 3-4 billion purely systemic and/or redundant #bullshitjobs. #wildfires #climatechange #IPCC https://t.co/Reaf2Dys1I","created_at":"2021-08-10T13:33:37.000Z","author_id":"3308920474","public_metrics":{"retweet_count":0,"reply_count":0,"like_count":0,"quote_count":0}},{"id":"1425087804636291076","lang":"en","text":"#EMSR527 #φωτια_ευβοιας\n\nYet another overnight delivery from our #RapidMappingTeam, this time a delineation of the #Evia #Ευβοια #wildfires\n\nOn 9 August at 08:31 UTC, at the time of imagery acquisition, the apocalyptic blaze had consumed, coast to coast, a mind-boggling 46,283ha https://t.co/3jIishL9Cb","created_at":"2021-08-10T13:33:04.000Z","attachments":{"media_keys":["3_1425086577131364358"]},"author_id":"2201283403","public_metrics":{"retweet_count":18,"reply_count":1,"like_count":17,"quote_count":4}},{"id":"1425086890324238341","lang":"en","text":"it's 2037,\nthe #world is once again in #panic,\nno not because of a #pandemic\n\nbut #forest #wildfires, #glaciers melted, #HeatWaves, floods and what not!!\n\nonce again, the #race is to save the #human race.\n\n#ClimateReport #ClimateCrisis #ClimateEmergency\n\n@Greenpeace @LeoDiCaprio","created_at":"2021-08-10T13:29:26.000Z","author_id":"80010912","public_metrics":{"retweet_count":0,"reply_count":0,"like_count":1,"quote_count":0}},{"id":"1425086850931347471","lang":"en","text":"UN: #GlobalWarming is ‘Perilously Close’ https://t.co/sLs3vlHjY3 @IPCC_CH #IPCC #climatechange #ClimateReport #climate #environment #wildfires","created_at":"2021-08-10T13:29:16.000Z","author_id":"377261185","public_metrics":{"retweet_count":1,"reply_count":0,"like_count":2,"quote_count":0}},{"id":"1425086133898301448","lang":"en","text":"@WMO Climate collapse is caused by the massive amount of heat and CO2 stemming from 3-4 billion purely systemic and/or redundant #bullshitjobs. #wildfires #climatechange #IPCC https://t.co/Reaf2Dys1I","created_at":"2021-08-10T13:26:25.000Z","author_id":"3308920474","public_metrics":{"retweet_count":0,"reply_count":0,"like_count":0,"quote_count":0}},{"id":"1425085676203163649","lang":"en","text":"These two satellite images show how smoke from #wildfires in Greece has been spread by the wind over the space of just a day \uD83C\uDF2C️ \n\nThis will be bringing poor air quality in some places https://t.co/1vWgQGCTSs","created_at":"2021-08-10T13:24:36.000Z","attachments":{"media_keys":["7_1425083869947170819"]},"author_id":"19282280","public_metrics":{"retweet_count":8,"reply_count":0,"like_count":13,"quote_count":0}},{"id":"1425085046407446528","lang":"en","text":"There needs to be a class action agin #glyphosate dumped on #forests for the various costs of the rampant #wildfires it causes.","created_at":"2021-08-10T13:22:06.000Z","author_id":"813500307846074368","public_metrics":{"retweet_count":0,"reply_count":0,"like_count":2,"quote_count":0}},{"id":"1425084895882272772","lang":"en","text":"This is just so sad to see...\uD83D\uDE2D\uD83D\uDE2D\uD83D\uDE2D\uD83D\uDE2D\uD83D\uDE2D so many countries affected by forest fires, so many human and animal victims...my heart is hurting \uD83D\uDC94 #PrayForAlgeria #PrayForGreece #wildfires https://t.co/c6QKDE2maI","created_at":"2021-08-10T13:21:30.000Z","author_id":"936368052","public_metrics":{"retweet_count":0,"reply_count":0,"like_count":1,"quote_count":0}},{"id":"1425084529279184896","lang":"en","text":"Taxpayer relief measures are available to those impacted by #WildFires. Learn more: https://t.co/EdOIy36Qql #CdnTax https://t.co/dHqIOdmvz1","created_at":"2021-08-10T13:20:03.000Z","attachments":{"media_keys":["3_1425084526934515714"]},"author_id":"210824456","public_metrics":{"retweet_count":3,"reply_count":0,"like_count":2,"quote_count":0}},{"id":"1425084514875891725","lang":"en","text":"There you are! #blueskies ⁦@CBSDenver⁩ I am so grateful to see you this morning. #cowx #wildfires https://t.co/0nTv1CGNDr","created_at":"2021-08-10T13:19:59.000Z","attachments":{"media_keys":["3_1425084505036099585"]},"author_id":"1445160164","public_metrics":{"retweet_count":0,"reply_count":0,"like_count":3,"quote_count":0}},{"id":"1425083392845094914","lang":"es","text":"Fuegos en el norte de #Argelia , por eso cuando \"las barbas de tu vecino veas quemar, pon las tuyas a remojar\" #IIFF #wildfires #OladeCalor\n10 agosto 2021 Terra MODIS https://t.co/G7Ny60T3b9","created_at":"2021-08-10T13:15:32.000Z","attachments":{"media_keys":["3_1425083211496005632"]},"author_id":"310806928","public_metrics":{"retweet_count":6,"reply_count":0,"like_count":10,"quote_count":0}},{"id":"1425082242339123204","lang":"en","text":"‘Mankind could face catastrophic temperature rises of as much as 4°C’ says IPCC author\n\n@IPCC_CH \n@uarizona\n#IPCC #climate #climatechange #climatereport #environment #climatecation #climateemergency #globalwarming #wildfires #fossilfuels \nhttps://t.co/OW3EcAZLEj","created_at":"2021-08-10T13:10:57.000Z","author_id":"144461413","public_metrics":{"retweet_count":0,"reply_count":0,"like_count":0,"quote_count":0}},{"id":"1425081751009964039","lang":"en","text":"[PODCAST] Athens resident Xariss Mpilis criticize the government of #Greece for its poor response to the raging #wildfires.\n\n#GreeceFires \n#Greecewildfires \n\nhttps://t.co/86dBlv7onl","created_at":"2021-08-10T13:09:00.000Z","author_id":"4624133423","public_metrics":{"retweet_count":1,"reply_count":0,"like_count":1,"quote_count":0}},{"id":"1425081381240061969","lang":"en","text":"By Tuesday morning, the fire that has destroyed homes &amp; businesses &amp; led to dozens of villages being evacuated was still active, albeit on a smaller scale, burning close to some villages. Several other #WildFires were burning in the country\n#Peloponnese #Evia #GreeceFires #Greece https://t.co/EVEmL7Gh7b","created_at":"2021-08-10T13:07:32.000Z","attachments":{"media_keys":["7_1425081232417767433"]},"author_id":"52571677","public_metrics":{"retweet_count":1,"reply_count":1,"like_count":0,"quote_count":0}},{"id":"1425081111948967937","lang":"en","text":"@TheGreenParty @carla_denyer Climate collapse is caused by the massive amount of heat and CO2 stemming from 3-4 billion purely systemic and/or redundant #bullshitjobs. #wildfires #climatechange #IPCC https://t.co/Reaf2Dys1I","created_at":"2021-08-10T13:06:28.000Z","author_id":"3308920474","public_metrics":{"retweet_count":0,"reply_count":0,"like_count":0,"quote_count":0}},{"id":"1425080989433409536","lang":"en","text":"BreezoMeter’s Scientists Discuss Wildfire Tracking: Read the Webinar Transcript! https://t.co/NluOkHAxCR #airquality #wildfires #airpollution #wildfireaware","created_at":"2021-08-10T13:05:59.000Z","author_id":"2371842847","public_metrics":{"retweet_count":0,"reply_count":0,"like_count":0,"quote_count":0}},{"id":"1425080352528244737","lang":"en","text":"Larsen Hill fire burned about 14-20 km beside the Coquihalla highway. Friday, August 6th on my way to the coast #wildfires #Summer2021 https://t.co/ZglqmQEpxL","created_at":"2021-08-10T13:03:27.000Z","attachments":{"media_keys":["3_1425080340490633232","3_1425080340499111936"]},"author_id":"2582844594","public_metrics":{"retweet_count":0,"reply_count":0,"like_count":0,"quote_count":0}},{"id":"1425080257581772801","lang":"en","text":"It's not enough to cut red tape, throw more money at the issue and promise to do better. Until hyperlitigious green groups stop suing to stop every tree removal, nothing will change. THESE groups helped create this crisis\n\n#publiclands #wildfires #copolitics @forestservice https://t.co/B5NfrP1OkA","created_at":"2021-08-10T13:03:04.000Z","author_id":"74912769","public_metrics":{"retweet_count":0,"reply_count":0,"like_count":0,"quote_count":0}},{"id":"1425079484999479301","lang":"en","text":"Residents are mounting a round the clock watch to try to save their homes from the #wildfires ravaging the Greek island of #Evia, determined to stay put despite the authorities urging them to evacuate\n\n#Greece #GreeceFires\n\nhttps://t.co/yzs3MKht7T","created_at":"2021-08-10T13:00:00.000Z","author_id":"60017224","public_metrics":{"retweet_count":0,"reply_count":0,"like_count":0,"quote_count":0}},{"id":"1425079031750344726","lang":"en","text":"#Evia, #Greece\nLocal youths and volunteers gather in a field to support firefighters as #wildfires continue\nPhotograph: Angelos Tzortzinis/AFP/Getty Images #climate #environment https://t.co/FxwBzRwnFO https://t.co/65XNnDLQd3","created_at":"2021-08-10T12:58:12.000Z","attachments":{"media_keys":["3_1425079028852080650"]},"author_id":"16797866","public_metrics":{"retweet_count":3,"reply_count":0,"like_count":2,"quote_count":1}},{"id":"1425079012339163144","lang":"en","text":"RT:(@GettyImages) RT @GettyImagesNews: An American flag rests on rubble of a fire station destroyed by the #DixieFire near Greenville, #California. The #wildfires has incinerated nearly 500,000 acres and is the second-largest recorded wildfire in state history. \uD83D\uDCF8: @daveodish…","created_at":"2021-08-10T12:58:07.000Z","author_id":"86139361","public_metrics":{"retweet_count":0,"reply_count":0,"like_count":0,"quote_count":0}},{"id":"1425078742058156059","lang":"en","text":"Opposition leader Tsipras accuses government of shelving long-term fire safety plans, incl. recommendations in international report. \n\n#Greece #wildfires \nReport: https://t.co/be4bMiYbCY https://t.co/xvylC9WEdW","created_at":"2021-08-10T12:57:03.000Z","attachments":{"media_keys":["3_1425078738459430912"]},"author_id":"466466267","public_metrics":{"retweet_count":1,"reply_count":1,"like_count":4,"quote_count":1}},{"id":"1425077965860319233","lang":"en","text":"Residents \uD83D\uDC68‍\uD83D\uDC69‍\uD83D\uDC67‍\uD83D\uDC66 in #Greece \uD83C\uDDEC\uD83C\uDDF7 (island \uD83C\uDFDD️ of #Evia) forced to #evacuate ⛑️\uD83D\uDEF3️ due to #wildfires \uD83D\uDD25; Greece is experiencing its most severe #heatwave \uD83C\uDF21️ in 30 years in which temperatures have spiked to 45C‼️ \n\n#ClimateEmergency #ClimateCatastrophe \n\nCOURTESY of BBC News©️ (@BBCNews) https://t.co/SHzvBiItH2","created_at":"2021-08-10T12:53:58.000Z","attachments":{"media_keys":["7_1425076606238957568"]},"author_id":"344846977","public_metrics":{"retweet_count":0,"reply_count":0,"like_count":0,"quote_count":0}},{"id":"1425077963427549185","lang":"en","text":"This is sad. #lasvegas #wildfires #tuesdaymorning https://t.co/6vQFL7iW52","created_at":"2021-08-10T12:53:57.000Z","attachments":{"media_keys":["3_1425077959929573376"]},"author_id":"1301757810","public_metrics":{"retweet_count":0,"reply_count":0,"like_count":0,"quote_count":0}},{"id":"1425077505027760130","lang":"en","text":"Western wildfires – as foresters, we urge science-based solutions right now: https://t.co/7HoJBXKJvr\n\n#wildfires #mountainwest #publiclands @Interior @forestservice #copolitics #oregon #california https://t.co/SObWYMGVdm","created_at":"2021-08-10T12:52:08.000Z","attachments":{"media_keys":["3_1425077495624208385"]},"author_id":"50361094","public_metrics":{"retweet_count":2,"reply_count":1,"like_count":1,"quote_count":1}},{"id":"1425077258587447296","lang":"en","text":"@Peters_Glen Climate collapse is caused by the massive amount of heat and CO2 stemming from 3-4 billion purely systemic and/or redundant, non-contributing #bullshitjobs. #wildfires #climatechange #IPCC https://t.co/Reaf2Dys1I","created_at":"2021-08-10T12:51:09.000Z","author_id":"3308920474","public_metrics":{"retweet_count":0,"reply_count":0,"like_count":0,"quote_count":0}},{"id":"1425077115418984470","lang":"en","text":"As #Wildfires ravage across the world, solutions on bringing burnt forests back to life have been the center of discussion. \nHaving no external intervention and protecting the burnt areas is what might be required to help nature recover \uD83C\uDF33. \n\nhttps://t.co/Vkm5NVTKu3","created_at":"2021-08-10T12:50:35.000Z","author_id":"3308260667","public_metrics":{"retweet_count":1,"reply_count":0,"like_count":0,"quote_count":0}},{"id":"1425076708806377489","lang":"en","text":".@usda_oce Wx: Smoke from dozens of #wildfires continues to degrade air quality in many areas of the West, especially extending eastward from several large blazes in northern #California.","created_at":"2021-08-10T12:48:58.000Z","author_id":"38833974","public_metrics":{"retweet_count":0,"reply_count":0,"like_count":1,"quote_count":0}},{"id":"1425076603483209746","lang":"en","text":"\"#Wildfires were also still burning in nearby Turkey... as well as in Italy &amp; other parts of southern Europe where a record-breaking heat wave has created unusually dry conditions &amp; spurred debate about the damage wreaked by #climatechange.\"\n\nhttps://t.co/3VxmhQlW7m","created_at":"2021-08-10T12:48:33.000Z","author_id":"1444799468","public_metrics":{"retweet_count":0,"reply_count":0,"like_count":0,"quote_count":0}},{"id":"1425076464345653249","lang":"en","text":"@Lucy_Lapwing Climate collapse is caused by the massive amount of heat and CO2 stemming from 3-4 billion purely systemic and/or redundant, non-contributing #bullshitjobs. #wildfires #climatechange #IPCC https://t.co/Reaf2Dys1I","created_at":"2021-08-10T12:48:00.000Z","author_id":"3308920474","public_metrics":{"retweet_count":0,"reply_count":0,"like_count":0,"quote_count":0}},{"id":"1425076302948839427","lang":"en","text":"@Greenpeace Climate collapse is caused by the massive amount of heat and CO2 stemming from 3-4 billion purely systemic and/or redundant #bullshitjobs. #wildfires #climatechange #IPCC https://t.co/Reaf2Dys1I","created_at":"2021-08-10T12:47:21.000Z","author_id":"3308920474","public_metrics":{"retweet_count":0,"reply_count":0,"like_count":0,"quote_count":0}},{"id":"1425075843139706885","lang":"en","text":"Meteorologists use satellites to search for new fires, spot wildfire smoke and find its growth. The fire temperature imagery is also used, especially at night. Radars are used rarely. \n\n#Wildfires #1Weather #Shorts \n\nDownload @1weatherapp \nhttps://t.co/EzTuttlPeg https://t.co/0IMWiovj2G","created_at":"2021-08-10T12:45:32.000Z","attachments":{"media_keys":["3_1425075801100148738"]},"author_id":"1250113886914637831","public_metrics":{"retweet_count":0,"reply_count":0,"like_count":0,"quote_count":0}},{"id":"1425075538822008834","lang":"en","text":"Rural communities are hardest hit by the #ClimateCrisis but all Canadians shoulder the heavy costs. Brian Eddy @NRCan says it's time to address #ClimateChange in rural communities #wildfires https://t.co/x9RDsPFJYK","created_at":"2021-08-10T12:44:19.000Z","author_id":"17410863","public_metrics":{"retweet_count":2,"reply_count":0,"like_count":3,"quote_count":0}},{"id":"1425074866454159361","lang":"en","text":"Baby squirrel who survived the #wildfires in intensive care \uD83D\uDC3F️\n\nhttps://t.co/FmciGSmEDe https://t.co/OUo20vmCuT","created_at":"2021-08-10T12:41:39.000Z","attachments":{"media_keys":["7_1425073559718739970"]},"author_id":"1404336661786419206","public_metrics":{"retweet_count":2,"reply_count":1,"like_count":4,"quote_count":0}},{"id":"1425074674292215809","lang":"und","text":"#NorthPole #smoke #wildfires https://t.co/U3TXGLjMGC","created_at":"2021-08-10T12:40:53.000Z","author_id":"4571814261","public_metrics":{"retweet_count":0,"reply_count":0,"like_count":0,"quote_count":0}},{"id":"1425074281285890051","lang":"en","text":"Search the Wild Fire section at https://t.co/jL12PhsjVI to find a major contributing factor to the massive increase in #WildFires \nWe need 2 end #GeoEngineering #SRM #ChemicalIceNucleation #SolarRadiationManagement #Aluminum #Barium #Strontium #Manganese #GrapheneNanoparticles https://t.co/UwAsj6eBL8","created_at":"2021-08-10T12:39:19.000Z","author_id":"1389236780684267522","public_metrics":{"retweet_count":0,"reply_count":0,"like_count":0,"quote_count":0}},{"id":"1425072630667829251","lang":"en","text":"Fall 2021 class… I’m excited\n\nCE 597: Disasters and Emergencies\n\n#Fukushima \n#Wildfires\n#Environmentalhealth #EmergencyManagement \n#Brain eating amoeba\n#HurricaneKatrina \n#Hazardous waste\n#EOC\n#HurricaneSandy \n#Infrastructure\n#Policy\n#ICS\n#Drinking water\n#NIMS \n#RedCross \n&amp; more","created_at":"2021-08-10T12:32:46.000Z","author_id":"239666710","public_metrics":{"retweet_count":0,"reply_count":2,"like_count":3,"quote_count":0}},{"id":"1425072068454924292","lang":"en","text":"People on the Greek island of #Evia used water hoses and buckets in a desperate effort to save their homes from the #wildfires that are ravaging the country. @lydiaemman @Anja_Popp @dgatopoulos  https://t.co/PWCJCDcTQG","created_at":"2021-08-10T12:30:32.000Z","author_id":"1332959375175061504","public_metrics":{"retweet_count":0,"reply_count":0,"like_count":0,"quote_count":0}},{"id":"1425072032052559874","lang":"und","text":"\uD83C\uDF3F\uD83C\uDF37\uD83C\uDF40\uD83D\uDE4F\uD83C\uDF33\uD83D\uDC11\uD83C\uDF32\uD83D\uDC04\uD83C\uDF33\uD83D\uDC22\uD83C\uDF32\uD83D\uDC07\uD83C\uDF33\uD83D\uDE4F\uD83C\uDF10\uD83D\uDD25\uD83C\uDF21\uD83D\uDD25#wildfires\uD83D\uDD25\uD83D\uDCE1\uD83D\uDCA7 https://t.co/zQ9uhQL6ci","created_at":"2021-08-10T12:30:23.000Z","author_id":"719795664822132736","public_metrics":{"retweet_count":0,"reply_count":0,"like_count":0,"quote_count":0}},{"id":"1425071950913736704","lang":"en","text":"Thank you @WESH for spotlighting some SCFD personnel helping with #wildfires. Great experience to bring home to serve the residents of @seminolecounty.  https://t.co/7ThroOxGmX","created_at":"2021-08-10T12:30:04.000Z","author_id":"2591809956","public_metrics":{"retweet_count":0,"reply_count":0,"like_count":0,"quote_count":0}},{"id":"1425071376914857989","lang":"en","text":"#Wildfires exacerbated by #heatwave and dry weather continue in #Algeria. \uD83D\uDD25☀️ #Africa \n \nMany areas are seeing temps over 40C daily.\uD83C\uDF21️\n \nHere's the northern region of Kabylia\uD83D\uDC47 https://t.co/CdFGy5jjW6","created_at":"2021-08-10T12:27:47.000Z","attachments":{"media_keys":["7_1425071318307848192"]},"author_id":"142614009","public_metrics":{"retweet_count":3,"reply_count":1,"like_count":11,"quote_count":2}},{"id":"1425069985936953347","lang":"en","text":"\uD83D\uDE31 #Algeria next! #Wildfires...5 deadly victims atm! https://t.co/TYM1XsGBwi","created_at":"2021-08-10T12:22:15.000Z","author_id":"4134412067","public_metrics":{"retweet_count":0,"reply_count":0,"like_count":1,"quote_count":1}},{"id":"1425069892760444929","lang":"en","text":"Massive destruction!\n\n#wildfires #Evia #Greece #Sentinel2 #greeceisburning https://t.co/CRvg2QOSkV","created_at":"2021-08-10T12:21:53.000Z","author_id":"619062120","public_metrics":{"retweet_count":0,"reply_count":0,"like_count":0,"quote_count":0}},{"id":"1425069465859936258","lang":"el","text":"Γερμανικός Τύπος για τις πυρκαγιές στην Εύβοια: «Άφαντο το κράτος - η ώρα των ευθυνών» https://t.co/DkLWvU85Nv #Greece #Wildfires #φωτιες #Πυρκαγια #Ευβοια https://t.co/ICVbLoAIOq","created_at":"2021-08-10T12:20:11.000Z","attachments":{"media_keys":["3_1425069462718500867"]},"author_id":"186933748","public_metrics":{"retweet_count":1,"reply_count":0,"like_count":2,"quote_count":0}},{"id":"1425068881371045891","lang":"en","text":"#Wildfires raging! No worries, lets crank up more heat- #China\n\n#Climate\n\nhttps://t.co/E8RYq86Orn","created_at":"2021-08-10T12:17:52.000Z","author_id":"1285756302246006784","public_metrics":{"retweet_count":0,"reply_count":0,"like_count":0,"quote_count":0}},{"id":"1425067593178750977","lang":"en","text":"#California #DixieFire #Firefighters #Hotshots #Wildfires #Wildfire #Epic #ClimateChange #ClimateAction #ClimateCrisis #Drougt \nSmokey the Bear needs a boat load of support right now! Many of these crews fighting the wildfire have been working non stop for more than 21 days\uD83D\uDE92\uD83D\uDC68‍\uD83D\uDE92\uD83D\uDD25 https://t.co/D5fQWyAVgx","created_at":"2021-08-10T12:12:45.000Z","attachments":{"media_keys":["7_1425067557954928643"]},"author_id":"1127642803780169736","public_metrics":{"retweet_count":1,"reply_count":0,"like_count":1,"quote_count":0}},{"id":"1425067374160617476","lang":"en","text":"For everyone from neophytes to preppers, the must have book.  https://t.co/4A95uOZZj2 #ClimateChangeIsReal #disastermanagement  #LifeHacks #life #wildfires #DixieFire #ClimateEmergency #Tuesday #California https://t.co/MuwSBKXi7i","created_at":"2021-08-10T12:11:53.000Z","attachments":{"media_keys":["3_1425067362856980483"]},"author_id":"2780504052","public_metrics":{"retweet_count":0,"reply_count":0,"like_count":1,"quote_count":0}},{"id":"1425067365717319681","lang":"en","text":"\"Neighbourhood is Gone\": before and after California's Worst Monster Wildfire\n#neighborhood #california #wildfires #fire \nhttps://t.co/3Ql0KutVfp","created_at":"2021-08-10T12:11:51.000Z","author_id":"1232592683895422976","public_metrics":{"retweet_count":0,"reply_count":0,"like_count":0,"quote_count":0}},{"id":"1425067089677721600","lang":"en","text":"' #Attica Governor @gpatoulis Activates #Health Protection #Hotline for #Tourists and #Residents https://t.co/kWqB0TalPb @perattikis #PerifereiaAttikis #AtticaRegion #wildfires #Greece #information","created_at":"2021-08-10T12:10:45.000Z","author_id":"377261185","public_metrics":{"retweet_count":0,"reply_count":0,"like_count":1,"quote_count":0}},{"id":"1425066638580371456","lang":"en","text":"#Wildfires often begin unnoticed and can spread quickly. Taking these steps in advance of any danger can help keep you, your family and your property safe: https://t.co/fj1doQRZpx https://t.co/tqjrWsmXSU","created_at":"2021-08-10T12:08:57.000Z","attachments":{"media_keys":["7_1425065576112680963"]},"author_id":"1380246084161728512","public_metrics":{"retweet_count":0,"reply_count":0,"like_count":0,"quote_count":0}},{"id":"1425066631034769413","lang":"en","text":"#EMSR528\n\nFire in Ancient #Olympia\uD83C\uDDEC\uD83C\uDDF7\n\nOur #RapidMappingTeam has delivered a 3rd Monitoring Product of the #Wildfires\uD83D\uDD25 which had ravaged 13,167 ha at the time of \uD83D\uDEF0️image acquisition (9 August at 9:20 UTC) eg 774 ha more than on 8 August\n\nA 4th Monitoring Product is in preparation https://t.co/t5gpgYmpE3","created_at":"2021-08-10T12:08:55.000Z","attachments":{"media_keys":["3_1425064449661091852"]},"author_id":"2201283403","public_metrics":{"retweet_count":11,"reply_count":0,"like_count":26,"quote_count":2}},{"id":"1425066070625378306","lang":"en","text":"Solidarity with #Greece! #wildfires #strongertogether #EUsolidarity https://t.co/yirqYebxlz","created_at":"2021-08-10T12:06:42.000Z","attachments":{"media_keys":["3_1425066064124207105"]},"author_id":"1512887341","public_metrics":{"retweet_count":0,"reply_count":0,"like_count":1,"quote_count":0}},{"id":"1425065946520170499","lang":"en","text":"@Peters_Glen Climate collapse is caused by the massive amount of heat and CO2 stemming from 3-4 billion purely systemic and/or redundant, non-contributing #bullshitjobs. #wildfires #climatechange #IPCC\nhttps://t.co/Reaf2Dys1I","created_at":"2021-08-10T12:06:12.000Z","author_id":"3308920474","public_metrics":{"retweet_count":1,"reply_count":0,"like_count":0,"quote_count":0}},{"id":"1425065900542156804","lang":"en","text":"@till_steffen Climate collapse is caused by the massive amount of heat and CO2 stemming from 3-4 billion purely systemic and/or redundant, non-contributing #bullshitjobs. #wildfires #climatechange #IPCC\nhttps://t.co/Reaf2Dys1I","created_at":"2021-08-10T12:06:01.000Z","author_id":"3308920474","public_metrics":{"retweet_count":1,"reply_count":0,"like_count":0,"quote_count":0}},{"id":"1425065829977268232","lang":"en","text":"@saltwatersteve @YouTube @PCFCIC @IocUnesco @UNOceanDecade Climate collapse is caused by the massive amount of heat and CO2 stemming from 3-4 billion purely systemic and/or redundant, non-contributing #bullshitjobs. #wildfires #climatechange #IPCC\nhttps://t.co/Reaf2Dys1I","created_at":"2021-08-10T12:05:44.000Z","author_id":"3308920474","public_metrics":{"retweet_count":0,"reply_count":0,"like_count":0,"quote_count":0}},{"id":"1425065761211621376","lang":"en","text":"@RichieMerzian @QandA @IPCC_CH @abcnews Climate collapse is caused by the massive amount of heat and CO2 stemming from 3-4 billion purely systemic and/or redundant, non-contributing #bullshitjobs. #wildfires #climatechange #IPCC\nhttps://t.co/Reaf2Dys1I","created_at":"2021-08-10T12:05:28.000Z","author_id":"3308920474","public_metrics":{"retweet_count":0,"reply_count":0,"like_count":0,"quote_count":0}},{"id":"1425065711727255552","lang":"en","text":"@DrShamsuddinAdv Climate collapse is caused by the massive amount of heat and CO2 stemming from 3-4 billion purely systemic and/or redundant, non-contributing #bullshitjobs. #wildfires #climatechange #IPCC\nhttps://t.co/Reaf2Dys1I","created_at":"2021-08-10T12:05:16.000Z","author_id":"3308920474","public_metrics":{"retweet_count":0,"reply_count":0,"like_count":0,"quote_count":0}},{"id":"1425065670258081798","lang":"en","text":"@greenpeace_esp @kaisakosonen @Greenpeace @EnvoyRmi @meinshausen @piersforster Climate collapse is caused by the massive amount of heat and CO2 stemming from 3-4 billion purely systemic and/or redundant, non-contributing #bullshitjobs. #wildfires #climatechange #IPCC\nhttps://t.co/Reaf2Dys1I","created_at":"2021-08-10T12:05:06.000Z","author_id":"3308920474","public_metrics":{"retweet_count":0,"reply_count":0,"like_count":0,"quote_count":0}},{"id":"1425065643003494412","lang":"en","text":"*NEW* ENVIRONMENT | With large numbers of young people leaving rural areas for cities in the #Mediterranean, landscapes are changing as they get abandoned — often with grave consequences.\n\nA @dw_scitech report.\n\nhttps://t.co/Luvk5HcP75 #Wildfires #migration #ClimateChange","created_at":"2021-08-10T12:05:00.000Z","author_id":"53000919","public_metrics":{"retweet_count":1,"reply_count":0,"like_count":1,"quote_count":0}},{"id":"1425065610510225412","lang":"en","text":"@maudenificent Climate collapse is caused by the massive amount of heat and CO2 stemming from 3-4 billion purely systemic and/or redundant, non-contributing #bullshitjobs. #wildfires #climatechange #IPCC\nhttps://t.co/Reaf2Dys1I","created_at":"2021-08-10T12:04:52.000Z","author_id":"3308920474","public_metrics":{"retweet_count":0,"reply_count":0,"like_count":0,"quote_count":0}},{"id":"1425065502276214787","lang":"en","text":"@anasalhajji Climate collapse is caused by the massive amount of heat and CO2 stemming from 3-4 billion purely systemic and/or redundant, non-contributing #bullshitjobs. #wildfires #climatechange #IPCC\nhttps://t.co/Reaf2Dys1I","created_at":"2021-08-10T12:04:26.000Z","author_id":"3308920474","public_metrics":{"retweet_count":0,"reply_count":0,"like_count":0,"quote_count":0}},{"id":"1425065425805643776","lang":"en","text":"@tazgezwitscher @Luisamneubauer @carla_reemtsma Climate collapse is caused by the massive amount of heat and CO2 stemming from 3-4 billion purely systemic and/or redundant, non-contributing #bullshitjobs. #wildfires #climatechange #IPCC\nhttps://t.co/Reaf2Dys1I","created_at":"2021-08-10T12:04:08.000Z","author_id":"3308920474","public_metrics":{"retweet_count":0,"reply_count":0,"like_count":0,"quote_count":0}},{"id":"1425065381408935936","lang":"en","text":"@CharlieJGardner Climate collapse is caused by the massive amount of heat and CO2 stemming from 3-4 billion purely systemic and/or redundant, non-contributing #bullshitjobs. #wildfires #climatechange #IPCC\nhttps://t.co/Reaf2Dys1I","created_at":"2021-08-10T12:03:58.000Z","author_id":"3308920474","public_metrics":{"retweet_count":0,"reply_count":0,"like_count":0,"quote_count":0}},{"id":"1425065327814225925","lang":"en","text":"@CharlieJGardner Climate collapse is caused by the massive amount of heat and CO2 stemming from 3-4 billion purely systemic and/or redundant, non-contributing #bullshitjobs. #wildfires #climatechange #IPCC\nhttps://t.co/Reaf2Dys1I","created_at":"2021-08-10T12:03:45.000Z","author_id":"3308920474","public_metrics":{"retweet_count":0,"reply_count":0,"like_count":0,"quote_count":0}},{"id":"1425065289276919814","lang":"en","text":"@CharlieJGardner Climate collapse is caused by the massive amount of heat and CO2 stemming from 3-4 billion purely systemic and/or redundant, non-contributing #bullshitjobs. #wildfires #climatechange #IPCC\nhttps://t.co/Reaf2Dys1I","created_at":"2021-08-10T12:03:36.000Z","author_id":"3308920474","public_metrics":{"retweet_count":0,"reply_count":0,"like_count":0,"quote_count":0}},{"id":"1425065222776279040","lang":"en","text":"@AloysiusLeopold Climate collapse is caused by the massive amount of heat and CO2 stemming from 3-4 billion purely systemic and/or redundant, non-contributing #bullshitjobs. #wildfires #climatechange #IPCC\nhttps://t.co/Reaf2Dys1I","created_at":"2021-08-10T12:03:20.000Z","author_id":"3308920474","public_metrics":{"retweet_count":0,"reply_count":1,"like_count":1,"quote_count":0}},{"id":"1425065178761252865","lang":"en","text":"@lindaunobel Climate collapse is caused by the massive amount of heat and CO2 stemming from 3-4 billion purely systemic and/or redundant, non-contributing #bullshitjobs. #wildfires #climatechange #IPCC\nhttps://t.co/Reaf2Dys1I","created_at":"2021-08-10T12:03:09.000Z","author_id":"3308920474","public_metrics":{"retweet_count":0,"reply_count":0,"like_count":0,"quote_count":0}},{"id":"1425065147219992580","lang":"en","text":"@DrShepherd2013 @Forbes Climate collapse is caused by the massive amount of heat and CO2 stemming from 3-4 billion purely systemic and/or redundant, non-contributing #bullshitjobs. #wildfires #climatechange #IPCC\nhttps://t.co/Reaf2Dys1I","created_at":"2021-08-10T12:03:02.000Z","author_id":"3308920474","public_metrics":{"retweet_count":0,"reply_count":0,"like_count":0,"quote_count":0}},{"id":"1425064952465874948","lang":"en","text":"On another note: although the Gov’s channels (and trolls) reproduce scenarios about arson (“asymmetrical warfare”), PM Mitsotakis said the #wildfires were merely the result of #ClimateChange! Doublespeak or coincidental ambiguity?","created_at":"2021-08-10T12:02:15.000Z","author_id":"3348956673","public_metrics":{"retweet_count":1,"reply_count":0,"like_count":0,"quote_count":0}},{"id":"1425064391343546370","lang":"en","text":"#Greece's prime minister #KyriakosMitsotakis apologised for failures in tackling the #wildfires tearing across the country \n\n#GreeceFires #GreeceWildfires #Athens #Evia \n\nREAD: https://t.co/FUvJKl8hbh https://t.co/rXB26OsejD","created_at":"2021-08-10T12:00:01.000Z","attachments":{"media_keys":["3_1424972666180493313"]},"author_id":"1297909248731385856","public_metrics":{"retweet_count":0,"reply_count":0,"like_count":0,"quote_count":0}},{"id":"1425064391045746688","lang":"en","text":"Greece’s prime minister apologises as the island of Evia still facing huge blazes\n#GreeceFires #island_of_Evia #Thelevantnews  #wildfires \nhttps://t.co/rQv0urQMoI https://t.co/tFJqL8aeH7","created_at":"2021-08-10T12:00:01.000Z","attachments":{"media_keys":["3_1425032092451328021"]},"author_id":"1143493455806652416","public_metrics":{"retweet_count":23,"reply_count":0,"like_count":34,"quote_count":0}},{"id":"1425064299446378498","lang":"en","text":"#Greek Prosecutor Probes for Organized Crime Ties to #Wildfires\nhttps://t.co/7P9cUCEDwF","created_at":"2021-08-10T11:59:40.000Z","author_id":"82347945","public_metrics":{"retweet_count":2,"reply_count":0,"like_count":2,"quote_count":0}},{"id":"1425064146383556610","lang":"en","text":"From the Emergency Response Coordination Centre in Brussels.\n\n#Greece #Wildfires \n(Photo: @eu_echo ) https://t.co/RwhuxkiQQO","created_at":"2021-08-10T11:59:03.000Z","attachments":{"media_keys":["3_1425064142952669205"]},"author_id":"466466267","public_metrics":{"retweet_count":1,"reply_count":0,"like_count":3,"quote_count":0}},{"id":"1425062511511019532","lang":"en","text":"A look at all the active wildfires today across the United States and Canada. #Wildfires https://t.co/FXDt9qZMo5","created_at":"2021-08-10T11:52:33.000Z","attachments":{"media_keys":["3_1425062502988193800"]},"author_id":"40415457","public_metrics":{"retweet_count":20,"reply_count":0,"like_count":16,"quote_count":2}},{"id":"1425062061667766273","lang":"en","text":"@HumanityForward @AletheiaAtheos Climate collapse is caused by the massive amount of heat and CO2 stemming from 3-4 billion purely systemic and/or redundant, non-contributing #bullshitjobs. #wildfires #climatechange #IPCC\nhttps://t.co/Reaf2Dys1I","created_at":"2021-08-10T11:50:46.000Z","author_id":"3308920474","public_metrics":{"retweet_count":0,"reply_count":0,"like_count":1,"quote_count":0}},{"id":"1425061925575172098","lang":"en","text":"@MaxGhenis @AletheiaAtheos Climate collapse is caused by the massive amount of heat and CO2 stemming from 3-4 billion purely systemic and/or redundant, non-contributing #bullshitjobs. #wildfires #climatechange #IPCC\nhttps://t.co/Reaf2Dys1I","created_at":"2021-08-10T11:50:14.000Z","author_id":"3308920474","public_metrics":{"retweet_count":0,"reply_count":0,"like_count":0,"quote_count":0}},{"id":"1425061925227012122","lang":"en","text":"// https://t.co/GEtX64zu02 //\n| CODE  RED FOR HUMANITY | A massive WILDFIRES is raging THE WORLD | \n#wildfires #wildfiresgreece #wildfirescalifornia https://t.co/WiUxTyHX33","created_at":"2021-08-10T11:50:14.000Z","attachments":{"media_keys":["3_1425061866603225104"]},"author_id":"1360937940206178304","public_metrics":{"retweet_count":0,"reply_count":0,"like_count":0,"quote_count":0}}],"includes":{"media":[{"media_key":"3_1425092447877619717","type":"photo","url":"https://pbs.twimg.com/media/E8byB-fWYAUsekV.jpg"},{"media_key":"3_1425092567146942483","type":"photo","url":"https://pbs.twimg.com/media/E8byI6zX0BMjzQA.jpg"},{"media_key":"3_1425092566643617799","type":"photo","url":"https://pbs.twimg.com/media/E8byI47XsAckNOE.jpg"},{"media_key":"3_1425090207821488145","type":"photo","url":"https://pbs.twimg.com/media/E8bv_loWYBEFnrq.jpg"},{"media_key":"3_1425090207829930002","type":"photo","url":"https://pbs.twimg.com/media/E8bv_lqXMBII4Zr.jpg"},{"media_key":"3_1425090207821574162","type":"photo","url":"https://pbs.twimg.com/media/E8bv_loXsBIqha1.jpg"},{"media_key":"3_1425090207829925902","type":"photo","url":"https://pbs.twimg.com/media/E8bv_lqXIA4QgAM.jpg"},{"media_key":"3_1425092075796766723","type":"photo","url":"https://pbs.twimg.com/media/E8bxsUYXIAMS7TI.png"},{"media_key":"3_1425091893650657283","type":"photo","url":"https://pbs.twimg.com/media/E8bxht1WEAMt91j.png"},{"media_key":"7_1425090131954913294","public_metrics":{"view_count":1345},"type":"video"},{"media_key":"3_1425087975990439949","type":"photo","url":"https://pbs.twimg.com/media/E8bt9raXMA07Ew_.jpg"},{"media_key":"3_1425088195822342150","type":"photo","url":"https://pbs.twimg.com/media/E8buKeWX0AYoQEF.jpg"},{"media_key":"3_1425088312054886406","type":"photo","url":"https://pbs.twimg.com/media/E8buRPWXsAY7uXi.jpg"},{"media_key":"3_1425088311891304448","type":"photo","url":"https://pbs.twimg.com/media/E8buROvXoAAcn6l.jpg"},{"media_key":"3_1425086577131364358","type":"photo","url":"https://pbs.twimg.com/media/E8bssQQXoAY7bOU.jpg"},{"media_key":"7_1425083869947170819","public_metrics":{"view_count":2854},"type":"video"},{"media_key":"3_1425084526934515714","type":"photo","url":"https://pbs.twimg.com/media/E8bq06rWYAIpzIV.jpg"},{"media_key":"3_1425084505036099585","type":"photo","url":"https://pbs.twimg.com/media/E8bqzpGXEAE_Xtq.jpg"},{"media_key":"3_1425083211496005632","type":"photo","url":"https://pbs.twimg.com/media/E8bpoWSXoAAkSma.jpg"},{"media_key":"7_1425081232417767433","public_metrics":{"view_count":47},"type":"video"},{"media_key":"3_1425080340490633232","type":"photo","url":"https://pbs.twimg.com/media/E8bnBO9WQBAnZA2.jpg"},{"media_key":"3_1425080340499111936","type":"photo","url":"https://pbs.twimg.com/media/E8bnBO_XoAATeaU.jpg"},{"media_key":"3_1425079028852080650","type":"photo","url":"https://pbs.twimg.com/media/E8bl04uWQAo8RcY.jpg"},{"media_key":"3_1425078738459430912","type":"photo","url":"https://pbs.twimg.com/media/E8blj-7WEAActbF.jpg"},{"media_key":"7_1425076606238957568","public_metrics":{"view_count":9},"type":"video"},{"media_key":"3_1425077959929573376","type":"photo","url":"https://pbs.twimg.com/media/E8bk2qrXMAA41sJ.jpg"},{"media_key":"3_1425077495624208385","type":"photo","url":"https://pbs.twimg.com/media/E8bkbpAVkAEgdhb.jpg"},{"media_key":"3_1425075801100148738","type":"photo","url":"https://pbs.twimg.com/media/E8bi5AaUYAIE_H-.jpg"},{"media_key":"7_1425073559718739970","public_metrics":{"view_count":42},"type":"video"},{"media_key":"7_1425071318307848192","public_metrics":{"view_count":2250},"type":"video"},{"media_key":"3_1425069462718500867","type":"photo","url":"https://pbs.twimg.com/media/E8bdIEGX0AMd3HQ.png"},{"media_key":"7_1425067557954928643","public_metrics":{"view_count":216},"type":"video"},{"media_key":"3_1425067362856980483","type":"photo","url":"https://pbs.twimg.com/media/E8bbN1gX0AMEyA5.jpg"},{"media_key":"7_1425065576112680963","public_metrics":{"view_count":1},"type":"video"},{"media_key":"3_1425064449661091852","type":"photo","url":"https://pbs.twimg.com/media/E8bYkRAWQAwey_k.jpg"},{"media_key":"3_1425066064124207105","type":"photo","url":"https://pbs.twimg.com/media/E8baCPWWYAEFOdI.jpg"},{"media_key":"3_1424972666180493313","type":"photo","url":"https://pbs.twimg.com/media/E8aFFw5UYAEmvGv.jpg"},{"media_key":"3_1425032092451328021","type":"photo","url":"https://pbs.twimg.com/media/E8a7I1AX0BUdeAq.jpg"},{"media_key":"3_1425064142952669205","type":"photo","url":"https://pbs.twimg.com/media/E8bYSabXIBU5l40.jpg"},{"media_key":"3_1425062502988193800","type":"photo","url":"https://pbs.twimg.com/media/E8bWy9FXIAgE5Vj.jpg"},{"media_key":"3_1425061866603225104","type":"photo","url":"https://pbs.twimg.com/media/E8bWN6XXIBAppCp.jpg"}]},"meta":{"newest_id":"1425093944967323659","oldest_id":"1425061925227012122","result_count":100,"next_token":"b26v89c19zqg8o3fpdm8kdw9t18ae9wmxjilkqonj3j3x"}}