{"data":[{"id":"1426118648440176640","public_metrics":{"retweet_count":0,"reply_count":0,"like_count":0,"quote_count":0},"created_at":"2021-08-13T09:49:16.000Z","text":"#Świat | #pomoc #Turcja \uD83C\uDDF9\uD83C\uDDF7 #Polska \uD83C\uDDF5\uD83C\uDDF1 #pożary #wildfire \n#włączprawdę #TVRepublika https://t.co/QIXdhHn2oC","lang":"und","author_id":"1073461458"},{"id":"1426115694865784836","public_metrics":{"retweet_count":0,"reply_count":0,"like_count":0,"quote_count":0},"created_at":"2021-08-13T09:37:32.000Z","text":"Climate-fueled wildfires take toll on tropical Pacific isles\n#wildfire #Climate #Pacific    https://t.co/v1XhNCmzBf","lang":"en","author_id":"3306545726"},{"id":"1426105307554516992","public_metrics":{"retweet_count":1,"reply_count":0,"like_count":0,"quote_count":0},"created_at":"2021-08-13T08:56:15.000Z","text":"California wildfire wreaks more destruction as temperatures rise\nhttps://t.co/aDMRLDYM7s\n#California #Wildfire #Destruction #Temperature\n@Vastuullisuus","lang":"en","author_id":"3130745716"},{"id":"1426105242525978632","public_metrics":{"retweet_count":0,"reply_count":0,"like_count":0,"quote_count":0},"created_at":"2021-08-13T08:56:00.000Z","text":"Post-#wildfire #hydrologic recovery in #Mediterranean climates: A systematic review and case study to identify current knowledge and opportunities\nhttps://t.co/tS6fno0JTE\n#soil #IIFF #erosion #watershed","lang":"en","author_id":"1197876305649426433"},{"id":"1426101637622505476","public_metrics":{"retweet_count":0,"reply_count":0,"like_count":0,"quote_count":0},"attachments":{"media_keys":["3_1426101631926640644"]},"created_at":"2021-08-13T08:41:40.000Z","text":"1) im in love \n2) GO LISTEN TO IT\n\n#wildfire https://t.co/Hi5sbszcPI","lang":"en","author_id":"1017531773956378625"},{"id":"1426098976458162176","public_metrics":{"retweet_count":0,"reply_count":0,"like_count":1,"quote_count":0},"created_at":"2021-08-13T08:31:06.000Z","text":"ترکی میں آگ کے بعد سیلاب سے تباہی، 27 افراد ہلاک\nhttps://t.co/rtoaPYnjXX\n#Turket #WildFire #Flood #People #Killed @trpresidency @RTErdogan @rterdogan_ar","lang":"ur","author_id":"34893273"},{"id":"1426098451650158595","public_metrics":{"retweet_count":1,"reply_count":0,"like_count":0,"quote_count":0},"created_at":"2021-08-13T08:29:01.000Z","text":"“It is impossible to contain this fire through human efforts. ... Firefighters would have to put out a line of fire 2,000 kilometers long.” Siberian #wildfire could become the biggest in recorded history – via ⁦@MoscowTimes⁩ https://t.co/TXyDDGKMPB","lang":"en","author_id":"582496527"},{"id":"1426097551095345157","public_metrics":{"retweet_count":1,"reply_count":1,"like_count":0,"quote_count":1},"attachments":{"media_keys":["3_1426097498410659843","3_1426097498544906242","3_1426097498423169027"]},"created_at":"2021-08-13T08:25:26.000Z","text":"Due to forest fires, residents of the village of Biya-Kyuel were left homeless. And today, 14 settlements are under the threat of fire.\n#saveyakutia #saveyakutia Friday the 13th @GretaThunberg @LeoDiCaprio @KimKardashian @BTS_twt @elonmusk @lizzo @iamcardib #FreeBritney #wildfire https://t.co/10eiK1tiau","lang":"en","author_id":"1215289325577031684"},{"id":"1426094155667689480","public_metrics":{"retweet_count":1,"reply_count":0,"like_count":1,"quote_count":2},"attachments":{"media_keys":["3_1426094142820478978","3_1426094142820536325","3_1426094142828937217","3_1426094142820470787"]},"created_at":"2021-08-13T08:11:56.000Z","text":"3 month on fire, 3MILLION hectares of wild fires, fires smoke reaches North Pole,,,today government said “it’s not critical”,but what is critical?? #saveyakutia Friday the 13th @GretaThunberg @LeoDiCaprio @KimKardashian @BTS_twt @elonmusk @lizzo @iamcardib #FreeBritney #wildfire https://t.co/MUUMlLErxX https://t.co/1ZJmE278ps","lang":"en","author_id":"190551026"},{"id":"1426093169372925956","public_metrics":{"retweet_count":0,"reply_count":0,"like_count":1,"quote_count":0},"attachments":{"media_keys":["3_1426093164859904014"]},"created_at":"2021-08-13T08:08:01.000Z","text":"Enbridge is 36 and one of the top 100 companies causing 71% of the CO2 emisson increasing the climate crisis #StopLine3 #StopLine3Pipeline \n#stopline5 #stopline5pipeline #ClimateCrisis #ClimateEmergency #Codered #IPCCReport #wildfire #IPCCReport https://t.co/PAnQgebutE https://t.co/HxFwMEZSls","lang":"en","author_id":"732440933644521472"},{"id":"1426088460096614402","public_metrics":{"retweet_count":0,"reply_count":0,"like_count":0,"quote_count":0},"created_at":"2021-08-13T07:49:18.000Z","text":"“For the first time in 23 years, Grigory Kuksin's firefighting operation must allow blazes in Russia to engulf entire forests”. #climate #ClimateCrisis #ClimateEmergency #ClimateAction #ClimateCrisisIsHere #wildfire #wildfires2021Russia #heatwave #GlobalWarming #GlobalWarning https://t.co/X6QevV6NuT","lang":"en","author_id":"25234999"},{"id":"1426088057032355849","public_metrics":{"retweet_count":0,"reply_count":0,"like_count":0,"quote_count":0},"created_at":"2021-08-13T07:47:42.000Z","text":"Health advice: wildfires in the WHO European Region #Albania #Greece #Israel #Italy #Macedonia #Turkey #wildfire #AirPollution  https://t.co/Nd1BMr2Dvg via @WHO_Europe","lang":"en","author_id":"394037460"},{"id":"1426084800637677569","public_metrics":{"retweet_count":1,"reply_count":0,"like_count":0,"quote_count":0},"attachments":{"media_keys":["3_1426084289423290369"]},"created_at":"2021-08-13T07:34:46.000Z","text":"In Greece, fire-fighters continue to tackle blazes where over 50,000 hectares have been damaged.\n\nWatch Indus News live:\nhttps://t.co/pd6SM0Coer\n\n#GreeceFires #Greece #Wildfire #Wildfires2021 #Heatwave #IndusNews #InternationalNews #ItalyIsBurning #RedAlert https://t.co/7dsbFMXXdt","lang":"en","author_id":"996321449735544832"},{"id":"1426084713471614976","public_metrics":{"retweet_count":0,"reply_count":0,"like_count":0,"quote_count":0},"created_at":"2021-08-13T07:34:25.000Z","text":"@washingtonpost Considering the catastrophes at hand the profession of prophetess of the apocalypse and judgement day are currently awfully quiet\n\nVacation time, I guess\n\n#COVID19 #wildfire #flood2021 #mice and for good measure #Microsoft","lang":"en","author_id":"1322565828387213312"},{"id":"1426082065557032964","public_metrics":{"retweet_count":2,"reply_count":1,"like_count":1,"quote_count":0},"created_at":"2021-08-13T07:23:54.000Z","text":"Toxic cycle: Rising wildfires threaten world’s carbon stocks\n\n https://t.co/G7OCSbdRFn \n\nwrites @shreeshanV \n\n#wildfire #IPCCReport2021","lang":"en","author_id":"874928007865139201"},{"id":"1426077558727090179","public_metrics":{"retweet_count":0,"reply_count":0,"like_count":0,"quote_count":0},"created_at":"2021-08-13T07:05:59.000Z","text":"RGB Ceiling Fan Sing the songs Colours Light With APP Control https://t.co/vnvjzVQ8wY via @YouTube \ncolours light with fan with down road #heatwave  #wildfire #ceilingfan","lang":"en","author_id":"1339824540176719874"},{"id":"1426074209357271040","public_metrics":{"retweet_count":0,"reply_count":0,"like_count":2,"quote_count":0},"created_at":"2021-08-13T06:52:41.000Z","text":"Colloquium on Philosophy &amp; Org Studies (Affiliated with the International Symposium on Process Org Studies) https://t.co/C2hyVy9BeY\n\nKeynotes by Barbara Czarniawska &amp; Theodore Schatzki\n\nMy co-author &amp; I will try to contribute with a paper on #wildfire #management. @osofficer","lang":"en","author_id":"105292181"},{"id":"1426068547332198401","public_metrics":{"retweet_count":0,"reply_count":0,"like_count":0,"quote_count":0},"created_at":"2021-08-13T06:30:11.000Z","text":"GOD IS SHAKING THE WORLD !! BIBLICAL EVENTS !! https://t.co/d6jfimliMi via @YouTube \n#flood #floods #flooding #wildfire #wildfires #News #NewsoftheWorld #NEWSUPDATE #NewsUpdates #Nachrichten #Jesus #JesusChrist #JesusHeals #JesusIsLord #JesusSaves #Bibel #Bible","lang":"en","author_id":"1122558692472381440"},{"id":"1426064977329213446","public_metrics":{"retweet_count":1,"reply_count":0,"like_count":1,"quote_count":0},"created_at":"2021-08-13T06:16:00.000Z","text":"A massive #wildfire that is raging in #Siberia is the world’s biggest blaze this century and among the third largest in recorded history, a @Greenpeace expert has said, as smoke from the inferno reached the North Pole. @LeaskyHT @Wolfe321 @marcusmoore \nhttps://t.co/ZMoHmsFtAW","lang":"en","author_id":"1332959375175061504"},{"id":"1426062960120668161","public_metrics":{"retweet_count":0,"reply_count":0,"like_count":0,"quote_count":0},"created_at":"2021-08-13T06:07:59.000Z","text":"A reminder for #Seattle as #wildfire #smoke heads our way. https://t.co/aE1tPsDCBT","lang":"en","author_id":"90123764"},{"id":"1426062411279175681","public_metrics":{"retweet_count":0,"reply_count":0,"like_count":6,"quote_count":0},"created_at":"2021-08-13T06:05:48.000Z","text":"JUST IN \uD83D\uDD25 Ever wonder what it's like working the front-lines of a #wildfire? Trying to 'hold the line' is one thing ... watching it all go up, quite another. Watch 'till the end. \uD83C\uDF87 #ClimateEmergency https://t.co/81MOoYftNC","lang":"en","author_id":"89623584"},{"id":"1426058321895641090","public_metrics":{"retweet_count":1,"reply_count":0,"like_count":1,"quote_count":0},"created_at":"2021-08-13T05:49:33.000Z","text":"2020 is holding 2021’s beer #wildfire  https://t.co/5vm9xf0oOw","lang":"en","author_id":"966402786978967552"},{"id":"1426057937659654145","public_metrics":{"retweet_count":0,"reply_count":0,"like_count":0,"quote_count":0},"attachments":{"media_keys":["3_1426057936384663552"]},"created_at":"2021-08-13T05:48:01.000Z","text":"FutureDanger Indicator: WILDFIRES LAY WASTE\nHeatMap Column 4&gt; https://t.co/lN14i125gK\n #Wildfire  #Wildfires #SituationalAwareness https://t.co/FN8jfndp00","lang":"en","author_id":"868211017632894977"},{"id":"1426056650310356994","public_metrics":{"retweet_count":0,"reply_count":0,"like_count":1,"quote_count":0},"attachments":{"media_keys":["3_1426056643029061637","3_1426056643725303810","3_1426056644425781249"]},"created_at":"2021-08-13T05:42:54.000Z","text":"#wildfire (3/3) https://t.co/i8ZUXZvEBN","lang":"und","author_id":"1234111760"},{"id":"1426055974754807808","public_metrics":{"retweet_count":0,"reply_count":0,"like_count":2,"quote_count":0},"created_at":"2021-08-13T05:40:13.000Z","text":"@BillyArmagh @deebizzo And few of them reduce their discretional driving during #wildfire or #AirQuality emergencies. #dumb","lang":"en","author_id":"957763203076800513"},{"id":"1426055677961777154","public_metrics":{"retweet_count":0,"reply_count":0,"like_count":0,"quote_count":0},"attachments":{"media_keys":["3_1426055397312507906","3_1426055429528883202","3_1426055501062844416","3_1426055579915653122"]},"created_at":"2021-08-13T05:39:03.000Z","text":"BC Roadtrip during forest fire season. \n#RoadTrip #BritishColumbia #Wildfire #Wildlife https://t.co/gX3nZltMLU","lang":"en","author_id":"110227873"},{"id":"1426055193574002688","public_metrics":{"retweet_count":0,"reply_count":0,"like_count":0,"quote_count":0},"created_at":"2021-08-13T05:37:07.000Z","text":"Algeria combats wildfires, observes day of mourning #Algeria #Wildfire https://t.co/yrCOJ4LQBc","lang":"en","author_id":"962305884"},{"id":"1426054478243917826","public_metrics":{"retweet_count":1,"reply_count":0,"like_count":2,"quote_count":0},"created_at":"2021-08-13T05:34:17.000Z","text":"Italy Wildfire: 3 Dead, Grotteria Mayor Announces Alert in Town\nhttps://t.co/5RoPnbDMYz\n#ItalyWildfire #Wildfire #GrotteriaMayor  #WildfireinItaly","lang":"en","author_id":"828841083257778176"},{"id":"1426054416201707520","public_metrics":{"retweet_count":0,"reply_count":0,"like_count":0,"quote_count":0},"attachments":{"media_keys":["3_1426054414364643332"]},"created_at":"2021-08-13T05:34:02.000Z","text":"Three-week-old wildfire engulfs Northern California mountain town\nHeatMap Column 4&gt; https://t.co/xddBncGGkR\n  #Wildfires #Wildfire https://t.co/dV95qDHG70","lang":"en","author_id":"867896844852101121"},{"id":"1426049095869870083","public_metrics":{"retweet_count":0,"reply_count":0,"like_count":0,"quote_count":0},"created_at":"2021-08-13T05:12:53.000Z","text":"Are you a journalist preparing to cover wildfires? CPJ's #wildfire safety note includes information on how to prepare and stay safe on assignment.\n\nRead, bookmark, and share ⤵️\n\n#JournalistSafety #JournoSafe #CPJEmergencies #CoveringClimate  https://t.co/XQEUj3HmfH","lang":"en","author_id":"1419783328819994626"},{"id":"1426048544624955395","public_metrics":{"retweet_count":0,"reply_count":0,"like_count":0,"quote_count":0},"attachments":{"media_keys":["3_1426048542951370755"]},"created_at":"2021-08-13T05:10:42.000Z","text":"NSW Bushfire Watch &amp; Act for Wollombi. #bushfire #fire #ausfires #ewnalerts #wildfire #NSW #nswfires https://t.co/onVGwMlQ6v https://t.co/rm22jiaxb2","lang":"en","author_id":"3116563028"},{"id":"1426045244685131779","public_metrics":{"retweet_count":1,"reply_count":0,"like_count":1,"quote_count":0},"created_at":"2021-08-13T04:57:35.000Z","text":"#wildfire #wildfires\n\nWildland firefighters faced with shrinking water, food, communications supplies  https://t.co/rUKjgmosCj","lang":"en","author_id":"1375204615038382086"},{"id":"1426039247857848322","public_metrics":{"retweet_count":0,"reply_count":0,"like_count":0,"quote_count":0},"created_at":"2021-08-13T04:33:45.000Z","text":"@flawdanative Back to the 100° good times here in the Puget Sound. This time, add wildfire smoke.\n\nStill, 50/50 on AC in homes.\n\n#Wildfire #Smoke #Heatwave","lang":"en","author_id":"901208139034370048"},{"id":"1426038705895088128","public_metrics":{"retweet_count":0,"reply_count":0,"like_count":0,"quote_count":0},"attachments":{"media_keys":["3_1426038704179539969"]},"created_at":"2021-08-13T04:31:36.000Z","text":"NSW Bushfire Watch &amp; Act for Marsh Rd, Bobs Farm. #bushfire #fire #ausfires #ewnalerts #wildfire #NSW #nswfires https://t.co/9wgtK9UqsN https://t.co/Ek37bBd0Fe","lang":"en","author_id":"428556919"},{"id":"1426037286546849796","public_metrics":{"retweet_count":6,"reply_count":4,"like_count":18,"quote_count":0},"attachments":{"media_keys":["3_1426037168129159169"]},"created_at":"2021-08-13T04:25:58.000Z","text":"The wait is over!  Our song \"Seventeen\" is now available on all platforms! To check it out, CLICK HERE:  https://t.co/SVEHwIr75N\n\n#seventeen #wildfire #newmusic #newmusicfriday #spotify #applemusic #youtube #stream #streamnow #newsong https://t.co/LQxOawJcwR","lang":"en","author_id":"763336831295328256"},{"id":"1426035704124030976","public_metrics":{"retweet_count":1,"reply_count":0,"like_count":2,"quote_count":0},"created_at":"2021-08-13T04:19:40.000Z","text":"Congrats on #Wildfire Kevin Quinn!  https://t.co/1RiOMXRWfR","lang":"en","author_id":"19219760"},{"id":"1426033695740383234","public_metrics":{"retweet_count":10,"reply_count":0,"like_count":7,"quote_count":2},"attachments":{"media_keys":["7_1410242313658449923"]},"created_at":"2021-08-13T04:11:42.000Z","text":"#SaveYakutia NOW !\n3rd month Hell of #ClimateApocalypse NOW !\nBiggest #wildfire on the Planet \uD83C\uDF0F ever ,\nDeath ☠️ land for billion animals ! \n#ClimateEmergency global scale! \n https://t.co/vF0BzmQK8i","lang":"en","author_id":"67873734"},{"id":"1426033640815751175","public_metrics":{"retweet_count":3,"reply_count":1,"like_count":3,"quote_count":0},"attachments":{"media_keys":["3_1426032181567131648"]},"created_at":"2021-08-13T04:11:29.000Z","text":"The fire no one seem to care about is about to rip through the trinity alps wilderness :( #RiverComplex   #wildfire #DixieFire https://t.co/Vv5TZWKf2F","lang":"en","author_id":"1422721777290018816"},{"id":"1426033560033628166","public_metrics":{"retweet_count":7,"reply_count":0,"like_count":23,"quote_count":0},"attachments":{"media_keys":["7_1426033469369589760"]},"created_at":"2021-08-13T04:11:09.000Z","text":"#Wildfire is officially here \uD83D\uDD25 It’s a positive, feel-good tune, even when addressing difficult themes… Finding light in dark times &amp; finding that wildfire inside you. Thank you for listening &amp; thanks to all who brought it to life.\nStream everywhere now: https://t.co/A3EO882oOT https://t.co/wI2PsKHHA9","lang":"en","author_id":"3064244052"},{"id":"1426032179252023300","public_metrics":{"retweet_count":6,"reply_count":0,"like_count":5,"quote_count":0},"created_at":"2021-08-13T04:05:40.000Z","text":"See a real-time map of catastrophic wildfire in California — and every #wildfire in USA.\nhttps://t.co/c8qA4PKDVt","lang":"en","author_id":"144703320"},{"id":"1426031767970934785","public_metrics":{"retweet_count":0,"reply_count":0,"like_count":0,"quote_count":0},"attachments":{"media_keys":["3_1426031766578495490"]},"created_at":"2021-08-13T04:04:02.000Z","text":"FutureDanger Indicator: WILDFIRES LAY WASTE\nHeatMap Column 4&gt; https://t.co/xddBncGGkR\n #Wildfire  #Wildfires #HeatMap #FutureDanger https://t.co/dzLwIxALmF","lang":"en","author_id":"867896844852101121"},{"id":"1426030251793166338","public_metrics":{"retweet_count":8,"reply_count":0,"like_count":8,"quote_count":2},"attachments":{"media_keys":["7_1410242313658449923"]},"created_at":"2021-08-13T03:58:01.000Z","text":"#SaveYakutia \uD83D\uDC49 Global #ClimateCrisisIsHere !\n\uD83D\uDD25 over 8 million hectares of #wildfire NOW , \ncontinue for more than 3 month, smoke over 15 million sq kilometers!\n#ClimateEmergency \n https://t.co/b1RKpJIZZn","lang":"en","author_id":"430194207"},{"id":"1426028863704895489","public_metrics":{"retweet_count":3,"reply_count":0,"like_count":5,"quote_count":0},"created_at":"2021-08-13T03:52:30.000Z","text":"\"Yes, you read that right. A multiple-time felon on probation and under heightened scrutiny for its #wildfire mitigation efforts completely forgot to include some of its facilities in its master mitigation plan.\" #DixieFire https://t.co/SACorAf4TB","lang":"en","author_id":"17662020"},{"id":"1426025810264313859","public_metrics":{"retweet_count":3,"reply_count":2,"like_count":5,"quote_count":0},"created_at":"2021-08-13T03:40:22.000Z","text":"\uD83D\uDDFA New map: [#EMSR533] Tizi Ouzou: Delineation Product, version 1, release 1, RTP Map #01 [v1, 1:160000]\n\uD83D\uDD17 https://t.co/yAy7mFt84A — #wildfire #delineation in #Algeria\n#Copernicus #CEMS #RapidMapping #EUCivPro","lang":"ht","author_id":"2201283403"},{"id":"1426024579131183107","public_metrics":{"retweet_count":8,"reply_count":3,"like_count":11,"quote_count":0},"attachments":{"media_keys":["3_1426024325602324481"]},"created_at":"2021-08-13T03:35:28.000Z","text":"#wildfire The forests ministry allowed companies that were awarded salvage logging licences to take not only dead pine, but healthy living trees as well. Only 15% of the #logging that occurred in BC since 2010 has been dead pine #ClimateCrisis #BiodiversityCrisis #forests #bcpoli https://t.co/drs1KtILJb","lang":"en","author_id":"448461621"},{"id":"1426022630537138186","public_metrics":{"retweet_count":1,"reply_count":3,"like_count":4,"quote_count":0},"attachments":{"media_keys":["7_1426021457130246144"]},"created_at":"2021-08-13T03:27:43.000Z","text":"It's been YEARS since the Lewis-Clark Valley didn't have #wildfire smoke to deal with. In addition, our summer temps seem a lot hotter &amp; there's more snow than usual. I get that weather changes, but 118° in June for southeast Washington State?! And 24\"+ of snow in a February?! https://t.co/sbXOnBtwq0","lang":"en","author_id":"97272374"},{"id":"1426017772627054594","public_metrics":{"retweet_count":0,"reply_count":0,"like_count":1,"quote_count":0},"attachments":{"media_keys":["3_1426017770542485509"]},"created_at":"2021-08-13T03:08:25.000Z","text":"Our winds have stopped on the Southern Oregon Coast and the #wildfire smoke has caught up. This is Thursday evening. #weather #OregonFires https://t.co/RjjgH2s3qt","lang":"en","author_id":"15859267"},{"id":"1426014461169651715","public_metrics":{"retweet_count":1,"reply_count":0,"like_count":3,"quote_count":0},"created_at":"2021-08-13T02:55:16.000Z","text":"\uD83D\uDDFA New map: [#EMSR533] Aokas: Delineation Product, version 1, release 1, RTP Map #01 [v1, 1:81000]\n\uD83D\uDD17 https://t.co/kNK26j1izZ — #wildfire #delineation in #Algeria\n#Copernicus #CEMS #RapidMapping #EUCivPro","lang":"en","author_id":"2201283403"},{"id":"1426012325119594503","public_metrics":{"retweet_count":0,"reply_count":0,"like_count":0,"quote_count":0},"created_at":"2021-08-13T02:46:46.000Z","text":"Thank you @KyleTWN @weathernetwork for the wonderful explanation from the perspective of #wildfire #firefighter pro experience as well as being a pro of #weather and a special thanks to @weathernetwork for giving @jwhittalTWN the time she needs during this overly exciting event. https://t.co/vUxx16MR9K","lang":"en","author_id":"1305607384358727680"},{"id":"1426011844876058626","public_metrics":{"retweet_count":0,"reply_count":0,"like_count":3,"quote_count":0},"created_at":"2021-08-13T02:44:52.000Z","text":"The #DixieFire — which started July 13 and is the largest #wildfire burning in US — continues to threaten a dozen small communities in the northern Sierra Nevada, even as the fire’s southern end was mostly corralled by fire lines. https://t.co/8i1ZwijenW","lang":"en","author_id":"144703320"},{"id":"1426011318063177730","public_metrics":{"retweet_count":1,"reply_count":0,"like_count":2,"quote_count":0},"attachments":{"media_keys":["3_1426011315164831747"]},"created_at":"2021-08-13T02:42:46.000Z","text":"TNRD evacuation order for Tremont #wildfire. Checkpoint on #BCHwy97C at #Ashcroft.\nhttps://t.co/g0hHidTXGm foe latest evacuation updates\nhttps://t.co/Bjg6Wc4Fv3 for road conditions.\n\n#SouthCariboo #essentialservices4U https://t.co/QEUd8gGzaB","lang":"en","author_id":"1026837077520867328"},{"id":"1426011188970676225","public_metrics":{"retweet_count":1,"reply_count":1,"like_count":5,"quote_count":1},"attachments":{"media_keys":["3_1426010804428496907","3_1426010804432691200"]},"created_at":"2021-08-13T02:42:16.000Z","text":"So here's what we were all breathing over the weekend (air quality in #SLC)\n\nThis is (or was) a brand new MERV-13 filter we rigged-up in our swamp cooler last Friday, for the purposes of being able to breath indoors\n\n#AirQuality #wildfire #Utah #DixieFire @NWSSaltLakeCity https://t.co/DhrpzEc0zB https://t.co/ZFAzXTJ1n2","lang":"en","author_id":"888903437533945860"},{"id":"1426010951652872193","public_metrics":{"retweet_count":0,"reply_count":0,"like_count":0,"quote_count":0},"created_at":"2021-08-13T02:41:19.000Z","text":"\uD83D\uDCE3 New Podcast! \"British Columbia Extreme Heat and Wild fire Update August 12 2021\" on @Spreaker #an #and #bc #british #columbia #emergency #for #from #in #management #officials #on #rcmp #service #situation #the #update #wildfire https://t.co/SjhCAgsxvo","lang":"en","author_id":"57114868"},{"id":"1426010321915826186","public_metrics":{"retweet_count":0,"reply_count":0,"like_count":2,"quote_count":0},"attachments":{"media_keys":["3_1426010198460620800"]},"created_at":"2021-08-13T02:38:49.000Z","text":"On a road trip &amp; #wildfire smoke literally covers the sky thru both Washington &amp; Idaho. \uD83D\uDE1E #ClimateCrisis https://t.co/s94iOBjfZM","lang":"en","author_id":"527131496"},{"id":"1426009219895988228","public_metrics":{"retweet_count":0,"reply_count":0,"like_count":0,"quote_count":0},"created_at":"2021-08-13T02:34:26.000Z","text":"great news! and now let’s add a zero or two on to that $160M #wildfire #cawater https://t.co/9DzK7cpMI2","lang":"en","author_id":"147672166"},{"id":"1426007822307762180","public_metrics":{"retweet_count":0,"reply_count":0,"like_count":0,"quote_count":0},"attachments":{"media_keys":["3_1426007817299795977"]},"created_at":"2021-08-13T02:28:53.000Z","text":"Normally you can see mountains behind my place. The #wildfire smoke is too thick right now. #bcheat #bcheatwave #BadAirQuality https://t.co/FQsNEKQKRT","lang":"en","author_id":"52296067"},{"id":"1426007430979272706","public_metrics":{"retweet_count":0,"reply_count":0,"like_count":0,"quote_count":0},"created_at":"2021-08-13T02:27:20.000Z","text":"The historic mining town of  #Greenville, pop 1,000, was then decimated by the #wildfire, with homes and businesses reduced to rubble.  #2A https://t.co/aQ1LxZx2Yq","lang":"en","author_id":"70575516"},{"id":"1426007351769849863","public_metrics":{"retweet_count":1,"reply_count":0,"like_count":1,"quote_count":0},"created_at":"2021-08-13T02:27:01.000Z","text":"Be prepared in the event of a #wildfire! \n\n#Safety https://t.co/U0Fb9zhZJ0","lang":"en","author_id":"344102044"},{"id":"1426003807364919296","public_metrics":{"retweet_count":0,"reply_count":0,"like_count":0,"quote_count":0},"created_at":"2021-08-13T02:12:56.000Z","text":"Extreme wildfires in Siberia, #Russia right now. One #wildfire is 1.5 million hectares in size and may become the largest in recorded history.\nAnd I will shew wonders in the heavens and in the earth, blood, and FIRE, and pillars of smoke. Joel 2:30\n#wildfires2021Russia https://t.co/1mSeqrF9Dx","lang":"en","author_id":"1285954032813649923"},{"id":"1425999998055944192","public_metrics":{"retweet_count":9,"reply_count":1,"like_count":19,"quote_count":2},"created_at":"2021-08-13T01:57:47.000Z","text":"'B.C. residents should be prepared to flee wildfires at a moment's notice'\n\n\"It is literally like a beast. You could hear it. It was growling. It was snapping and crackling. It was absolutely terrifying.\"\n\n#ClimateCrisis #wildfire #cdnpoli #abpoli #bcpoli\nhttps://t.co/LgPEIB05oU","lang":"en","author_id":"1045360120987701248"},{"id":"1425997510921920521","public_metrics":{"retweet_count":0,"reply_count":1,"like_count":0,"quote_count":0},"created_at":"2021-08-13T01:47:55.000Z","text":"@juliana_monty @antoniopaolo7 #Algeriaburning #GreeceFires #wildfire #Pet #FieldOfDreamsGame #BBNaijaSeason6 https://t.co/o4Gjg3zACS","lang":"und","author_id":"3110506984"},{"id":"1425996782329339905","public_metrics":{"retweet_count":0,"reply_count":1,"like_count":0,"quote_count":0},"created_at":"2021-08-13T01:45:01.000Z","text":"Be prepared in the event of a #wildfire! \n\n#Safety https://t.co/n5s0Z3SmWD","lang":"en","author_id":"344102044"},{"id":"1425996311443034123","public_metrics":{"retweet_count":1,"reply_count":0,"like_count":7,"quote_count":0},"attachments":{"media_keys":["3_1425996133281656841"]},"created_at":"2021-08-13T01:43:09.000Z","text":"\uD83D\uDE92 We’re on the move again! Santa Monica Fire continues its wildfire support throughout the region as far away as Washington State—latest updates \uD83D\uDC49https://t.co/EsaKQEh8ZE\n\n#santamonica #santamonicafire #firefighters #striketeams #wildfire #fireseason2021 #brushfire #MutualAid https://t.co/sQVBGDT5qb","lang":"en","author_id":"330479882"},{"id":"1425995591499272196","public_metrics":{"retweet_count":0,"reply_count":0,"like_count":0,"quote_count":0},"attachments":{"media_keys":["3_1425995587871248389"]},"created_at":"2021-08-13T01:40:17.000Z","text":"My mom’s house may now be gone \uD83D\uDE2D #orwx #drewsgap #lakeview #wildfire https://t.co/ZxSPQBIXa6","lang":"en","author_id":"967507450239700992"},{"id":"1425995448754397184","public_metrics":{"retweet_count":0,"reply_count":0,"like_count":0,"quote_count":0},"attachments":{"media_keys":["3_1425995245511077896"]},"created_at":"2021-08-13T01:39:43.000Z","text":"@MrOlmos Portland meanwhile ranks in the top 10 for worst air pollution. #wildfire @AirIQ_Inc https://t.co/SdGRDIsLzY","lang":"en","author_id":"17173532"},{"id":"1425994240874614790","public_metrics":{"retweet_count":1,"reply_count":0,"like_count":10,"quote_count":0},"attachments":{"media_keys":["3_1425994227239038976"]},"created_at":"2021-08-13T01:34:55.000Z","text":"Lol I was kneeling on a paddle board but \uD83D\uDE4C guess! Wanted to show smoke in the background while maintaining beachy feel \uD83E\uDD13Lucked into good air quality in #Oliver but socked in now. (Repeat shot from same w \uD83D\uDD25 #wildfire fighting helicopter overhead)\n#ClimateEmergency @CAPE_ACME https://t.co/PgCRhLY6oO https://t.co/QokyRnNdrF","lang":"en","author_id":"292756958"},{"id":"1425989990928977923","public_metrics":{"retweet_count":0,"reply_count":0,"like_count":0,"quote_count":0},"attachments":{"media_keys":["3_1425989989486108675"]},"created_at":"2021-08-13T01:18:02.000Z","text":"FutureDanger Indicator: WILDFIRES LAY WASTE\nHeatMap Column 4&gt; https://t.co/lN14i125gK\n #Wildfire  #Wildfires #HeatMap #WarnOthers https://t.co/qplqJFjNva","lang":"en","author_id":"868211017632894977"},{"id":"1425988681882501120","public_metrics":{"retweet_count":5,"reply_count":1,"like_count":6,"quote_count":0},"attachments":{"media_keys":["3_1425988536482754565"]},"created_at":"2021-08-13T01:12:50.000Z","text":"13 years.    That's how long it took to approve one #wildfire mitigation project in a national forest close to where the #DixieFire is burning now https://t.co/Xaa8ncQyiU\n\nWhy 13 years? Because green extremists no longer can see the forest for the trees \n\n#publiclands #california https://t.co/FPbsRT79aA","lang":"en","author_id":"50361094"},{"id":"1425986872275181576","public_metrics":{"retweet_count":1,"reply_count":0,"like_count":1,"quote_count":0},"created_at":"2021-08-13T01:05:38.000Z","text":"Seattle temps are over 90 and AQI is 118 “unhealthy for sensitive groups”. We can see and smell the smoke this evening. #wildfire #staycool","lang":"en","author_id":"576471207"},{"id":"1425986531437711368","public_metrics":{"retweet_count":2,"reply_count":0,"like_count":1,"quote_count":0},"created_at":"2021-08-13T01:04:17.000Z","text":"#Wildfires\n#ClimateReport\n#ClimateEmergency\n#ClimateCrisis\n#ClimateAction\n#ClimateCrisisIsHere\n#ClimateChangeisReal\n#Earthday\n#Wildfire\n#GlobalWarming\n#SaveThePlanet \nThe devastating wildfires of 2021 are breaking records and satellites are tracking it all https://t.co/jNzI5vWuRJ","lang":"en","author_id":"34106576"},{"id":"1425985471788822528","public_metrics":{"retweet_count":2,"reply_count":0,"like_count":1,"quote_count":0},"attachments":{"media_keys":["3_1425985468089442312"]},"created_at":"2021-08-13T01:00:04.000Z","text":"In response to the Middle Fork Complex fires and the heat advisory in Lane County, we’re re-launching an emergency Wildfire and Heat Response Fund. \nSupport your community and make a donation today. https://t.co/zzrikPa2nk \n#liveunited #wildfire #WildfireResponse #FireResponse https://t.co/XjzZ5m0ILl","lang":"en","author_id":"22712884"},{"id":"1425985187398225924","public_metrics":{"retweet_count":0,"reply_count":0,"like_count":2,"quote_count":0},"created_at":"2021-08-13T00:58:56.000Z","text":"Precaución y responsabilidad en estos días de altas temperaturas, no queremos #IncendiosForestales #Canarias \uD83C\uDDEE\uD83C\uDDE8 \uD83C\uDF33\uD83C\uDF32\uD83C\uDF33\uD83C\uDF32\uD83C\uDF33 #Wildfire https://t.co/s9Yjv6yUqH","lang":"es","author_id":"357557842"},{"id":"1425982344759025675","public_metrics":{"retweet_count":10,"reply_count":0,"like_count":11,"quote_count":2},"created_at":"2021-08-13T00:47:39.000Z","text":"Did you know that @jjhorgan &amp; @bcndp do not include #carbon emissions from #wildfire &amp; #logging in provincial accounting of greenhouse gases? Forestry is the largest carbon polluter of all economic sectors in BC, #ClimateCrisis #BiodiversityCrisis #forests #bcpoli #cdnpoli","lang":"en","author_id":"448461621"},{"id":"1425977588502126592","public_metrics":{"retweet_count":0,"reply_count":0,"like_count":0,"quote_count":0},"created_at":"2021-08-13T00:28:45.000Z","text":"@jjaron @WorldSurvivala1 \"Last year’s #wildfire season (2020) on America’s west coast was the worst ever, but this year’s is on track to break records. Fires are also raging across parts of Europe, including in Italy and Greece, as well as Turkey &amp; Lebanon. \"\n\n.@WeDontHaveTime","lang":"en","author_id":"2651368746"},{"id":"1425976839181422596","public_metrics":{"retweet_count":0,"reply_count":0,"like_count":0,"quote_count":0},"attachments":{"media_keys":["3_1425976830025244673"]},"created_at":"2021-08-13T00:25:46.000Z","text":"#wildfire...as much as 8.5 million ha of BC now have an elevated level of fire hazard as a consequence of #logging &amp; #replanting ... where fires will ignite more easily than mature forest, and ...will be harder to control https://t.co/ovmG98yDVf #clearcuts #plantations #bcpoli https://t.co/3fLDP9Y0Of","lang":"en","author_id":"448461621"},{"id":"1425976477686931462","public_metrics":{"retweet_count":6,"reply_count":0,"like_count":10,"quote_count":2},"created_at":"2021-08-13T00:24:20.000Z","text":"ICYMI: Destructive wildfires leave at least 65 dead in northern Algeria https://t.co/PDDlMZGgwv #wildfire #fire #Algeria #TiziOuzou #Kabyle","lang":"en","author_id":"272160238"},{"id":"1425975752122642432","public_metrics":{"retweet_count":1,"reply_count":0,"like_count":0,"quote_count":0},"attachments":{"media_keys":["3_1425975479761256448"]},"created_at":"2021-08-13T00:21:27.000Z","text":"#wildfire The aggressive behaviour of fires fuelled by clearcut logging slash and #plantations puts firefighters in greater danger. https://t.co/f7jvGo8Ini #clearcuts #logging #forests #bcpoli #cdnpoli https://t.co/fugg34mAD9","lang":"en","author_id":"448461621"},{"id":"1425975334810177536","public_metrics":{"retweet_count":4,"reply_count":0,"like_count":6,"quote_count":1},"attachments":{"media_keys":["16_1425974234522685443"]},"created_at":"2021-08-13T00:19:47.000Z","text":"[Aug 12, 6:15 pm MDT] Current Geocolor satellite imagery shows #wildfire smoke increasing in our neck of the woods from fires to our north &amp; west. Visibility here in #Missoula has already lowered to 4 miles as a result. Expect smoke to remain a fixture through Sun. #mtwx #idwx https://t.co/SvJcY6v7jL","lang":"en","author_id":"593774844"},{"id":"1425973987717246976","public_metrics":{"retweet_count":0,"reply_count":0,"like_count":0,"quote_count":0},"attachments":{"media_keys":["7_1425973813032873984"]},"created_at":"2021-08-13T00:14:26.000Z","text":"Herbs to help with Wildfire Smoke | Part 1\n\nThe west coast unfortunately has many #wildfires and #airquality is dangerous in many areas. \n\nStay safe!\n#thankyoufirefighters \n.\n#oregon #fire #wildfire #smoke #smokey #herbalremedies #healthy #herbalist #holistichealth https://t.co/jPwlF6Wsx4","lang":"en","author_id":"1311391896753692673"},{"id":"1425972871826968577","public_metrics":{"retweet_count":2,"reply_count":0,"like_count":0,"quote_count":0},"attachments":{"media_keys":["3_1425972359509516293"]},"created_at":"2021-08-13T00:10:00.000Z","text":"#wildfire Carbon emissions from BC's forest fires are on track to double every 9 years since 1990. https://t.co/f7jvGo8Ini #carbon #ClimateCrisis #BiodiversityCrisis #logging #clearcuts #plantations #forests #bcpoli #cdnpoli https://t.co/Q0iWXhwsZg","lang":"en","author_id":"448461621"},{"id":"1425972729979621381","public_metrics":{"retweet_count":0,"reply_count":0,"like_count":0,"quote_count":0},"attachments":{"media_keys":["3_1425972726246699011"]},"created_at":"2021-08-13T00:09:26.000Z","text":"If you’re a #MedicalProfessional interested in supporting the #COVID19 pandemic and/or #WildFire basecamp/shelter operations, please follow the link &amp; apply\nhttps://t.co/89XkMJMXXd #NurseTwitter #MedTwitter #InjuryPrevention #EmergencyManagement https://t.co/TM5uyhoUsN","lang":"en","author_id":"990071901375553536"},{"id":"1425972280480477184","public_metrics":{"retweet_count":0,"reply_count":0,"like_count":1,"quote_count":0},"attachments":{"media_keys":["3_1425972279608061955"]},"created_at":"2021-08-13T00:07:39.000Z","text":"LATEST #wildfire news: Multinational Firefighting Forces Aim to Tamp Down Hot Spots at Greek Wildfires https://t.co/NgzwR613LJ","lang":"en","author_id":"1213212218780602368"},{"id":"1425971507646197761","public_metrics":{"retweet_count":2,"reply_count":0,"like_count":2,"quote_count":0},"created_at":"2021-08-13T00:04:35.000Z","text":"#HEATWAVE\uD83D\uDD25\n☀️ 37° C (98.6° F) mid #VancouverIsland (we got off easy \uD83D\uDE44) mid summer long #wildfire &amp; #drought here on formerly #WetCoast #BC #Canada \n\n#bcpoli\uD83C\uDDE8\uD83C\uDDE6  #canpoli #Ecocide-al #ClimateCriminals : See \uD83D\uDC40 You in The Hague (#WarCrimes)\nhttps://t.co/idOi3GywKL","lang":"en","author_id":"35692915"},{"id":"1425970035370053634","public_metrics":{"retweet_count":0,"reply_count":0,"like_count":1,"quote_count":0},"created_at":"2021-08-12T23:58:44.000Z","text":"Logan Lake #wildfire evacuees are heading to #Chilliwack. \nPuts my complaints about local air quality into perspective. https://t.co/EptSCENZyr","lang":"en","author_id":"413655473"},{"id":"1425970016223105025","public_metrics":{"retweet_count":0,"reply_count":0,"like_count":0,"quote_count":0},"created_at":"2021-08-12T23:58:39.000Z","text":"#Arson #CrimeWave 2021 #BayArea Professor Accused Of Setting Of Fires Near Dixie Fire @SenateGOP @HouseGOP @SenateDems  #wildfire not  https://t.co/HeY1vcRWUN","lang":"en","author_id":"1380266021936844801"},{"id":"1425968720992604162","public_metrics":{"retweet_count":1,"reply_count":0,"like_count":2,"quote_count":0},"created_at":"2021-08-12T23:53:30.000Z","text":"#DixieFire update, several post offices reopen in Plumas County.\n\n#staysafe #wildfire\n\nhttps://t.co/t2sMzW9c1y","lang":"en","author_id":"759126756003577857"},{"id":"1425967212880273410","public_metrics":{"retweet_count":0,"reply_count":0,"like_count":0,"quote_count":0},"created_at":"2021-08-12T23:47:31.000Z","text":"A big week with the #IPCCReport and #wildfire and #flooding across the world. Catch up with the news at https://t.co/PMmdwKkorV #ClimateEmergency","lang":"en","author_id":"287455210"},{"id":"1425967004503085057","public_metrics":{"retweet_count":1,"reply_count":1,"like_count":7,"quote_count":0},"created_at":"2021-08-12T23:46:41.000Z","text":"“A Red Flag Warning is the highest alert…a simple spark can cause a major wildfire.”\n\n#DixieFire #wildfire https://t.co/B4e47qpmIk","lang":"en","author_id":"327050260"},{"id":"1425965877552246789","public_metrics":{"retweet_count":0,"reply_count":0,"like_count":0,"quote_count":0},"attachments":{"media_keys":["3_1425964431532445698"]},"created_at":"2021-08-12T23:42:13.000Z","text":"Disasters can happen fast. Do your part and plan ahead to stay safe this #wildfire season. Pack an emergency supply kit \uD83C\uDF92 and mark evacuation routes on a map \uD83D\uDCCD\n\nMore info at https://t.co/K2zx09WriR https://t.co/9wK0Lbggct","lang":"en","author_id":"707577738"},{"id":"1425965623759179776","public_metrics":{"retweet_count":0,"reply_count":0,"like_count":0,"quote_count":0},"created_at":"2021-08-12T23:41:12.000Z","text":"#California’s single largest #wildfire flame in history, the “Dixie Fire,” is causing widespread #disaster in the state. Around 400 homes and other structures have been burned to the ground...\n\nhttps://t.co/6CbH3rDLzw","lang":"en","author_id":"1390598081956126723"},{"id":"1425964521634504709","public_metrics":{"retweet_count":2,"reply_count":1,"like_count":12,"quote_count":0},"attachments":{"media_keys":["3_1425961128203493379"]},"created_at":"2021-08-12T23:36:49.000Z","text":"Today Clackamas Co. Task Force 35 worked to prep &amp; clear ladder fuels from the repeater tower site on Dead Mountain. The crew removed debris from rooftops areas and cleared around structures. #MiddleForkComplex #Oregon #Wildfire (2/3) https://t.co/xeC6CYpSdM","lang":"en","author_id":"18361616"},{"id":"1425963197866127362","public_metrics":{"retweet_count":0,"reply_count":0,"like_count":0,"quote_count":0},"attachments":{"media_keys":["3_1425963192241561603"]},"created_at":"2021-08-12T23:31:34.000Z","text":"Gather round for this special date as part of my adhoc #Wildfire online #concert series \uD83D\uDC494th Sept 8pm BST\n\uD83C\uDFAB Tickets \uD83D\uDC49\nhttps://t.co/NOEf2CB8p9… #ChLu https://t.co/xlmrk1Zpq6","lang":"en","author_id":"165157836"},{"id":"1425962805614702592","public_metrics":{"retweet_count":0,"reply_count":0,"like_count":1,"quote_count":0},"created_at":"2021-08-12T23:30:00.000Z","text":"በአልጄሪያ የሰደድ እሳት 28 ወታደሮችን ጨምሮ የ65 ሰዎች ህይወት አለፈ\nፕሬዝዳንት አብዱልመጂድ ተቡቡነ በአደጋው ህይወታቸውን ያጡ ዜጎችን ለማሰብ የ3 ቀን ብሄራዊ ሀዘን ታጇውል ማለታቸውን ሲጂቲኤን ዘግቧል፡፡\nhttps://t.co/R0S22vgOPM\n\n#algeria #wildfire","lang":"am","author_id":"1029000696971124739"},{"id":"1425962712866070528","public_metrics":{"retweet_count":0,"reply_count":9,"like_count":23,"quote_count":0},"attachments":{"media_keys":["3_1425962706344030210"]},"created_at":"2021-08-12T23:29:38.000Z","text":"Yes, it’s hot… windows closed for the #wildfire smoke and blinds down but still… #heatwave #HeatWarning #yyj https://t.co/dJGMzhr4kg","lang":"en","author_id":"158798014"},{"id":"1425960771364679682","public_metrics":{"retweet_count":0,"reply_count":0,"like_count":0,"quote_count":0},"attachments":{"media_keys":["3_1425960359534350341","3_1425960359538556930","3_1425960359534366726","3_1425960359534333955"]},"created_at":"2021-08-12T23:21:55.000Z","text":"4:18PM 8/12/2021 (https://t.co/UyfGVQjocW)\n\n#AntelopeFire #TamarackFire #McCashFire #California #Wildfires #Wildfire \n\nThere also is a 4th map which is an unlabeled hotspot that just popped up. Not sure if this is documented already. Simply sharing the maps for convenience. https://t.co/eGEa88zp2B","lang":"en","author_id":"1127225935218888705"},{"id":"1425960566783307776","public_metrics":{"retweet_count":0,"reply_count":0,"like_count":0,"quote_count":0},"created_at":"2021-08-12T23:21:06.000Z","text":"Silver lining. It is snowing in the arctic circle and Fall storms are starting to peek through in upper Canada. #Optimism #wildfire","lang":"en","author_id":"1305607384358727680"},{"id":"1425960304794427394","public_metrics":{"retweet_count":2,"reply_count":2,"like_count":3,"quote_count":0},"attachments":{"media_keys":["3_1425959979538808832","3_1425959979538739200","3_1425959979534585858","3_1425959979530407942"]},"created_at":"2021-08-12T23:20:04.000Z","text":"4:18PM 8/12/2021 (https://t.co/UyfGVQjocW)\n\n#DixieFire #MonumentFire #McFarlandFire #HaypressFire #California #Wildfires #Wildfire #CalFire https://t.co/8NYOLTMcui","lang":"und","author_id":"1127225935218888705"},{"id":"1425960159046627328","public_metrics":{"retweet_count":0,"reply_count":1,"like_count":1,"quote_count":0},"created_at":"2021-08-12T23:19:29.000Z","text":"@rabbittopia @MarkNelsenKPTV You can also try this site for forecasts...\n\nhttps://t.co/xc2JiFwICz\n\n#wildfire #FireYear2021 #airquality","lang":"en","author_id":"237725008"},{"id":"1425959719479386117","public_metrics":{"retweet_count":1,"reply_count":0,"like_count":0,"quote_count":0},"created_at":"2021-08-12T23:17:44.000Z","text":"2/ #BCWildfire  #TremontCreek fire Unconfirmed but nearby Highland Valley Copper mine near #LoganLake is being evacuated. 1300 people work at this site. Strong winds (21Kts) pushing the #wildfire south. @Kamscan","lang":"en","author_id":"1064389056"},{"id":"1425958388802879490","public_metrics":{"retweet_count":1,"reply_count":0,"like_count":1,"quote_count":0},"attachments":{"media_keys":["3_1425952565179478021"]},"created_at":"2021-08-12T23:12:27.000Z","text":"On 8/16 join me, @CalOES_Dir Ghilarducci, @californiapuc President Marybel Batjer and \n@CountyofNapa Supervisor @AlfredoPedrozaR for an important virtual town hall on #wildfire and emergency preparedness. @Cal_OES @CountyofSonoma @YoloCountyCA @ListosCA https://t.co/Qu8iDi9eQU","lang":"en","author_id":"2343970081"}],"includes":{"media":[{"media_key":"3_1426101631926640644","type":"photo","url":"https://pbs.twimg.com/media/E8qH4OCXoAQ3L9G.jpg"},{"media_key":"3_1426097498410659843","type":"photo","url":"https://pbs.twimg.com/media/E8qEHnfXMAMiD3b.jpg"},{"media_key":"3_1426097498544906242","type":"photo","url":"https://pbs.twimg.com/media/E8qEHn_XoAI5F8O.jpg"},{"media_key":"3_1426097498423169027","type":"photo","url":"https://pbs.twimg.com/media/E8qEHniWEAMZGaQ.jpg"},{"media_key":"3_1426094142820478978","type":"photo","url":"https://pbs.twimg.com/media/E8qBES8UcAI5MMI.jpg"},{"media_key":"3_1426094142820536325","type":"photo","url":"https://pbs.twimg.com/media/E8qBES8VUAUZ1kl.jpg"},{"media_key":"3_1426094142828937217","type":"photo","url":"https://pbs.twimg.com/media/E8qBES-VgAE6dRk.jpg"},{"media_key":"3_1426094142820470787","type":"photo","url":"https://pbs.twimg.com/media/E8qBES8UUAMyDp0.jpg"},{"media_key":"3_1426093164859904014","type":"photo","url":"https://pbs.twimg.com/media/E8qALXwWUA4AI_x.jpg"},{"media_key":"3_1426084289423290369","type":"photo","url":"https://pbs.twimg.com/media/E8p4GwLXMAEF0Q8.jpg"},{"media_key":"3_1426057936384663552","type":"photo","url":"https://pbs.twimg.com/media/E8pgIzdVoAAuLJN.png"},{"media_key":"3_1426056643029061637","type":"photo","url":"https://pbs.twimg.com/media/E8pe9hVVUAUAeu6.jpg"},{"media_key":"3_1426056643725303810","type":"photo","url":"https://pbs.twimg.com/media/E8pe9j7VIAIXhiK.jpg"},{"media_key":"3_1426056644425781249","type":"photo","url":"https://pbs.twimg.com/media/E8pe9miVkAEAPCm.jpg"},{"media_key":"3_1426055397312507906","type":"photo","url":"https://pbs.twimg.com/media/E8pd1ArXMAIf2yY.jpg"},{"media_key":"3_1426055429528883202","type":"photo","url":"https://pbs.twimg.com/media/E8pd24sWEAI-013.jpg"},{"media_key":"3_1426055501062844416","type":"photo","url":"https://pbs.twimg.com/media/E8pd7DLXsAAkrLC.jpg"},{"media_key":"3_1426055579915653122","type":"photo","url":"https://pbs.twimg.com/media/E8pd_o7WEAIKoc1.jpg"},{"media_key":"3_1426054414364643332","type":"photo","url":"https://pbs.twimg.com/media/E8pc7y6VEAQgIa9.png"},{"media_key":"3_1426048542951370755","type":"photo","url":"https://pbs.twimg.com/media/E8pXmCMUcAMAdwp.png"},{"media_key":"3_1426038704179539969","type":"photo","url":"https://pbs.twimg.com/media/E8pOpV6UcAEEQV5.png"},{"media_key":"3_1426037168129159169","type":"photo","url":"https://pbs.twimg.com/media/E8pNP7rXsAEiY4B.jpg"},{"media_key":"7_1410242313658449923","public_metrics":{"view_count":375170},"type":"video"},{"media_key":"3_1426032181567131648","type":"photo","url":"https://pbs.twimg.com/media/E8pItrSVkAAHEcI.jpg"},{"media_key":"7_1426033469369589760","public_metrics":{"view_count":134},"type":"video"},{"media_key":"3_1426031766578495490","type":"photo","url":"https://pbs.twimg.com/media/E8pIVhVVgAIT_BV.png"},{"media_key":"3_1426024325602324481","type":"photo","url":"https://pbs.twimg.com/media/E8pBkZiXsAELID1.jpg"},{"media_key":"7_1426021457130246144","public_metrics":{"view_count":41},"type":"video"},{"media_key":"3_1426017770542485509","type":"photo","url":"https://pbs.twimg.com/media/E8o7m2CUUAU7PQU.jpg"},{"media_key":"3_1426011315164831747","type":"photo","url":"https://pbs.twimg.com/media/E8o1vF4WYAMveD5.jpg"},{"media_key":"3_1426010804428496907","type":"photo","url":"https://pbs.twimg.com/media/E8o1RXPUYAsvRWb.jpg"},{"media_key":"3_1426010804432691200","type":"photo","url":"https://pbs.twimg.com/media/E8o1RXQUYAA9jP6.jpg"},{"media_key":"3_1426010198460620800","type":"photo","url":"https://pbs.twimg.com/media/E8o0uF1UYAAiEvZ.jpg"},{"media_key":"3_1426007817299795977","type":"photo","url":"https://pbs.twimg.com/media/E8oyjfUVoAkzVSS.jpg"},{"media_key":"3_1425996133281656841","type":"photo","url":"https://pbs.twimg.com/media/E8on7Y9VcAkUqod.jpg"},{"media_key":"3_1425995587871248389","type":"photo","url":"https://pbs.twimg.com/media/E8onbpJXEAUU6xj.jpg"},{"media_key":"3_1425995245511077896","type":"photo","url":"https://pbs.twimg.com/media/E8onHtwVcAgmTzF.jpg"},{"media_key":"3_1425994227239038976","type":"photo","url":"https://pbs.twimg.com/media/E8omMcZXMAApzFg.jpg"},{"media_key":"3_1425989989486108675","type":"photo","url":"https://pbs.twimg.com/media/E8oiVxiVIAMmfsA.png"},{"media_key":"3_1425988536482754565","type":"photo","url":"https://pbs.twimg.com/media/E8ohBMrVcAUrduI.jpg"},{"media_key":"3_1425985468089442312","type":"photo","url":"https://pbs.twimg.com/media/E8oeOmBXIAgbrKN.jpg"},{"media_key":"3_1425976830025244673","type":"photo","url":"https://pbs.twimg.com/media/E8oWXyuXoAEwdL2.jpg"},{"media_key":"3_1425975479761256448","type":"photo","url":"https://pbs.twimg.com/media/E8oVJMmWQAA_Vu-.jpg"},{"media_key":"16_1425974234522685443","type":"animated_gif"},{"media_key":"7_1425973813032873984","public_metrics":{"view_count":24},"type":"video"},{"media_key":"3_1425972359509516293","type":"photo","url":"https://pbs.twimg.com/media/E8oSTkwXIAUdq79.jpg"},{"media_key":"3_1425972726246699011","type":"photo","url":"https://pbs.twimg.com/media/E8oSo69UcAM147_.jpg"},{"media_key":"3_1425972279608061955","type":"photo","url":"https://pbs.twimg.com/media/E8oSO7GXsAMT3do.jpg"},{"media_key":"3_1425964431532445698","type":"photo","url":"https://pbs.twimg.com/media/E8oLGGvVUAIcgHF.jpg"},{"media_key":"3_1425961128203493379","type":"photo","url":"https://pbs.twimg.com/media/E8oIF04VoAMRgLG.jpg"},{"media_key":"3_1425963192241561603","type":"photo","url":"https://pbs.twimg.com/media/E8oJ9-BXIAMsRt1.jpg"},{"media_key":"3_1425962706344030210","type":"photo","url":"https://pbs.twimg.com/media/E8oJhr6XMAInwg-.jpg"},{"media_key":"3_1425960359534350341","type":"photo","url":"https://pbs.twimg.com/media/E8oHZFXVUAUEOod.png"},{"media_key":"3_1425960359538556930","type":"photo","url":"https://pbs.twimg.com/media/E8oHZFYVgAIflPQ.png"},{"media_key":"3_1425960359534366726","type":"photo","url":"https://pbs.twimg.com/media/E8oHZFXVkAYrRuv.png"},{"media_key":"3_1425960359534333955","type":"photo","url":"https://pbs.twimg.com/media/E8oHZFXVEAMhVOG.png"},{"media_key":"3_1425959979538808832","type":"photo","url":"https://pbs.twimg.com/media/E8oHC9xVgAA2lzP.png"},{"media_key":"3_1425959979538739200","type":"photo","url":"https://pbs.twimg.com/media/E8oHC9xUcAADgj8.png"},{"media_key":"3_1425959979534585858","type":"photo","url":"https://pbs.twimg.com/media/E8oHC9wVEAIhKip.png"},{"media_key":"3_1425959979530407942","type":"photo","url":"https://pbs.twimg.com/media/E8oHC9vVUAYAw_O.png"},{"media_key":"3_1425952565179478021","type":"photo","url":"https://pbs.twimg.com/media/E8oATZIUcAUbtI8.jpg"}]},"meta":{"newest_id":"1426118648440176640","oldest_id":"1425958388802879490","result_count":100,"next_token":"b26v89c19zqg8o3fpdm8kx2in6l44awrnmp8u5nm67wxp"}}