{"data":[{"author_id":"2881465338","text":"#Wildfire isn't just a CA problem; we can have fire disasters anywhere given the right conditions. Amazing @NPR journalism and storymap from @NathanRott et al. conveying the history of US wildfire disasters and the hidden complexity of the problem.  https://t.co/mgTa8JifvS","id":"1425122791397892098","created_at":"2021-08-10T15:52:05.000Z","public_metrics":{"retweet_count":35,"reply_count":1,"like_count":78,"quote_count":6},"lang":"en"},{"author_id":"1319000489141231617","attachments":{"media_keys":["7_1425120472409075716"]},"text":"Greece \uD83C\uDDEC\uD83C\uDDF7 Is Burning As Well...\uD83D\uDE2A\uD83D\uDE2A\n\n@MikeHudema @BillGates @nitin_gadkari @narendramodi @foe_us @ClimateReality  @UNFCCC @ClimateCentral @Wangchuk66 @khansirpatna \n\n#ClimateReport #wildfire #ClimateEmergency #ClimateCrisis #ClimateCrisisIsHere #GreeceFires #greeceisburning https://t.co/WgPHCRknBf","id":"1425122767913975811","created_at":"2021-08-10T15:52:00.000Z","public_metrics":{"retweet_count":0,"reply_count":1,"like_count":2,"quote_count":0},"lang":"en"},{"author_id":"2645348078","attachments":{"media_keys":["3_1425122210960785413","3_1425122211006976000","3_1425122210998595584","3_1425122211002818565"]},"text":"\uD83D\uDDE3 Mother nature is sending us a message, or worse, a warning ...\n\nNatural disasters: \uD83E\uDD26‍♂️\nJuly 2021 ...\nhttps://t.co/gaPgkoS5mV\n\nAugust 2021 ...\nhttps://t.co/zPIpu4P0od\n\n#NaturalDisaster #ExtremeWeather #ClimateChange #GlobalWarming #flood #wildfire #WakeUpCall https://t.co/Q3ykNzfIZw","id":"1425122235707269127","created_at":"2021-08-10T15:49:53.000Z","public_metrics":{"retweet_count":3,"reply_count":1,"like_count":19,"quote_count":0},"lang":"en"},{"author_id":"1319000489141231617","attachments":{"media_keys":["7_1425115566654717960"]},"text":"Massive Wildfire In \uD83C\uDDF9\uD83C\uDDF7 Turkey, Releasing Millions Of co2 Speeding Up Climate Change\uD83D\uDD25\uD83D\uDC80\n\n@MikeHudema @BillGates @nitin_gadkari @narendramodi @foe_us @ClimateReality  @UNFCCC @ClimateCentral \n\n#ClimateReport #wildfire #ClimateEmergency #ClimateCrisis #Turkeyisburning #Turkeyfires https://t.co/A64X72MVQ0","id":"1425120388841820160","created_at":"2021-08-10T15:42:32.000Z","public_metrics":{"retweet_count":0,"reply_count":2,"like_count":2,"quote_count":0},"lang":"en"},{"author_id":"1243570351981953025","attachments":{"media_keys":["7_1425119875983314946"]},"text":"The #wildfire season is upon us. Be prepared by creating a go-bag with important necessities. If you have to evacuate quickly, grab it and go. Here are the 4 essentials,  including the OCTO Respirator Mask (#ORM) &amp; \n@lifestraw. \n\n#staysafe #facemasks https://t.co/ahvAytQCwt","id":"1425120070015979528","created_at":"2021-08-10T15:41:16.000Z","public_metrics":{"retweet_count":0,"reply_count":0,"like_count":1,"quote_count":0},"lang":"en"},{"author_id":"102177669","text":"Peak #OutdoorRec season overlaps with #wildfire season, leading to poor air quality from smoke &gt;10% of the time in some regions.\n\nHowever, relatively few people cancel trips due to poor #AirQuality, despite the negative health impacts, RFF research finds. https://t.co/6LbJNPFx4H","id":"1425117383971192844","created_at":"2021-08-10T15:30:36.000Z","public_metrics":{"retweet_count":0,"reply_count":0,"like_count":3,"quote_count":1},"lang":"en"},{"author_id":"18454808","text":". @GovSisolak spoke about job creation, the #AmericanRescuePlan, #drought, and #wildfire at WGA 2021 Annual Meeting. Watch his remarks https://t.co/L00Ss6sFTz","id":"1425117364614582277","created_at":"2021-08-10T15:30:31.000Z","public_metrics":{"retweet_count":0,"reply_count":0,"like_count":0,"quote_count":0},"lang":"en"},{"author_id":"1412480486211944450","attachments":{"media_keys":["3_1425114396875902977"]},"text":"Hay una advertencia de bandera roja para partes del sur de Oregón a partir del 10 de Agosto a el 14 de Agosto hasta las 11 pm.  Sea #WildfireAware. Conozca las condiciones, tome precauciones y evite provocar un incendio. #Oregon #Wildfire.\nhttps://t.co/xE66T4YmQW https://t.co/Q64RTROr1o","id":"1425114407848210436","created_at":"2021-08-10T15:18:46.000Z","public_metrics":{"retweet_count":1,"reply_count":0,"like_count":2,"quote_count":0},"lang":"es"},{"author_id":"1138190377","attachments":{"media_keys":["3_1425113556928790533"]},"text":"The community has now mostly evacuated now and the fire is less than 1 km away. Safeguard staff remain and will stay with the Mass Water system as long as it stays safe to do so. We will protect this community from the Crazy Creek Gorge fire. #wildfire #BCWildfire https://t.co/uVQU2R6319","id":"1425113558518407169","created_at":"2021-08-10T15:15:24.000Z","public_metrics":{"retweet_count":5,"reply_count":3,"like_count":7,"quote_count":0},"lang":"en"},{"author_id":"1762629482","text":"#California regulators ordered @PGE4Me to hire an independent safety monitor for five years, rejecting the utility’s request for a shorter period of oversight.\n\nhttps://t.co/ouxPiVeJj7\n\n#energytwitter @californiapuc #wildfire","id":"1425113501987651585","created_at":"2021-08-10T15:15:10.000Z","public_metrics":{"retweet_count":0,"reply_count":0,"like_count":0,"quote_count":0},"lang":"en"},{"author_id":"1141047558","text":"12 communities evacuated at Gortinia, Peloponnese, as #wildfire rages out of control\n\nhttps://t.co/NMSP7hIdOc","id":"1425113485621485568","created_at":"2021-08-10T15:15:06.000Z","public_metrics":{"retweet_count":8,"reply_count":0,"like_count":6,"quote_count":1},"lang":"en"},{"author_id":"1415349497023115265","attachments":{"media_keys":["3_1425112642050478081"]},"text":"Saskatchewan Daily Wildfire Situation Map\n\nUpdate Detected: 10 Aug 2021 09:11 AM CST\n\nMore info at: https://t.co/zOnT69VEic\n\n#sk #wildfire #skwildfire https://t.co/kBmwB3RvhA","id":"1425112646035124231","created_at":"2021-08-10T15:11:46.000Z","public_metrics":{"retweet_count":0,"reply_count":0,"like_count":0,"quote_count":0},"lang":"en"},{"author_id":"1278510732","text":"California's #Dixie #wildfire is now a national problem - \"a pall\" of smoke in  cities 1,000 miles away #environment   \n\nhttps://t.co/6UzbNtR3TN","id":"1425112628947456008","created_at":"2021-08-10T15:11:42.000Z","public_metrics":{"retweet_count":0,"reply_count":0,"like_count":1,"quote_count":0},"lang":"en"},{"author_id":"1375216790","attachments":{"media_keys":["7_1425111736777125889"]},"text":"#Wildfire response tip: Wait for the “all clear” and check with fire officials before attempting to re-enter your home. Click here for more tips: https://t.co/pfMxBHMERv https://t.co/PiAbeZMHS4","id":"1425111980038230023","created_at":"2021-08-10T15:09:07.000Z","public_metrics":{"retweet_count":0,"reply_count":0,"like_count":0,"quote_count":0},"lang":"en"},{"author_id":"133086374","attachments":{"media_keys":["7_1425111726182252546"]},"text":"#Wildfire response tip: Wait for the “all clear” and check with fire officials before attempting to re-enter your home. Click here for more tips: https://t.co/qJ6REHmjlm https://t.co/NopBUXvmBp","id":"1425111972157218820","created_at":"2021-08-10T15:09:06.000Z","public_metrics":{"retweet_count":0,"reply_count":0,"like_count":0,"quote_count":0},"lang":"en"},{"author_id":"1617751296","attachments":{"media_keys":["7_1425111704749412359"]},"text":"#Wildfire response tip: Wait for the “all clear” and check with fire officials before attempting to re-enter your home. Click here for more tips: https://t.co/29h2J07Cia https://t.co/CCACLZKjdl","id":"1425111955811995655","created_at":"2021-08-10T15:09:02.000Z","public_metrics":{"retweet_count":0,"reply_count":0,"like_count":0,"quote_count":0},"lang":"en"},{"author_id":"193108599","attachments":{"media_keys":["7_1425111694167220225"]},"text":"#Wildfire response tip: Wait for the “all clear” and check with fire officials before attempting to re-enter your home. Click here for more tips: https://t.co/GsthsvsAKS https://t.co/gvWvjrewkA","id":"1425111948899799041","created_at":"2021-08-10T15:09:00.000Z","public_metrics":{"retweet_count":0,"reply_count":0,"like_count":0,"quote_count":0},"lang":"en"},{"author_id":"1354116039064363008","attachments":{"media_keys":["7_1425111684293619712"]},"text":"#Wildfire response tip: Wait for the “all clear” and check with fire officials before attempting to re-enter your home. Click here for more tips: https://t.co/wtnvSurBNN https://t.co/dWoyvzNEf2","id":"1425111941371076612","created_at":"2021-08-10T15:08:58.000Z","public_metrics":{"retweet_count":0,"reply_count":0,"like_count":0,"quote_count":0},"lang":"en"},{"author_id":"279990811","text":"A beautiful sight:  #canadair CL-215 at work getting ready to douse the  #wildfire at #gumusluk, #bodrum https://t.co/oDJmQdJTwa","id":"1425111717235896321","created_at":"2021-08-10T15:08:05.000Z","public_metrics":{"retweet_count":0,"reply_count":0,"like_count":2,"quote_count":0},"lang":"en"},{"author_id":"174142019","text":"A sign of more tragic things to come. #wildfire #greece https://t.co/G8xFnlYS5h","id":"1425111482451251203","created_at":"2021-08-10T15:07:09.000Z","public_metrics":{"retweet_count":0,"reply_count":0,"like_count":1,"quote_count":0},"lang":"en"},{"author_id":"1385472228653813761","text":"Climate change cannot wait another minute!The #Dixie fire is now the 2nd-largest #wildfire in #California history, destroying more than 400 homes and commercial buildings. Sympathy to all the affected and pray for everyone’s safety.\nhttps://t.co/L9XcDKe7xX","id":"1425110807227011075","created_at":"2021-08-10T15:04:28.000Z","public_metrics":{"retweet_count":0,"reply_count":0,"like_count":0,"quote_count":0},"lang":"en"},{"author_id":"3301926908","text":"Dixie Fire becomes largest single #WILDFIRE in California history https://t.co/DGCv1IwIND","id":"1425110244938682372","created_at":"2021-08-10T15:02:14.000Z","public_metrics":{"retweet_count":0,"reply_count":0,"like_count":0,"quote_count":0},"lang":"en"},{"author_id":"3111226033","text":"Dixie Fire becomes largest single #WILDFIRE in California history https://t.co/AKAGXOncZc #GPWX","id":"1425110128588730369","created_at":"2021-08-10T15:01:46.000Z","public_metrics":{"retweet_count":0,"reply_count":0,"like_count":0,"quote_count":0},"lang":"en"},{"author_id":"255925055","text":"Bahrain Foreign Ministry condoles Algerian government and people on wildfire casualties @bahdiplomatic #Algeria #Wildfire #ForestFires #WildfireVictims #NaturalDisaster https://t.co/yWV2JdQF97","id":"1425109873885392896","created_at":"2021-08-10T15:00:45.000Z","public_metrics":{"retweet_count":1,"reply_count":0,"like_count":1,"quote_count":0},"lang":"en"},{"author_id":"748230525932838912","text":"What are the impacts #wildfire has on #wildlife? We discuss in this Colorado Outdoors podcast episode \uD83D\uDD3D\n\nhttps://t.co/VvpV9GrEYl","id":"1425109157451997184","created_at":"2021-08-10T14:57:55.000Z","public_metrics":{"retweet_count":0,"reply_count":0,"like_count":3,"quote_count":0},"lang":"en"},{"author_id":"128128069","attachments":{"media_keys":["3_1425102229560758278"]},"text":"Confidence comes from being prepared.\n\n#wildland #fire #wildlandfire #wildlandfirefighter #wildfire #firefighters #forestrytech https://t.co/YL5EteO2Ff","id":"1425102232203243521","created_at":"2021-08-10T14:30:23.000Z","public_metrics":{"retweet_count":0,"reply_count":0,"like_count":1,"quote_count":0},"lang":"en"},{"author_id":"403373339","text":"#colorado is closed #twittersucks can't load pictures anymore #smog #wildfire smoke #saveyourlungs","id":"1425102219859439624","created_at":"2021-08-10T14:30:20.000Z","public_metrics":{"retweet_count":0,"reply_count":0,"like_count":0,"quote_count":0},"lang":"en"},{"author_id":"928791472437993472","text":"As #wildfire season begins, be prepared to change your behavior to minimize the amount of inhaled wildfire smoke, &amp; use a mask.\n\nBut we must do our part to reduce our carbon footprint, which then reduces changes to the #climate &amp; the threat of wildfires.\n\nhttps://t.co/flLI3eJ24N","id":"1425101412929736704","created_at":"2021-08-10T14:27:08.000Z","public_metrics":{"retweet_count":1,"reply_count":0,"like_count":1,"quote_count":0},"lang":"en"},{"author_id":"1415349497023115265","attachments":{"media_keys":["3_1425101352313802754"]},"text":"Saskatchewan Spatial Fire Management System: Today's Forecast\n\nUpdate Detected: 10 Aug 2021 08:26 AM CST\n\nMore info at: https://t.co/zOnT69VEic\n\n#sk #wildfire #skwildfire https://t.co/U2UQYpUqms","id":"1425101355019128846","created_at":"2021-08-10T14:26:54.000Z","public_metrics":{"retweet_count":0,"reply_count":0,"like_count":0,"quote_count":0},"lang":"en"},{"author_id":"1036037388","text":"As #wildfire season begins, be prepared to change your behavior to minimize the amount of inhaled wildfire smoke, &amp; use a mask.\n\nBut we must do our part to reduce our carbon footprint, which then reduces changes to the #climate &amp; the threat of wildfires.\n\nhttps://t.co/eJdhlBMdj5","id":"1425101308994854912","created_at":"2021-08-10T14:26:43.000Z","public_metrics":{"retweet_count":1,"reply_count":0,"like_count":1,"quote_count":0},"lang":"en"},{"author_id":"1386604532742852608","text":"Climate change cannot wait another minute!The #Dixie fire is now the 2nd-largest #wildfire in #California history, destroying more than 400 homes and commercial buildings. Sympathy to all the affected and pray for everyone’s safety.\nhttps://t.co/Jeaezpj2ih","id":"1425100714955640846","created_at":"2021-08-10T14:24:22.000Z","public_metrics":{"retweet_count":0,"reply_count":0,"like_count":1,"quote_count":0},"lang":"en"},{"author_id":"2201283403","text":"\uD83D\uDDFA New map: [#EMSR531] East Mani: Delineation Product, Monitoring 3, version 1, release 1, RTP Map #01 [v1, 1:40000]\n\uD83D\uDD17 https://t.co/hiF62kpbsJ — #wildfire #delineation in #Greece\n#Copernicus #CEMS #RapidMapping #EUCivPro","id":"1425100683733348359","created_at":"2021-08-10T14:24:14.000Z","public_metrics":{"retweet_count":3,"reply_count":0,"like_count":4,"quote_count":1},"lang":"en"},{"author_id":"868211017632894977","attachments":{"media_keys":["3_1425100628997648401"]},"text":"FutureDanger Indicator: WILDFIRES LAY WASTE\nHeatMap Column 4&gt; https://t.co/lN14i0Kupc\n  #Wildfires #Wildfire #FutureDanger #HeatMap https://t.co/aOZYPXlMXk","id":"1425100630931251216","created_at":"2021-08-10T14:24:02.000Z","public_metrics":{"retweet_count":0,"reply_count":0,"like_count":0,"quote_count":0},"lang":"en"},{"author_id":"1412100685735342090","text":"#climatechange ,  knock our #planet for Long time \n#Wildlife's. On the risks not just wildlife #our planet too wildfire \nAround the world \uD83C\uDF0D sad to see \n#Technology \n#Economy \nAnd #climate change Focus\n\nIn my opinion  important things to focus on \n\n#Wildlife\n#Wildfire\n#Ourplanet","id":"1425100270917333003","created_at":"2021-08-10T14:22:36.000Z","public_metrics":{"retweet_count":0,"reply_count":0,"like_count":0,"quote_count":0},"lang":"en"},{"author_id":"3130745716","text":"Greek PM approves 500 mln euro budget for wildfire relief, reforestation    \nhttps://t.co/putSKG021k\n#Greek #PM #Budget #Wildfire #Reforestation\n@Vastuullisuus","id":"1425099408320999428","created_at":"2021-08-10T14:19:10.000Z","public_metrics":{"retweet_count":1,"reply_count":0,"like_count":0,"quote_count":0},"lang":"en"},{"author_id":"1323077378290016258","text":"Climate change cannot wait another minute!\nThe #Dixie fire is now the 2nd-largest #wildfire in #California history, destroying more than 400 homes and commercial buildings. Sympathy to all the affected and pray for everyone’s safety. https://t.co/r6gewBoTGn","id":"1425099238594207744","created_at":"2021-08-10T14:18:30.000Z","public_metrics":{"retweet_count":0,"reply_count":0,"like_count":0,"quote_count":0},"lang":"en"},{"author_id":"4309763952","attachments":{"media_keys":["7_1425098706492272660"]},"text":"Complete #Wildfire situational awareness.\n\nFrom the map board to the palm of your hand.\n\nTurn intelligence into opportunities.\n\n#ISR #FirstResponders #PublicSafety #BVLOS #UAS #wildfires #CALFIRE #ABWildfire #BCWildfire #DOI #CJOC https://t.co/1FVBbmxqro","id":"1425098793645748228","created_at":"2021-08-10T14:16:44.000Z","public_metrics":{"retweet_count":1,"reply_count":0,"like_count":1,"quote_count":0},"lang":"en"},{"author_id":"1230170643523502080","text":"Climate change cannot wait another minute!The #Dixie fire is now the 2nd-largest #wildfire in #California history, destroying more than 400 homes and commercial buildings. Sympathy to all the affected and pray for everyone’s safety.\nhttps://t.co/8QDC1I3uf4","id":"1425098360306946053","created_at":"2021-08-10T14:15:00.000Z","public_metrics":{"retweet_count":0,"reply_count":0,"like_count":0,"quote_count":0},"lang":"en"},{"author_id":"918828378","attachments":{"media_keys":["7_1425097707832631311"]},"text":"Firefighters were seen tackling blaze in the northern part of #Evia island on Monday where the fire front was repoted to have become larger. #Greece #wildfire https://t.co/VflIYKENrM","id":"1425098185903575059","created_at":"2021-08-10T14:14:19.000Z","public_metrics":{"retweet_count":0,"reply_count":0,"like_count":1,"quote_count":0},"lang":"en"},{"author_id":"50361094","text":"Why Wildfire Solutions Require More Than Money: https://t.co/pdZ6GtjWa9\n\n#wildfires #wildfire #publiclands @interior @forestservice #copolitics @westerncaucus @HealthyForests1 https://t.co/Bo5hXJlrGa","id":"1425097841563906063","created_at":"2021-08-10T14:12:57.000Z","public_metrics":{"retweet_count":1,"reply_count":0,"like_count":2,"quote_count":0},"lang":"en"},{"author_id":"305234721","text":"Fires rage around the world: where are the worst blazes?\n#ClimateEmergency\n#ClimateCrisis\n#8AugustBlackDay\n#wildfire\nhttps://t.co/LKxgbRZqby","id":"1425097621962690570","created_at":"2021-08-10T14:12:04.000Z","public_metrics":{"retweet_count":0,"reply_count":1,"like_count":2,"quote_count":0},"lang":"en"},{"author_id":"1384708830479536135","text":"Climate change cannot wait another minute!The #Dixie fire is now the 2nd-largest #wildfire in #California history, destroying more than 400 homes and commercial buildings. Sympathy to all the affected and pray for everyone’s safety.\nhttps://t.co/oTLcNkGdKv","id":"1425096744711467023","created_at":"2021-08-10T14:08:35.000Z","public_metrics":{"retweet_count":0,"reply_count":0,"like_count":0,"quote_count":0},"lang":"en"},{"author_id":"952041543120183297","attachments":{"media_keys":["7_1425096492814118920"]},"text":"Still hazy topside. Seems like the new “normal” for #wildfire seadon https://t.co/VAV2m3VgCE","id":"1425096634493513729","created_at":"2021-08-10T14:08:09.000Z","public_metrics":{"retweet_count":7,"reply_count":1,"like_count":23,"quote_count":1},"lang":"en"},{"author_id":"1006532922722213888","text":"Fantastic #funding opportunity for projects up to £20K (can be partial funding) on #storms #droughts #flooding #wildfire #landslides Deadline mid-Sept! @JamesHuttonInst @CaledonianNews @AbertayUni @aberdeenuni @dundeeuni @mastscot @HydroScholars @ThinkUHI @StirUni @UK_CEH https://t.co/MXLHSX7pSd","id":"1425096566608744460","created_at":"2021-08-10T14:07:53.000Z","public_metrics":{"retweet_count":1,"reply_count":0,"like_count":1,"quote_count":0},"lang":"en"},{"author_id":"13373332","text":"#pandemic #inflation #population #wildfire #zones https://t.co/EmqezeEb9N","id":"1425096067305992192","created_at":"2021-08-10T14:05:54.000Z","public_metrics":{"retweet_count":0,"reply_count":0,"like_count":0,"quote_count":0},"lang":"und"},{"author_id":"2366254538","attachments":{"media_keys":["3_1425088598462935041"]},"text":"Young #elk bull stands among the burned out forest. A scene that tells a story. . Those trees that provide much-needed shelter for a wide variety of #wildlife from little birds to big mammals can no longer provide help after the #EastTroublesomeFire. \n\n#Colorado #wildfire https://t.co/SsO6G5MjjZ","id":"1425095841879056387","created_at":"2021-08-10T14:05:00.000Z","public_metrics":{"retweet_count":0,"reply_count":1,"like_count":8,"quote_count":0},"lang":"en"},{"author_id":"1718653422","attachments":{"media_keys":["3_1425093781720817665"]},"text":"AND NOW ALGERIA UNDER WILD FIRE\n\n         RISE     IN    TEMPERATURE\n\n#PrayforAlgeria  #temperature #climatechange #wildfire #saveenvironment #nature #waterscarcity https://t.co/tRd30We2kz","id":"1425093792160440327","created_at":"2021-08-10T13:56:51.000Z","public_metrics":{"retweet_count":0,"reply_count":0,"like_count":2,"quote_count":0},"lang":"en"},{"author_id":"18934391","attachments":{"media_keys":["3_1425092389127995405"]},"text":"Η βιβλική καταστροφή της Εύβοιας στους New York Times https://t.co/8hfG8WIGXw #NewYorkTimes #ShoShibuya #evia #euboea #wildfire #eviafire #Gouves #reportagespotlight #photojournalism #Ευβοια #ευβοια_φωτια #ΠυρκαγιαΕυβοια #greece #art #streetphotography #fire #naftemporiki https://t.co/yaD3HSCaCK","id":"1425093613499863043","created_at":"2021-08-10T13:56:09.000Z","public_metrics":{"retweet_count":6,"reply_count":0,"like_count":8,"quote_count":0},"lang":"el"},{"author_id":"1118244560373633024","text":"Foreign teams join battle against wildfires on Greece's Evia island \n#WildFire \n@BBCWorld https://t.co/mQAlVP0pD4","id":"1425093359694143507","created_at":"2021-08-10T13:55:08.000Z","public_metrics":{"retweet_count":1,"reply_count":0,"like_count":4,"quote_count":0},"lang":"en"},{"author_id":"880121712","text":"Watch 7:00-7:20 saying how nice it is a new urbanization  : https://t.co/HAqRnS84AL \n\n  https://t.co/aFP9s0Zka6\n\n#Πυρκαγια #ΠυρκαγιαΕυβοια #φωτια_αλληλεγγυη #φωτιες #wildfire #Turkeyisburning #fires #italyisburning #greeceisburning \nThis is nor  Green nor Economy","id":"1425093136100036610","created_at":"2021-08-10T13:54:15.000Z","public_metrics":{"retweet_count":0,"reply_count":0,"like_count":0,"quote_count":0},"lang":"en"},{"author_id":"908799199361273856","text":"The latest The Pub-Ed Shed! https://t.co/gcr4fbcwvq Thanks to @BPskills #recall #wildfire","id":"1425092608133632007","created_at":"2021-08-10T13:52:09.000Z","public_metrics":{"retweet_count":0,"reply_count":0,"like_count":1,"quote_count":0},"lang":"en"},{"author_id":"1113747196099399680","attachments":{"media_keys":["7_1425092017248423960"]},"text":"Seven people killed in Algeria wildfires: Official\n\nREAD: https://t.co/ufsvuM2E9u\n\n#Algeria #AlgeriaIsBurning #wildfire #WATCH https://t.co/EJrGxM289I","id":"1425092151222865927","created_at":"2021-08-10T13:50:20.000Z","public_metrics":{"retweet_count":0,"reply_count":0,"like_count":1,"quote_count":0},"lang":"en"},{"author_id":"867896844852101121","attachments":{"media_keys":["3_1425092075796766723"]},"text":"FutureDanger Indicator: WILDFIRES LAY WASTE\nHeatMap Column 4&gt; https://t.co/xddBncYhJr\n #Wildfire  #Wildfires #HeatMap #WarnOthers https://t.co/DqH1qwNxvf","id":"1425092077721882636","created_at":"2021-08-10T13:50:02.000Z","public_metrics":{"retweet_count":0,"reply_count":0,"like_count":0,"quote_count":0},"lang":"en"},{"author_id":"1043060124678533120","text":"In #Yakutia alone, more than 6 million hectares of #forest and meadows have already been consumed by the flames, wrote The Siberian Times news site \n\n#Russia #wildfire  \n\nhttps://t.co/TvAESKAY01","id":"1425091885413146642","created_at":"2021-08-10T13:49:17.000Z","public_metrics":{"retweet_count":1,"reply_count":0,"like_count":0,"quote_count":0},"lang":"en"},{"author_id":"217086949","text":"Amerika'daki yangın sonrasında Greenville kasabasından geride kalanlar... bizimkilerden farkı yok... gelecekte bu tür orman yangınlarına hazırlıklı olmaktan başka çaremiz yok. #iklimkrizi #wildfire #ClimateCrisis https://t.co/OAN4wi4Eff","id":"1425090461904027665","created_at":"2021-08-10T13:43:37.000Z","public_metrics":{"retweet_count":0,"reply_count":0,"like_count":3,"quote_count":0},"lang":"tr"},{"author_id":"66325897","text":"@Maxar @ckoettl Overview map of the #Evia #Ευβοια #wildfire with 46,283 hectares burned up to August 9 (08:31 UTC) according to @CopernicusEMS: \nhttps://t.co/ECuR8HJKAj #φωτια_ευβοιας #GreekFires","id":"1425090182097870850","created_at":"2021-08-10T13:42:30.000Z","public_metrics":{"retweet_count":1,"reply_count":1,"like_count":2,"quote_count":0},"lang":"en"},{"author_id":"727239222151794688","text":"There are wildfires in 15 states across the country. It's more important than ever to learn about resiliency in the wildland-urban interface. Register for tomorrow's Resilience 2021 webinar: https://t.co/qTcg4uQkdd #resilience #buildingsciences #wildfire","id":"1425089196117696517","created_at":"2021-08-10T13:38:35.000Z","public_metrics":{"retweet_count":1,"reply_count":0,"like_count":1,"quote_count":0},"lang":"en"},{"author_id":"4724995335","attachments":{"media_keys":["3_1425075868746006539"]},"text":"The #SiberiaFires are still active and spreading. We see the heatmap from the hotspot data in our #wildfire monitoring service of the last 48 hours Northwest of #Yakutsk in #SakhaRepublic \uD83C\uDDF7\uD83C\uDDFA https://t.co/Sa4ckHk4r5","id":"1425087260823785475","created_at":"2021-08-10T13:30:54.000Z","public_metrics":{"retweet_count":6,"reply_count":3,"like_count":17,"quote_count":1},"lang":"en"},{"author_id":"886556801281294336","text":"At least five people have died in raging wildfires in Algeria as firefighters battle more than 31 blazes amid blistering temperatures and tinder-dry conditions, officials said Tuesday.\n#Algeria #wildfire\n\nhttps://t.co/71MHz9yUg6","id":"1425087037380734977","created_at":"2021-08-10T13:30:01.000Z","public_metrics":{"retweet_count":0,"reply_count":0,"like_count":1,"quote_count":0},"lang":"en"},{"author_id":"888124885347704832","attachments":{"media_keys":["7_1424965296746606595"]},"text":"Wildfire smoke looms over Kamloops skies, BC, Canada\nFollow @WooGlobe for more viral content.\n\n#wildfire #Canada #Kamloops #Fire #ViralVideo #WooGlobe https://t.co/iQIMd696PG","id":"1425087035887423488","created_at":"2021-08-10T13:30:00.000Z","public_metrics":{"retweet_count":0,"reply_count":0,"like_count":0,"quote_count":0},"lang":"en"},{"author_id":"938880341099638784","text":"Show us the way…\n\n#latestagecapitalism #endstagecapitalism #climatecollapse #pandemic #wildfire #itsfine #thisisfine\n\nhttps://t.co/BXEe846Zxs","id":"1425086978941497355","created_at":"2021-08-10T13:29:47.000Z","public_metrics":{"retweet_count":0,"reply_count":0,"like_count":0,"quote_count":1},"lang":"en"},{"author_id":"1384757907112161280","text":"Climate change cannot wait another minute!\nThe #Dixie fire is now the 2nd-largest #wildfire in #California history, destroying more than 400 homes and commercial buildings. Sympathy to all the affected and pray for everyone’s safety.\nhttps://t.co/q8BhBXobtF","id":"1425086884741623808","created_at":"2021-08-10T13:29:24.000Z","public_metrics":{"retweet_count":0,"reply_count":0,"like_count":0,"quote_count":0},"lang":"en"},{"author_id":"292756958","attachments":{"media_keys":["3_1425086670660149250"]},"text":"#Wildfire smoke rolled in during 14 ⁦@cbcradio⁩ interviews on ⁦moving from anxiety to action re ⁦@IPCC_CH⁩ report.\n\nI also smiled at a prancing mama deer + 2 babies &amp; jumping fish. \n\nOur response to #climatechange won’t be perfect. But it will create a lot of good. https://t.co/LjOEfXyXZT","id":"1425086682198589446","created_at":"2021-08-10T13:28:36.000Z","public_metrics":{"retweet_count":5,"reply_count":3,"like_count":36,"quote_count":0},"lang":"en"},{"author_id":"3087659276","text":"Story of the recent wildfire in the Paxton Valley and Monte Lake, BC.  #paxtonvalley #montelake  BC Gov failed them.  You're on your own whether #wildfire, #earthquake, or similar.  @CBCNews @CTVVancouver \n\nhttps://t.co/2LHNqDxH0a","id":"1425086622660403200","created_at":"2021-08-10T13:28:22.000Z","public_metrics":{"retweet_count":0,"reply_count":0,"like_count":0,"quote_count":0},"lang":"en"},{"author_id":"541068411","text":"#DixieFire is 2nd-largest #wildfire in #California’s history &amp; has already destroyed several hundred structures. Wildfires are also raging in Russia, Greece, Italy, Albania &amp; more. Read about the disasters we're monitoring: https://t.co/FbH5Y5rCpX #CDP4Recovery #DisasterUpdate","id":"1425085783774568455","created_at":"2021-08-10T13:25:02.000Z","public_metrics":{"retweet_count":2,"reply_count":0,"like_count":1,"quote_count":0},"lang":"en"},{"author_id":"310806928","attachments":{"media_keys":["3_1425084185232949251","3_1425084213863272459"]},"text":"#Grecia sigue ardiendo: Un ejemplo, zonas del Peloponeso #IIFF #wildfire \n19 agosto 2021 Aqua MODIS https://t.co/lmyuPpwwm7","id":"1425084329789624322","created_at":"2021-08-10T13:19:15.000Z","public_metrics":{"retweet_count":1,"reply_count":0,"like_count":4,"quote_count":0},"lang":"es"},{"author_id":"144703320","text":"High potential for #severe #wildfire activity throughout western US through rest of summer and into the fall. \nWidespread high temperatures observed across areas in West and with periods of lightning continue to exacerbate the wildfire situation. https://t.co/8oqV5exFsl","id":"1425084198134636550","created_at":"2021-08-10T13:18:44.000Z","public_metrics":{"retweet_count":0,"reply_count":0,"like_count":1,"quote_count":0},"lang":"en"},{"author_id":"144703320","attachments":{"media_keys":["3_1425083587704115211"]},"text":"Current national statistics on #wildfire \n25,288 personnel assigned\nFrom ⁦@NIFC_Fire⁩ https://t.co/NbMtSGkCGa","id":"1425083592061882370","created_at":"2021-08-10T13:16:19.000Z","public_metrics":{"retweet_count":0,"reply_count":0,"like_count":4,"quote_count":0},"lang":"en"},{"author_id":"3325640806","attachments":{"media_keys":["3_1425082991055867904"]},"text":"A necessary front page.\n#ClimateCrisis #ClimateAction #ClimateEmergency #ClimateCatastrophe #wildfire #fire #earth #climate #fire #ClimateJustice #GlobalWarming @guardian https://t.co/5uzS3Hj8Wo","id":"1425083007581532161","created_at":"2021-08-10T13:14:00.000Z","public_metrics":{"retweet_count":79,"reply_count":2,"like_count":174,"quote_count":7},"lang":"en"},{"author_id":"144703320","text":"Spreadsheet of US #wildfire preparedness levels by month from 1990 to 2021. \n\nhttps://t.co/5hRfLpBJnU","id":"1425082765012348932","created_at":"2021-08-10T13:13:02.000Z","public_metrics":{"retweet_count":0,"reply_count":0,"like_count":0,"quote_count":0},"lang":"en"},{"author_id":"1385746126763020294","text":"Climate change cannot wait another minute!\nThe #Dixie fire is now the 2nd-largest #wildfire in #California history, destroying more than 400 homes and commercial buildings. Sympathy to all the affected and pray for everyone’s safety.\nhttps://t.co/MapyV1lp2U","id":"1425081519350059026","created_at":"2021-08-10T13:08:05.000Z","public_metrics":{"retweet_count":0,"reply_count":0,"like_count":0,"quote_count":0},"lang":"en"},{"author_id":"3263450575","attachments":{"media_keys":["3_1425079788646060037"]},"text":"Fires blazed uncontrolled for a fifth day in Greece on Saturday, ravaging swathes of land on its second-biggest island of Evia. #greece #evia #fire #wildfire\n\n➡️  https://t.co/BuN7VfbTuY https://t.co/TvkKQIk2PB","id":"1425079934519754761","created_at":"2021-08-10T13:01:47.000Z","public_metrics":{"retweet_count":0,"reply_count":0,"like_count":0,"quote_count":0},"lang":"en"},{"author_id":"1124227147294547968","attachments":{"media_keys":["3_1425079865942937600"]},"text":"➡️ With radical emissions cuts, temperatures will continue to rise to mid-century.\n ➡️ It's very unlikely to keep below 1.5 degrees C.\n ➡️ Below 1.5 degree scenario, wildfires will become more frequent and violent.\n #ipcc #climatereport #wildfire #wildfiremanagement https://t.co/CdgqOxARfC","id":"1425079871760486406","created_at":"2021-08-10T13:01:32.000Z","public_metrics":{"retweet_count":1,"reply_count":0,"like_count":1,"quote_count":0},"lang":"en"},{"author_id":"1407964313793425411","attachments":{"media_keys":["3_1425079427281473540"]},"text":"California Wild Fire: The monstrous Dixie Fire in Northern California recorded as the second-worst in State History.\nThe fire had destroyed around 463,477 acres of area. \n#viral48 #viralnews #California #US #California #wildfire #Internationalnews #Dixiefire https://t.co/nENU5gldKI","id":"1425079435007455235","created_at":"2021-08-10T12:59:48.000Z","public_metrics":{"retweet_count":0,"reply_count":0,"like_count":0,"quote_count":0},"lang":"en"},{"author_id":"19779190","attachments":{"media_keys":["3_1425077669545320451"]},"text":"AllerAir has reduced the price on Air Purifiers for Smoke by up to 200.00 #discount #airpurifiers #wildfire #DixieFire https://t.co/D8tvXcYxId https://t.co/4ZU2kZCg90","id":"1425078024022671372","created_at":"2021-08-10T12:54:12.000Z","public_metrics":{"retweet_count":2,"reply_count":0,"like_count":5,"quote_count":0},"lang":"en"},{"author_id":"3301926908","text":"Greek prime minister apologizes for #WILDFIRE response https://t.co/ETDigASt3X","id":"1425076268198936580","created_at":"2021-08-10T12:47:13.000Z","public_metrics":{"retweet_count":0,"reply_count":0,"like_count":0,"quote_count":0},"lang":"en"},{"author_id":"3111226033","text":"Greek prime minister apologizes for #WILDFIRE response https://t.co/0tipPLImQz #GPWX","id":"1425076152708780032","created_at":"2021-08-10T12:46:46.000Z","public_metrics":{"retweet_count":0,"reply_count":0,"like_count":0,"quote_count":0},"lang":"en"},{"author_id":"1222830685083193345","attachments":{"media_keys":["7_1423770592650702849"]},"text":"Apocalyptic view from #Greece. people being evacuated in boats as forests are burning. #wildfire are being assessed as #EU has triggered largest firefighting operations.smoke from #Siberia has reached #NorthPole. #ClimateReport #ClimateEmergency \n\n https://t.co/3TUzDyMgUi","id":"1425076133129691136","created_at":"2021-08-10T12:46:41.000Z","public_metrics":{"retweet_count":1,"reply_count":0,"like_count":1,"quote_count":0},"lang":"en"},{"author_id":"996321449735544832","attachments":{"media_keys":["3_1425075746515587072"]},"text":"Smoke from raging forest fires in Siberia has reached the North Pole for the first time in recorded history.\nThe whole world is under the curse of Wildfires.\n\nDetails:\nhttps://t.co/ESZy4yyGZq\n\n#IndusNews #Wildfire #Worldfires #globalwarming https://t.co/G7eigz8DHn","id":"1425076111923363878","created_at":"2021-08-10T12:46:36.000Z","public_metrics":{"retweet_count":1,"reply_count":0,"like_count":5,"quote_count":0},"lang":"en"},{"author_id":"2882171558","text":"\"The Dixie Fire has devoured California’s parched forests at a mind-boggling rate — on some days tearing through an acre of land every second.\" \n\nhttps://t.co/C3wRtdbL0y #DixieFire #Wildfire #ClimateCrisis #ClimateEmergency","id":"1425075655050514434","created_at":"2021-08-10T12:44:47.000Z","public_metrics":{"retweet_count":5,"reply_count":0,"like_count":3,"quote_count":0},"lang":"en"},{"author_id":"1190135880293457920","attachments":{"media_keys":["3_1425075315529900035"]},"text":"#wildfire #Tunisie #greece #Turkey #Algerie #Italia \n#Summer2021 https://t.co/pkEf8zZI0x","id":"1425075317438361600","created_at":"2021-08-10T12:43:26.000Z","public_metrics":{"retweet_count":2,"reply_count":0,"like_count":2,"quote_count":1},"lang":"und"},{"author_id":"259832379","text":"FULL STORY &gt; https://t.co/z6mIaM2umW\n#DixieFire \n#CaliforniaFires \n#wildfire https://t.co/KiofoP0vVD","id":"1425072356075126784","created_at":"2021-08-10T12:31:40.000Z","public_metrics":{"retweet_count":0,"reply_count":0,"like_count":1,"quote_count":0},"lang":"en"},{"author_id":"498387863","text":"cc @Bewickwren @MurrayData #wildfire https://t.co/TfGLZTXBfg","id":"1425072282452508672","created_at":"2021-08-10T12:31:23.000Z","public_metrics":{"retweet_count":1,"reply_count":0,"like_count":1,"quote_count":0},"lang":"und"},{"author_id":"934399189","attachments":{"media_keys":["13_1425037107819696136"]},"text":"Firefighters were seen tackling blaze in the northern part of #Evia island on Monday where the fire front was repoted to have become larger.\n#Greece #wildfire https://t.co/vejcjRMsTZ","id":"1425071936229494786","created_at":"2021-08-10T12:30:00.000Z","public_metrics":{"retweet_count":7,"reply_count":0,"like_count":14,"quote_count":0},"lang":"en"},{"author_id":"6348802","attachments":{"media_keys":["3_1425070841797267458"]},"text":"Požáry v Řecku se negativně podepisují i na kvalitě ovzduší.\nPoor air quality in Greece as a result of extensive wildfires. Source: @IQAir. \n#airpollution #kvalitaovzdusi #ovzduší #AirQuality #greece #wildfire #požár https://t.co/2mOW9TrF8G","id":"1425070848591998977","created_at":"2021-08-10T12:25:41.000Z","public_metrics":{"retweet_count":0,"reply_count":0,"like_count":8,"quote_count":0},"lang":"cs"},{"author_id":"39279347","text":"@tribelaw #Covid19 #ClimateCrisis #Wildfire #CovidIsNotOver \n\nAre you so sure we're not living in the last days?","id":"1425070810000203778","created_at":"2021-08-10T12:25:32.000Z","public_metrics":{"retweet_count":0,"reply_count":0,"like_count":0,"quote_count":0},"lang":"en"},{"author_id":"619062120","text":"#wildfire #Evia #Greece\uD83C\uDDEC\uD83C\uDDF7 #Sentinel2 \uD83C\uDDEA\uD83C\uDDFA #φωτια_ευβοιας #greeceisburning #greeceonfire https://t.co/Ush3q3w9o6","id":"1425070220822126593","created_at":"2021-08-10T12:23:11.000Z","public_metrics":{"retweet_count":0,"reply_count":0,"like_count":1,"quote_count":0},"lang":"und"},{"author_id":"1311585217539239936","text":"#China which releases 50% of Coal emissions from dirty power-plants is increasing production. Your #Wildfire is Communist joy. #CCP is not serious to fight #ClimateChange. \n\nhttps://t.co/e3Ni70Jm4H","id":"1425069247613517825","created_at":"2021-08-10T12:19:19.000Z","public_metrics":{"retweet_count":0,"reply_count":0,"like_count":0,"quote_count":0},"lang":"en"},{"author_id":"1262351847353794560","text":"#Pray for #Greece! \n❛May the wildfires in Greece be extinguished!  May people be safe.  God, please. ❜ \uD83D\uDE4F\n\n#heatwave #Euboea #Globalwarming #Wildfire #Fireextinguishing #Adjustment","id":"1425067668177002497","created_at":"2021-08-10T12:13:03.000Z","public_metrics":{"retweet_count":0,"reply_count":0,"like_count":0,"quote_count":0},"lang":"en"},{"author_id":"1127642803780169736","attachments":{"media_keys":["7_1425067557954928643"]},"text":"#California #DixieFire #Firefighters #Hotshots #Wildfires #Wildfire #Epic #ClimateChange #ClimateAction #ClimateCrisis #Drougt \nSmokey the Bear needs a boat load of support right now! Many of these crews fighting the wildfire have been working non stop for more than 21 days\uD83D\uDE92\uD83D\uDC68‍\uD83D\uDE92\uD83D\uDD25 https://t.co/D5fQWyAVgx","id":"1425067593178750977","created_at":"2021-08-10T12:12:45.000Z","public_metrics":{"retweet_count":1,"reply_count":0,"like_count":1,"quote_count":0},"lang":"en"},{"author_id":"1351005364863578113","text":"Climate change cannot wait another minute!The #Dixie fire is now the 2nd-largest #wildfire in #California history, destroying more than 400 homes and commercial buildings. Sympathy to all the affected and pray for everyone’s safety.\nhttps://t.co/0SRQdmlDxf","id":"1425066751071502342","created_at":"2021-08-10T12:09:24.000Z","public_metrics":{"retweet_count":0,"reply_count":0,"like_count":0,"quote_count":0},"lang":"en"},{"author_id":"727316106843574272","text":"...Next area on  climate  agenda #Midwest☠️✍️\nThe second-largest #wildfire in #California’s history has destroyed the historic town of Greenville, which dates back to the state’s Gold Rush era and had structures more than a century old. \n https://t.co/YsLebbzJsi","id":"1425066614517547015","created_at":"2021-08-10T12:08:52.000Z","public_metrics":{"retweet_count":0,"reply_count":0,"like_count":0,"quote_count":0},"lang":"en"},{"author_id":"3130745716","text":"Greek PM approves 500 mln euro budget for wildfire relief, reforestation  \nhttps://t.co/putSKG021k  \n#Greek #PM #Budget #Wildfire #Reforestation\n@Vastuullisuus","id":"1425065979483148291","created_at":"2021-08-10T12:06:20.000Z","public_metrics":{"retweet_count":1,"reply_count":0,"like_count":1,"quote_count":0},"lang":"en"},{"author_id":"2284671942","text":"The Dixie Fire burning in Northern California now is the second-largest in state history.\n#DixieFire #wildfire #californiawildfires #California \nhttps://t.co/CyBbZZ9qTw","id":"1425065842077753345","created_at":"2021-08-10T12:05:47.000Z","public_metrics":{"retweet_count":0,"reply_count":0,"like_count":0,"quote_count":0},"lang":"en"},{"author_id":"889938820279529472","attachments":{"media_keys":["3_1425065154677456909"]},"text":"Wynonna Riggs is all grown up and trying to wrangle her inner phoenix while chasing down a fairy trafficking ring. \nRead this great addition to Kimba Swain's #trailerverse. #urbanfantasy #wildfire #kindleunlimited https://t.co/AA3O6lUJTI https://t.co/aIp2cGneP1","id":"1425065156850094080","created_at":"2021-08-10T12:03:04.000Z","public_metrics":{"retweet_count":0,"reply_count":0,"like_count":1,"quote_count":0},"lang":"en"},{"author_id":"3301926908","text":"Giant California #WILDFIRE has destroyed hundreds of homes, and still threatens many more https://t.co/VgdkHKopwp  #GlobalWarming #climatechange","id":"1425064995210022912","created_at":"2021-08-10T12:02:25.000Z","public_metrics":{"retweet_count":0,"reply_count":0,"like_count":0,"quote_count":0},"lang":"en"},{"author_id":"3111226033","text":"Giant California #WILDFIRE has destroyed hundreds of homes, and still threatens many more https://t.co/K8h5du4V8A #GPWX #GlobalWarming #climatechange","id":"1425064867879346177","created_at":"2021-08-10T12:01:55.000Z","public_metrics":{"retweet_count":1,"reply_count":0,"like_count":0,"quote_count":0},"lang":"en"},{"author_id":"25531732","attachments":{"media_keys":["7_1425055505899212800"]},"text":"The Dixie Fire has destroyed many homes near Taylorsville,  California after the fire changed direction.\n\nWe will continue to update you as the wildfire devastation continues to spread. \n\nBe sure to keep up with your areas #wildfire situation to stay safe!\n\n#DixieFire  #CAwx https://t.co/GLPOCLtinB","id":"1425064393767854081","created_at":"2021-08-10T12:00:02.000Z","public_metrics":{"retweet_count":12,"reply_count":1,"like_count":9,"quote_count":2},"lang":"en"},{"author_id":"807693841","attachments":{"media_keys":["3_1425062732651503634"]},"text":"@FCDOGovUK Great stuff.\n\nBuilds upon @FCDOGovUK bilateral agreement with the Hellenic Fire Corps in 2018 in response to the tragic #Mati incident, where a @ForestryComm #wildfire team worked with Greece colleagues to define a post #wildfire impact assessment for recovery policy\n@ukingreece https://t.co/CKtNzbiPjl","id":"1425062735155499009","created_at":"2021-08-10T11:53:27.000Z","public_metrics":{"retweet_count":0,"reply_count":0,"like_count":0,"quote_count":0},"lang":"en"},{"author_id":"1082504279405912065","text":"\"#Neighbourhood is Gone\": before and after #California's Worst Monster #Wildfire\n\nhttps://t.co/htIAg9YAtW","id":"1425059726937583616","created_at":"2021-08-10T11:41:29.000Z","public_metrics":{"retweet_count":0,"reply_count":0,"like_count":0,"quote_count":0},"lang":"en"}],"includes":{"media":[{"media_key":"7_1425120472409075716","public_metrics":{"view_count":55},"type":"video"},{"media_key":"3_1425122210960785413","type":"photo","url":"https://pbs.twimg.com/media/E8cNGanWQAUzysT.jpg"},{"media_key":"3_1425122211006976000","type":"photo","url":"https://pbs.twimg.com/media/E8cNGayXEAAeclO.jpg"},{"media_key":"3_1425122210998595584","type":"photo","url":"https://pbs.twimg.com/media/E8cNGawXMAAwKpt.jpg"},{"media_key":"3_1425122211002818565","type":"photo","url":"https://pbs.twimg.com/media/E8cNGaxXoAUqoyE.jpg"},{"media_key":"7_1425115566654717960","public_metrics":{"view_count":72},"type":"video"},{"media_key":"7_1425119875983314946","public_metrics":{"view_count":7},"type":"video"},{"media_key":"3_1425114396875902977","type":"photo","url":"https://pbs.twimg.com/media/E8cF_k4VUAEaYxd.jpg"},{"media_key":"3_1425113556928790533","type":"photo","url":"https://pbs.twimg.com/media/E8cFOr1VgAUo5sQ.jpg"},{"media_key":"3_1425112642050478081","type":"photo","url":"https://pbs.twimg.com/media/E8cEZbpWUAE16pE.jpg"},{"media_key":"7_1425111736777125889","public_metrics":{"view_count":0},"type":"video"},{"media_key":"7_1425111726182252546","public_metrics":{"view_count":2},"type":"video"},{"media_key":"7_1425111704749412359","public_metrics":{"view_count":1},"type":"video"},{"media_key":"7_1425111694167220225","public_metrics":{"view_count":0},"type":"video"},{"media_key":"7_1425111684293619712","public_metrics":{"view_count":0},"type":"video"},{"media_key":"3_1425102229560758278","type":"photo","url":"https://pbs.twimg.com/media/E8b67WGWEAY3qT-.jpg"},{"media_key":"3_1425101352313802754","type":"photo","url":"https://pbs.twimg.com/media/E8b6ISGX0AIa38s.jpg"},{"media_key":"3_1425100628997648401","type":"photo","url":"https://pbs.twimg.com/media/E8b5eLiXMBEdCN_.png"},{"media_key":"7_1425098706492272660","public_metrics":{"view_count":82},"type":"video"},{"media_key":"7_1425097707832631311","public_metrics":{"view_count":109},"type":"video"},{"media_key":"7_1425096492814118920","public_metrics":{"view_count":359},"type":"video"},{"media_key":"3_1425088598462935041","type":"photo","url":"https://pbs.twimg.com/media/E8buh6TXsAEeJbc.jpg"},{"media_key":"3_1425093781720817665","type":"photo","url":"https://pbs.twimg.com/media/E8bzPncWYAEI9KW.jpg"},{"media_key":"3_1425092389127995405","type":"photo","url":"https://pbs.twimg.com/media/E8bx-joWQA0RDPb.jpg"},{"media_key":"7_1425092017248423960","public_metrics":{"view_count":52},"type":"video"},{"media_key":"3_1425092075796766723","type":"photo","url":"https://pbs.twimg.com/media/E8bxsUYXIAMS7TI.png"},{"media_key":"3_1425075868746006539","type":"photo","url":"https://pbs.twimg.com/media/E8bi88aWQAszHZj.jpg"},{"media_key":"7_1424965296746606595","public_metrics":{"view_count":101},"type":"video"},{"media_key":"3_1425086670660149250","type":"photo","url":"https://pbs.twimg.com/media/E8bsxsrXoAI2w8P.jpg"},{"media_key":"3_1425084185232949251","type":"photo","url":"https://pbs.twimg.com/media/E8bqhBvWQAMaBcz.jpg"},{"media_key":"3_1425084213863272459","type":"photo","url":"https://pbs.twimg.com/media/E8bqisZWUAsBzdj.jpg"},{"media_key":"3_1425083587704115211","type":"photo","url":"https://pbs.twimg.com/media/E8bp-PxX0As_iPk.jpg"},{"media_key":"3_1425082991055867904","type":"photo","url":"https://pbs.twimg.com/media/E8bpbhFWEAAB-mk.jpg"},{"media_key":"3_1425079788646060037","type":"photo","url":"https://pbs.twimg.com/media/E8bmhHLWUAUuDTK.jpg"},{"media_key":"3_1425079865942937600","type":"photo","url":"https://pbs.twimg.com/media/E8bmlnIXEAADpm-.jpg"},{"media_key":"3_1425079427281473540","type":"photo","url":"https://pbs.twimg.com/media/E8bmME_UUAQ_0yE.jpg"},{"media_key":"3_1425077669545320451","type":"photo","url":"https://pbs.twimg.com/media/E8bklw6XIAMnO0x.jpg"},{"media_key":"7_1423770592650702849","public_metrics":{"view_count":14557170},"type":"video"},{"media_key":"3_1425075746515587072","type":"photo","url":"https://pbs.twimg.com/media/E8bi11EWEAASOAc.jpg"},{"media_key":"3_1425075315529900035","type":"photo","url":"https://pbs.twimg.com/media/E8bicvhWYAMQs1f.jpg"},{"media_key":"13_1425037107819696136","public_metrics":{"view_count":632},"type":"video"},{"media_key":"3_1425070841797267458","type":"photo","url":"https://pbs.twimg.com/media/E8beYVkX0AId8pD.jpg"},{"media_key":"7_1425067557954928643","public_metrics":{"view_count":261},"type":"video"},{"media_key":"3_1425065154677456909","type":"photo","url":"https://pbs.twimg.com/media/E8bZNTZWQA0zZnL.jpg"},{"media_key":"7_1425055505899212800","public_metrics":{"view_count":1250},"type":"video"},{"media_key":"3_1425062732651503634","type":"photo","url":"https://pbs.twimg.com/media/E8bXAUpXIBI159h.jpg"}]},"meta":{"newest_id":"1425122791397892098","oldest_id":"1425059726937583616","result_count":100,"next_token":"b26v89c19zqg8o3fpdm8kdvzcqeq85m4ob7bxbq0b8bct"}}