{"data":[{"created_at":"2021-08-10T11:38:51.000Z","id":"1425059064569020416","author_id":"1415349497023115265","text":"Saskatchewan Daily Wildfire Situation Map\n\nUpdate Detected: 10 Aug 2021 05:38 AM CST\n\nMore info at: https://t.co/zOnT69VEic\n\n#sk #wildfire #skwildfire https://t.co/xRdoyxoTbn","lang":"en","public_metrics":{"retweet_count":0,"reply_count":0,"like_count":0,"quote_count":0},"attachments":{"media_keys":["3_1425059060504793089"]}},{"created_at":"2021-08-10T11:38:43.000Z","id":"1425059030356140048","author_id":"1326829196019068929","text":"Climate change cannot wait another minute!\nThe #Dixie fire is now the 2nd-largest #wildfire in #California history, destroying more than 400 homes and commercial buildings. Sympathy to all the affected and pray for everyone’s safety.\nhttps://t.co/kyrQ2qKC3m","lang":"en","public_metrics":{"retweet_count":0,"reply_count":1,"like_count":1,"quote_count":0}},{"created_at":"2021-08-10T11:37:36.000Z","id":"1425058749203451904","author_id":"1321831574862655493","text":"Climate change cannot wait another minute!The #Dixie fire is now the 2nd-largest #wildfire in #California history, destroying more than 400 homes and commercial buildings. Sympathy to all the affected and pray for everyone’s safety.\nhttps://t.co/UKqZG5LAxm","lang":"en","public_metrics":{"retweet_count":0,"reply_count":0,"like_count":0,"quote_count":0}},{"created_at":"2021-08-10T11:29:35.000Z","id":"1425056731470700555","author_id":"807693841","text":"@FirebreakSvcs @VallumVoice @NFUStweets @heathertrust @DavyMcCracken Whether you have a small holding and farm or large estate the @ForestryComm practice guidance provides you with tools, concepts, principles and ideas on how you can plan to increase resilience to #wildfire.\n\nHow you use it is up to you!","lang":"en","public_metrics":{"retweet_count":0,"reply_count":0,"like_count":0,"quote_count":0}},{"created_at":"2021-08-10T11:24:42.000Z","id":"1425055501784653850","author_id":"1368646792443813890","text":"Hidden camera caught farmer behind Italy wildfires.\n\nWhat is there to talk about? Firing squad. \n\n#ClimateReport #ClimateEmergency #wildfire https://t.co/qBO8w013xN","lang":"en","public_metrics":{"retweet_count":0,"reply_count":0,"like_count":0,"quote_count":0},"attachments":{"media_keys":["7_1425055442145882112"]}},{"created_at":"2021-08-10T11:14:04.000Z","id":"1425052826867281921","author_id":"179692178","text":"Can’t get any worse \uD83D\uDC94\n#Italy #wildfire https://t.co/HywMpxCo7c","lang":"en","public_metrics":{"retweet_count":0,"reply_count":0,"like_count":0,"quote_count":0}},{"created_at":"2021-08-10T11:05:05.000Z","id":"1425050566783344663","author_id":"1168556659729453063","text":"أصناف متنوعة ومحضرة لكم من أجود المكونات لكي تتلذذوا بنكهاتنا الرائعة\n\nVariety, Freshness, Fun and Flavour \n\n#وايلد_فاير #برازيلي #مطعم #الرياض #wildfire #wildfirerdc #churrasco #riyadh #brazil #steak https://t.co/Zr7QIWPka8","lang":"ar","public_metrics":{"retweet_count":0,"reply_count":0,"like_count":0,"quote_count":0},"attachments":{"media_keys":["3_1425050564677849089"]}},{"created_at":"2021-08-10T11:04:35.000Z","id":"1425050438395699209","author_id":"52571677","text":"Russian #WildFire smoke reaches North Pole\n\nWildfire smoke has travelled more than 3,000 km from #Yakutia to reach the North Pole, which is the first time in recorded history.\nThe #smoke stretches about 2,000 miles from east to west and 2,500 miles from south to north. https://t.co/trk5S3XJ9w","lang":"en","public_metrics":{"retweet_count":0,"reply_count":0,"like_count":0,"quote_count":0},"attachments":{"media_keys":["3_1425049919665197059"]}},{"created_at":"2021-08-10T10:53:57.000Z","id":"1425047764388519936","author_id":"1016807338064240640","text":"#Wildfire response tip: Wait for the “all clear” and check with fire officials before attempting to re-enter your home. Click here for more tips: https://t.co/Czj2Z6YRi6 https://t.co/AdnDwiuoR7","lang":"en","public_metrics":{"retweet_count":0,"reply_count":0,"like_count":0,"quote_count":0},"attachments":{"media_keys":["7_1425046524992626697"]}},{"created_at":"2021-08-10T10:48:26.000Z","id":"1425046373691494400","author_id":"756262208544309249","text":"#silvflamart #art #wildfire https://t.co/JGdeS5KkB3","lang":"und","public_metrics":{"retweet_count":0,"reply_count":0,"like_count":1,"quote_count":0},"attachments":{"media_keys":["3_1425046368100442112"]}},{"created_at":"2021-08-10T10:40:13.000Z","id":"1425044306319003650","author_id":"1081173247553499136","text":"Greek PM Kyriakos Mitsotakis apologized for failing in tackling the catastrophic #wildfire in #Greece.\nMore than 500 wildfires have been burning across the country, 1000s have been evacuated\n\"Cimate crisis is knocking on the door of the entire planet,\" saidMitsotakis\n#GreeceFires https://t.co/62z2SLg5EZ","lang":"en","public_metrics":{"retweet_count":0,"reply_count":0,"like_count":0,"quote_count":0},"attachments":{"media_keys":["3_1425044287100624898","3_1425044290716114949","3_1425044295845769216","3_1425044298840436737"]}},{"created_at":"2021-08-10T10:36:46.000Z","id":"1425043439750631428","author_id":"803648695660986369","text":"Russian #wildfire smoke reaches North Pole\n\n▪️Wildfire smoke has travelled more than 3,000 km from #Yakutia to reach the North Pole, which is the first time in recorded history.\n▪️The #smoke stretches about 2,000 miles from east to west and 2,500 miles from south to north. https://t.co/PjpHkO4ucI","lang":"en","public_metrics":{"retweet_count":4,"reply_count":0,"like_count":8,"quote_count":1},"attachments":{"media_keys":["3_1425043339418681346"]}},{"created_at":"2021-08-10T10:24:09.000Z","id":"1425040262699503626","author_id":"277386148","text":"അഞ്ച് വന്‍കരകളിലായി നിരവധി രാജ്യങ്ങളില്‍ കാട്ടുതീ ശക്തി പ്രാപിക്കുകയാണ്. ആഴ്ചകളോളം നിന്ന് കത്തുന്ന കാട്ടുതീയില്‍ കീലോമീറ്റര്‍ കണക്കിന് പ്രദേശങ്ങളാണ് കത്തിയമരുന്നത്.   പക്ഷി മൃഗാതികളും ചത്തുവീഴുന്നു. ....read more\n#wildfire2021 #wildfire \n https://t.co/NumaXxNDPi","lang":"ml","public_metrics":{"retweet_count":0,"reply_count":0,"like_count":7,"quote_count":0}},{"created_at":"2021-08-10T10:21:32.000Z","id":"1425039606567735301","author_id":"1321649465837547525","text":"Climate change cannot wait another minute!The #Dixie fire is now the 2nd-largest #wildfire in #California history, destroying more than 400 homes and commercial buildings. Sympathy to all the affected and pray for everyone’s safety.\nhttps://t.co/eywESQO2gF","lang":"en","public_metrics":{"retweet_count":0,"reply_count":0,"like_count":0,"quote_count":0}},{"created_at":"2021-08-10T10:20:40.000Z","id":"1425039386719121413","author_id":"1139147630544506882","text":"Here's your today's dose of Top News of The Day!\n\n#Greece #Fire #ForestFire #Wildfire #China #Tencent #WeChat #Sue #Lawsuit #Emirates #EmiratesAirline #BirjKhalifa #Dubai #Barbie #Olympics #TokyoOlympics #Tokyo2020 #BarbieDoll #Doll #Canada #Border #US #COVID_19 #vaccinated https://t.co/iM2NJUhQFX","lang":"en","public_metrics":{"retweet_count":0,"reply_count":0,"like_count":0,"quote_count":0},"attachments":{"media_keys":["7_1425039133131493381"]}},{"created_at":"2021-08-10T10:20:10.000Z","id":"1425039259644403717","author_id":"807693841","text":"@forestsandwood @scotwoodlands @BBCFarmingToday For guidance on building #wildfire resilience in Forest Management Plan please see @ForestryComm\npractice guidance. \n\nWith @DefraGovUK funding @ForestryComm will soon be able to offer a @LantraUK accredited training course.\n\nhttps://t.co/BIo0VcnH4F https://t.co/pMDuDTQQ9p","lang":"en","public_metrics":{"retweet_count":0,"reply_count":0,"like_count":2,"quote_count":0},"attachments":{"media_keys":["3_1425039201863708673"]}},{"created_at":"2021-08-10T10:20:00.000Z","id":"1425039218317926423","author_id":"1132056770","text":"#Incendios de 6⃣a generación. Chile, Amazonia, Portugal, Australia, California, Siberia o ahora en el Mediterráneo Oriental, Grecia. ⬇️ | \uD83D\uDCF7\uD83D\uDEF0️Sentinel 2021/08/08 @CopernicusEU @CopernicusEMS #wildfire #ClimateCrisis #GlobalWarming #GreeceFires #RemoteSensing https://t.co/pm1he0hKBE","lang":"es","public_metrics":{"retweet_count":1,"reply_count":0,"like_count":0,"quote_count":0},"attachments":{"media_keys":["3_1425036898880434176"]}},{"created_at":"2021-08-10T10:14:15.000Z","id":"1425037771408740355","author_id":"1253499428146561024","text":"Every idiot online claims that they back science yet we can’t put out a #wildfire","lang":"en","public_metrics":{"retweet_count":0,"reply_count":0,"like_count":0,"quote_count":0}},{"created_at":"2021-08-10T10:10:57.000Z","id":"1425036941532311552","author_id":"1442213172","text":"Little edit due to the current wildfires. I imagine this is how the earth might be feeling at the moment...\n\n#adobephotoshop #photoshop #editing #manipulation #lamp #heating #earth #wildfire #globalwarming https://t.co/3TGfcgBfnz","lang":"en","public_metrics":{"retweet_count":0,"reply_count":0,"like_count":1,"quote_count":0}},{"created_at":"2021-08-10T10:07:08.000Z","id":"1425035982571663360","author_id":"1305607384358727680","text":"An actual tornado of fire. Heart stopping footage. Wow! #wildfire #DixieFire https://t.co/pkBbKegSBk","lang":"en","public_metrics":{"retweet_count":3,"reply_count":0,"like_count":2,"quote_count":0}},{"created_at":"2021-08-10T10:04:45.000Z","id":"1425035381607702528","author_id":"377904401","text":"Over 12,000 people in 8 #California counties are under #wildfire evacuation orders — most impacted by the #DixieFire, the biggest fire currently burning in the #US.\n\nhttps://t.co/65h95oTK8i","lang":"en","public_metrics":{"retweet_count":1,"reply_count":1,"like_count":0,"quote_count":0}},{"created_at":"2021-08-10T10:00:00.000Z","id":"1425034186201571331","author_id":"1295405245011460096","text":"Fires Rage on the Greek Island of #Evia, as locals flee to the beach for shelter.\n\n#wildfire \n#GreeceFires https://t.co/YwAD8zWwp0","lang":"en","public_metrics":{"retweet_count":3,"reply_count":0,"like_count":4,"quote_count":0},"attachments":{"media_keys":["7_1425011479590445056"]}},{"created_at":"2021-08-10T09:56:45.000Z","id":"1425033369092608002","author_id":"377904401","text":"#Firefighters &amp; residents battled yesterday for a 7th day against a massive #wildfire on #Greece's 2nd-largest island as the nation endured what the prime minister described as “a #NaturalDisaster of unprecedented proportions.”\n\nhttps://t.co/nSjDAbfeEv","lang":"en","public_metrics":{"retweet_count":1,"reply_count":0,"like_count":1,"quote_count":0}},{"created_at":"2021-08-10T09:54:22.000Z","id":"1425032768300503073","author_id":"875781710","text":"@TomiLahren #no #wildfire. On #east #coast #America #wonder#why","lang":"en","public_metrics":{"retweet_count":0,"reply_count":1,"like_count":0,"quote_count":0}},{"created_at":"2021-08-10T09:40:11.000Z","id":"1425029200424194055","author_id":"1326562406613528578","text":"#discrimination, half #naked children, and #hatred grow like #wildfire. \n.\nThis needs to stop, and you're only heading for a major down fall. This is not the first one will it be the last, I #guarantee you that. Please start getting your head together on straight. \n.","lang":"en","public_metrics":{"retweet_count":0,"reply_count":1,"like_count":0,"quote_count":0}},{"created_at":"2021-08-10T09:38:27.000Z","id":"1425028763490738176","author_id":"249973508","text":"In other parts of the world, there are wildfires but in Afghanistan it is Bloodfires. Humanity under fire. Please my dear world, it is time to raise your voice for peace. #peace #wildfire #bloodshed #Afghanistan","lang":"en","public_metrics":{"retweet_count":1,"reply_count":0,"like_count":2,"quote_count":0}},{"created_at":"2021-08-10T09:35:06.000Z","id":"1425027920674705410","author_id":"789112711506432000","text":"#Megafires: Where #ClimateChange and #Wildfire Exclusion Collide https://t.co/tKbJ9thXbb via @undarkmag","lang":"en","public_metrics":{"retweet_count":0,"reply_count":0,"like_count":0,"quote_count":0}},{"created_at":"2021-08-10T09:34:29.000Z","id":"1425027763363368994","author_id":"1384341341312745473","text":"Climate change cannot wait another minute!The #Dixie fire is now the 2nd-largest #wildfire in #California history, destroying more than 400 homes and commercial buildings. Sympathy to all the affected and pray for everyone’s safety.\nhttps://t.co/AohyEQd4kz","lang":"en","public_metrics":{"retweet_count":0,"reply_count":0,"like_count":0,"quote_count":0}},{"created_at":"2021-08-10T09:33:36.000Z","id":"1425027543615393793","author_id":"1322133988819922944","text":"Climate change cannot wait another minute!The #Dixie fire is now the 2nd-largest #wildfire in #California history, destroying more than 400 homes and commercial buildings. Sympathy to all the affected and pray for everyone’s safety.\nhttps://t.co/XoiGKbiS0U","lang":"en","public_metrics":{"retweet_count":0,"reply_count":0,"like_count":0,"quote_count":0}},{"created_at":"2021-08-10T09:32:39.000Z","id":"1425027305274023936","author_id":"1317094256184446976","text":"Climate change cannot wait another minute!The #Dixie fire is now the 2nd-largest #wildfire in #California history, destroying more than 400 homes and commercial buildings. Sympathy to all the affected and pray for everyone’s safety.\nhttps://t.co/NmclJ1ER8f","lang":"en","public_metrics":{"retweet_count":0,"reply_count":0,"like_count":0,"quote_count":0}},{"created_at":"2021-08-10T09:32:17.000Z","id":"1425027211954999317","author_id":"3301926908","text":"#WILDFIRE Risk Is Growing Everywhere, Even As More Americans Move Into Harms Way https://t.co/eX5fstpDje","lang":"en","public_metrics":{"retweet_count":0,"reply_count":0,"like_count":0,"quote_count":0}},{"created_at":"2021-08-10T09:31:51.000Z","id":"1425027101703524355","author_id":"3111226033","text":"#WILDFIRE Risk Is Growing Everywhere, Even As More Americans Move Into Harms Way https://t.co/RTr9Friz2w #GPWX","lang":"en","public_metrics":{"retweet_count":0,"reply_count":0,"like_count":0,"quote_count":0}},{"created_at":"2021-08-10T09:29:03.000Z","id":"1425026397794304007","author_id":"3582004700","text":"@forestservice Now if we could just get the Power Company to stop Incinerating full Towns We would be ok! \n#OnlyYou #wildfire #DixeFire #CaliforniaFires","lang":"en","public_metrics":{"retweet_count":1,"reply_count":0,"like_count":0,"quote_count":0}},{"created_at":"2021-08-10T09:23:28.000Z","id":"1425024992513695746","author_id":"1305431555855101953","text":"8/10/21\n#BulldogMtFire Ferry County\nLocation: 16 miles northwest of Kettle Falls\n48 47.466 latitude, -118 16.278 longitude\nDate of Origin: August 5, 2021\nSize: 1,800 Acres\nContained: 0%\nCause: Lightning\nInciWeb: https://t.co/VYVBiKh7zh\nClosures: https://t.co/gEzuUfepGa\n#Wildfire https://t.co/6l1cbLiXlb","lang":"en","public_metrics":{"retweet_count":0,"reply_count":0,"like_count":1,"quote_count":0},"attachments":{"media_keys":["3_1425024219226677250","3_1425024251472453632","3_1425024277397479427"]}},{"created_at":"2021-08-10T09:18:02.000Z","id":"1425023624524845066","author_id":"868211017632894977","text":"FutureDanger Indicator: WILDFIRES LAY WASTE\nHeatMap Column 4&gt; https://t.co/lN14i0Kupc\n #Wildfire  #Wildfires #WarnOthers #HeatMap https://t.co/A3PiMO0DCx","lang":"en","public_metrics":{"retweet_count":0,"reply_count":0,"like_count":0,"quote_count":0},"attachments":{"media_keys":["3_1425023623060889605"]}},{"created_at":"2021-08-10T09:16:55.000Z","id":"1425023345582608385","author_id":"144849404","text":"#Wildfire #simulation heats up \n\n#Computational models capture the #capricious #behavior of #forest #fires.\n\nhttps://t.co/9U8bZatCIn via @KAUSTResearch","lang":"en","public_metrics":{"retweet_count":3,"reply_count":0,"like_count":4,"quote_count":0}},{"created_at":"2021-08-10T09:16:02.000Z","id":"1425023121984090112","author_id":"867896844852101121","text":"FutureDanger Indicator: WILDFIRES LAY WASTE\nHeatMap Column 4&gt; https://t.co/xddBncGGkR\n #Wildfire  #Wildfires #FutureDanger #HeatMap https://t.co/lQBv8Ykykb","lang":"en","public_metrics":{"retweet_count":0,"reply_count":0,"like_count":0,"quote_count":0},"attachments":{"media_keys":["3_1425023120566407171"]}},{"created_at":"2021-08-10T09:15:07.000Z","id":"1425022892454998020","author_id":"1419501861447421955","text":"Climate change cannot wait another minute!\nThe #Dixie fire is now the 2nd-largest #wildfire in #California history, destroying more than 400 homes and commercial buildings. Sympathy to all the affected and pray for everyone’s safety.\nhttps://t.co/O2QOgsx7ru","lang":"en","public_metrics":{"retweet_count":1,"reply_count":0,"like_count":0,"quote_count":0}},{"created_at":"2021-08-10T09:06:02.000Z","id":"1425020605724643333","author_id":"751877048382025728","text":"Firefighters battle wildfire and its destruction on Greek island of Evia \n#Greece #WildFire #Evia \nhttps://t.co/gtzeF835sM","lang":"en","public_metrics":{"retweet_count":0,"reply_count":0,"like_count":0,"quote_count":0}},{"created_at":"2021-08-10T09:04:05.000Z","id":"1425020112474722311","author_id":"3130745716","text":"Greek PM approves 500 mln euro budget for wildfire relief, reforestation  \nhttps://t.co/putSKG021k\n#Greek #PM #Budget #Wildfire #Reforestation\n@Vastuullisuus","lang":"en","public_metrics":{"retweet_count":1,"reply_count":0,"like_count":1,"quote_count":0}},{"created_at":"2021-08-10T08:39:53.000Z","id":"1425014023712477191","author_id":"14766035","text":"Steadfast Teamwork in “Plane” View Over White Rock Lake Wildfire https://t.co/w4NP1QKNLV #BCWildfire #WhiteRockLakeWildfire #wildfire #OkanaganLake @SassePhoto","lang":"en","public_metrics":{"retweet_count":0,"reply_count":0,"like_count":1,"quote_count":0}},{"created_at":"2021-08-10T08:36:58.000Z","id":"1425013290648887307","author_id":"4863959205","text":"Parlamento Europeo e italiano : Introduzione reato penale di genocidio ambientale per chi innesca roghi su base volontaria - Firma la petizione! #incendi #reatoambientale\n#ambiente #climatechange\n#biodiversity\n#biodiversita #wildfire\n#ue\nhttps://t.co/YJSuWV3zED via @ChangeItalia","lang":"it","public_metrics":{"retweet_count":0,"reply_count":0,"like_count":0,"quote_count":0}},{"created_at":"2021-08-10T08:25:28.000Z","id":"1425010396327469077","author_id":"67873734","text":"@climateguyw @MichaelEMann @bhensonweather @Weather_West @robertscribbler @afreedma @DrJeffMasters @WeatherProf @JunagarhMedia @CCLSVN @GreenNewsReport And WELCOME #Russia #wildfire smoke from Yakutia! https://t.co/XvMC6cW0UR","lang":"en","public_metrics":{"retweet_count":0,"reply_count":0,"like_count":1,"quote_count":0}},{"created_at":"2021-08-10T08:17:05.000Z","id":"1425008288375181313","author_id":"3301926908","text":"‘I still feel it isn’t real’: Gold Rush town residents reckon with #WILDFIRE devastation https://t.co/NER0mGn2qz  #GlobalWarming #climatechange","lang":"en","public_metrics":{"retweet_count":0,"reply_count":0,"like_count":0,"quote_count":0}},{"created_at":"2021-08-10T08:16:38.000Z","id":"1425008172138389523","author_id":"3111226033","text":"‘I still feel it isn’t real’: Gold Rush town residents reckon with #WILDFIRE devastation https://t.co/csxt2r0zcY #GPWX #GlobalWarming #climatechange","lang":"en","public_metrics":{"retweet_count":0,"reply_count":0,"like_count":0,"quote_count":0}},{"created_at":"2021-08-10T08:13:40.000Z","id":"1425007427611549696","author_id":"1404779335261724672","text":"#California’s largest single #wildfire in recorded history kept pushing through forestlands as fire crews tried to protect rural #communities from flames that have destroyed hundreds of homes. https://t.co/9oGc1Be4AW","lang":"en","public_metrics":{"retweet_count":0,"reply_count":0,"like_count":0,"quote_count":0},"attachments":{"media_keys":["3_1425007411056705540"]}},{"created_at":"2021-08-10T08:11:35.000Z","id":"1425006904099627013","author_id":"374984100","text":"I calculated the Normalized Burn Ratio Index (NBRI) for #Varympompi #Athens burnt area in #ArcGISPro based on #Sentinel2 imagery from Aug 08. The burnt area is approximately 82.4 square Km.\n#wildfire #Attica #Greece https://t.co/ugRT7gAraN","lang":"en","public_metrics":{"retweet_count":1,"reply_count":0,"like_count":4,"quote_count":0},"attachments":{"media_keys":["7_1425006079377907713"]}},{"created_at":"2021-08-10T08:08:25.000Z","id":"1425006103264387091","author_id":"1213212218780602368","text":"LATEST #wildfire news: The latest on fires burning in Oregon, SE Washington https://t.co/tAqzKFpjT2","lang":"en","public_metrics":{"retweet_count":0,"reply_count":0,"like_count":2,"quote_count":0},"attachments":{"media_keys":["3_1425006102249345026"]}},{"created_at":"2021-08-10T08:01:48.000Z","id":"1425004441334341639","author_id":"85782976","text":"Burning through parched fuel like matchsticks, the Dixie Fire in Northern California has mushroomed in size this week to become the largest single wildfire in the state's history: https://t.co/mmgbDSuNqY\n#News #Wildfire","lang":"en","public_metrics":{"retweet_count":0,"reply_count":0,"like_count":0,"quote_count":0}},{"created_at":"2021-08-10T08:01:08.000Z","id":"1425004273599803397","author_id":"1149173893157888000","text":"PM apologises as #Greece counts costs of #wildfire catastrophe https://t.co/wFOrJOvYAN","lang":"en","public_metrics":{"retweet_count":0,"reply_count":0,"like_count":0,"quote_count":0}},{"created_at":"2021-08-10T07:50:49.000Z","id":"1425001677711626240","author_id":"389104963","text":"Quando la #terra #brucia, per #salvarci, dovremmo assumere altri punti di vista, non umani, più #vitali #wildfire #incendi #climatechange #biodiversity #biodiversità https://t.co/OLpfYEUdW1","lang":"it","public_metrics":{"retweet_count":0,"reply_count":0,"like_count":1,"quote_count":0}},{"created_at":"2021-08-10T07:36:47.000Z","id":"1424998144035672065","author_id":"110252253","text":"Auf Twitter gibt es ein Haufen falsch Annahmen in Bezug auf Hitzewelle, Dürren und Waldbrände. Hitze alleine reicht nicht für ein #wildfire es muss auch trocken sein und die Pflanzen müssen dicht und alt genug sein.  /1","lang":"de","public_metrics":{"retweet_count":0,"reply_count":1,"like_count":0,"quote_count":0}},{"created_at":"2021-08-10T07:30:00.000Z","id":"1424996436479864839","author_id":"991244506623283200","text":"The Wildfire Service of Canada’s British Columbia has released visuals of planned aerial ignitions of Flat Lake #wildfire in #Cariboo. The ignitions are a tactic in wildfire suppression. https://t.co/Ko0bi5QBVN","lang":"en","public_metrics":{"retweet_count":1,"reply_count":0,"like_count":0,"quote_count":0},"attachments":{"media_keys":["7_1424935746863992833"]}},{"created_at":"2021-08-10T07:26:09.000Z","id":"1424995468212379648","author_id":"3348956673","text":"#Greek PM in his video message said he is sorry “if any weaknesses exist” but covered fully the Civil Protection executives who would be responsible for these weaknesses. #wildfire","lang":"en","public_metrics":{"retweet_count":0,"reply_count":0,"like_count":0,"quote_count":0}},{"created_at":"2021-08-10T07:21:15.000Z","id":"1424994236680790032","author_id":"1248275798676684804","text":"\uD83D\uDCF0 Wildfire restored a Yosemite watershed https://t.co/QguGwQ0oDq #hackernews #watershed #wildfire #restored #yosemite","lang":"en","public_metrics":{"retweet_count":0,"reply_count":0,"like_count":0,"quote_count":0}},{"created_at":"2021-08-10T07:13:01.000Z","id":"1424992163629260818","author_id":"113018628","text":"World's Coldest City on \uD83D\uDD25 Fire | Yakutia Russia Wildfire2021 #Russia #wildfire #RussianWildfire2021 https://t.co/lkh63Tu2hy https://t.co/xun2KTjR7o","lang":"en","public_metrics":{"retweet_count":0,"reply_count":0,"like_count":0,"quote_count":0}},{"created_at":"2021-08-10T07:08:37.000Z","id":"1424991057771651084","author_id":"1196558509","text":"Heartbreaking \uD83D\uDD25\uD83D\uDE25People in Athens are picking up dead storks from their lawns.\uD83D\uDD25\uD83D\uDC26\uD83D\uDE25Countless animals have been killed by fires, including turtles and farm animals. \uD83D\uDC22\uD83D\uDD25\uD83D\uDE25\nhttps://t.co/KyIG1UWvRD\n@Animal_Watch @Animals1st #wildfire #ClimateActionNow https://t.co/Y2BKCEG4gr","lang":"en","public_metrics":{"retweet_count":9,"reply_count":4,"like_count":13,"quote_count":1},"attachments":{"media_keys":["3_1424990628568576024"]}},{"created_at":"2021-08-10T07:07:41.000Z","id":"1424990822261481495","author_id":"1702610534","text":"@ferrandalmau78 @jcaamano_ @Ropresburn @FedericoGrillo4 @AT_Brif @Masereta_vcia Evolution #DixieFire #Wildfire Northern #California as seen by Sentinel-2 (Data @sentinel_hub @ESA_EO @CopernicusEU) #IIFF #wildfires https://t.co/8DofBL8kIC","lang":"en","public_metrics":{"retweet_count":2,"reply_count":0,"like_count":13,"quote_count":0},"attachments":{"media_keys":["16_1424989691187769377"]}},{"created_at":"2021-08-10T07:04:02.000Z","id":"1424989903792721927","author_id":"867896844852101121","text":"Dixie Fire now second-largest wildfire in California State history\nHeatMap Column 4&gt; https://t.co/xddBncGGkR\n  #Wildfires #Wildfire https://t.co/x61gSTSkA6","lang":"en","public_metrics":{"retweet_count":0,"reply_count":0,"like_count":0,"quote_count":0},"attachments":{"media_keys":["3_1424989901926256644"]}},{"created_at":"2021-08-10T06:52:24.000Z","id":"1424986974071529472","author_id":"1420025586567860231","text":"\uD83C\uDDE9\uD83C\uDDFF Four people were killed and three injured in wildfires in mountainous areas east of the Algerian capital, Algiers. Firefighters and helicopters were still trying to contain several blazes. #Algeria #wildfire https://t.co/HYQispOC1d","lang":"en","public_metrics":{"retweet_count":3,"reply_count":0,"like_count":3,"quote_count":0},"attachments":{"media_keys":["7_1424986914898259986"]}},{"created_at":"2021-08-10T06:52:02.000Z","id":"1424986882652450828","author_id":"1173501470345445376","text":"UN agency report documents worldwide impact of climate change\n#ClimateCrisis\n#Klimakatastrophe #Griechenland #FiresGreece #wildfires2021Russia #wildfire #ClimateEmergency #ClimateReport https://t.co/hJcM953hdP","lang":"en","public_metrics":{"retweet_count":2,"reply_count":0,"like_count":0,"quote_count":1}},{"created_at":"2021-08-10T06:50:26.000Z","id":"1424986479261069341","author_id":"1702610534","text":"#Evia #Wildfire #Greece Sentinel-2 images (Data @sentinel_hub @ESA_EO @CopernicusEU  #IIFF #GreeceFires #Wildfires https://t.co/W72Wlgv7Uw","lang":"it","public_metrics":{"retweet_count":0,"reply_count":0,"like_count":1,"quote_count":0},"attachments":{"media_keys":["3_1424986446897819666"]}},{"created_at":"2021-08-10T06:48:09.000Z","id":"1424985903991304194","author_id":"1702610534","text":"Update on the #Evia #Wildfire #Greece Sentinel-2 images (Data @sentinel_hub @ESA_EO @CopernicusEU  #IIFF #GreeceFires #Wildfires https://t.co/PiJbM3W8Yo","lang":"en","public_metrics":{"retweet_count":0,"reply_count":1,"like_count":2,"quote_count":0},"attachments":{"media_keys":["16_1424985757761089561"]}},{"created_at":"2021-08-10T06:41:05.000Z","id":"1424984129049931793","author_id":"123949454","text":"De Europese Sentinel-2 aardobservatiesatelliet heeft de hevige bosbranden in Griekenland vanuit de ruimte in beeld gebracht! @ESA_BE @CopernicusEU @ESA_EO #bosbranden #griekenland #ESA #Europa #klimaatverandering #klimaat #wildfire #ClimateEmergency https://t.co/SMqvzRnW6b","lang":"nl","public_metrics":{"retweet_count":2,"reply_count":0,"like_count":1,"quote_count":0},"attachments":{"media_keys":["3_1424983531315474449"]}},{"created_at":"2021-08-10T06:26:17.000Z","id":"1424980402029146133","author_id":"967108405075828736","text":"#wildfire #smoke in the air from the extensive burns in #Turkey and #Greece ...fm @LAPI_epfl        #climate #wildfires https://t.co/WXsZjIURmM","lang":"en","public_metrics":{"retweet_count":0,"reply_count":0,"like_count":1,"quote_count":0}},{"created_at":"2021-08-10T06:21:32.000Z","id":"1424979205687816216","author_id":"777244020410032129","text":".@RedCrescent disaster response professionals and volunteers have been mobilize to deliver emergency assistance to those in need.\n#wildfires2021 #wildfire #forestfires #RedCross #RedCrescent https://t.co/E9bpzIJK7s","lang":"en","public_metrics":{"retweet_count":5,"reply_count":0,"like_count":27,"quote_count":0},"attachments":{"media_keys":["3_1424979200184889352"]}},{"created_at":"2021-08-10T06:10:14.000Z","id":"1424976363186950144","author_id":"15213","text":"Ritsopi Panayiota, 81, reacts as the #wildfire is reaching her house in the #village of #Gouves on #Evia #island, #Greece on August 8, 2021. \n#Photo by @tsakalidis_k \n#Fullstory: https://t.co/1HrEqX2iLf\n\n. (1/2) https://t.co/aCxTZHbBOz","lang":"en","public_metrics":{"retweet_count":0,"reply_count":1,"like_count":1,"quote_count":0},"attachments":{"media_keys":["3_1424976361035374593"]}},{"created_at":"2021-08-10T06:00:12.000Z","id":"1424973837695787010","author_id":"1351243951559229440","text":"Thousands of Californians under evacuation orders as #DixieFire nears 500,000 acres\n\nOver 12,000 people in eight California counties are under #wildfire evacuation evacuation orders\n\nhttps://t.co/yRFGvvulPi","lang":"en","public_metrics":{"retweet_count":1,"reply_count":0,"like_count":2,"quote_count":0}},{"created_at":"2021-08-10T05:48:18.000Z","id":"1424970841754906645","author_id":"828841083257778176","text":"California Dixie Wildfire: Over 480,000 Acres Scorched in Blaze, More Than 10,000 People Across Eight Counties Evacuated; Here's What We Know So Far\n#DixieWildfire #California #UnitedStates #Wildfire #NorthernCalifornia \nhttps://t.co/HorQqf0r5h","lang":"en","public_metrics":{"retweet_count":0,"reply_count":0,"like_count":0,"quote_count":0}},{"created_at":"2021-08-10T05:42:39.000Z","id":"1424969423316824065","author_id":"1122558692472381440","text":"What just happened ???????? Part 23 https://t.co/Pc7yoBWBkC via @YouTube \n#wildfire #wildfires #wildfires2021 #storm #Tornado #News #NewsoftheWorld #NEWSUPDATE #NewsUpdates #Nachrichten #Jesus #JesusIsLord #JesusIsKing #JesusHeals #jesuslovesyou #JesusSaves","lang":"en","public_metrics":{"retweet_count":0,"reply_count":0,"like_count":0,"quote_count":0}},{"created_at":"2021-08-10T05:30:34.000Z","id":"1424966382274240513","author_id":"783214744463257600","text":"▪ FIRES SWEEP GREECE AND TURKEY\n\nWildfires burn through Greece's Evia island and neighboring Turkey\n\n#Wildfire #Greece #Evia https://t.co/cgyIARJPqV","lang":"en","public_metrics":{"retweet_count":2,"reply_count":0,"like_count":3,"quote_count":0},"attachments":{"media_keys":["13_1424962441176240131"]}},{"created_at":"2021-08-10T05:24:39.000Z","id":"1424964892830978049","author_id":"575573641","text":"#Wildfire smoke from Greece has been reaching across the Mediterranean Sea into north Africa, seen clearly in the EUMETSAT images from yesterday morning... #GreeceFires https://t.co/mYbWYpttFq","lang":"en","public_metrics":{"retweet_count":3,"reply_count":0,"like_count":1,"quote_count":0},"attachments":{"media_keys":["16_1424962875530039314"]}},{"created_at":"2021-08-10T05:23:34.000Z","id":"1424964619639140360","author_id":"60017224","text":"Read today's edition of The Peninsula (Aug 10) for latest updates on #Qatar #Doha #coronavirus #Wildfire #MiddleEast #Health #vaccine #Education #Travel #ShuraCouncil #QatarUniversity \nhttps://t.co/FV7gf2bB0r https://t.co/piXwGsQpWj","lang":"en","public_metrics":{"retweet_count":1,"reply_count":0,"like_count":1,"quote_count":0},"attachments":{"media_keys":["3_1424964606334808080"]}},{"created_at":"2021-08-10T05:11:42.000Z","id":"1424961633130999808","author_id":"11765962","text":"Shocker: #GavinNewsom lied to Californians on #wildfire prevention efforts, and actually slashed $150 million from fire prevention budget in 2020. The top five wildfires in California history have occurred since #Newsom election in 2018. #RecallGavinNewsom https://t.co/3pIyuvkktP","lang":"en","public_metrics":{"retweet_count":2,"reply_count":0,"like_count":1,"quote_count":0}},{"created_at":"2021-08-10T04:56:20.000Z","id":"1424957765173202946","author_id":"14766035","text":"RAW VIDEO: *This* is teamwork. 5 planes repeatedly dropping water on White Rock Lake Wildfire at Okanagan Lake, British Columbia-P... https://t.co/LCoIpZycWC via @YouTube #WhiteRockLakeFire #bcfire #wildfire #okanagan #teamwork #tactics #sunset #glow","lang":"en","public_metrics":{"retweet_count":0,"reply_count":0,"like_count":2,"quote_count":0}},{"created_at":"2021-08-10T04:55:04.000Z","id":"1424957445131145216","author_id":"55693536","text":"Firefighters try to stop #Greek island blaze from reaching forest - France 24 https://t.co/lpStL31aNO #wildfire #Evia \uD83C\uDDEC\uD83C\uDDF7 https://t.co/RVJK1AaVTZ","lang":"en","public_metrics":{"retweet_count":0,"reply_count":0,"like_count":0,"quote_count":0},"attachments":{"media_keys":["3_1424957441867980800"]}},{"created_at":"2021-08-10T04:52:06.000Z","id":"1424956699383795714","author_id":"1368792236838723586","text":"#Newsom has had years to address the #Homeless, #Crime,  #WildFire, #Tax, and other problems in #California.  He is a bad manager.  A #PhotoOpGovernor.  An #Elitist who believes it is the peoples' privilege to have him in office.  #RecallNewsom #Gavin. https://t.co/b4JFcV58tP","lang":"en","public_metrics":{"retweet_count":15,"reply_count":4,"like_count":23,"quote_count":2},"attachments":{"media_keys":["3_1424956683646750721"]}},{"created_at":"2021-08-10T04:47:15.000Z","id":"1424955478770020353","author_id":"1368792236838723586","text":"@doglips13 You got it wrong. Vote #NO on #GavinNewsom if you want real leadership on the #Homeless, #Crime, #WildFire, #PoliticalCorruption, and #Tax problems destroying #CA.   He is an awful leader.  1 =s YES.  #RecallNewsom https://t.co/uNp90t80lI","lang":"en","public_metrics":{"retweet_count":0,"reply_count":0,"like_count":2,"quote_count":0},"attachments":{"media_keys":["3_1424955468825260033"]}},{"created_at":"2021-08-10T04:29:45.000Z","id":"1424951077087023106","author_id":"1329224384997855232","text":"There was apparently a #Wildfire here yesterday, a few blocks away from my home, in the vicinity of #EmeraldRidgeHighSchool, in #SouthPuyallupWA.\nhttps://t.co/WzAg1sCE85","lang":"en","public_metrics":{"retweet_count":0,"reply_count":0,"like_count":0,"quote_count":0}},{"created_at":"2021-08-10T04:26:02.000Z","id":"1424950140205367302","author_id":"868211017632894977","text":"FutureDanger Indicator: WILDFIRES LAY WASTE\nHeatMap Column 4&gt; https://t.co/lN14i125gK\n  #Wildfires #Wildfire #WarnOthers #HeatMap https://t.co/fl7iZUeNDb","lang":"en","public_metrics":{"retweet_count":0,"reply_count":0,"like_count":0,"quote_count":0},"attachments":{"media_keys":["3_1424950138766725125"]}},{"created_at":"2021-08-10T04:20:00.000Z","id":"1424948621221449737","author_id":"1144496736884293632","text":"'We are in unchartered territory': Over 5,000 firefighters tackle #California's second largest #wildfire in state history #CaliforniaFires #Greenville #DixieFire #UnitedStates https://t.co/gEWYgZYi3s","lang":"en","public_metrics":{"retweet_count":0,"reply_count":0,"like_count":2,"quote_count":1}},{"created_at":"2021-08-10T04:03:05.000Z","id":"1424944366653689862","author_id":"3240388678","text":"Ein Ostschweizer Reiseberater war kürzlich in der Südtürkei in den Ferien und schildert seine Erlebnisse #wildfire #Turkey\nhttps://t.co/x2jJ4VA3EG","lang":"de","public_metrics":{"retweet_count":0,"reply_count":0,"like_count":0,"quote_count":0}},{"created_at":"2021-08-10T04:00:44.000Z","id":"1424943772811501573","author_id":"1352629269134856197","text":"The Wildfire Service of Canada’s British Columbia has released visuals of planned aerial ignitions of Flat Lake #wildfire in #Cariboo. The ignitions are a tactic in wildfire suppression. https://t.co/6GyOu8EZa0","lang":"en","public_metrics":{"retweet_count":0,"reply_count":0,"like_count":0,"quote_count":0},"attachments":{"media_keys":["7_1424943441918627848"]}},{"created_at":"2021-08-10T03:58:56.000Z","id":"1424943319558197251","author_id":"1036037388","text":"As #wildfire season continues, be prepared to change your behavior to minimize the amount of inhaled wildfire smoke, &amp; use a mask.\n\nBut we must do our part to reduce our carbon footprint, which then reduces changes to the climate &amp; the threat of wildfires\n\nhttps://t.co/pVtdx4zUg2","lang":"en","public_metrics":{"retweet_count":0,"reply_count":0,"like_count":4,"quote_count":0}},{"created_at":"2021-08-10T03:58:32.000Z","id":"1424943221231132673","author_id":"1284005845349527552","text":"UNનો વિસ્ફોટક રિપોર્ટ: પૃથ્વીના વિનાશની ભયાનક ભવિષ્યવાણી\n\n#UNExplosiveReport #ExplosiveReport #Wildfire #World #destruction #erth #dustakk #news https://t.co/ljFUAbWelz","lang":"gu","public_metrics":{"retweet_count":0,"reply_count":0,"like_count":0,"quote_count":0},"attachments":{"media_keys":["3_1424943192823111681"]}},{"created_at":"2021-08-10T03:55:19.000Z","id":"1424942411386605568","author_id":"1245398293754130438","text":"The same towns are burning, year after year, in California. Find out what population dynamics &amp; human activities have to do with #wildfire regimes in our latest blog post:\nhttps://t.co/z3UFeKdTBD","lang":"en","public_metrics":{"retweet_count":0,"reply_count":0,"like_count":0,"quote_count":0}},{"created_at":"2021-08-10T03:50:12.000Z","id":"1424941123420704773","author_id":"144703320","text":"10,000 = approximate number of wildland #firefighters currently on staff with #ForestService which has more than 100 open forestry technician positions and needs more personnel to deal with the growing #wildfire threat.\nhttps://t.co/iKA58kQpQ6","lang":"en","public_metrics":{"retweet_count":2,"reply_count":0,"like_count":1,"quote_count":0}},{"created_at":"2021-08-10T03:47:20.000Z","id":"1424940403485200385","author_id":"144703320","text":"New #wildfire start\n#CanonFire\n08/08/2021 16:19\nGila National Forest\nCanyon De Olla near Sand Flat\n10.2 acres\nCoordinates:  34 0.918, -108 26.358\n#NMFire\n\uD83D\uDD25\uD83D\uDD25\uD83D\uDD25","lang":"en","public_metrics":{"retweet_count":1,"reply_count":0,"like_count":0,"quote_count":0}},{"created_at":"2021-08-10T03:46:28.000Z","id":"1424940182550237214","author_id":"144703320","text":"New #wildfire start\n#RailroadFire\n08/09/2021 09:32\nGila National Forest\nW of Middle Mtn\nCoordinates:  33 6.126, -108 7.728\n#NMFire\n\uD83D\uDD25\uD83D\uDD25\uD83D\uDD25","lang":"en","public_metrics":{"retweet_count":1,"reply_count":0,"like_count":0,"quote_count":0}},{"created_at":"2021-08-10T03:44:46.000Z","id":"1424939756799119362","author_id":"144703320","text":"New #wildfire start\n#TresHermanosFire\n08/09/2021 11:34\n20 acres\n11 miles SW Las Vegas\nCoordinates:  35.4624, -105.3608\n#NMFire\n\uD83D\uDD25\uD83D\uDD25\uD83D\uDD25","lang":"en","public_metrics":{"retweet_count":1,"reply_count":0,"like_count":1,"quote_count":0}},{"created_at":"2021-08-10T03:43:08.000Z","id":"1424939342569558045","author_id":"144703320","text":"New #wildfire start\n#SarcaFire\n08/09/2021 15:55\n2.4 miles SW Cordova\nCoordinates:  35.9958, -105.8659\n#NMFire\n\uD83D\uDD25\uD83D\uDD25\uD83D\uDD25","lang":"en","public_metrics":{"retweet_count":1,"reply_count":0,"like_count":0,"quote_count":0}},{"created_at":"2021-08-10T03:34:00.000Z","id":"1424937046401961989","author_id":"1317984598681268225","text":"#California #recall #RecallGavinNewsom #LarryElder #Covid_19 #wildfire https://t.co/D3xJZJp063","lang":"und","public_metrics":{"retweet_count":2,"reply_count":1,"like_count":9,"quote_count":0},"attachments":{"media_keys":["3_1424937041414934533"]}},{"created_at":"2021-08-10T03:22:57.000Z","id":"1424934263292502021","author_id":"2852298962","text":"The Ashes of the Dixie Fire Cast a Pall 1,000 Miles From Its Flames #California #wildfire (we're all inter-connected) https://t.co/TKYZ9bot59","lang":"en","public_metrics":{"retweet_count":0,"reply_count":0,"like_count":0,"quote_count":0}},{"created_at":"2021-08-10T03:15:22.000Z","id":"1424932358126329860","author_id":"1361482171","text":"It looks like round two ain't far away. #VernonBC #OkanganLake #wildfire #BCWildfireService #canonphotography https://t.co/xo1DBZ1Nfb","lang":"en","public_metrics":{"retweet_count":1,"reply_count":1,"like_count":1,"quote_count":0},"attachments":{"media_keys":["3_1424932237036843011","3_1424932237040967682","3_1424932237045235712","3_1424932237041037314"]}},{"created_at":"2021-08-10T03:04:53.000Z","id":"1424929718172889090","author_id":"909304191117651968","text":"#PM #apologizes as #Greece counts costs of #wildfire #catastrophe via @Reuters #protests https://t.co/MdihSu5m3x","lang":"en","public_metrics":{"retweet_count":0,"reply_count":0,"like_count":0,"quote_count":0}},{"created_at":"2021-08-10T03:02:36.000Z","id":"1424929143108431874","author_id":"1296800118318837763","text":"@PGE_SactoSierra I realize this mailer I got from you today (8/9/21) is primarily about PSPS preparation, but even in previous years August is a little late to “Prepare Now for #wildfire season”! https://t.co/GL4ANMm5hP","lang":"en","public_metrics":{"retweet_count":0,"reply_count":0,"like_count":0,"quote_count":0},"attachments":{"media_keys":["3_1424929135273541635"]}},{"created_at":"2021-08-10T03:00:58.000Z","id":"1424928732775522304","author_id":"1314830750533865472","text":"A number of points within the #Komodo National Park Area have burned since last week. Fires on the savannas were triggered by the current hot and dry weather. Although the fire became larger, it did not disturb the natural habitat of the Komodo dragons. #SEAToday #Wildfire https://t.co/epzsTobsiH","lang":"en","public_metrics":{"retweet_count":7,"reply_count":0,"like_count":7,"quote_count":0},"attachments":{"media_keys":["7_1424928289932513286"]}},{"created_at":"2021-08-10T03:00:00.000Z","id":"1424928489078239254","author_id":"18638090","text":"California's Dixie Fire is now the largest single-source wildfire in state history. The blaze expanded to nearly 500,000 acres late Sunday, about the size of Cancun, Mexico, and larger than the city of Houston, Texas. #DixieFire #CAwx #wildfire https://t.co/tdFNZxkzi1","lang":"en","public_metrics":{"retweet_count":17,"reply_count":7,"like_count":26,"quote_count":3},"attachments":{"media_keys":["13_1424888819564879873"]}},{"created_at":"2021-08-10T02:42:02.000Z","id":"1424923968834736129","author_id":"14438014","text":"Would be interesting to see a post #wildfire photo from this same perspective? \n\nThis Turkish town looked so lovely prior to Aug 5th.  Gone in the blink of an eye. https://t.co/ns54pB66tB","lang":"en","public_metrics":{"retweet_count":0,"reply_count":0,"like_count":0,"quote_count":0}}],"includes":{"media":[{"media_key":"3_1425059060504793089","type":"photo","url":"https://pbs.twimg.com/media/E8bTqk1XEAEuiFM.jpg"},{"media_key":"7_1425055442145882112","public_metrics":{"view_count":7},"type":"video"},{"media_key":"3_1425050564677849089","type":"photo","url":"https://pbs.twimg.com/media/E8bL8DaX0AEkOjf.jpg"},{"media_key":"3_1425049919665197059","type":"photo","url":"https://pbs.twimg.com/media/E8bLWgjX0AM6sOm.png"},{"media_key":"7_1425046524992626697","public_metrics":{"view_count":0},"type":"video"},{"media_key":"3_1425046368100442112","type":"photo","url":"https://pbs.twimg.com/media/E8bIHx8WYAAe8kY.jpg"},{"media_key":"3_1425044287100624898","type":"photo","url":"https://pbs.twimg.com/media/E8bGOpnVIAIb_yq.jpg"},{"media_key":"3_1425044290716114949","type":"photo","url":"https://pbs.twimg.com/media/E8bGO3FVIAUqX-R.jpg"},{"media_key":"3_1425044295845769216","type":"photo","url":"https://pbs.twimg.com/media/E8bGPKMVcAAJGsM.jpg"},{"media_key":"3_1425044298840436737","type":"photo","url":"https://pbs.twimg.com/media/E8bGPVWUcAEiAOB.jpg"},{"media_key":"3_1425043339418681346","type":"photo","url":"https://pbs.twimg.com/media/E8bFXfOWQAIWW4b.jpg"},{"media_key":"7_1425039133131493381","public_metrics":{"view_count":18},"type":"video"},{"media_key":"3_1425039201863708673","type":"photo","url":"https://pbs.twimg.com/media/E8bBmpoXsAEOsQy.jpg"},{"media_key":"3_1425036898880434176","type":"photo","url":"https://pbs.twimg.com/media/E8a_gmWXsAAuB1_.jpg"},{"media_key":"7_1425011479590445056","public_metrics":{"view_count":193},"type":"video"},{"media_key":"3_1425024219226677250","type":"photo","url":"https://pbs.twimg.com/media/E8az-i9VoAIJcL9.jpg"},{"media_key":"3_1425024251472453632","type":"photo","url":"https://pbs.twimg.com/media/E8a0AbFVIAA-M__.jpg"},{"media_key":"3_1425024277397479427","type":"photo","url":"https://pbs.twimg.com/media/E8a0B7qVoAMe5t9.jpg"},{"media_key":"3_1425023623060889605","type":"photo","url":"https://pbs.twimg.com/media/E8azb2EVoAUP6c9.png"},{"media_key":"3_1425023120566407171","type":"photo","url":"https://pbs.twimg.com/media/E8ay-mIUUAMURue.png"},{"media_key":"3_1425007411056705540","type":"photo","url":"https://pbs.twimg.com/media/E8aksLpVgAQKYhR.png"},{"media_key":"7_1425006079377907713","public_metrics":{"view_count":95},"type":"video"},{"media_key":"3_1425006102249345026","type":"photo","url":"https://pbs.twimg.com/media/E8ajf_9WEAI91Hz.jpg"},{"media_key":"7_1424935746863992833","public_metrics":{"view_count":20},"type":"video"},{"media_key":"3_1424990628568576024","type":"photo","url":"https://pbs.twimg.com/media/E8aVbUAXMBgq6tv.jpg"},{"media_key":"16_1424989691187769377","type":"animated_gif"},{"media_key":"3_1424989901926256644","type":"photo","url":"https://pbs.twimg.com/media/E8aUxBDVUAQLHvd.png"},{"media_key":"7_1424986914898259986","public_metrics":{"view_count":96},"type":"video"},{"media_key":"3_1424986446897819666","type":"photo","url":"https://pbs.twimg.com/media/E8aRn6EXMBISU2W.jpg"},{"media_key":"16_1424985757761089561","type":"animated_gif"},{"media_key":"3_1424983531315474449","type":"photo","url":"https://pbs.twimg.com/media/E8aO-MrXMBE_GW-.jpg"},{"media_key":"3_1424979200184889352","type":"photo","url":"https://pbs.twimg.com/media/E8aLCF9XMAgWisp.jpg"},{"media_key":"3_1424976361035374593","type":"photo","url":"https://pbs.twimg.com/media/E8aIc1TXoAEumnG.jpg"},{"media_key":"13_1424962441176240131","public_metrics":{"view_count":186},"type":"video"},{"media_key":"16_1424962875530039314","type":"animated_gif"},{"media_key":"3_1424964606334808080","type":"photo","url":"https://pbs.twimg.com/media/E8Z9wnoXMBAELVm.jpg"},{"media_key":"3_1424957441867980800","type":"photo","url":"https://pbs.twimg.com/media/E8Z3Pl6XIAA0QJT.jpg"},{"media_key":"3_1424956683646750721","type":"photo","url":"https://pbs.twimg.com/media/E8Z2jdUVUAEMbP_.jpg"},{"media_key":"3_1424955468825260033","type":"photo","url":"https://pbs.twimg.com/media/E8Z1cvwUcAEXrtw.jpg"},{"media_key":"3_1424950138766725125","type":"photo","url":"https://pbs.twimg.com/media/E8ZwmfvVkAUeF7L.png"},{"media_key":"7_1424943441918627848","public_metrics":{"view_count":18},"type":"video"},{"media_key":"3_1424943192823111681","type":"photo","url":"https://pbs.twimg.com/media/E8ZqSMFVIAEkasE.jpg"},{"media_key":"3_1424937041414934533","type":"photo","url":"https://pbs.twimg.com/media/E8ZksITVUAU7YDU.jpg"},{"media_key":"3_1424932237036843011","type":"photo","url":"https://pbs.twimg.com/media/E8ZgUemVcAMfBrY.jpg"},{"media_key":"3_1424932237040967682","type":"photo","url":"https://pbs.twimg.com/media/E8ZgUenUYAIcw-y.jpg"},{"media_key":"3_1424932237045235712","type":"photo","url":"https://pbs.twimg.com/media/E8ZgUeoVgAAI2Zs.jpg"},{"media_key":"3_1424932237041037314","type":"photo","url":"https://pbs.twimg.com/media/E8ZgUenVcAIlRqL.jpg"},{"media_key":"3_1424929135273541635","type":"photo","url":"https://pbs.twimg.com/media/E8Zdf7oVgAMlfQ6.jpg"},{"media_key":"7_1424928289932513286","public_metrics":{"view_count":145},"type":"video"},{"media_key":"13_1424888819564879873","public_metrics":{"view_count":5832},"type":"video"}]},"meta":{"newest_id":"1425059064569020416","oldest_id":"1424923968834736129","result_count":99,"next_token":"b26v89c19zqg8o3fpdm85rfo5ammdm33939fau8f1l1tp"}}