{"data":[{"attachments":{"media_keys":["3_1424921954121826304"]},"author_id":"1415349497023115265","id":"1424921958014234650","public_metrics":{"retweet_count":0,"reply_count":0,"like_count":0,"quote_count":0},"text":"Saskatchewan Daily Wildfire Situation Map\n\nUpdate Detected: 09 Aug 2021 08:33 PM CST\n\nMore info at: https://t.co/zOnT69VEic\n\n#sk #wildfire #skwildfire https://t.co/7vhxTIobB8","lang":"en","created_at":"2021-08-10T02:34:03.000Z"},{"author_id":"144703320","id":"1424921788027482120","public_metrics":{"retweet_count":0,"reply_count":0,"like_count":1,"quote_count":0},"text":"New #wildfire start\n#SpringFire \n08/07/2021 11:30\nEast of Pecos, La Cueva Springs area \nCoordinates: 35.5668, -105.5236\n#NMFire\n\uD83D\uDD25\uD83D\uDD25\uD83D\uDD25","lang":"en","created_at":"2021-08-10T02:33:22.000Z"},{"author_id":"11765962","id":"1424919734923927555","public_metrics":{"retweet_count":4,"reply_count":0,"like_count":5,"quote_count":1},"text":"#GavinNewsom badly misled California on #wildfire prevention efforts, @npr report says. Report did not get the publicity it deserves  #Newsom overstated  number of acres treated with fuel breaks, prescribed burns by 690%! Now we have #DixieFire \n https://t.co/tmLLazznqO","lang":"en","created_at":"2021-08-10T02:25:13.000Z"},{"author_id":"95302483","id":"1424916089260191748","public_metrics":{"retweet_count":0,"reply_count":0,"like_count":1,"quote_count":0},"text":"PM apologises as #Greece counts costs of #wildfire catastrophe https://t.co/BzFaAOHYit","lang":"en","created_at":"2021-08-10T02:10:43.000Z"},{"attachments":{"media_keys":["3_1424909999097192449"]},"author_id":"1854805501","id":"1424914899088465928","public_metrics":{"retweet_count":0,"reply_count":0,"like_count":3,"quote_count":0},"text":"Newly Updated: Grab-N-Go Bag Essentials You Must Have https://t.co/xgWXbzKCED via @SlideShare #lifehack #survival #pandemic #HurricaneSeason #Flood #Drought21 #wildfire https://t.co/EAdwGZID4P","lang":"en","created_at":"2021-08-10T02:06:00.000Z"},{"author_id":"1385546258761142272","id":"1424914761607630848","public_metrics":{"retweet_count":0,"reply_count":0,"like_count":0,"quote_count":0},"text":"Smoke from raging forest fires in Siberia has reached the north pole for the first time in recorded history\nhttps://t.co/SQqkAPVGfB\n#wildfire #siberiawildfires","lang":"en","created_at":"2021-08-10T02:05:27.000Z"},{"attachments":{"media_keys":["7_1424912829287600132"]},"author_id":"1140461059079151617","id":"1424914634247598087","public_metrics":{"retweet_count":2,"reply_count":2,"like_count":16,"quote_count":1},"text":"Another day, another smoke filled sunset in Cascade CO   #cowx #colorado #coloradosprings #wildfire #wildfiresmoke #dixiefire  @BrianBledsoe @LukeVictorWx  @kktvSydney @christina_wx https://t.co/pqWTZv3sVv","lang":"en","created_at":"2021-08-10T02:04:57.000Z"},{"author_id":"15013212","id":"1424909796898082820","public_metrics":{"retweet_count":0,"reply_count":0,"like_count":1,"quote_count":0},"text":"Excellent work by Evan Mitsui!\nA First Nation on the edge of B.C.’s biggest wildfire says its knowledge is crucial to the fight, but was ignored as the blaze grew. https://t.co/hNtq0WBUxF \n\n#wildfire #canada #Drought2021 #FirstNationPeople #fire #GlobalWarming #CBC #CBCNews","lang":"en","created_at":"2021-08-10T01:45:43.000Z"},{"attachments":{"media_keys":["3_1424908355701776384"]},"author_id":"1415349497023115265","id":"1424908359585648647","public_metrics":{"retweet_count":0,"reply_count":0,"like_count":0,"quote_count":0},"text":"Saskatchewan Daily Wildfire Situation Map\n\nUpdate Detected: 09 Aug 2021 07:39 PM CST\n\nMore info at: https://t.co/zOnT69VEic\n\n#sk #wildfire #skwildfire https://t.co/8Zm2X5lU2P","lang":"en","created_at":"2021-08-10T01:40:01.000Z"},{"author_id":"58585252","id":"1424899693105012740","public_metrics":{"retweet_count":0,"reply_count":0,"like_count":0,"quote_count":0},"text":"#wildfire #flashflood #heatdome #polarvortex #climatechange #climatecrisis #climatechangeisreal #disaster #naturaldisaster #changeisneeded https://t.co/kkAYZDUEVc","lang":"und","created_at":"2021-08-10T01:05:34.000Z"},{"attachments":{"media_keys":["3_1424896514888015874"]},"author_id":"239666710","id":"1424897684956229635","public_metrics":{"retweet_count":2,"reply_count":0,"like_count":3,"quote_count":0},"text":"A good and new #wildfire drinking #water contamination study by @UCSF and @ucdavis in @EnvSciTech:\n \n☑️Benzene found 11 months after the #CampFire.\n\n☑️More than benzene exceeded drinking water limits.\n\nRead here ➡️https://t.co/nqk6EhsUDU https://t.co/zmmQ8q6SvV","lang":"en","created_at":"2021-08-10T00:57:36.000Z"},{"attachments":{"media_keys":["3_1424895464672047108"]},"author_id":"1415349497023115265","id":"1424895468493021185","public_metrics":{"retweet_count":0,"reply_count":0,"like_count":0,"quote_count":0},"text":"Saskatchewan Daily Wildfire Situation Map\n\nUpdate Detected: 09 Aug 2021 06:48 PM CST\n\nMore info at: https://t.co/zOnT69VEic\n\n#sk #wildfire #skwildfire https://t.co/UIFka2Q2Gi","lang":"en","created_at":"2021-08-10T00:48:47.000Z"},{"attachments":{"media_keys":["3_1424894521549099027"]},"author_id":"1162150671195365376","id":"1424894524464140294","public_metrics":{"retweet_count":0,"reply_count":0,"like_count":0,"quote_count":0},"text":"If a wildfire is approaching, experts recommend putting your emergency kit and other important and essential items in your vehicle so you are ready to evacuate quickly if needed. Here are additional ways to be prepared: https://t.co/6u1RmElLcM. #asorianoagency #wildfire https://t.co/Fs7xzWdD39","lang":"en","created_at":"2021-08-10T00:45:02.000Z"},{"author_id":"1031159366446010368","id":"1424893622520999936","public_metrics":{"retweet_count":0,"reply_count":0,"like_count":1,"quote_count":0},"text":"Everyone. Can someone please help Algeria. People need help.\uD83D\uDE2D\uD83D\uDE2D\uD83D\uDE2D\uD83D\uDE2D#algeriaisburning #wildfire","lang":"en","created_at":"2021-08-10T00:41:27.000Z"},{"author_id":"1361791257702506500","id":"1424892469423087617","public_metrics":{"retweet_count":1,"reply_count":0,"like_count":1,"quote_count":0},"text":"CALIFORNIANS STOCKING UP\nhttps://t.co/HUBRsLqQD9 #Heat #heatwave  #Drought #wildfire #California","lang":"en","created_at":"2021-08-10T00:36:52.000Z"},{"attachments":{"media_keys":["3_1424891505576132612"]},"author_id":"1375514651681726469","id":"1424891507551657986","public_metrics":{"retweet_count":0,"reply_count":0,"like_count":0,"quote_count":0},"text":"Most of the wildfire caused by creepy humans. \n\n#wildfire #Turkeyisburning #GreeceFires https://t.co/8r0YsULkQo","lang":"en","created_at":"2021-08-10T00:33:03.000Z"},{"attachments":{"media_keys":["3_1424890545202212867"]},"author_id":"1075326978","id":"1424891386550235141","public_metrics":{"retweet_count":0,"reply_count":0,"like_count":1,"quote_count":0},"text":"@IPCC_CH WGI Interactive Atlas: Regional information  #ClimateReport #ClimateCrisis #USA #NewYork #NYC #climaterisk #StormSurge #Drought #wildlife #wildfire #water #DataScience #technology #energy #COVID19 #healthcare #healthylifestyle #hot #heatwave https://t.co/5iiT1vYy6k https://t.co/manWymWrxj","lang":"pl","created_at":"2021-08-10T00:32:34.000Z"},{"author_id":"51213980","id":"1424890616538832899","public_metrics":{"retweet_count":0,"reply_count":0,"like_count":0,"quote_count":0},"text":"#wildfire survivors can get road map to recovery from #UnitedPolicyHolders who assist with insurance claims. Reach out. Stay strong. #RedCrossNorCal https://t.co/iI0ypHy7B7","lang":"en","created_at":"2021-08-10T00:29:30.000Z"},{"attachments":{"media_keys":["3_1424890242704625664"]},"author_id":"3171407808","id":"1424890496044863488","public_metrics":{"retweet_count":5,"reply_count":0,"like_count":17,"quote_count":0},"text":"As we're seeing more often, fires create their own weather.  Mike Lubiarz snapped this over western Montana, as a pyrocumulonimbus cloud forms above the fire scorching the ground. @News3LV #smoke #wildfire https://t.co/GjRk5epdrq","lang":"en","created_at":"2021-08-10T00:29:02.000Z"},{"author_id":"51213980","id":"1424889445677895690","public_metrics":{"retweet_count":0,"reply_count":0,"like_count":0,"quote_count":0},"text":"#wildfire survivors, get recovery guidance from #UnitedPolicyHolders. This non-profit assists with insurance claims and offers a road map for recovery. https://t.co/KXIGJPHonM","lang":"en","created_at":"2021-08-10T00:24:51.000Z"},{"author_id":"2326166598","id":"1424888655005372418","public_metrics":{"retweet_count":0,"reply_count":0,"like_count":1,"quote_count":0},"text":"Surviving a #wildfire with your #horse - Part 2 https://t.co/VJPuGIkDxu via @YouTube From Loomis Basin Equine in NorCal. Make your animal evacuation plan and practice (and practice some more!). Also includes some tips for addressing animals' smoke inhalation","lang":"en","created_at":"2021-08-10T00:21:43.000Z"},{"author_id":"884415633223540740","id":"1424887720040620032","public_metrics":{"retweet_count":0,"reply_count":0,"like_count":0,"quote_count":0},"text":"A new fire over the weekend has torched roughly 1,300 acres near Absarokee, prompting fire officials on Sunday to evacuate nearby residents. https://t.co/3AStvD5pke #mtnews #wildfire","lang":"en","created_at":"2021-08-10T00:18:00.000Z"},{"attachments":{"media_keys":["3_1424885191638650887"]},"author_id":"1213212218780602368","id":"1424885192838291462","public_metrics":{"retweet_count":0,"reply_count":0,"like_count":0,"quote_count":0},"text":"LATEST #wildfire news: Lightweight Respirator on the Way for Wildland Firefighters https://t.co/bwh5u8CwPY","lang":"en","created_at":"2021-08-10T00:07:57.000Z"},{"attachments":{"media_keys":["3_1424884570189701126","3_1424884740809793536"]},"author_id":"2737596098","id":"1424884769700073476","public_metrics":{"retweet_count":0,"reply_count":0,"like_count":0,"quote_count":0},"text":"Massive #wildfire in #Albania \n\nhttps://t.co/A58H7n5GXI https://t.co/VViCuQBQpT","lang":"en","created_at":"2021-08-10T00:06:16.000Z"},{"author_id":"2326166598","id":"1424881995654471685","public_metrics":{"retweet_count":1,"reply_count":0,"like_count":1,"quote_count":0},"text":"For you #horse ppl in wildfire risk areas: some excellent tips on how to get ready/plan for #wildfire and evacuate with your animals. Preparation and practice are key. Surviving Wildfire with your horses - Part 1 https://t.co/edF70Xc1Xr via @YouTube","lang":"en","created_at":"2021-08-09T23:55:15.000Z"},{"author_id":"25056977","id":"1424880204846092292","public_metrics":{"retweet_count":1,"reply_count":1,"like_count":0,"quote_count":1},"text":"Californians draw guns on #firefighters  trying to rescue them from #wildfire  | TheHill - The Hill https://t.co/iClBDasuWk via @GoogleNews","lang":"en","created_at":"2021-08-09T23:48:08.000Z"},{"attachments":{"media_keys":["13_1423718529052860417"]},"author_id":"1059174634761920512","id":"1424879276034334721","public_metrics":{"retweet_count":0,"reply_count":0,"like_count":1,"quote_count":0},"text":"@Richarrdfrancis Today marks the 15th anniversary of the #NationalGeographic #PhotoArk! Join us in celebrating this milestone, and meet some of these weird and wonderful species that have made this journey so special https://t.co/kxNUFaO8E1 \n#wildfire #NaturePhotography #nature","lang":"en","created_at":"2021-08-09T23:44:27.000Z"},{"attachments":{"media_keys":["7_1424878164241784838"]},"author_id":"2925297143","id":"1424878496980013058","public_metrics":{"retweet_count":0,"reply_count":0,"like_count":7,"quote_count":0},"text":"Just chillin\uD83E\uDD17\n#dota2 #dogs #wildfire\n#animals\n#opentv #vaccinatevi_e_basta \n#قطر_تنتفض #انتخابات_مجلس_الشوري #مسفر_الشيباني_في_محمد_الذيب #باريس_سان_جيرمان #شعب_واحد_وولائنا_تميم #عام_هجري_جديد_١٤٤٣ #اليوم_العالمي_للفتيات #مودل_روز #سنه_هجريه_جديده https://t.co/5ixf5alAGh","lang":"en","created_at":"2021-08-09T23:41:21.000Z"},{"attachments":{"media_keys":["3_1424878163717365779"]},"author_id":"868211017632894977","id":"1424878165051154432","public_metrics":{"retweet_count":0,"reply_count":0,"like_count":0,"quote_count":0},"text":"FutureDanger Indicator: WILDFIRES LAY WASTE\nHeatMap Column 4&gt; https://t.co/lN14i125gK\n #Wildfire  #Wildfires #FutureDanger #HeatMap https://t.co/qYugCXH4hR","lang":"en","created_at":"2021-08-09T23:40:02.000Z"},{"author_id":"1201587769132191744","id":"1424877459959255042","public_metrics":{"retweet_count":1,"reply_count":2,"like_count":5,"quote_count":0},"text":"If the #DixieFire is not the biggest #Wildfire in #California history, it soon will be. The same senecio is playing out around the planet. We have broken more meteorological records this last year since record keeping began. #ClimateEmergency is NOW! What are you doing to help?","lang":"en","created_at":"2021-08-09T23:37:14.000Z"},{"author_id":"1327793130","id":"1424874896237023234","public_metrics":{"retweet_count":0,"reply_count":0,"like_count":0,"quote_count":0},"text":"“We need to invest in prevention and restoration of our forests and all the things that we recognize are important for creating [#wildfire] resilience,” said Yana Valachovic @UCANR\n\nVia @marisa_iati @marialuisapaulr\nhttps://t.co/UvUbSnukmf","lang":"en","created_at":"2021-08-09T23:27:02.000Z"},{"attachments":{"media_keys":["3_1424872164784631808"]},"author_id":"842426473524817920","id":"1424872242362556434","public_metrics":{"retweet_count":5,"reply_count":0,"like_count":8,"quote_count":0},"text":"We're proud to be featured in the latest issue of @canvawwa's SOURCE Magazine, which highlights our innovative efforts and partnerships to reduce devastating #wildfire risk for our communities and improve #foresthealth and #CAwater supply. \n\nRead more: https://t.co/unF2uGAnW8 https://t.co/Cp07UcmLSp","lang":"en","created_at":"2021-08-09T23:16:30.000Z"},{"attachments":{"media_keys":["3_1424872025886187527"]},"author_id":"1415349497023115265","id":"1424872029824638978","public_metrics":{"retweet_count":0,"reply_count":0,"like_count":0,"quote_count":0},"text":"Saskatchewan Daily Wildfire Situation Map\n\nUpdate Detected: 09 Aug 2021 05:15 PM CST\n\nMore info at: https://t.co/zOnT69VEic\n\n#sk #wildfire #skwildfire https://t.co/ooBhK5fhVQ","lang":"en","created_at":"2021-08-09T23:15:39.000Z"},{"author_id":"3253085370","id":"1424871809606946817","public_metrics":{"retweet_count":0,"reply_count":0,"like_count":0,"quote_count":0},"text":"Entire towns being destroyed by #wildfire Only one upon MANY #ClimateCrisis https://t.co/Kyyp2A5kpZ","lang":"en","created_at":"2021-08-09T23:14:46.000Z"},{"attachments":{"media_keys":["3_1424870606802198534","3_1424870606831591431","3_1424870606797934595"]},"author_id":"1330430569004621824","id":"1424870833269399561","public_metrics":{"retweet_count":1,"reply_count":0,"like_count":3,"quote_count":0},"text":"Russia is burning! Smoke reached the Pole for the first time. Wildfires in Yakutia, Siberia\n\n\uD83D\uDCC5 August 8-9\n Лесные пожары в Якутии, Сибирь, Россия\n\n #yakutia #siberia #russia #sakha #wildfire #forestfire #fire #Якутия #Сибирь #Россия #Саха \n\nVIDEO&gt; https://t.co/sHnbMrCZKs https://t.co/ThiEBTkLbr","lang":"und","created_at":"2021-08-09T23:10:54.000Z"},{"attachments":{"media_keys":["3_1424868131915317260"]},"author_id":"958321766","id":"1424868133001744386","public_metrics":{"retweet_count":1,"reply_count":0,"like_count":2,"quote_count":1},"text":"3 scenes of SENTINEL ingested to HDDS for event 202107_Wildfire_RUS #Wildfire https://t.co/yErfGCwKcm https://t.co/YjOWfYACcB","lang":"en","created_at":"2021-08-09T23:00:10.000Z"},{"author_id":"16266391","id":"1424863975032844323","public_metrics":{"retweet_count":0,"reply_count":0,"like_count":0,"quote_count":0},"text":"What Will Happen When Response Vehicles Are Electric?  https://t.co/hbHoDeXyhM  #fire #police #ems #iaem #nema #dhs #wildfire #disasters #disasterzone #emergencymanagement #cisa #firstresponders #electriccars https://t.co/ouuvJMOlJ6","lang":"en","created_at":"2021-08-09T22:43:38.000Z"},{"attachments":{"media_keys":["3_1424862760085581834"]},"author_id":"2941432668","id":"1424863009273376774","public_metrics":{"retweet_count":0,"reply_count":0,"like_count":0,"quote_count":0},"text":"[Earthview Wonders] No.1349: #Forestfire #wildfire in near #Antalya #Turkey. In July 2021, over a hundred wildfires began in the Mediterranean Region forests of Turkey, the worst ever in the country's history. The wildfires started in Manavgat, Antalya, on July 28, at 37°C. https://t.co/bx2vpn8aWJ","lang":"en","created_at":"2021-08-09T22:39:48.000Z"},{"author_id":"2201283403","id":"1424862845108375553","public_metrics":{"retweet_count":1,"reply_count":0,"like_count":6,"quote_count":0},"text":"\uD83D\uDDFA New map: [#EMSR527] Attica: Grading Product, version 1, release 1, RTP Map #01 [v1, 1:40000]\n\uD83D\uDD17 https://t.co/AeXkhQF5np — #wildfire #grading in #Greece\n#Copernicus #CEMS #RapidMapping #EUCivPro","lang":"en","created_at":"2021-08-09T22:39:09.000Z"},{"author_id":"707577738","id":"1424861335033049089","public_metrics":{"retweet_count":4,"reply_count":3,"like_count":4,"quote_count":0},"text":"#DixieFire burns over 489K acres and is now the 2nd largest #wildfire in state history. As evacuation zones have been extended, be prepared to leave immediately. Stay informed on mandatory evacuation orders and road closures below ⬇️  https://t.co/Oe2iyfc2SS","lang":"en","created_at":"2021-08-09T22:33:09.000Z"},{"attachments":{"media_keys":["3_1424860976634114052"]},"author_id":"17178851","id":"1424860987061006369","public_metrics":{"retweet_count":0,"reply_count":0,"like_count":6,"quote_count":0},"text":"Looking down on @TourismGolden #GoldenBC above the morning clouds and clear from #Wildfire smoke for today. @KickingHorseMtn https://t.co/lZYrZB9s4a","lang":"en","created_at":"2021-08-09T22:31:46.000Z"},{"author_id":"287455210","id":"1424859832016793648","public_metrics":{"retweet_count":2,"reply_count":0,"like_count":2,"quote_count":0},"text":"@NSWFireLibrary 3 wildfire lessons for forest towns as Dixie Fire destroys historic Greenville, California https://t.co/aU3mBiKo3J #wildfire #USA","lang":"en","created_at":"2021-08-09T22:27:11.000Z"},{"author_id":"23837283","id":"1424857970739867686","public_metrics":{"retweet_count":2,"reply_count":1,"like_count":5,"quote_count":0},"text":"Here is the actual video. WOW!\n\n#DixieFire #PGEWildFire #WildFireAttorneys #DixieFireUpdate #WildFire #CalFire #wildfire #wildfires2021 https://t.co/Nwz822ai0f","lang":"en","created_at":"2021-08-09T22:19:47.000Z"},{"author_id":"23837283","id":"1424857798345584659","public_metrics":{"retweet_count":0,"reply_count":0,"like_count":0,"quote_count":0},"text":"Stunning is an understatement. WOW!!!\n\n#DixieFire #PGEWildFire #WildFireAttorneys #DixieFireUpdate #WildFire #CalWildFire #wildfire #wildfires2021 https://t.co/kcanNvDeAi","lang":"en","created_at":"2021-08-09T22:19:06.000Z"},{"attachments":{"media_keys":["3_1424857575837757448"]},"author_id":"1367737166688743424","id":"1424857584511578135","public_metrics":{"retweet_count":0,"reply_count":0,"like_count":1,"quote_count":0},"text":"#NaturePhotography #photography #PhotoOfTheDay #wildfire https://t.co/dguWPRiJO0","lang":"und","created_at":"2021-08-09T22:18:15.000Z"},{"attachments":{"media_keys":["3_1424856655972511746"]},"author_id":"1415349497023115265","id":"1424856659810299912","public_metrics":{"retweet_count":0,"reply_count":0,"like_count":0,"quote_count":0},"text":"Saskatchewan Daily Wildfire Situation Map\n\nUpdate Detected: 09 Aug 2021 04:14 PM CST\n\nMore info at: https://t.co/zOnT69VEic\n\n#sk #wildfire #skwildfire https://t.co/AblaYQoVDD","lang":"en","created_at":"2021-08-09T22:14:34.000Z"},{"attachments":{"media_keys":["7_1424856549411991564"]},"author_id":"52571677","id":"1424856607872126978","public_metrics":{"retweet_count":0,"reply_count":1,"like_count":1,"quote_count":0},"text":"Italian farmer arrested after hidden camera films him starting #WildFire near #Naples\n\nPolice in #Italy have released video of the arsonist in the countryside near #Montesarchio, to the east of Naples. https://t.co/WJoafGKy4T","lang":"en","created_at":"2021-08-09T22:14:22.000Z"},{"author_id":"448461621","id":"1424856075052929031","public_metrics":{"retweet_count":0,"reply_count":0,"like_count":1,"quote_count":1},"text":"#wildfire The unmentioned defects of forest management activity https://t.co/6FnmG4C6D3 via @peachlandview #watersheds #water #logging #clearcutting #plantations #forests #bcpoli #cdnpoli","lang":"en","created_at":"2021-08-09T22:12:15.000Z"},{"author_id":"448461621","id":"1424855666032791552","public_metrics":{"retweet_count":1,"reply_count":0,"like_count":1,"quote_count":0},"text":"#wildfire Increasing size and intensity of wildfires of particular concern https://t.co/ki6Fw5JGNB via @peachlandview #watersheds #water #logging #clearcutting #plantations #forests #bcpoli #cdnpoli","lang":"en","created_at":"2021-08-09T22:10:37.000Z"},{"author_id":"448461621","id":"1424854948202926080","public_metrics":{"retweet_count":0,"reply_count":0,"like_count":2,"quote_count":0},"text":"#wildfire Logging industry complicit https://t.co/cXGRsA2MLK via @peachlandview  #watersheds #water #logging #clearcutting #plantations #forests #bcpoli #cdnpoli","lang":"en","created_at":"2021-08-09T22:07:46.000Z"},{"author_id":"1046449750239838211","id":"1424854500247015433","public_metrics":{"retweet_count":0,"reply_count":0,"like_count":1,"quote_count":0},"text":"Good news story of the day.\uD83D\uDC4D\uD83D\uDE42\nThirsty Butterfly Fleeing Wildfires Drinks Water Straight From an Aid Worker's Hand – WATCH. #GoodNews #Environment #Animals #Insects #Butterflies #Wildfire #FieldHospitals #AidWorkers #Turkey \uD83D\uDD25\uD83D\uDCA7\uD83E\uDD8B https://t.co/AJRqt9CnJF","lang":"en","created_at":"2021-08-09T22:06:00.000Z"},{"attachments":{"media_keys":["3_1424854036742877185"]},"author_id":"390384744","id":"1424854220717559808","public_metrics":{"retweet_count":0,"reply_count":0,"like_count":4,"quote_count":0},"text":"Once was an ugly duckling - a swan seemingly stares at its own reflection. #Sharemondays2021 #WexMondays #fsprintmonday #Narcissus #Swans #Nature #wildfire https://t.co/44a31up2Yw","lang":"en","created_at":"2021-08-09T22:04:53.000Z"},{"attachments":{"media_keys":["3_1424854003486126088"]},"author_id":"868211017632894977","id":"1424854005411311657","public_metrics":{"retweet_count":0,"reply_count":0,"like_count":0,"quote_count":0},"text":"Downtown Greenville, California Leveled by Dixie Fire\nHeatMap Column 4&gt; https://t.co/lN14i125gK\n  #Wildfires #Wildfire #HeatMap https://t.co/Is3BKVRbwc","lang":"en","created_at":"2021-08-09T22:04:02.000Z"},{"author_id":"42653688","id":"1424852997302063104","public_metrics":{"retweet_count":0,"reply_count":0,"like_count":1,"quote_count":0},"text":"\"Fire-friendly weather to return to Northern California\" @AP https://t.co/HtYTxC7q7X #security #CA #safety #wildfire","lang":"en","created_at":"2021-08-09T22:00:01.000Z"},{"author_id":"1961660839","id":"1424852951009423361","public_metrics":{"retweet_count":0,"reply_count":0,"like_count":0,"quote_count":0},"text":"\uD83D\uDC4F\n\n“Instead of acres, let’s focus on jobs, training, innovative fire planning and bold projects, and let?s lift up all the people who are in love with &amp; leading this work. If we focus on the people and the capacity, the acres will follow.”\n#wildfire #ca \n\nhttps://t.co/gcuhfI5MOb","lang":"en","created_at":"2021-08-09T21:59:50.000Z"},{"author_id":"25144145","id":"1424852371587297298","public_metrics":{"retweet_count":4,"reply_count":1,"like_count":12,"quote_count":0},"text":"We just heard about the passing of #DougCampbell, whose legendary contributions to the fire service have and will continue to save lives, property and the environment from the ravages of #wildfire. \n\nWhen you see @LAFD quickly/safely vanquish a wildfire, it's because of Doug! https://t.co/8iMfD3G9cu","lang":"en","created_at":"2021-08-09T21:57:32.000Z"},{"author_id":"25144145","id":"1424852292566609922","public_metrics":{"retweet_count":0,"reply_count":0,"like_count":3,"quote_count":0},"text":"@Emxsys We just heard about the passing of #DougCampbell, whose legendary contributions to the fire service have and will continue to save lives, property and the environment from the ravages of #wildfire. \n\nWhen you see @LAFD quickly/safely vanquish a wildfire, it's because of Doug!","lang":"en","created_at":"2021-08-09T21:57:13.000Z"},{"attachments":{"media_keys":["7_1424851514577887242"]},"author_id":"1095365418833854464","id":"1424851567895851020","public_metrics":{"retweet_count":2,"reply_count":0,"like_count":9,"quote_count":0},"text":"Even with the amount of rain we have had this year, an inadequate break in fuels around burn piles can easily turn into a #wildfire https://t.co/NR5xs7h5Eb","lang":"en","created_at":"2021-08-09T21:54:20.000Z"},{"author_id":"2201283403","id":"1424851557925916678","public_metrics":{"retweet_count":1,"reply_count":0,"like_count":7,"quote_count":0},"text":"\uD83D\uDDFA New map: [#EMSR527] Evia: Delineation Product, Monitoring 1, version 1, release 1, RTP Map #01 [v1, 1:110000]\n\uD83D\uDD17 https://t.co/PJ2NAo77Bk — #wildfire #delineation in #Greece\n#Copernicus #CEMS #RapidMapping #EUCivPro","lang":"en","created_at":"2021-08-09T21:54:18.000Z"},{"author_id":"217112314","id":"1424851038494879778","public_metrics":{"retweet_count":2,"reply_count":1,"like_count":8,"quote_count":0},"text":"The estimated 6,000-acre #wildfire in western Nebraska’s Banner County that started last week is nearly extinguished. The fire is believed to have been started by a lightning strike. The flames threatened some homes but none were damaged. https://t.co/j7GFx05QuN  #Nebraska","lang":"en","created_at":"2021-08-09T21:52:14.000Z"},{"author_id":"1380956621963210753","id":"1424850901488046083","public_metrics":{"retweet_count":0,"reply_count":0,"like_count":0,"quote_count":0},"text":"Silvopasture systems or agroforestry to: reduce #wildfire risk, improve #ecosystem function &amp; habitat, capture #carbon, &amp; enhance #biocultural diversity. https://t.co/k456R3Meqo","lang":"en","created_at":"2021-08-09T21:51:42.000Z"},{"author_id":"1101081968","id":"1424850789164539911","public_metrics":{"retweet_count":0,"reply_count":0,"like_count":0,"quote_count":0},"text":"#WildFire    https://t.co/8IlA60bXqi\nhttps://t.co/qC4cdpLd78\nhttps://t.co/5HIIOWfQAB","lang":"und","created_at":"2021-08-09T21:51:15.000Z"},{"author_id":"1101081968","id":"1424850696168427522","public_metrics":{"retweet_count":0,"reply_count":0,"like_count":0,"quote_count":0},"text":"#WildFire      https://t.co/efGDU1mzPH\nhttps://t.co/k9QCeQW4lZ\nhttps://t.co/cCAhBGerm2\nhttps://t.co/4MUVfLFBv6\nhttps://t.co/mBeoqTbwIP","lang":"und","created_at":"2021-08-09T21:50:53.000Z"},{"author_id":"1058236256","id":"1424848904189841410","public_metrics":{"retweet_count":0,"reply_count":0,"like_count":0,"quote_count":0},"text":"What can your #restaurant do to better protect itself against a #wildfire? \n\nSee our tips in @ModRestManage  ➡ \n\nhttps://t.co/hDBlYC32T1","lang":"en","created_at":"2021-08-09T21:43:45.000Z"},{"author_id":"14438014","id":"1424847967022837770","public_metrics":{"retweet_count":1,"reply_count":0,"like_count":1,"quote_count":0},"text":"The hundreds of #Wildfire’s in Greece are still burning, even though it’s a new week and mainstream media has new stories to tell.\n\nSome great photos from local journalists … that need to be shared with the world. \n\n\uD83D\uDD25   \uD83D\uDD25 \uD83D\uDD25   \uD83D\uDD25   \uD83D\uDD25   \uD83D\uDD25 https://t.co/bZACLUQsIX","lang":"en","created_at":"2021-08-09T21:40:02.000Z"},{"attachments":{"media_keys":["3_1424846856429969414"]},"author_id":"1415349497023115265","id":"1424846860477509633","public_metrics":{"retweet_count":0,"reply_count":0,"like_count":0,"quote_count":0},"text":"Saskatchewan Daily Wildfire Situation Map\n\nUpdate Detected: 09 Aug 2021 03:35 PM CST\n\nMore info at: https://t.co/zOnT69VEic\n\n#sk #wildfire #skwildfire https://t.co/H2OeZfTZ4K","lang":"en","created_at":"2021-08-09T21:35:38.000Z"},{"author_id":"18454808","id":"1424845494979809280","public_metrics":{"retweet_count":1,"reply_count":0,"like_count":1,"quote_count":0},"text":"Watch highlights from the conversations at WGA’s Virtual 2021 Annual Meeting between Western Governors and @SecRaimondo @SecGranholm @SecVilsack @SecDebHaaland about everything from #wildfire and #water to economic recovery and workforce training https://t.co/whDNTuMiuJ","lang":"en","created_at":"2021-08-09T21:30:13.000Z"},{"attachments":{"media_keys":["3_1424842204430802944"]},"author_id":"933932923186593792","id":"1424842234034221057","public_metrics":{"retweet_count":8,"reply_count":0,"like_count":7,"quote_count":0},"text":"What #CA04 sees whenever @RepMcClintock takes to the floor of the House to talk about #wildfire policy: https://t.co/pxyoNTz4aY","lang":"en","created_at":"2021-08-09T21:17:15.000Z"},{"attachments":{"media_keys":["3_1424841687633965058"]},"author_id":"2149769419","id":"1424841689055776768","public_metrics":{"retweet_count":4,"reply_count":1,"like_count":8,"quote_count":1},"text":"Locals and volunteers gather in an open field and wait to support during a #wildfire near the village of Kamatriades  in the island of  Evia, #Greece, 09 August 2021. \uD83D\uDCF7 epa / ANA-MPA / Kostas Tsironis\n\n#epaphotos #visualizingtheworld https://t.co/2DCiXiGToQ","lang":"en","created_at":"2021-08-09T21:15:05.000Z"},{"attachments":{"media_keys":["13_1424695757085593602"]},"author_id":"934399189","id":"1424838646981554185","public_metrics":{"retweet_count":91,"reply_count":1,"like_count":114,"quote_count":15},"text":"Evia residents find shelter on ferry as wildfires raze forests and homes\n\nFULL STORY: https://t.co/4bf1GlX9Le\n\n#Eviaisland #Greece #wildfire https://t.co/sReSf0aupo","lang":"en","created_at":"2021-08-09T21:03:00.000Z"},{"author_id":"883159967162707969","id":"1424837891889324032","public_metrics":{"retweet_count":8,"reply_count":0,"like_count":9,"quote_count":0},"text":"Inferno storms are raging across the United States.\n\nWe must act to prevent even worse consequences from the #ClimateEmergency - we need a #GreenNewDeal to stabilize our #climate and build #wildfire resiliency.\nhttps://t.co/YVp7vfYOHF","lang":"en","created_at":"2021-08-09T21:00:00.000Z"},{"author_id":"1923714271","id":"1424835621173006338","public_metrics":{"retweet_count":0,"reply_count":0,"like_count":0,"quote_count":0},"text":"@Outkick Why @POTUS blaming @GregAbbott_TX &amp; @GovRonDeSantis for #PandemicOfTheUnvaccinated when #BorderCrisis and #immigration should have #MandatoryVaccinations to keep under control, but NO! #wildfire #MAGA #DonaldTrump @GOP @NFL @MLB @NBA #wisdomoftheday #StopTheSpread #BuildTheWall","lang":"en","created_at":"2021-08-09T20:50:58.000Z"},{"attachments":{"media_keys":["7_1424834712640516106"]},"author_id":"1711763658","id":"1424834785755635712","public_metrics":{"retweet_count":0,"reply_count":0,"like_count":2,"quote_count":0},"text":"The Dixie Fire in northern California is now the second-largest wildfire ever recorded in the state leaving three injured, The cause of the blaze remains under investigation.\n#DixieFire #California #wildfire #blaze https://t.co/9hCsbed1oB","lang":"en","created_at":"2021-08-09T20:47:39.000Z"},{"author_id":"129877411","id":"1424834005589889024","public_metrics":{"retweet_count":0,"reply_count":0,"like_count":1,"quote_count":0},"text":"Central #Nebraska fire crews help battle fire in Banner County\nhttps://t.co/0c1ZeCz0pg\n\n#HackberryFire #MutualAid #wildfire #BannerCounty","lang":"en","created_at":"2021-08-09T20:44:33.000Z"},{"author_id":"907921818","id":"1424833942373519363","public_metrics":{"retweet_count":0,"reply_count":0,"like_count":0,"quote_count":0},"text":"Earlier in the day, Turkish Foreign Minister Mevlüt Çavuşoğlu, a native of #Antalya, said 59 neighborhoods and 3,231 buildings were affected by the flames in the southern Antalya province.\n#wildfire #Turkey","lang":"en","created_at":"2021-08-09T20:44:18.000Z"},{"attachments":{"media_keys":["3_1424833757144653837","3_1424833757152960513","3_1424833757144563719","3_1424833757371043842"]},"author_id":"1031564461092560896","id":"1424833764685910019","public_metrics":{"retweet_count":4,"reply_count":0,"like_count":11,"quote_count":0},"text":"UPDATE: With the $2000 that we fundraised, we sponsored a freight chartered plane full of 1150 pounds of food to Poplar River First Nations in #Manitoba for their community/homeless #dogs. The #wildfire is right at their back, so if they have to evacuate, we want to be prepared. https://t.co/DUWUKT5rtm","lang":"en","created_at":"2021-08-09T20:43:36.000Z"},{"attachments":{"media_keys":["3_1424833475513884674"]},"author_id":"1287967217171206150","id":"1424833737049743360","public_metrics":{"retweet_count":0,"reply_count":0,"like_count":0,"quote_count":0},"text":"#happybirthday #SmokeyTheBear #wildfire #ClimateEmergency https://t.co/20y2Idbl7q","lang":"und","created_at":"2021-08-09T20:43:29.000Z"},{"attachments":{"media_keys":["3_1424833457440579584"]},"author_id":"1415349497023115265","id":"1424833459911020546","public_metrics":{"retweet_count":0,"reply_count":0,"like_count":0,"quote_count":0},"text":"Saskatchewan Spatial Fire Management System: Tomorrow Forecast\n\nUpdate Detected: 09 Aug 2021 02:42 PM CST\n\nMore info at: https://t.co/zOnT69VEic\n\n#sk #wildfire #skwildfire https://t.co/ibEuWbB0bu","lang":"en","created_at":"2021-08-09T20:42:23.000Z"},{"attachments":{"media_keys":["3_1424718619645206538"]},"author_id":"1105836507380805632","id":"1424833231103406087","public_metrics":{"retweet_count":3,"reply_count":0,"like_count":5,"quote_count":0},"text":"Retweet @ CopernicusLand: RT @Pierre_Markuse: \uD83D\uDFE0 Parts of the massive #wildfire\uD83D\uDD25 on Evia Island, #Greece\uD83C\uDDEC\uD83C\uDDF7 8 August 2021 #Copernicus\uD83C\uDDEA\uD83C\uDDFA #Sentinel-2\uD83D\uDEF0️ Full-size ➡️ https://t.co/vri9uoll1x #RemoteSensing #OpenData #scicomm #Εύβοια #φωτια_ευβοιας https://t.co/qsOhJJ9NYN","lang":"en","created_at":"2021-08-09T20:41:29.000Z"},{"attachments":{"media_keys":["3_1424832394729861129"]},"author_id":"1415349497023115265","id":"1424832398575931393","public_metrics":{"retweet_count":0,"reply_count":0,"like_count":0,"quote_count":0},"text":"Saskatchewan Daily Wildfire Situation Map\n\nUpdate Detected: 09 Aug 2021 02:38 PM CST\n\nMore info at: https://t.co/zOnT69VEic\n\n#sk #wildfire #skwildfire https://t.co/nXquM4Gvks","lang":"en","created_at":"2021-08-09T20:38:10.000Z"},{"attachments":{"media_keys":["3_1424829083234484231"]},"author_id":"3064244052","id":"1424829337862344718","public_metrics":{"retweet_count":1,"reply_count":0,"like_count":48,"quote_count":0},"text":"Even if I’m broken, I still keep my hope in the one who holds me close... 4 days until #Wildfire \uD83D\uDD25 Pre-save: https://t.co/09w1X9jfWH https://t.co/Y8Pc80hwhs","lang":"en","created_at":"2021-08-09T20:26:00.000Z"},{"author_id":"282716700","id":"1424828992671080455","public_metrics":{"retweet_count":0,"reply_count":0,"like_count":0,"quote_count":0},"text":"\"'Unprecedented': Massive forest fire ravages Greek island\" https://t.co/ByuVsAPhED #Greece #wildfire #Evia","lang":"en","created_at":"2021-08-09T20:24:38.000Z"},{"attachments":{"media_keys":["7_1424827757335220236"]},"author_id":"1392909261903044609","id":"1424827775144259584","public_metrics":{"retweet_count":4,"reply_count":0,"like_count":16,"quote_count":0},"text":"Italy beaches on fire \uD83D\uDD25 as temperatures skyrocket! Video Footage Of Fires Burning On The Beaches Of Riviera di Pescara. Fires are burning across Europe\n\n#Pescara #Italy #climate #heatwave #greece #turkey #wildfire #fire #RiverFire #californiawildfires #italyfire #viral #VIDEO https://t.co/pKCHYFdhLm","lang":"en","created_at":"2021-08-09T20:19:48.000Z"},{"attachments":{"media_keys":["7_1424826115693109253"]},"author_id":"455976909","id":"1424826184634978306","public_metrics":{"retweet_count":1,"reply_count":0,"like_count":3,"quote_count":0},"text":"The Air Quality Advisory for residents of Nez Perce, Lewis, Clearwater, and #Idaho Counties off the Nez Perce Reservation is being extended due to #wildfire #smoke. \n\nAll other areas of Idaho, the #Air Quality Advisories have been lifted. https://t.co/p31TJbwRtx","lang":"en","created_at":"2021-08-09T20:13:29.000Z"},{"attachments":{"media_keys":["3_1424825254237585418","7_1424524188229021698"]},"author_id":"1109497800","id":"1424825258964623366","public_metrics":{"retweet_count":0,"reply_count":0,"like_count":0,"quote_count":0},"text":"\uD83C\uDDF5\uD83C\uDDF1\uD83C\uDDEC\uD83C\uDDF7 Polscy strażacy wjechali na teren Grecji. Jadą do miejsca noclegu (~40 km). Rano wyruszą do miejsca docelowego, prawdopodobnie na #EviaIsland #wildfire\n#GreeceFires #greecewildfires\n#Ευβοίας #Ελλάδα #wieszwięcej @PolskaPolicja\n\nhttps://t.co/sqxK3haYzC https://t.co/HDMQXNpNuw https://t.co/SUzA1DNHLW","lang":"pl","created_at":"2021-08-09T20:09:48.000Z"},{"author_id":"2201283403","id":"1424825094333947911","public_metrics":{"retweet_count":1,"reply_count":0,"like_count":7,"quote_count":0},"text":"\uD83D\uDDFA New map: [#EMSR530] Fokida: Grading Product, version 1, release 1, RTP Map #01 [v1, 1:28000]\n\uD83D\uDD17 https://t.co/SV1kIpG78M — #wildfire #grading in #Greece\n#Copernicus #CEMS #RapidMapping #EUCivPro","lang":"ht","created_at":"2021-08-09T20:09:09.000Z"},{"attachments":{"media_keys":["7_1424811473088483329"]},"author_id":"2688459000","id":"1424824302218579969","public_metrics":{"retweet_count":1,"reply_count":0,"like_count":1,"quote_count":0},"text":"#Emergency preparedness guides recommended\nhaving 72hrs of supplies. The Department of\n#HomelandSecurity says, you need a independent\nsource of energy, a radio &amp; a light… \n\nOr you can have the solar/crank radio FosPower\uD83C\uDDFA\uD83C\uDDF8❗️\n\n\uD83D\uDD34\uD83D\uDED2 https://t.co/smQ36G3jhE \uD83D\uDD34\n\n#wildfire #Hurricane https://t.co/HOgvHj3hkd","lang":"en","created_at":"2021-08-09T20:06:00.000Z"},{"attachments":{"media_keys":["3_1424824150582038536"]},"author_id":"1101081968","id":"1424824177303900160","public_metrics":{"retweet_count":0,"reply_count":0,"like_count":0,"quote_count":0},"text":"#MusicFamily \uD83C\uDFB6\uD83C\uDFB5&gt;&gt;&gt;#PlaceAllYourEyes \uD83D\uDC40\uD83E\uDD29#Here&gt;&gt;&gt;#ShowSumBIGLuvins ❤️#To \n#WildFire @wildfiresingers \n#Nominated #JosieMusicAwards\uD83C\uDFC6#2021\n@josiemusicaward\n#Details :\nhttps://t.co/MMLMZsSqNv https://t.co/LhFcPXRDSq","lang":"und","created_at":"2021-08-09T20:05:30.000Z"},{"attachments":{"media_keys":["3_1424823255014252548"]},"author_id":"2321580518","id":"1424823256385835015","public_metrics":{"retweet_count":1,"reply_count":1,"like_count":0,"quote_count":0},"text":"The #DixieFire is now the largest single fire in California history.\nbigger than the city of Los Angeles\n#Wildfire smoke=smoking few packs of cigarettes.  #Airpurifier can capture 99.97% of wildfire particles. Discount on air purifiers for impacted area. https://t.co/FybZR7Oacq https://t.co/1BLuhWnW1T","lang":"en","created_at":"2021-08-09T20:01:50.000Z"},{"attachments":{"media_keys":["3_1424822940424679427"]},"author_id":"1330681958217768963","id":"1424822942853222405","public_metrics":{"retweet_count":1,"reply_count":0,"like_count":0,"quote_count":0},"text":"Yarkhtusk In North East Russia, The Coldest Place On Earth Is On Fire\n\n#Yarkhtusk #Russia #WildFire https://t.co/rt7AKS1shO","lang":"en","created_at":"2021-08-09T20:00:36.000Z"},{"attachments":{"media_keys":["7_1424802510573821960"]},"author_id":"25531732","id":"1424822792588079107","public_metrics":{"retweet_count":15,"reply_count":7,"like_count":38,"quote_count":3},"text":"SCARY: Could you imagine driving through a raging #wildfire? Take a drive through the vicious #DixieFire and see just how scary it can be. #CAwx https://t.co/UWwrWc8ksH","lang":"en","created_at":"2021-08-09T20:00:00.000Z"},{"attachments":{"media_keys":["7_1424821793605423109"]},"author_id":"803648695660986369","id":"1424822505097805826","public_metrics":{"retweet_count":16,"reply_count":0,"like_count":31,"quote_count":6},"text":"\uD83D\uDCF9| Italian farmer arrested after hidden camera films him starting #wildfire near Naples\n\n▪️Police in #Italy have released video of the arsonist in the countryside near Montesarchio, to the east of Naples. https://t.co/n8Bv4buEla","lang":"en","created_at":"2021-08-09T19:58:51.000Z"},{"author_id":"1047621581533581312","id":"1424822156316323849","public_metrics":{"retweet_count":0,"reply_count":0,"like_count":1,"quote_count":0},"text":"The world is on fire! #wildfire #wildfires #fire #Algeria #CAfire #BCWildfire #ClimateReport #climatechange #ClimateEmergency #Athens #ClimateCrisis #BREAKING #apocalypse #ApocalypseWow https://t.co/GF2PmPCue9","lang":"en","created_at":"2021-08-09T19:57:28.000Z"},{"author_id":"68073698","id":"1424819926385180673","public_metrics":{"retweet_count":0,"reply_count":0,"like_count":0,"quote_count":0},"text":"The #ColoradoSprings City Council seems to be broadly supportive of a new fund to support #wildfire mitigation today. The fund could provide about $200,000 annually for work in the beginning. We reported on the basics of the idea earlier: https://t.co/nbWInprjPc","lang":"en","created_at":"2021-08-09T19:48:36.000Z"},{"author_id":"82347945","id":"1424817766662557700","public_metrics":{"retweet_count":8,"reply_count":0,"like_count":8,"quote_count":2},"text":"The Hellenic Initiative (@THI_OneGreece) has launched a fundraising campaign on @Facebook for #wildfire relief in #Greece. https://t.co/FX6P23UQqo","lang":"en","created_at":"2021-08-09T19:40:02.000Z"},{"author_id":"2201283403","id":"1424817728033001472","public_metrics":{"retweet_count":0,"reply_count":0,"like_count":2,"quote_count":0},"text":"\uD83D\uDDFA New map: [#EMSR529] Shtip: Delineation Product, Monitoring 3, version 1, release 1, RTP Map #02 [v1, 1:30000]\n\uD83D\uDD17 https://t.co/l47AaMujw4 — #wildfire #delineation in #NorthMacedonia\n#Copernicus #CEMS #RapidMapping #EUCivPro","lang":"en","created_at":"2021-08-09T19:39:52.000Z"},{"author_id":"2201283403","id":"1424817719325728770","public_metrics":{"retweet_count":0,"reply_count":0,"like_count":2,"quote_count":0},"text":"\uD83D\uDDFA New map: [#EMSR529] Shtip: Delineation Product, Monitoring 3, version 1, release 1, RTP Map #01 [v1, 1:175000]\n\uD83D\uDD17 https://t.co/xpBzu1YJkQ — #wildfire #delineation in #NorthMacedonia\n#Copernicus #CEMS #RapidMapping #EUCivPro","lang":"en","created_at":"2021-08-09T19:39:50.000Z"},{"author_id":"829043878116392961","id":"1424817507399962637","public_metrics":{"retweet_count":0,"reply_count":0,"like_count":1,"quote_count":0},"text":"\"The blaze has rolled through the northern Sierra Nevada mountains in Butte and Plumas counties and has consumed an area larger than Los Angeles\" #Wildfire #DixieFire https://t.co/2hw1XlA6ym","lang":"en","created_at":"2021-08-09T19:39:00.000Z"},{"attachments":{"media_keys":["3_1424817338797416453"]},"author_id":"1141047558","id":"1424817405587509251","public_metrics":{"retweet_count":1,"reply_count":0,"like_count":0,"quote_count":0},"text":"The situation remains serious with the #wildfire at #Gortinia, #Arcadia Vice-Governor Christos #Lambropoulos told @amna_news (ANA-MPA) on Monday evening.\n\nhttps://t.co/oVccp1Rfsw\n\n#wildfires #GreeceFires https://t.co/SxJ3QiNqR7","lang":"en","created_at":"2021-08-09T19:38:35.000Z"},{"author_id":"807693841","id":"1424816397130031104","public_metrics":{"retweet_count":0,"reply_count":1,"like_count":10,"quote_count":1},"text":"@AlexanderHeld4 The link between prevention and response is so critically important, but very likely to be 'owned' by two separate departments in many governments.\n\nWorking together is the only way we will build #wildfire resilience as expression in @ClaireMBelcher\nreport\nhttps://t.co/w3VdCmp6dQ","lang":"en","created_at":"2021-08-09T19:34:35.000Z"}],"includes":{"media":[{"media_key":"3_1424921954121826304","type":"photo","url":"https://pbs.twimg.com/media/E8ZW97wWQAAGXOZ.jpg"},{"media_key":"3_1424909999097192449","type":"photo","url":"https://pbs.twimg.com/media/E8ZMGD0XIAEa29K.jpg"},{"media_key":"7_1424912829287600132","public_metrics":{"view_count":614},"type":"video"},{"media_key":"3_1424908355701776384","type":"photo","url":"https://pbs.twimg.com/media/E8ZKmZsXIAAcRpP.jpg"},{"media_key":"3_1424896514888015874","type":"photo","url":"https://pbs.twimg.com/media/E8Y_1LOXoAI6TOr.jpg"},{"media_key":"3_1424895464672047108","type":"photo","url":"https://pbs.twimg.com/media/E8Y-4C3XsAQwOu8.jpg"},{"media_key":"3_1424894521549099027","type":"photo","url":"https://pbs.twimg.com/media/E8Y-BJdVkBMgiVW.jpg"},{"media_key":"3_1424891505576132612","type":"photo","url":"https://pbs.twimg.com/media/E8Y7RmFWQAQRSG5.jpg"},{"media_key":"3_1424890545202212867","type":"photo","url":"https://pbs.twimg.com/media/E8Y6ZsaXMAMiaQz.jpg"},{"media_key":"3_1424890242704625664","type":"photo","url":"https://pbs.twimg.com/media/E8Y6IFhUUAA9bku.jpg"},{"media_key":"3_1424885191638650887","type":"photo","url":"https://pbs.twimg.com/media/E8Y1iE1WEAcTH_p.jpg"},{"media_key":"3_1424884570189701126","type":"photo","url":"https://pbs.twimg.com/media/E8Y095wXoAY6fFj.png"},{"media_key":"3_1424884740809793536","type":"photo","url":"https://pbs.twimg.com/media/E8Y1H1XXoAAy5oU.png"},{"media_key":"13_1423718529052860417","public_metrics":{"view_count":110652},"type":"video"},{"media_key":"7_1424878164241784838","public_metrics":{"view_count":6073},"type":"video"},{"media_key":"3_1424878163717365779","type":"photo","url":"https://pbs.twimg.com/media/E8YvI_yVoBMfChL.png"},{"media_key":"3_1424872164784631808","type":"photo","url":"https://pbs.twimg.com/media/E8Ypr0BUcAAUsPT.jpg"},{"media_key":"3_1424872025886187527","type":"photo","url":"https://pbs.twimg.com/media/E8YpjulWYAcQ_5b.jpg"},{"media_key":"3_1424870606802198534","type":"photo","url":"https://pbs.twimg.com/media/E8YoRIFXIAYfnf_.jpg"},{"media_key":"3_1424870606831591431","type":"photo","url":"https://pbs.twimg.com/media/E8YoRIMXoAcCdR2.jpg"},{"media_key":"3_1424870606797934595","type":"photo","url":"https://pbs.twimg.com/media/E8YoRIEWEAMHIfj.jpg"},{"media_key":"3_1424868131915317260","type":"photo","url":"https://pbs.twimg.com/media/E8YmBEaWQAwRldC.jpg"},{"media_key":"3_1424862760085581834","type":"photo","url":"https://pbs.twimg.com/media/E8YhIYyVcAonE97.jpg"},{"media_key":"3_1424860976634114052","type":"photo","url":"https://pbs.twimg.com/media/E8Yfgk6XsAQWeRg.jpg"},{"media_key":"3_1424857575837757448","type":"photo","url":"https://pbs.twimg.com/media/E8Ycan9VcAgwniF.jpg"},{"media_key":"3_1424856655972511746","type":"photo","url":"https://pbs.twimg.com/media/E8YblFMXsAIMJBp.jpg"},{"media_key":"7_1424856549411991564","public_metrics":{"view_count":50},"type":"video"},{"media_key":"3_1424854036742877185","type":"photo","url":"https://pbs.twimg.com/media/E8YZMnzXMAEvMpZ.jpg"},{"media_key":"3_1424854003486126088","type":"photo","url":"https://pbs.twimg.com/media/E8YZKr6VcAgwqv6.png"},{"media_key":"7_1424851514577887242","public_metrics":{"view_count":74},"type":"video"},{"media_key":"3_1424846856429969414","type":"photo","url":"https://pbs.twimg.com/media/E8YSqrDXIAYkQdG.jpg"},{"media_key":"3_1424842204430802944","type":"photo","url":"https://pbs.twimg.com/media/E8YOb5AVIAAYIrV.jpg"},{"media_key":"3_1424841687633965058","type":"photo","url":"https://pbs.twimg.com/media/E8YN9zyXMAIkPjs.jpg"},{"media_key":"13_1424695757085593602","public_metrics":{"view_count":6377},"type":"video"},{"media_key":"7_1424834712640516106","public_metrics":{"view_count":362},"type":"video"},{"media_key":"3_1424833757144653837","type":"photo","url":"https://pbs.twimg.com/media/E8YGwMaXoA0XikF.jpg"},{"media_key":"3_1424833757152960513","type":"photo","url":"https://pbs.twimg.com/media/E8YGwMcWYAEqlUk.jpg"},{"media_key":"3_1424833757144563719","type":"photo","url":"https://pbs.twimg.com/media/E8YGwMaWQAcZFaV.jpg"},{"media_key":"3_1424833757371043842","type":"photo","url":"https://pbs.twimg.com/media/E8YGwNQWEAIn_Go.jpg"},{"media_key":"3_1424833475513884674","type":"photo","url":"https://pbs.twimg.com/media/E8YGfzQXIAIU5o0.jpg"},{"media_key":"3_1424833457440579584","type":"photo","url":"https://pbs.twimg.com/media/E8YGev7WYAAGUlF.jpg"},{"media_key":"3_1424718619645206538","type":"photo","url":"https://pbs.twimg.com/media/E8WeCTzWYAoDUE0.jpg"},{"media_key":"3_1424832394729861129","type":"photo","url":"https://pbs.twimg.com/media/E8YFg5BXsAkn7el.jpg"},{"media_key":"3_1424829083234484231","type":"photo","url":"https://pbs.twimg.com/media/E8YCgIvWQAcDgTO.jpg"},{"media_key":"7_1424827757335220236","public_metrics":{"view_count":307},"type":"video"},{"media_key":"7_1424826115693109253","public_metrics":{"view_count":98},"type":"video"},{"media_key":"3_1424825254237585418","type":"photo","url":"https://pbs.twimg.com/media/E8X_BQnWQAop1vD.jpg"},{"media_key":"7_1424524188229021698","public_metrics":{"view_count":2168},"type":"video"},{"media_key":"7_1424811473088483329","public_metrics":{"view_count":6},"type":"video"},{"media_key":"3_1424824150582038536","type":"photo","url":"https://pbs.twimg.com/media/E8X-BBLXEAgKuw6.jpg"},{"media_key":"3_1424823255014252548","type":"photo","url":"https://pbs.twimg.com/media/E8X9M47XIAQvdaF.jpg"},{"media_key":"3_1424822940424679427","type":"photo","url":"https://pbs.twimg.com/media/E8X86k_XMAM6NNO.jpg"},{"media_key":"7_1424802510573821960","public_metrics":{"view_count":1628},"type":"video"},{"media_key":"7_1424821793605423109","public_metrics":{"view_count":1130},"type":"video"},{"media_key":"3_1424817338797416453","type":"photo","url":"https://pbs.twimg.com/media/E8X30hTWYAUMKag.png"}]},"meta":{"newest_id":"1424921958014234650","oldest_id":"1424816397130031104","result_count":100,"next_token":"b26v89c19zqg8o3fpdm85panc1vrsaa9ps7g56czt7fr1"}}