{"data":[{"id":"1424816237515706371","public_metrics":{"retweet_count":6,"reply_count":2,"like_count":10,"quote_count":2},"created_at":"2021-08-09T19:33:57.000Z","text":"#DixieFire burns over 489K acres, at 21% containment. The blaze is now the second largest #wildfire in state history. Over 5K fire personnel assigned to the fire. Many mandatory evacuation orders remain in place. https://t.co/fbhbmmaeKL","lang":"en","author_id":"17447051"},{"id":"1424815622806966272","public_metrics":{"retweet_count":13,"reply_count":1,"like_count":18,"quote_count":0},"created_at":"2021-08-09T19:31:30.000Z","text":"Πλάνα από την πολύ μεγάλη αποψινή συγκέντρωση στο Σύνταγμα, για τις πυρκαγιές. Μόνο ο λαός σώζει τον λαό \n#wildfire #Πυρκαγια #φωτιες\nhttps://t.co/ypIfF1uOfX","lang":"el","author_id":"111268590"},{"id":"1424815268388294657","public_metrics":{"retweet_count":0,"reply_count":0,"like_count":0,"quote_count":0},"attachments":{"media_keys":["3_1424815265263591425"]},"created_at":"2021-08-09T19:30:06.000Z","text":"In the US, there are currently 108 large fires in 15 states. With the increased risk of severe #wildfire activity throughout the Western US this summer &amp; into the fall due to the extreme #fire weather, it's always good to be prepared: https://t.co/6NTTz7oqHQ #MindfulMonday https://t.co/VbMzV6z8mu","lang":"en","author_id":"1240742710534782976"},{"id":"1424814395050188801","public_metrics":{"retweet_count":0,"reply_count":0,"like_count":0,"quote_count":0},"attachments":{"media_keys":["3_1424798845012103174"]},"created_at":"2021-08-09T19:26:38.000Z","text":"4/4 Understand #PSPS in the context of #wildfire risks. Rightfully, there's a lot of pressure on IOUs to restore power quick but if time is the primary success metric for re-energization, we increase wildfire risks. The quality of line inspections before re-energization is key. https://t.co/jPwANI60xX","lang":"en","author_id":"1023058263057649664"},{"id":"1424812568925900801","public_metrics":{"retweet_count":0,"reply_count":1,"like_count":0,"quote_count":0},"created_at":"2021-08-09T19:19:22.000Z","text":"#ClimateChange_06\n#climatechange\n#environment\n#Wild_Fires_06\n#Wildfire \n\nI’ve Hit My #climate Tipping Point\nUnderstanding #GlobalWarming intellectually is not the same as feeling its presence in your daily life—or seeing photos of a 50-foot wall of fire.\nhttps://t.co/AsC9r6cCI5","lang":"en","author_id":"1163466042435428352"},{"id":"1424809188262285313","public_metrics":{"retweet_count":3,"reply_count":0,"like_count":2,"quote_count":0},"attachments":{"media_keys":["7_1424809090040086534"]},"created_at":"2021-08-09T19:05:56.000Z","text":"The recent #wildfire in Greece and Italy caused extreme damage to life and property. If we are unable to decrease global temperature by 2 degrees, this would surely not be the last environmental tragedy to hit the news. #climatechange #datavisualization\nhttps://t.co/9A936lxfkz https://t.co/lTx3k8zNK0","lang":"en","author_id":"95719421"},{"id":"1424808993285976069","public_metrics":{"retweet_count":0,"reply_count":0,"like_count":0,"quote_count":0},"attachments":{"media_keys":["7_1424807736395673604"]},"created_at":"2021-08-09T19:05:10.000Z","text":"As #EvacuationReady and #PlanAhead is trending in advance of #wildfire and #hurricane season, it’s also a preparedness lesson to get ready. This past news story keeps occurring as people run back into their homes to pluck their photo albums: https://t.co/TEsHvmK8mC https://t.co/LrcSizg5uS","lang":"en","author_id":"1350243407935881223"},{"id":"1424808408952229893","public_metrics":{"retweet_count":0,"reply_count":0,"like_count":0,"quote_count":0},"attachments":{"media_keys":["3_1424808060313296897"]},"created_at":"2021-08-09T19:02:51.000Z","text":"What's going on in the world?\uD83C\uDF0E Links to articles below. \uD83D\uDC47\uD83D\uDC47\uD83D\uDC47\nTaliban seizes 5th city in Afghanistan:\nhttps://t.co/LDW51OlxQh\n\uD83D\uDC4D*Other articles on our Facebook page\n\uD83C\uDF10https://t.co/NBf1vZglkl\n☎️ (202) 519-9039\n#COVID19 #news #WorldNews #update #wildfire  #greece #Afghanistan https://t.co/uMcKkO0POv","lang":"en","author_id":"768885460395446274"},{"id":"1424807696226684928","public_metrics":{"retweet_count":1,"reply_count":0,"like_count":5,"quote_count":0},"attachments":{"media_keys":["3_1424790301911273473"]},"created_at":"2021-08-09T19:00:01.000Z","text":"The deadline to apply for work in the US forestry service is coming up on august 23rd be sure to sign up. #wildfire #leadership #employment #secondchances https://t.co/jJcy1AyHC1","lang":"en","author_id":"1089306632016654336"},{"id":"1424807265043947528","public_metrics":{"retweet_count":0,"reply_count":1,"like_count":3,"quote_count":0},"created_at":"2021-08-09T18:58:18.000Z","text":"@wildfiresingers @ignitionCountry Kelli &amp; Kayla #WildFire \uD83D\uDD25 #RoseColoredGlasses Done ✅ ❤️\uD83C\uDF08\uD83D\uDC4D\uD83C\uDFFB","lang":"tr","author_id":"986385164824608769"},{"id":"1424806864949153792","public_metrics":{"retweet_count":0,"reply_count":0,"like_count":1,"quote_count":0},"attachments":{"media_keys":["3_1424806860213813249"]},"created_at":"2021-08-09T18:56:42.000Z","text":"NINE MINE FIRE - STEVENS COUNTY\n8/9/21\n\nLocation: 4.5 mile south / southeast from Laurier WA\n48 56.520 latitude, -118 12.432 longitude\nDate of Origin: August 4, 2021\nSize: 117 Acres\nContained: 20%\nCause: Lighting\r\nInciWeb: https://t.co/rnzCBaE3pL\n#NineMineFire #Wildfire https://t.co/vLdd2C3jTK","lang":"en","author_id":"1305431555855101953"},{"id":"1424806443551662083","public_metrics":{"retweet_count":0,"reply_count":0,"like_count":0,"quote_count":0},"created_at":"2021-08-09T18:55:02.000Z","text":"Terbaru, Free Fire kehadiran event Big Bang. Dalam event tersebut, pemain bisa mendapatkan bundle Wildfire Vagabond.\n\nhttps://t.co/J4aXN4NDZB\n\n#FreeFire @freefireeu #FFWS21 #FF #onlinegaming #BIGBANG #wildfire","lang":"in","author_id":"577908053"},{"id":"1424805184711143430","public_metrics":{"retweet_count":2,"reply_count":0,"like_count":6,"quote_count":0},"created_at":"2021-08-09T18:50:02.000Z","text":"How did #wildfire help restore a #Yosemite #watershed? Find out in a new @UCBerkeley News story featuring @ESPM_Berkeley and @berkeleyforests researchers: https://t.co/xe5mLjHrgA","lang":"en","author_id":"391111172"},{"id":"1424804502268366894","public_metrics":{"retweet_count":0,"reply_count":0,"like_count":0,"quote_count":0},"created_at":"2021-08-09T18:47:19.000Z","text":"@Wizardara @MadagascarToken Just by buying Madagascar token you can help us change this. We can all change this together. And it needs to be done now! Let’s buy some $TIME for our planet and our future generations. #savetheplanet #deforestation #wildfire #pollution #cleantheocean #TIME #weneedtime","lang":"en","author_id":"1548604086"},{"id":"1424804096708579330","public_metrics":{"retweet_count":2,"reply_count":1,"like_count":3,"quote_count":1},"attachments":{"media_keys":["3_1424804083303600130"]},"created_at":"2021-08-09T18:45:42.000Z","text":"Northwestern Ontario wildfires result of drought-like conditions. https://t.co/AZmLKVAHeH\n.\n#ForestFire #WildFire #OntarioFire #OntarioFireFighters #ForestFires #FireSafety #Fish #Hunt #Outdoors #Fishing #Hunting #NorthernOntario #NorthWesternOntario https://t.co/DJ9IMNa6mU","lang":"en","author_id":"57043427"},{"id":"1424803917934653440","public_metrics":{"retweet_count":0,"reply_count":0,"like_count":1,"quote_count":1},"created_at":"2021-08-09T18:45:00.000Z","text":"Almost 1,000 firefighters, nine aircraft and 200 vehicles have been sent to Greece from other European countries to help battle devastating wildfires near Athens and elsewhere.\n\n#GreeceFires #Greece #wildfire\nhttps://t.co/2sW6ShheqO","lang":"en","author_id":"60017224"},{"id":"1424803768831549442","public_metrics":{"retweet_count":1,"reply_count":0,"like_count":0,"quote_count":0},"attachments":{"media_keys":["3_1424803766205812740"]},"created_at":"2021-08-09T18:44:24.000Z","text":"Turkey urges tourists to continue vacationing despite raging wildfire.\n\nRead more: https://t.co/3LH2tbEQVO\n\n@turkeytourism @TurkeyTourismDA \n#travel #wildfire #tourism #vacation https://t.co/C4zWeVBx13","lang":"en","author_id":"2951659222"},{"id":"1424803305562181636","public_metrics":{"retweet_count":158,"reply_count":8,"like_count":384,"quote_count":1},"attachments":{"media_keys":["3_1424803052972920834","3_1424803090637729798","3_1424803107607912463","3_1424803173206790150"]},"created_at":"2021-08-09T18:42:34.000Z","text":"Συγκέντρωση στο Σύνταγμα, για τις πυρκαγιές\n#wildfire #Πυρκαγια #φωτιες\n9-8-21 https://t.co/n3Rp6UExQf","lang":"el","author_id":"416293357"},{"id":"1424803047968952338","public_metrics":{"retweet_count":0,"reply_count":0,"like_count":0,"quote_count":0},"created_at":"2021-08-09T18:41:32.000Z","text":"#IPCC is not currently taking #permafrost thaw and #wildfire emissions fully into account.  Rapid Arctic Warming Accelerates Permafrost Collapse, New Report Warns #redcodealert https://t.co/a9Ow0cKKHP","lang":"en","author_id":"245515191"},{"id":"1424801920443576320","public_metrics":{"retweet_count":2,"reply_count":0,"like_count":2,"quote_count":0},"created_at":"2021-08-09T18:37:04.000Z","text":"#PCT trail closure #WashingtonPondsFire #wildfire #Oregon https://t.co/mOBHHF3xBz","lang":"en","author_id":"2999606959"},{"id":"1424801564296941568","public_metrics":{"retweet_count":0,"reply_count":0,"like_count":0,"quote_count":0},"created_at":"2021-08-09T18:35:39.000Z","text":"Four Ways to Protect Yourself From Harmful Air Pollution Caused by Wildfires - ⁦@SmithsonianMag⁩ #pm25 #climatechange #wildfire  https://t.co/jxHyOjJcLG","lang":"en","author_id":"497475905"},{"id":"1424799159274643457","public_metrics":{"retweet_count":0,"reply_count":0,"like_count":0,"quote_count":0},"created_at":"2021-08-09T18:26:05.000Z","text":"Städte sind überflutet und Wälder brennen. Ein Spendenstream | Mysteries \uD83D\uDD34LIVE\nhttps://t.co/3TSGVWcKz5 via @YouTube \n#wildfire #wildfires #Flood #flooding #floods #floodinggermany #Spenden #stream","lang":"de","author_id":"1122558692472381440"},{"id":"1424798561468825604","public_metrics":{"retweet_count":0,"reply_count":0,"like_count":1,"quote_count":0},"attachments":{"media_keys":["3_1424798551054422016"]},"created_at":"2021-08-09T18:23:43.000Z","text":"@NateDossIII is committed to #environmentaljustice \n\nWe are in a global crisis and @NateDossIII is read to address assist in solving this crisis.  \n\nAdd your name to the #HouseVictoryFund  click the link: https://t.co/AF2ilSpzhz\n#ClimateEmergency \n#WildFire \n#TeamNate \n#CodeRed https://t.co/ld3KsVwYPa","lang":"en","author_id":"1383776005676929024"},{"id":"1424798018918920198","public_metrics":{"retweet_count":0,"reply_count":0,"like_count":0,"quote_count":0},"created_at":"2021-08-09T18:21:33.000Z","text":"\"On Saturday, Nasa said its satellite images showed #wildfire smoke travelling 'more than 3,000km (1,800 miles) from Yakutia to reach the north pole',calling it 'a first in recorded #history'.It added that on 6 August most of Russia was covered in smoke.\"\nhttps://t.co/2XIXQ4YiUv","lang":"en","author_id":"1251531541504761856"},{"id":"1424797939621416963","public_metrics":{"retweet_count":11,"reply_count":4,"like_count":34,"quote_count":1},"attachments":{"media_keys":["3_1424796792097583112"]},"created_at":"2021-08-09T18:21:14.000Z","text":"We would love it if you would pre-save our upcoming single \"Seventeen\" on @spotify today.  To pre-save, CLICK HERE:  https://t.co/ni8gS6lHqb\n\n#Spotify #SpotifyCharts #spotifypresave #presave #spotifyartist #wildfire #seventeen #NewRelease https://t.co/uKNkYYwEEm","lang":"en","author_id":"763336831295328256"},{"id":"1424796656554369025","public_metrics":{"retweet_count":0,"reply_count":0,"like_count":0,"quote_count":0},"created_at":"2021-08-09T18:16:09.000Z","text":"Hello Everyone,\n1/2) Although I am late in posting these #news stories, I do my best to post those most important.\nDixie Fire Consumes Nearly 500,000 Acres\nhttps://t.co/jtZ40wrqQU\n#Dixiefire #Wildfire #WestCoast","lang":"en","author_id":"1370592074"},{"id":"1424796166395351060","public_metrics":{"retweet_count":0,"reply_count":0,"like_count":1,"quote_count":0},"created_at":"2021-08-09T18:14:12.000Z","text":"Yes!  Thank you #ScottStephens for painting the picture of forest renewal after #wildfire.  It's not all bad. Nature is re-setting after 100 years of fire suppression and #climatechange https://t.co/aIywg4tdI7","lang":"en","author_id":"1407065618906435598"},{"id":"1424793145590517762","public_metrics":{"retweet_count":3,"reply_count":2,"like_count":9,"quote_count":0},"attachments":{"media_keys":["3_1424793140867723264"]},"created_at":"2021-08-09T18:02:11.000Z","text":"#Turkeyisburning field hospital for animals burnt in the \uD83D\uDD25\n\n#wildfire is ruining homes. It doesn’t care if it houses animals or human.\n\n#lowerCarbon @FinanceCarbon start tracking your #carbonfootprint . Help us tackle #CarbonEmissions .\n\n#carbonZero #CZO #BSC #ETH #BSCGems https://t.co/8xwCVjDlDi","lang":"en","author_id":"1389966372029886465"},{"id":"1424792792295956480","public_metrics":{"retweet_count":2,"reply_count":0,"like_count":3,"quote_count":0},"created_at":"2021-08-09T18:00:47.000Z","text":"Για να κατανοήσουμε το μέγεθος της καταστροφής στην Εύβοια μόνο, δείτε το timelapse της υπηρεσίας παρακολούθησης #wildfire από το hotspot και τα δεδομένα ομαδοποίησης της πυρκαγιάς #Eviaisland #ΠυρκαγιαΕυβοια #Ευβοια #πυρκαγιες #λιμνη_ευβοιας https://t.co/Qi4j39LpdE","lang":"el","author_id":"3298325466"},{"id":"1424792648255213568","public_metrics":{"retweet_count":0,"reply_count":0,"like_count":1,"quote_count":0},"attachments":{"media_keys":["3_1424792643414937602"]},"created_at":"2021-08-09T18:00:13.000Z","text":"Join us on August 11 for a virtual event featuring the film, \"The West is Burning\" and a panel discussion on solutions to fix our #wildfire crisis in the Western U.S. https://t.co/7eFEgCCKVw https://t.co/U8JqwSoYIo","lang":"en","author_id":"87985449"},{"id":"1424792618639269889","public_metrics":{"retweet_count":4,"reply_count":1,"like_count":8,"quote_count":0},"created_at":"2021-08-09T18:00:06.000Z","text":"Greece is burning\n\n(\uD83D\uDCF7 Alexandros Michailidis)\n\n#GreeceFires #Greece #greeceisburning #greecefire #greeceonfire #Evia #wildfire #Ευβοια #ευβοια_φωτια #ΠυρκαγιαΕυβοια #πυρκαγια_Ευβοια #πυρκαγια https://t.co/gmDsFy1iOb","lang":"en","author_id":"619062120"},{"id":"1424792593985118215","public_metrics":{"retweet_count":0,"reply_count":0,"like_count":0,"quote_count":0},"created_at":"2021-08-09T18:00:00.000Z","text":"Check out our Wildfire Hub page - a one-stop shop for #wildfire risk reduction info: How to protect your home, 20 case studies of Canadian communities taking action to reduce the risk, our wildfire forecast for 2021 + a link to our wildfire research.\n\nSee https://t.co/elOWSFkowe","lang":"en","author_id":"122387909"},{"id":"1424792529048948739","public_metrics":{"retweet_count":1,"reply_count":0,"like_count":0,"quote_count":0},"created_at":"2021-08-09T17:59:44.000Z","text":"#Wildfire Leaves Historic, ‘Quirky’ #California Town in Smoldering Ruins https://t.co/mEfF9XqGlF","lang":"en","author_id":"52571677"},{"id":"1424792449298452482","public_metrics":{"retweet_count":0,"reply_count":0,"like_count":3,"quote_count":0},"created_at":"2021-08-09T17:59:25.000Z","text":"Danke, und kommt gesund wieder. #Katastrophenschutz #Wildfire #Greece https://t.co/YAwisC6uAN","lang":"de","author_id":"816963879590916096"},{"id":"1424791847872958470","public_metrics":{"retweet_count":0,"reply_count":0,"like_count":0,"quote_count":0},"attachments":{"media_keys":["3_1424791844785987592"]},"created_at":"2021-08-09T17:57:02.000Z","text":"In case you missed it! As wildfire season continues, take this necessary step to ensure your family's health and safety. https://t.co/4KJda3zeLg #wildfire #wildfireseason #wildfiresafety #airquality https://t.co/OsUVWSATK5","lang":"en","author_id":"608309845"},{"id":"1424791477901676564","public_metrics":{"retweet_count":1,"reply_count":0,"like_count":0,"quote_count":0},"created_at":"2021-08-09T17:55:34.000Z","text":"Homeowners Who Avoid #Wildfire Damage Can Find Themselves In New Flood Zone https://t.co/eUFOgnGaOh","lang":"en","author_id":"1179883844230512640"},{"id":"1424791343084277764","public_metrics":{"retweet_count":1,"reply_count":0,"like_count":1,"quote_count":0},"attachments":{"media_keys":["3_1424791338780930049"]},"created_at":"2021-08-09T17:55:02.000Z","text":"BEFORE a #wildfire know your community’s evacuation plan and find several ways to leave the area. Drive the evacuation routes and find shelter locations. Don't forget to have a plan for pets and livestock, too.\n\nhttps://t.co/dpwXKw3gD4 via @Readygov #WildFireSafety https://t.co/iLBIZZ4k0D","lang":"en","author_id":"48859835"},{"id":"1424791072983683083","public_metrics":{"retweet_count":2,"reply_count":1,"like_count":0,"quote_count":0},"attachments":{"media_keys":["7_1424790903093346308"]},"created_at":"2021-08-09T17:53:57.000Z","text":"@peteraf1 @DenzpDp @WWoodlanders @Natures_Voice @WoodlandTrust @NorfolkWT @StopWensumLink @NaturalEngland @TonyJuniper @MarianSpain I'm an agnostic &amp; waited patiently, then I witnessed the performance (ongoing) during &amp; post 2020 #wildfire on #HatfieldMoors SSSI #Doncaster Two fires on #ThorneMoors SSSI this season leaves you pondering priorities? #CarbonSequestration #ClimateEmergency? https://t.co/KtFtsraAF6","lang":"en","author_id":"777934541361123328"},{"id":"1424790924761042948","public_metrics":{"retweet_count":2,"reply_count":1,"like_count":10,"quote_count":0},"attachments":{"media_keys":["3_1424790558526959616"]},"created_at":"2021-08-09T17:53:22.000Z","text":"Photo taken near Susanville last week. The #wildfire  started more than 50 miles from this oak tree, according to the  photographer. https://t.co/oIkze8osiq","lang":"en","author_id":"18229868"},{"id":"1424790418131099649","public_metrics":{"retweet_count":8,"reply_count":2,"like_count":3,"quote_count":1},"created_at":"2021-08-09T17:51:21.000Z","text":"#UPDATE: #DixieFire now the largest single #California #wildfire in state history!\nhttps://t.co/WCiGNMqKQU","lang":"en","author_id":"31171238"},{"id":"1424789144807616515","public_metrics":{"retweet_count":5,"reply_count":0,"like_count":12,"quote_count":0},"created_at":"2021-08-09T17:46:18.000Z","text":"BREAKING: Evacuation alert for Dawson City residents living south of town has been lifted. Fire still active but no longer a direct threat to properties at this time. #yukon #wildfire #evacuationalertlifted","lang":"en","author_id":"2285566423"},{"id":"1424788665927028748","public_metrics":{"retweet_count":0,"reply_count":0,"like_count":0,"quote_count":0},"created_at":"2021-08-09T17:44:23.000Z","text":"Came across this story while working on an article about #wildfire resilience - and honestly, it’s what I needed today. ❤️ https://t.co/3KhT9XSdFG","lang":"en","author_id":"121280002"},{"id":"1424786780302237697","public_metrics":{"retweet_count":1,"reply_count":0,"like_count":4,"quote_count":0},"attachments":{"media_keys":["3_1424786777940844544"]},"created_at":"2021-08-09T17:36:54.000Z","text":"\uD83C\uDDEC\uD83C\uDDF7\uD83D\uDC94 Pray for #Greece! A heartbreaking moment as Yiayia Panagiota Ritsopi, 81, reacts to the devastating fires in the village of Gouves on #Evia island. \n\nPhoto Credit: Konstantinos Tsakalidis \n\nPlease DONATE and HELP Greece here https://t.co/eBejumxthl\n\n#wildfires #wildfire https://t.co/4EaJMTHQnL","lang":"en","author_id":"2394094423"},{"id":"1424784540363476998","public_metrics":{"retweet_count":0,"reply_count":0,"like_count":1,"quote_count":0},"created_at":"2021-08-09T17:28:00.000Z","text":"\"The #wildfire growth in the last 10 to 15 years has really exceeded what we would have considered previously,\" Scott Stephens @berkeleyforests told @wilsonwillywong, saying #drought, hotter temperatures and flammable forest debris contribute.\n\nhttps://t.co/F3WhXtMXuM","lang":"en","author_id":"1327793130"},{"id":"1424784290085150746","public_metrics":{"retweet_count":0,"reply_count":0,"like_count":2,"quote_count":0},"created_at":"2021-08-09T17:27:00.000Z","text":"It is imperative to act NOW to invest in restoring and conserving more resilient #forests and #watersheds. This will reduce #wildfire risk and create durable carbon capture.  Forest to the rescue! https://t.co/bWfnaHHCQF","lang":"en","author_id":"1407065618906435598"},{"id":"1424784125538410516","public_metrics":{"retweet_count":1,"reply_count":0,"like_count":0,"quote_count":0},"created_at":"2021-08-09T17:26:21.000Z","text":"Second western #Canada #town destroyed by ‘exceedingly aggressive’ #wildfire #theguardian https://t.co/4q4H5CLgtK #britishcolumbia #bc #climate #realestate #world #mkt","lang":"en","author_id":"62404274"},{"id":"1424783436397662212","public_metrics":{"retweet_count":0,"reply_count":1,"like_count":0,"quote_count":0},"created_at":"2021-08-09T17:23:37.000Z","text":"@FireScot_Chief In terms of mitigating &amp; adapting to #wildfire I would suggest reading the opportunities outlined by @ClaireMBelcher et. al. in the @theCCCuk supporting analysis: UK Wildfires and their Climate Challenges https://t.co/w3VdCmp6dQ","lang":"en","author_id":"807693841"},{"id":"1424783001855176708","public_metrics":{"retweet_count":0,"reply_count":0,"like_count":0,"quote_count":0},"created_at":"2021-08-09T17:21:53.000Z","text":"RMS spoke with @CdnUnderwriter on the historic and dangerous heatwave warnings from officials for northwestern U.S. and western Canada that led to the formation of a heat dome: https://t.co/KJxY9j3JO6\n\n#wildfire #claims","lang":"en","author_id":"49934930"},{"id":"1424782112809435136","public_metrics":{"retweet_count":0,"reply_count":0,"like_count":0,"quote_count":0},"attachments":{"media_keys":["3_1424782108980088837"]},"created_at":"2021-08-09T17:18:21.000Z","text":"Saskatchewan Spatial Fire Management System: Tomorrow Forecast\n\nUpdate Detected: 09 Aug 2021 11:18 AM CST\n\nMore info at: https://t.co/zOnT69VEic\n\n#sk #wildfire #skwildfire https://t.co/dNZymUVQkB","lang":"en","author_id":"1415349497023115265"},{"id":"1424781909100466187","public_metrics":{"retweet_count":1,"reply_count":0,"like_count":0,"quote_count":0},"created_at":"2021-08-09T17:17:32.000Z","text":"Some B.C. evacuation alerts lifted as rain lowers #WILDFIRE danger, but relief not expected to last https://t.co/xmWM5enaKK  #GlobalWarming #climatechange","lang":"en","author_id":"3301926908"},{"id":"1424781789852225538","public_metrics":{"retweet_count":1,"reply_count":0,"like_count":1,"quote_count":0},"created_at":"2021-08-09T17:17:04.000Z","text":"Some B.C. evacuation alerts lifted as rain lowers #WILDFIRE danger, but relief not expected to last https://t.co/emcAD6kRgw #GPWX #GlobalWarming #climatechange","lang":"en","author_id":"3111226033"},{"id":"1424781298497900545","public_metrics":{"retweet_count":0,"reply_count":0,"like_count":0,"quote_count":0},"attachments":{"media_keys":["3_1424781295813603330"]},"created_at":"2021-08-09T17:15:07.000Z","text":"Saskatchewan Fire Ban Map\n\nUpdate Detected: 09 Aug 2021 11:15 AM CST\n\nMore info at: https://t.co/zOnT69VEic\n\n#sk #wildfire #skwildfire https://t.co/wE8kuYEH7T","lang":"en","author_id":"1415349497023115265"},{"id":"1424781238351536129","public_metrics":{"retweet_count":0,"reply_count":0,"like_count":0,"quote_count":0},"created_at":"2021-08-09T17:14:53.000Z","text":"Nice to see Spanish #wildfire specialists off to Turkey include a contingent of #women! #WomenInSTEM https://t.co/5sz2NW0CWe","lang":"en","author_id":"1244629107624689664"},{"id":"1424781074014642176","public_metrics":{"retweet_count":3,"reply_count":2,"like_count":11,"quote_count":1},"created_at":"2021-08-09T17:14:13.000Z","text":"A year ago, 8 people (incl. a baby) died during severe floods on the island of #Evia caused by years of wildfires and ensuing negligence. This year's #wildfire is the largest we've experienced (7 days and counting) yet officials are congratulating each other on TV #GreeceFires https://t.co/1UZse5VgVI","lang":"en","author_id":"261216056"},{"id":"1424781005571956744","public_metrics":{"retweet_count":0,"reply_count":0,"like_count":0,"quote_count":0},"attachments":{"media_keys":["3_1424781001612464136"]},"created_at":"2021-08-09T17:13:57.000Z","text":"Saskatchewan Daily Wildfire Situation Map\n\nUpdate Detected: 09 Aug 2021 11:13 AM CST\n\nMore info at: https://t.co/zOnT69VEic\n\n#sk #wildfire #skwildfire https://t.co/u4eYARFhTn","lang":"en","author_id":"1415349497023115265"},{"id":"1424780630064177154","public_metrics":{"retweet_count":5,"reply_count":0,"like_count":8,"quote_count":0},"created_at":"2021-08-09T17:12:28.000Z","text":"Parts of #NewMexico are experiencing unhealthy #airquality conditions from #wildfire smoke. Use the 5-3-1 method to protect your #health. https://t.co/ClFsDRxUCv","lang":"en","author_id":"1082854231009198080"},{"id":"1424779790754668546","public_metrics":{"retweet_count":42,"reply_count":1,"like_count":76,"quote_count":3},"attachments":{"media_keys":["3_1424773979835863042"]},"created_at":"2021-08-09T17:09:07.000Z","text":"As the Iberian Peninsula braces for upcoming very extreme fire danger, according to our #EFFIS forecasts (see tweet below), a large #wildfire is affecting the area of #Avila, in the Castilla y Leon region of Spain\uD83C\uDDEA\uD83C\uDDF8\n\n➡️ #EFFIS view\n⬅️ Today's #Sentinel2 \uD83C\uDDEA\uD83C\uDDFA\uD83D\uDEF0️ view of the burn scar https://t.co/k2wsEqgpCq","lang":"en","author_id":"2201283403"},{"id":"1424778936786079748","public_metrics":{"retweet_count":0,"reply_count":0,"like_count":0,"quote_count":0},"created_at":"2021-08-09T17:05:44.000Z","text":"@DigiEconomist #Wildfire #CO2 emissions have disrupted this monitoring now, but we are vigilant \uD83D\uDE09","lang":"en","author_id":"1032594621417828352"},{"id":"1424778755772461062","public_metrics":{"retweet_count":5,"reply_count":0,"like_count":6,"quote_count":1},"created_at":"2021-08-09T17:05:01.000Z","text":"As ominous storm clouds gathered in western #Colorado over a large area blackened by a recent #wildfire, torrential rain fell, and the charred land stripped of vegetation gave way, sending a rush of mud and boulders tumbling down onto a major highway.\n\nhttps://t.co/aXmVaDFxHN","lang":"en","author_id":"1060573081935249409"},{"id":"1424777553181646850","public_metrics":{"retweet_count":1,"reply_count":1,"like_count":5,"quote_count":0},"attachments":{"media_keys":["3_1424777550983741448"]},"created_at":"2021-08-09T17:00:14.000Z","text":"Join us tonight for our last town hall at Redland Station 11, 18265 S Redland Rd., at 6 p.m. Additional parking is available at St. Philip Benizi Church, 18211 Henrici Rd. \n\nTopics: outlook of the 2021 #Wildfire Season, defensible space, firefighting resources, &amp; Q &amp; A. https://t.co/fqUNQblE1Z","lang":"en","author_id":"44684439"},{"id":"1424776561899753474","public_metrics":{"retweet_count":97,"reply_count":7,"like_count":156,"quote_count":8},"attachments":{"media_keys":["3_1424775456490938378"]},"created_at":"2021-08-09T16:56:18.000Z","text":"\uD83D\uDFE0 248 kilometers wide satellite image of #fires\uD83D\uDD25 and smoke plumes in the #SakhaRepublic, #Russia\uD83C\uDDF7\uD83C\uDDFA 8 August 2021 #Copernicus\uD83C\uDDEA\uD83C\uDDFA #Sentinel-2\uD83D\uDEF0️ Full-size ➡️ https://t.co/OkkI0yeG7F #OpenData #scicomm #wildfire #СибирьГорит https://t.co/3vZsfPzfT2","lang":"en","author_id":"15147301"},{"id":"1424775845550247937","public_metrics":{"retweet_count":0,"reply_count":0,"like_count":2,"quote_count":0},"attachments":{"media_keys":["3_1424775838210289664"]},"created_at":"2021-08-09T16:53:27.000Z","text":"In Greece, Evia region suffers worst heatwave is decades temperatures gets rises 45°C , 200 \uD83D\uDD25fire's spotted, skies gets red, 25000 hectares forest burn. Difficulty in breathing, due to smoke and ash. #NCTzenSelcaDay #SEOKJIN #wildfire #Evia #EvictionMoratorium #GreeceFires https://t.co/IghadhW06H","lang":"en","author_id":"1398626275040776195"},{"id":"1424774367829893141","public_metrics":{"retweet_count":3,"reply_count":1,"like_count":6,"quote_count":0},"created_at":"2021-08-09T16:47:34.000Z","text":"Why @FinanceCarbon is working so hard?\n\n#Greek residents are recommended to #flee their home. #ClimateEmergency is here, be if #flood #wildfire or any other reason, we will see #climateRefugees. \n\nSTOP BURNING DOWN YOUR OWN HOME!\n\nJoin #CarbonZero #CZO.\n\nhttps://t.co/erpHnVkMRw","lang":"en","author_id":"1389966372029886465"},{"id":"1424772963832778752","public_metrics":{"retweet_count":0,"reply_count":0,"like_count":1,"quote_count":0},"attachments":{"media_keys":["3_1424750876317585414"]},"created_at":"2021-08-09T16:42:00.000Z","text":"Accumulated dead plant material drives important ecosystem processes - like #wildfire; a new study maps #Litterfall &amp; #StandingLitter across #Australia\n\n#Necromass #Decomposition #Carbon #OpenAccess\n\n@FWF_at @Swinburne @BOKUvienna\n\nhttps://t.co/JVXZL7EeGi https://t.co/ajdFtIwTQr","lang":"en","author_id":"806253116182188032"},{"id":"1424772535497891842","public_metrics":{"retweet_count":0,"reply_count":0,"like_count":0,"quote_count":0},"created_at":"2021-08-09T16:40:18.000Z","text":"Playing with #fire: How we can prevent #wildfire climate change catastrophes https://t.co/FniBv3Cu6M #climatechange","lang":"en","author_id":"44313596"},{"id":"1424772477658468352","public_metrics":{"retweet_count":1,"reply_count":0,"like_count":1,"quote_count":0},"created_at":"2021-08-09T16:40:04.000Z","text":"Dixie Fire Recovery Information from Plumas County\n\n#DixieFire #PGEWildFire #WildFireAttorneys #DixieFireUpdate #WildFire #CalFire #wildfire #wildfires2021 \n\nhttps://t.co/Kb2NR4uWhh","lang":"en","author_id":"23837283"},{"id":"1424772345995141124","public_metrics":{"retweet_count":0,"reply_count":0,"like_count":3,"quote_count":0},"created_at":"2021-08-09T16:39:32.000Z","text":"\uD83D\uDDFA New map: [#EMSR532] Diabolitsi: Delineation Product, Monitoring 2, version 1, release 1, RTP Map #01 [v1, 1:48000]\n\uD83D\uDD17 https://t.co/2K7KDJJrqJ — #wildfire #delineation in #Greece\n#Copernicus #CEMS #RapidMapping #EUCivPro","lang":"en","author_id":"2201283403"},{"id":"1424772299526393860","public_metrics":{"retweet_count":0,"reply_count":0,"like_count":2,"quote_count":0},"created_at":"2021-08-09T16:39:21.000Z","text":"\uD83D\uDDFA New map: [#EMSR528] Ancient Olympia: Delineation Product, Monitoring 3, version 1, release 1, RTP Map #01 [v1, 1:90000]\n\uD83D\uDD17 https://t.co/8XIjsIIC5a — #wildfire #delineation in #Greece\n#Copernicus #CEMS #RapidMapping #EUCivPro","lang":"en","author_id":"2201283403"},{"id":"1424771473131016194","public_metrics":{"retweet_count":3,"reply_count":0,"like_count":6,"quote_count":0},"attachments":{"media_keys":["3_1424770690759094274"]},"created_at":"2021-08-09T16:36:04.000Z","text":"NEXT WEEK: Please join me, @Cal_OES Director Mark Ghilarducci, @californiapuc President Marybel Batjer and @CountyofNapa Supervisor @AlfredoPedrozaR for this important virtual town hall on #wildfire and emergency preparedness. https://t.co/PlErN39vh7","lang":"en","author_id":"992499402798383104"},{"id":"1424770622081540110","public_metrics":{"retweet_count":3,"reply_count":0,"like_count":4,"quote_count":0},"created_at":"2021-08-09T16:32:41.000Z","text":"Christ, not again. What’s with PG &amp; E? \n\nOl’ Sparky is implicated again in #California’s second worst #wildfire ever.\n\n#PG&amp;E Under Scrutiny Over #DixieFire, Told to Hand Over Drone Footage https://t.co/bBh5oOavEX","lang":"en","author_id":"38282048"},{"id":"1424770228257492992","public_metrics":{"retweet_count":1,"reply_count":0,"like_count":4,"quote_count":1},"created_at":"2021-08-09T16:31:08.000Z","text":"#Wildfire season is months away? Now is the perfect time to start your loss-mitigation plan. Read this article to learn more about how working with local fire officials and removing combustibles on and around properties can make a difference.\n\nhttps://t.co/Mn9aiQ8aKp","lang":"en","author_id":"102129735"},{"id":"1424769945699639300","public_metrics":{"retweet_count":0,"reply_count":0,"like_count":2,"quote_count":0},"created_at":"2021-08-09T16:30:00.000Z","text":"A raging #wildfire in northern #California, now the second-largest recorded in state history, expanded to nearly 500,000 acres late on Sunday and has left three firefighters injured\n\nhttps://t.co/CgNWUhAgbG","lang":"en","author_id":"60017224"},{"id":"1424766427614093319","public_metrics":{"retweet_count":0,"reply_count":0,"like_count":2,"quote_count":0},"attachments":{"media_keys":["3_1424766279081242634"]},"created_at":"2021-08-09T16:16:01.000Z","text":"#photography by Kostas Tsironis @tsirkostis \ntaken 09/08/2021 during the #wildfire at the village of Istiaia on the Greek island of Evia  \n\n#GreeceFires https://t.co/qnZwITmCDz","lang":"en","author_id":"711644852950274048"},{"id":"1424765841686597634","public_metrics":{"retweet_count":1,"reply_count":1,"like_count":4,"quote_count":1},"created_at":"2021-08-09T16:13:42.000Z","text":"#DisasterWatch: Fueled by strong winds &amp; bone-dry vegetation, #DixieFire grows to become largest single #wildfire in California history. \n\n#Disaster #InsuranceCrime #SevereWeather\nhttps://t.co/bXER2j8hoW","lang":"en","author_id":"86091633"},{"id":"1424765568423452672","public_metrics":{"retweet_count":0,"reply_count":0,"like_count":0,"quote_count":0},"created_at":"2021-08-09T16:12:37.000Z","text":"#Wildfire Burns Through #Historic California Town\n\nhttps://t.co/JKwXACMb7I","lang":"en","author_id":"268260668"},{"id":"1424765079363457026","public_metrics":{"retweet_count":0,"reply_count":0,"like_count":0,"quote_count":0},"created_at":"2021-08-09T16:10:40.000Z","text":"Cw// mentioning fired in Turkey, injured animals \n#TurkeyIsBurning #TurkeyFires #TurkeyFore #TurkeyIsOnFire #TurkeyNeedesHelp #Importamt #Urgent #PleaseHelp #RetweetsAppreciated #Emergency #Turkey #Tur #Turkish #Wildfires #ClimateChange #ClimateEmergency #wildfires #wildfire #rt https://t.co/vie0lBOFvD","lang":"en","author_id":"1321405472608575492"},{"id":"1424765009603796994","public_metrics":{"retweet_count":0,"reply_count":0,"like_count":0,"quote_count":0},"attachments":{"media_keys":["3_1424765005493383173"]},"created_at":"2021-08-09T16:10:23.000Z","text":"Saskatchewan Daily Wildfire Situation Map\n\nUpdate Detected: 09 Aug 2021 10:10 AM CST\n\nMore info at: https://t.co/zOnT69VEic\n\n#sk #wildfire #skwildfire https://t.co/tSEBHH5DgX","lang":"en","author_id":"1415349497023115265"},{"id":"1424764926166458369","public_metrics":{"retweet_count":0,"reply_count":0,"like_count":0,"quote_count":0},"attachments":{"media_keys":["3_1424764924522270724"]},"created_at":"2021-08-09T16:10:03.000Z","text":"#Smoke composition is dependent on what is burning &amp; conc. is related to distance from the fire, weather, wind direction, etc.\n\nFresh #Wildfire smoke particles are ~50-60% organic carbon with count media diameters 100-160 nm &amp; vol. median diameters of 250-300 nm \n\n#IAQ #HVAC #PM https://t.co/ICz0zRdmkN","lang":"en","author_id":"41162621"},{"id":"1424764921544384515","public_metrics":{"retweet_count":2,"reply_count":0,"like_count":0,"quote_count":0},"created_at":"2021-08-09T16:10:02.000Z","text":"#BC’s southern Interior is expected to see a return to hot, dry conditions, fuelling a more than 550-square kilometre #wildfire that had its growth stalled over the weekend by rain. https://t.co/VPY65w1M4b","lang":"en","author_id":"18982486"},{"id":"1424764921275944973","public_metrics":{"retweet_count":0,"reply_count":0,"like_count":0,"quote_count":0},"created_at":"2021-08-09T16:10:02.000Z","text":"#BC’s southern Interior is expected to see a return to hot, dry conditions, fuelling a more than 550-square kilometre #wildfire that had its growth stalled over the weekend by rain. https://t.co/e95HcORoxq","lang":"en","author_id":"34046524"},{"id":"1424764504945086485","public_metrics":{"retweet_count":0,"reply_count":0,"like_count":0,"quote_count":0},"created_at":"2021-08-09T16:08:23.000Z","text":"Dixie Fire Information from Plumas County. \n\n#DixieFire #PGEWildFire #WildFireAttorneys #DixieFireUpdate #WildFire #CalFire #wildfire #wildfires2021 \n\nhttps://t.co/cf9HM9UosI","lang":"en","author_id":"23837283"},{"id":"1424764444165349380","public_metrics":{"retweet_count":0,"reply_count":0,"like_count":1,"quote_count":0},"created_at":"2021-08-09T16:08:08.000Z","text":"#currentmood #syml #wildfire #jungkook #etoilee\nyou'll come to know\nWhen you release...let go\nfind yourself where you belong\nyou're not too much\nYou are needed here, you are enough\nnothing's gonna hold you down for long...\nSometimes we break so beautiful\nhttps://t.co/rxiFP46fgj","lang":"en","author_id":"110579135"},{"id":"1424762911227006976","public_metrics":{"retweet_count":0,"reply_count":0,"like_count":0,"quote_count":0},"created_at":"2021-08-09T16:02:03.000Z","text":"Understanding #air #quality ratings when #wildfire #smoke is present. \nhttps://t.co/xaO5WLgQNR","lang":"en","author_id":"144703320"},{"id":"1424762840909500419","public_metrics":{"retweet_count":1,"reply_count":2,"like_count":1,"quote_count":0},"created_at":"2021-08-09T16:01:46.000Z","text":"Toxicity of smokes created in fire events depends on materials that burn. In wildfire, mainly trees but also buildings burn, producing fume w/ different composition of trees burning ---- more harmful.\n#environment #wildfire #health #toxic #safety \nhttps://t.co/cAaWzxsYmc","lang":"en","author_id":"899711573010382848"},{"id":"1424762732818092038","public_metrics":{"retweet_count":0,"reply_count":0,"like_count":0,"quote_count":0},"created_at":"2021-08-09T16:01:20.000Z","text":"We are sending our best wishes to the victims and first responders of the Dixie Fire. #CaliforniaFires #ClimateChange #WildFire","lang":"en","author_id":"1304462917665009664"},{"id":"1424762654216888329","public_metrics":{"retweet_count":0,"reply_count":0,"like_count":1,"quote_count":0},"attachments":{"media_keys":["3_1424762649963868165"]},"created_at":"2021-08-09T16:01:02.000Z","text":"The #DixieFire is now the 2nd largest #wildfire in California's history at over 460k acres. Hot, dry &amp; windy conditions increased fire activity Sunday, dropping containment to 21%. Thousands are under evacuation orders &amp; 8,500 #firefighters are battling the blaze. #DefyDisaster https://t.co/KNiAPi4O58","lang":"en","author_id":"1240742710534782976"},{"id":"1424762466731495426","public_metrics":{"retweet_count":18,"reply_count":0,"like_count":35,"quote_count":2},"attachments":{"media_keys":["3_1424762462541426690"]},"created_at":"2021-08-09T16:00:17.000Z","text":"Learn more about children’s health risks from #wildfiresmoke exposure and advice to parents on how to keep kids safe during a #wildfire event in this informative @niehs and @PEHSUnational podcast: https://t.co/wNTtUaDrjv https://t.co/wWrJRr6jzs","lang":"en","author_id":"1365178280"},{"id":"1424762397676474388","public_metrics":{"retweet_count":0,"reply_count":0,"like_count":1,"quote_count":0},"attachments":{"media_keys":["3_1424711474644090882"]},"created_at":"2021-08-09T16:00:01.000Z","text":"Firefighters and residents battled a massive forest fire on Greece’s 2nd largest island for the 7th day on Monday. The smoke and ash from the fire on Evia island turned the sky orange here. \n\n#Greece #Wildfire #1Weather #Shorts\n\nDownload @1weatherapp \nhttps://t.co/EzTuttDqCQ https://t.co/jEElpbiN9E","lang":"en","author_id":"1250113886914637831"},{"id":"1424761039497809924","public_metrics":{"retweet_count":0,"reply_count":0,"like_count":0,"quote_count":0},"attachments":{"media_keys":["3_1424760999098437632"]},"created_at":"2021-08-09T15:54:37.000Z","text":"#Wildfire smoke from west coast not as nasty as Saturday. Light smoky haze today #Colorado https://t.co/4lV5vOr8gH","lang":"en","author_id":"1382121684694659073"},{"id":"1424760038124662789","public_metrics":{"retweet_count":1,"reply_count":0,"like_count":2,"quote_count":0},"attachments":{"media_keys":["16_1424757732213657600"]},"created_at":"2021-08-09T15:50:38.000Z","text":"Another view of smoke from #Siberia #wildfire crossing the North Pole, but using SILAM.\n\nSoot settling on ice turns it darker, absorbing more heat, leading to faster melting and higher temperatures still. This is what a tipping point looks like. \uD83D\uDC47\uD83D\uDC47\uD83D\uDC47 #ClimateEmergency https://t.co/EiSBhvmU0m https://t.co/2Q5lOSDjUT","lang":"en","author_id":"1334902131338436611"},{"id":"1424759717902094338","public_metrics":{"retweet_count":0,"reply_count":0,"like_count":0,"quote_count":0},"created_at":"2021-08-09T15:49:22.000Z","text":"\"#Wildfire seasons are expected to lengthen in the #NWT and be more of a problem in tundra regions. Permafrost warming is expected to play havoc with northern infrastructure while simultaneously releasing carbon...\" #ClimateReport #ClimateEmergency  https://t.co/diokr8bVFI","lang":"en","author_id":"1449482660"},{"id":"1424758922125086727","public_metrics":{"retweet_count":4,"reply_count":0,"like_count":7,"quote_count":0},"created_at":"2021-08-09T15:46:12.000Z","text":"After brief respite from hot, dry conditions, #BC is set to roast under yet another #HEATWAVE\uD83D\uDD25 this week: impending heat will lead to more dangerous #wildfire conditions.\n\nAnother heat wave will build over hard-hit BC this week | @weathernetwork\nhttps://t.co/YydCXhQpYN","lang":"en","author_id":"35692915"},{"id":"1424757968051056640","public_metrics":{"retweet_count":0,"reply_count":0,"like_count":0,"quote_count":0},"attachments":{"media_keys":["3_1424757498775588865","3_1424757507822690304"]},"created_at":"2021-08-09T15:42:24.000Z","text":"#Wildfires on Euboea, Greece. (2021-08-08)\n\n#Euboea #Euböa #Greece #Griechenland #Wildfire  #Sentinel2 #Copernicus #RemoteSensing https://t.co/Od9Y697wWi","lang":"es","author_id":"872318773"},{"id":"1424757895200186373","public_metrics":{"retweet_count":0,"reply_count":0,"like_count":20,"quote_count":1},"attachments":{"media_keys":["3_1424757840707739657","3_1424757862409060353","3_1424757878259392519"]},"created_at":"2021-08-09T15:42:07.000Z","text":"Εύβοια: Viral η φωτογραφία γυναίκας που μοιάζει με την «Κραυγή» του Μουνκ https://t.co/YSw7sjocrn #tsakalidis_k #edvardmunch #skrik #thescream #evia #euboea #wildfire #eviafire #Gouves #reportagespotlight #photojournalism #Ευβοια #ευβοια_φωτια #ΠυρκαγιαΕυβοια #naftemporiki https://t.co/kZVwQcGle7","lang":"el","author_id":"18934391"},{"id":"1424757299218878464","public_metrics":{"retweet_count":25,"reply_count":0,"like_count":26,"quote_count":1},"created_at":"2021-08-09T15:39:45.000Z","text":"#Kelowna #veterinarian seeks home for #dog abandoned during #wildfire evacuation \n\nhttps://t.co/17XdjZ4GLm","lang":"en","author_id":"708826764"},{"id":"1424755123578974213","public_metrics":{"retweet_count":0,"reply_count":0,"like_count":0,"quote_count":0},"created_at":"2021-08-09T15:31:06.000Z","text":"9-year-old girl’s lemonade stand raises $3,400 for Lytton, B.C. wildfire victims  | https://t.co/e4aL0rnmmM https://t.co/3wtipxvBFA #Lytton #EmilyLoewen #BritishColumba #wildfires #wildfire #bcpoli RT","lang":"en","author_id":"1483413924"},{"id":"1424754971287904257","public_metrics":{"retweet_count":1,"reply_count":0,"like_count":0,"quote_count":0},"created_at":"2021-08-09T15:30:30.000Z","text":"Mark Your Calendars: ARISE-US is hosting a symposium on #Wildfire #Risk Sept. 21 from 1-3pm as part of #EnvironmentWeek (registration TBA).  Insurers, govts, engineers, risk managers, land/building owners, community orgs &amp; more - all should attend! https://t.co/FAo6gJqXBP","lang":"en","author_id":"461543855"},{"id":"1424754203210096645","public_metrics":{"retweet_count":1,"reply_count":1,"like_count":2,"quote_count":1},"created_at":"2021-08-09T15:27:27.000Z","text":"If you have the possibility of loosing your home have your insurance company call us!  Our Mass Water systems will save your home's and towns from wildfires. #BCWildfire #wildfires #wildfire","lang":"en","author_id":"1138190377"},{"id":"1424753859579179012","public_metrics":{"retweet_count":0,"reply_count":0,"like_count":1,"quote_count":0},"attachments":{"media_keys":["3_1424753819955515395"]},"created_at":"2021-08-09T15:26:05.000Z","text":"California #wildfire smoke poses health risks:\n\nHow to protect yourself\n\nhttps://t.co/WTCrFz31JG https://t.co/OvAqWspYbx","lang":"en","author_id":"2169571746"},{"id":"1424753716318531584","public_metrics":{"retweet_count":0,"reply_count":0,"like_count":0,"quote_count":0},"created_at":"2021-08-09T15:25:31.000Z","text":"California #wildfire smoke poses health risks:\n\nHow to protect yourself\n\nhttps://t.co/eJdhlBMdj5 #wildfiresmoke","lang":"en","author_id":"1036037388"}],"includes":{"media":[{"media_key":"3_1424815265263591425","type":"photo","url":"https://pbs.twimg.com/media/E8X170yXIAEpJvh.jpg"},{"media_key":"3_1424798845012103174","type":"photo","url":"https://pbs.twimg.com/media/E8XnAClVUAYBFkN.png"},{"media_key":"7_1424809090040086534","public_metrics":{"view_count":16},"type":"video"},{"media_key":"7_1424807736395673604","public_metrics":{"view_count":8},"type":"video"},{"media_key":"3_1424808060313296897","type":"photo","url":"https://pbs.twimg.com/media/E8XvYcQWYAEc0HU.jpg"},{"media_key":"3_1424790301911273473","type":"photo","url":"https://pbs.twimg.com/media/E8XfOxDX0AEll58.jpg"},{"media_key":"3_1424806860213813249","type":"photo","url":"https://pbs.twimg.com/media/E8XuSliVgAEkuWA.jpg"},{"media_key":"3_1424804083303600130","type":"photo","url":"https://pbs.twimg.com/media/E8Xrw8vWUAIGtJJ.jpg"},{"media_key":"3_1424803766205812740","type":"photo","url":"https://pbs.twimg.com/media/E8XrefdWEAQBm6u.jpg"},{"media_key":"3_1424803052972920834","type":"photo","url":"https://pbs.twimg.com/media/E8Xq0-dX0AIPGbu.jpg"},{"media_key":"3_1424803090637729798","type":"photo","url":"https://pbs.twimg.com/media/E8Xq3KxXMAYq2AE.jpg"},{"media_key":"3_1424803107607912463","type":"photo","url":"https://pbs.twimg.com/media/E8Xq4J_XoA8INEP.jpg"},{"media_key":"3_1424803173206790150","type":"photo","url":"https://pbs.twimg.com/media/E8Xq7-XXEAYesoB.jpg"},{"media_key":"3_1424798551054422016","type":"photo","url":"https://pbs.twimg.com/media/E8Xmu7gXEAAxaE5.jpg"},{"media_key":"3_1424796792097583112","type":"photo","url":"https://pbs.twimg.com/media/E8XlIi4XsAg_-HQ.jpg"},{"media_key":"3_1424793140867723264","type":"photo","url":"https://pbs.twimg.com/media/E8Xh0A_VcAACHA1.jpg"},{"media_key":"3_1424792643414937602","type":"photo","url":"https://pbs.twimg.com/media/E8XhXD1WUAIkC-1.jpg"},{"media_key":"3_1424791844785987592","type":"photo","url":"https://pbs.twimg.com/media/E8XgoktXoAgokR2.jpg"},{"media_key":"3_1424791338780930049","type":"photo","url":"https://pbs.twimg.com/media/E8XgLHsXMAEIVvU.jpg"},{"media_key":"7_1424790903093346308","public_metrics":{"view_count":31},"type":"video"},{"media_key":"3_1424790558526959616","type":"photo","url":"https://pbs.twimg.com/media/E8XfdtBUcAA47nu.jpg"},{"media_key":"3_1424786777940844544","type":"photo","url":"https://pbs.twimg.com/media/E8XcBpPWYAA9WMR.jpg"},{"media_key":"3_1424782108980088837","type":"photo","url":"https://pbs.twimg.com/media/E8XXx4AXEAUMq1I.jpg"},{"media_key":"3_1424781295813603330","type":"photo","url":"https://pbs.twimg.com/media/E8XXCiuXMAI5QgP.jpg"},{"media_key":"3_1424781001612464136","type":"photo","url":"https://pbs.twimg.com/media/E8XWxavWEAgOmEJ.jpg"},{"media_key":"3_1424773979835863042","type":"photo","url":"https://pbs.twimg.com/media/E8XQYslWEAI55TK.jpg"},{"media_key":"3_1424777550983741448","type":"photo","url":"https://pbs.twimg.com/media/E8XTokJWQAgX1ne.jpg"},{"media_key":"3_1424775456490938378","type":"photo","url":"https://pbs.twimg.com/media/E8XRupjWYAopdfb.jpg"},{"media_key":"3_1424775838210289664","type":"photo","url":"https://pbs.twimg.com/media/E8XSE3kVcAA25rM.jpg"},{"media_key":"3_1424750876317585414","type":"photo","url":"https://pbs.twimg.com/media/E8W7X5RWEAYocIJ.jpg"},{"media_key":"3_1424770690759094274","type":"photo","url":"https://pbs.twimg.com/media/E8XNZP0VcAITaH9.jpg"},{"media_key":"3_1424766279081242634","type":"photo","url":"https://pbs.twimg.com/media/E8XJYdCXsAo4pev.jpg"},{"media_key":"3_1424765005493383173","type":"photo","url":"https://pbs.twimg.com/media/E8XIOUjXMAUQmer.jpg"},{"media_key":"3_1424764924522270724","type":"photo","url":"https://pbs.twimg.com/media/E8XIJm6WEAQGxrX.jpg"},{"media_key":"3_1424762649963868165","type":"photo","url":"https://pbs.twimg.com/media/E8XGFNhXMAU2rPI.jpg"},{"media_key":"3_1424762462541426690","type":"photo","url":"https://pbs.twimg.com/media/E8XF6TUXsAInTdK.jpg"},{"media_key":"3_1424711474644090882","type":"photo","url":"https://pbs.twimg.com/media/E8WXiamVgAIkncc.jpg"},{"media_key":"3_1424760999098437632","type":"photo","url":"https://pbs.twimg.com/media/E8XElHkX0AAliZ6.jpg"},{"media_key":"16_1424757732213657600","type":"animated_gif"},{"media_key":"3_1424757498775588865","type":"photo","url":"https://pbs.twimg.com/media/E8XBZX2X0AEV91G.jpg"},{"media_key":"3_1424757507822690304","type":"photo","url":"https://pbs.twimg.com/media/E8XBZ5jXoAA1Exh.jpg"},{"media_key":"3_1424757840707739657","type":"photo","url":"https://pbs.twimg.com/media/E8XBtRpWYAkJrbe.jpg"},{"media_key":"3_1424757862409060353","type":"photo","url":"https://pbs.twimg.com/media/E8XBuifWQAE79wH.jpg"},{"media_key":"3_1424757878259392519","type":"photo","url":"https://pbs.twimg.com/media/E8XBvdiXIAceVwD.jpg"},{"media_key":"3_1424753819955515395","type":"photo","url":"https://pbs.twimg.com/media/E8W-DPLUUAM6eO9.png"}]},"meta":{"newest_id":"1424816237515706371","oldest_id":"1424753716318531584","result_count":100,"next_token":"b26v89c19zqg8o3fpdm85n747weektus6xurun0f6id19"}}