{"data":[{"author_id":"823858806","text":"Protect your family, home and property before a #wildfire strikes with tips from https://t.co/jkXvNZxNKQ\n\nLearn how to recognize warnings and alerts, make an emergency plan, strengthen your home, and much more.\n\n#WildfireSafety #PlanAheadNevada https://t.co/9Pv3BAhFt1","attachments":{"media_keys":["3_1424753595581358082"]},"created_at":"2021-08-09T15:25:02.000Z","public_metrics":{"retweet_count":2,"reply_count":0,"like_count":4,"quote_count":0},"id":"1424753597330436108","lang":"en"},{"author_id":"260169484","text":"#Greek #Hoteliers Offer Hundreds of Rooms in #WildFire-hit Areas https://t.co/KDBdJk1yzH via @gtpgr","created_at":"2021-08-09T15:22:45.000Z","public_metrics":{"retweet_count":0,"reply_count":0,"like_count":1,"quote_count":0},"id":"1424753021817442313","lang":"en"},{"author_id":"156442389","text":"Today's #artshare, is a little #wildfire painting - seems appropriate for what is going on all over.\nThis #painting is about how a forest will heal after a #fire, as seen with the first signs of fire flowers... with so much burning so often, it's hard to believe this happens. https://t.co/QskDajM5yP","attachments":{"media_keys":["3_1424752380332158985"]},"created_at":"2021-08-09T15:20:14.000Z","public_metrics":{"retweet_count":0,"reply_count":1,"like_count":4,"quote_count":0},"id":"1424752389635117060","lang":"en"},{"author_id":"1239315891847925766","text":"Very interesting timelapse #wildfire https://t.co/217AuFFhnq","created_at":"2021-08-09T15:19:37.000Z","public_metrics":{"retweet_count":0,"reply_count":0,"like_count":0,"quote_count":0},"id":"1424752232738828291","lang":"en"},{"author_id":"1415349497023115265","text":"Saskatchewan Daily Wildfire Situation Map\n\nUpdate Detected: 09 Aug 2021 09:16 AM CST\n\nMore info at: https://t.co/zOnT69VEic\n\n#sk #wildfire #skwildfire https://t.co/LkyUmEvP7g","attachments":{"media_keys":["3_1424751486945435649"]},"created_at":"2021-08-09T15:16:40.000Z","public_metrics":{"retweet_count":0,"reply_count":0,"like_count":0,"quote_count":0},"id":"1424751491395510276","lang":"en"},{"author_id":"969951517972115456","text":"Now there is #wildfire in Greece too. @UNEP and @UNFCCC should come forward to help! They should work towards reduction of #fossilfuel burning and thus greenhouse gases @greenhousegas16 across the globe.","created_at":"2021-08-09T15:16:16.000Z","public_metrics":{"retweet_count":0,"reply_count":0,"like_count":0,"quote_count":0},"id":"1424751388391710723","lang":"en"},{"author_id":"448461621","text":"Fires could affect watersheds https://t.co/gaFpwlZmr5 #Peachland #Okanagan #wildfire #watershed #water #bcpoli #cdnpoli","created_at":"2021-08-09T15:16:08.000Z","public_metrics":{"retweet_count":0,"reply_count":0,"like_count":0,"quote_count":0},"id":"1424751356926218241","lang":"en"},{"author_id":"496241794","text":"#wildfire https://t.co/Ohp4ZfPCB3","attachments":{"media_keys":["3_1424751183336333312"]},"created_at":"2021-08-09T15:15:28.000Z","public_metrics":{"retweet_count":0,"reply_count":0,"like_count":7,"quote_count":0},"id":"1424751188294078465","lang":"und"},{"author_id":"82647646","text":"@CDPHE has issued an Air Quality Health Advisory for wildfire smoke for Pitkin County, including Aspen. This advisory is in effect until 9 a.m., August 10, 2021. \n\nInformation source: https://t.co/cStEbQpMHQ\n\n#AspenAirQuality #AirQuality #Wildfire #PitkinAlert https://t.co/8Ky78xIiS0","attachments":{"media_keys":["3_1424749825229271041"]},"created_at":"2021-08-09T15:10:04.000Z","public_metrics":{"retweet_count":0,"reply_count":0,"like_count":0,"quote_count":0},"id":"1424749828240719876","lang":"en"},{"author_id":"119457093","text":"Incendies en #Grèce sur l'île d'#Eubée : image impressionnante acquise le 8 août par le #satellite #Sentinel2. Couleurs naturelles et mode proche infrarouge mettant en évidence les zones brûlées (couleur sombre) #Copernicus #Eubee #GreeceFires #wildfire https://t.co/jqfVnb6vwN","attachments":{"media_keys":["3_1424747004136202240","3_1424747652185460744"]},"created_at":"2021-08-09T15:01:58.000Z","public_metrics":{"retweet_count":4,"reply_count":1,"like_count":7,"quote_count":0},"id":"1424747792250150915","lang":"fr"},{"author_id":"122387909","text":"Check out our information, created in cooperation with our good friends @FireSmartCanada, on how to protect your loved ones and property from #wildfire. See https://t.co/o8rgtTFd0j for more info... https://t.co/N1jkBup3F9","attachments":{"media_keys":["3_1423691716394196996"]},"created_at":"2021-08-09T15:00:01.000Z","public_metrics":{"retweet_count":0,"reply_count":0,"like_count":0,"quote_count":0},"id":"1424747298911932418","lang":"en"},{"author_id":"1332453464169979915","text":"Double whammy is 5x more likely \n#heat + #drought\n#wildfire + smog\n#flood + #hurricanes \n\n2 extremes = threat multiplier \n\nUpgrades: We have to pay upfront\n\nClean Air\nPure Water, right amount\nCoastal nature\nForests + small Ag\nLand use\nNearby/convenient urban density https://t.co/fGq4dxbtYZ","created_at":"2021-08-09T14:58:07.000Z","public_metrics":{"retweet_count":0,"reply_count":0,"like_count":0,"quote_count":0},"id":"1424746821692362756","lang":"en"},{"author_id":"962068869409050624","text":"#ClimateReport #ClimateCrisis #ClimateEmergency #ClimateCatastrophe #ClimateCrisisIsHere #ClimateTwitter #GlobalWarming #wildfire #BCWildfire #californiawildfires #saveourplanet #EarthIsDying #animallovers https://t.co/cTxw6pSNl6","created_at":"2021-08-09T14:55:08.000Z","public_metrics":{"retweet_count":1,"reply_count":0,"like_count":2,"quote_count":0},"id":"1424746072346406919","lang":"und"},{"author_id":"1324433752160837633","text":"The California #Dixiefire was deliberate arson by #PGE power company..by not reporting to fire department for hours of their equipment failures  made the fire get a good start! #Wildfire #Agenda21 #notclimatechange. https://t.co/eg4LDEJeyz","created_at":"2021-08-09T14:54:15.000Z","public_metrics":{"retweet_count":1,"reply_count":0,"like_count":3,"quote_count":1},"id":"1424745850476142592","lang":"en"},{"author_id":"1283135381991374848","text":"Watch California's Dixie wildfire is now second-worst in state history &gt;&gt; https://t.co/LK3bjwgREo\n#california #us #dixie #wildfire #fire #death #evacution #burned #unitedstatesofamerica #climatechange #newsupdate #news #covid #india #breakingnews #indianews #dailynews #update","created_at":"2021-08-09T14:53:52.000Z","public_metrics":{"retweet_count":0,"reply_count":0,"like_count":0,"quote_count":0},"id":"1424745752778067971","lang":"en"},{"author_id":"4724995335","text":"A timelapse from our #wildfire monitoring service from the hotspot and clustering data of the #Eviaisland fire in #Greece \uD83C\uDDEC\uD83C\uDDF7 The satellite data shown is every 2 hours, 03 Aug to today, where we can see the extent of the spread on the northern part of the island. #GreeceFires https://t.co/ZKlKpOaGGm","attachments":{"media_keys":["7_1424744688762953732"]},"created_at":"2021-08-09T14:53:23.000Z","public_metrics":{"retweet_count":135,"reply_count":2,"like_count":157,"quote_count":8},"id":"1424745629063028738","lang":"en"},{"author_id":"412880117","text":"#NaturePhotography #wildfire https://t.co/uM58uE5oBY","attachments":{"media_keys":["3_1424745608888295436"]},"created_at":"2021-08-09T14:53:20.000Z","public_metrics":{"retweet_count":1039,"reply_count":36,"like_count":4696,"quote_count":35},"id":"1424745619478892551","lang":"und"},{"author_id":"2201283403","text":"\uD83D\uDDFA New map: [#EMSR531] East Mani: Delineation Product, Monitoring 2, version 1, release 1, RTP Map #01 [v1, 1:40000]\n\uD83D\uDD17 https://t.co/r4ThwGKBMh — #wildfire #delineation in #Greece\n#Copernicus #CEMS #RapidMapping #EUCivPro","created_at":"2021-08-09T14:53:10.000Z","public_metrics":{"retweet_count":2,"reply_count":0,"like_count":3,"quote_count":0},"id":"1424745577645068299","lang":"en"},{"author_id":"4696085432","text":"\uD83D\uDE92\uD83D\uDE92Die Zahlen zur Einheit aus #Hessen: Hier sind 27 Fahrzeuge, 164 Personen und 15 Einsatzkräfte des @THWLeitung @THWLVHERPSL geplant, um die Einsatzkräfte vor Ort zu unterstützen. \n\n@RegHessen #griechenland #waldbrand\n#Feuerwehr #greece #wildfire","created_at":"2021-08-09T14:50:30.000Z","public_metrics":{"retweet_count":0,"reply_count":0,"like_count":3,"quote_count":0},"id":"1424744906099154945","lang":"de"},{"author_id":"25049056","text":"The monstrous #DixieFire in #northern #California has grown to become the second-largest #wildfire in state history, authorities said Sunday. \n\nThis adds to devastating blazes in Turkey, Italy, Greece, and Russia⤵️ https://t.co/eUebBz9rLM","attachments":{"media_keys":["13_1424742672120549380"]},"created_at":"2021-08-09T14:48:51.000Z","public_metrics":{"retweet_count":16,"reply_count":6,"like_count":18,"quote_count":2},"id":"1424744489319604235","lang":"en"},{"author_id":"1293580956377350144","text":"My heart goes out to families facing a #wildfire. As a mother who faced a wildfire with my children, I know the terror. Today, I am offering my ebook free to inspire every child. https://t.co/LNmwgQ1RjB\n#StaySafe❤️\n#BCWildfires #GreeceFires #californiawildfires #Turkeyisburning","created_at":"2021-08-09T14:48:41.000Z","public_metrics":{"retweet_count":0,"reply_count":0,"like_count":0,"quote_count":0},"id":"1424744446701223939","lang":"en"},{"author_id":"119457093","text":"En #Grece, les dégâts de l'incendie qui ravage l'île d'#Eubée vue par le satellite européen #Sentinel2 le 8 août 2021. Le service de cartographie @CopernicusEMS a été activé pour aider les pompiers : https://t.co/btIKCJPVSH #eubee #wildfire #GreeceFires #emergency #Copernicus","created_at":"2021-08-09T14:48:24.000Z","public_metrics":{"retweet_count":6,"reply_count":1,"like_count":4,"quote_count":0},"id":"1424744376748711940","lang":"fr"},{"author_id":"79575746","text":"My weather app says partly cloudy, but I think  it should say mostly smoky.\n#wildfire","created_at":"2021-08-09T14:47:13.000Z","public_metrics":{"retweet_count":0,"reply_count":0,"like_count":1,"quote_count":1},"id":"1424744080471363587","lang":"en"},{"author_id":"35692915","text":"@faisal_moola #BC #PublicSafery Minister @mikefarnworthbc talks about \"mitigation\" &amp; \"recovery\" from #wildfire, but in fact #bcpoli has wasted 3+ years claiming to upgrade Emergency MANAGEMENT &amp; have done next to NOTHING but blame the public &amp; watch the province burn while they #TalkAndLog.","created_at":"2021-08-09T14:45:15.000Z","public_metrics":{"retweet_count":0,"reply_count":2,"like_count":1,"quote_count":0},"id":"1424743584629096452","lang":"en"},{"author_id":"1414223783439785986","text":"Yet another #arsonist caught red handed in #Euboea, #Greece.\n\nThis time they were caught placing flammable gas canisters under the trees near Gialtra.\n\n#wildfire #fire https://t.co/jhFWWJW1IN","created_at":"2021-08-09T14:43:39.000Z","public_metrics":{"retweet_count":0,"reply_count":0,"like_count":0,"quote_count":0},"id":"1424743181195923458","lang":"en"},{"author_id":"1141324726998130688","text":"The Climate Emergency.\nhttps://t.co/oRCuBWhvU7\n#climatechange #ClimateEmergency  #californiawildfires \n#wildfire #GreenNewDeal","created_at":"2021-08-09T14:43:16.000Z","public_metrics":{"retweet_count":0,"reply_count":0,"like_count":0,"quote_count":0},"id":"1424743082801643528","lang":"en"},{"author_id":"1002605157618614272","text":"Still working at the #DixieFire on a Type-3 Engine Strike Team. #WildFire #LassenNationalForest #Firefighters #NevadaCounty #fireengine #fireops #PIORamey #CAWildfires #prayforcalifornia #badfires #firetornado #flyfire #greenvilleCA #ChesterCA #LakeAlmanor #QuincyCA https://t.co/hvWKUG0cRG","created_at":"2021-08-09T14:41:28.000Z","public_metrics":{"retweet_count":0,"reply_count":1,"like_count":15,"quote_count":0},"id":"1424742633449025540","lang":"en"},{"author_id":"48817182","text":"#CAFire Update: #DixieFire is 21% contained &amp; has burned 489,287 acres, making it now the 2nd largest #wildfire in California history. https://t.co/YL0Inw5h3F h/t @3rdERH &amp; @aldot29 #RiverFire is 65% contained &amp; has burned 2,619 acres. https://t.co/3ERxLo6Dcc h/t @CAL_FIRE https://t.co/3T1edef0BY","attachments":{"media_keys":["3_1424742271816241153"]},"created_at":"2021-08-09T14:40:03.000Z","public_metrics":{"retweet_count":4,"reply_count":1,"like_count":3,"quote_count":1},"id":"1424742273795989512","lang":"en"},{"author_id":"1402746085","text":"Forest Service officials say they are struggling with a shortage of wildland firefighters to effectively respond to all the fires burning in the West https://t.co/H1DJvBucaf via @WSJ #wildfire #USA","created_at":"2021-08-09T14:35:57.000Z","public_metrics":{"retweet_count":0,"reply_count":0,"like_count":0,"quote_count":0},"id":"1424741244404736005","lang":"en"},{"author_id":"3372377518","text":"-#Wildfire \uD83D\uDD25in #Greece \uD83C\uDDEC\uD83C\uDDF7 2021 is the biggest Wildfire Greece ever had\n-600.000 Hectare until now\n- ca. 10% of all #forest_area in Greece #burned\n- as a consequence,#floods in the burned areas can occur in winter\n#GreeceFires #IPCC  #πυρκαγιες #ΠυρκαγιαΕυβοια #ClimateEmergency","created_at":"2021-08-09T14:31:47.000Z","public_metrics":{"retweet_count":2,"reply_count":0,"like_count":4,"quote_count":0},"id":"1424740193773531147","lang":"en"},{"author_id":"128128069","text":"Sunrise to sunset, get after it. \n\n#wildland #fire #wildlandfire #wildlandfirefighter #wildfire #firefighters #forestrytech https://t.co/mKpfGHqPad","attachments":{"media_keys":["3_1424739838977318920"]},"created_at":"2021-08-09T14:30:25.000Z","public_metrics":{"retweet_count":0,"reply_count":0,"like_count":1,"quote_count":0},"id":"1424739852583673861","lang":"en"},{"author_id":"18847448","text":"In the event of a #wildfire, stay indoors with windows and doors closed to reduce your exposure to smoke. Avoid activities that create more particles indoors such as smoking, using gas or wood stoves, and frying or broiling food. https://t.co/zQzpz91kdR","created_at":"2021-08-09T14:30:10.000Z","public_metrics":{"retweet_count":5,"reply_count":0,"like_count":18,"quote_count":1},"id":"1424739786699460609","lang":"en"},{"author_id":"1854805501","text":"Newly Updated: Grab-N-Go Bag Essentials You Must Have https://t.co/xgWXbzt1N5 via @SlideShare #lifehack #survival #pandemic #HurricaneSeason #Flood #Drought21 #wildfire #MondayVibes https://t.co/I4Jt34CnH3","attachments":{"media_keys":["3_1422378983291826180"]},"created_at":"2021-08-09T14:29:00.000Z","public_metrics":{"retweet_count":1,"reply_count":0,"like_count":0,"quote_count":0},"id":"1424739493257621511","lang":"en"},{"author_id":"1415349497023115265","text":"Saskatchewan Spatial Fire Management System: Today's Forecast\n\nUpdate Detected: 09 Aug 2021 08:27 AM CST\n\nMore info at: https://t.co/zOnT69VEic\n\n#sk #wildfire #skwildfire https://t.co/6tZTxIY97v","attachments":{"media_keys":["3_1424739026024685570"]},"created_at":"2021-08-09T14:27:09.000Z","public_metrics":{"retweet_count":0,"reply_count":0,"like_count":0,"quote_count":0},"id":"1424739028776202240","lang":"en"},{"author_id":"272160238","text":"Thousands forced to evacuate as massive wildfire spreads through Greek island of Evia https://t.co/vNQLRhAt38 #Evia #Greece #wildfire #fire","created_at":"2021-08-09T14:27:03.000Z","public_metrics":{"retweet_count":5,"reply_count":1,"like_count":10,"quote_count":3},"id":"1424739002955952128","lang":"en"},{"author_id":"25144145","text":"Today's #Wildfire \uD83D\uDD25 Danger Rating for the City of #LosAngeles remains HIGH: https://t.co/WYtc7w1yU5\n\nA hearty thanks to those who took time this weekend to be certain their home and family are #ReadyForWildfire: \n\n\uD83D\uDD17 https://t.co/hQXs59ITUz \n\nhttps://t.co/X6COoA8rgy","attachments":{"media_keys":["3_1180498098348388352"]},"created_at":"2021-08-09T14:20:35.000Z","public_metrics":{"retweet_count":3,"reply_count":0,"like_count":4,"quote_count":0},"id":"1424737377252122626","lang":"en"},{"author_id":"1078424795182551040","text":"Another hazy morning across the Pikes Peak region.    At least you can actually see #PikesPeak today.  That wasn't the case at times over the weekend. #cowx #smoke #haze #hazy #wildfire \n\nWho's ready for all this smoke to be gone? \uD83D\uDE4B https://t.co/wnJx3C3pzN","attachments":{"media_keys":["3_1424736777726742534"]},"created_at":"2021-08-09T14:18:53.000Z","public_metrics":{"retweet_count":0,"reply_count":0,"like_count":1,"quote_count":0},"id":"1424736949257084933","lang":"en"},{"author_id":"22591580","text":"Kaleden wildfire. British Columbia, Canada. 2017. https://t.co/mbELRRp3nx #YouTube #wildfire #climatechange #photojournalism #Canada #travel #Sony #videoproduction #Sweden #Malmo #stock #footage #environment #firefighting #BritishColumbia #BC #fire #smoke","created_at":"2021-08-09T14:15:43.000Z","public_metrics":{"retweet_count":2,"reply_count":0,"like_count":2,"quote_count":0},"id":"1424736151043194887","lang":"en"},{"author_id":"27100870","text":"Dixie Fire Now Second-largest in California History: More than 463,000 acres have been burned and 400 homes and commercial buildings destroyed. https://t.co/mVR1tH9LMT #wildfire @CAL_FIRE https://t.co/9dkm3vEKsW","attachments":{"media_keys":["3_1424735473495314436"]},"created_at":"2021-08-09T14:13:02.000Z","public_metrics":{"retweet_count":0,"reply_count":0,"like_count":1,"quote_count":0},"id":"1424735477756727302","lang":"en"},{"author_id":"19078972","text":"When to flee a #wildfire. Well, how are the roads? #wildfires https://t.co/nlZLm4Pqon","created_at":"2021-08-09T14:03:20.000Z","public_metrics":{"retweet_count":0,"reply_count":1,"like_count":2,"quote_count":0},"id":"1424733036143386624","lang":"en"},{"author_id":"22653760","text":"Fire-friendly weather to return to Northern California\n#Climate #Wildfire #CA\nhttps://t.co/YMY4BQTAaL","created_at":"2021-08-09T14:02:46.000Z","public_metrics":{"retweet_count":1,"reply_count":0,"like_count":0,"quote_count":0},"id":"1424732894241583116","lang":"en"},{"author_id":"1127312545243717632","text":"#California's second-largest #wildfire grows to near 500,000 acres; 3 hurt https://t.co/MDLHMtzKgc","created_at":"2021-08-09T14:02:13.000Z","public_metrics":{"retweet_count":0,"reply_count":0,"like_count":0,"quote_count":0},"id":"1424732752335757312","lang":"en"},{"author_id":"1415669261163319307","text":"@cynaegeirus Thank you neighbor for your help!!! #Turkey #Greece #forestfires #wildfire \n@MevlutCavusoglu","created_at":"2021-08-09T14:01:31.000Z","public_metrics":{"retweet_count":0,"reply_count":0,"like_count":1,"quote_count":0},"id":"1424732579891138562","lang":"en"},{"author_id":"1415669261163319307","text":"@NikosDendias @MevlutCavusoglu Thank you neighbor for your help!!! #Turkey #Greece #forestfires #wildfire \n@MevlutCavusoglu","created_at":"2021-08-09T14:00:43.000Z","public_metrics":{"retweet_count":0,"reply_count":0,"like_count":2,"quote_count":0},"id":"1424732376383561734","lang":"en"},{"author_id":"22653760","text":"Russia evacuates 2 villages in Siberia because of wildfires\n#Climate #Wildfire #Russia\nhttps://t.co/gMC0vXbpBR","created_at":"2021-08-09T14:00:33.000Z","public_metrics":{"retweet_count":1,"reply_count":0,"like_count":1,"quote_count":0},"id":"1424732334209728528","lang":"en"},{"author_id":"22653760","text":"Wildfires Blamed on Climate Change Are Devastating Greece\n#Climate #Wildfire #Greece\nhttps://t.co/1qX5NEBKYV","created_at":"2021-08-09T13:58:23.000Z","public_metrics":{"retweet_count":5,"reply_count":0,"like_count":14,"quote_count":1},"id":"1424731787394125824","lang":"en"},{"author_id":"22653760","text":"107 large wildfires rage across West as \"dangerous\" heat wave looms\n#Climate #Recordbreaking #Wildfire\nhttps://t.co/ubLHZqOjrf","created_at":"2021-08-09T13:56:40.000Z","public_metrics":{"retweet_count":0,"reply_count":0,"like_count":0,"quote_count":1},"id":"1424731359218524163","lang":"en"},{"author_id":"908799199361273856","text":"The latest The Pub-Ed Shed! https://t.co/BhISvd6J0p Thanks to @lwffire #recall #wildfire","created_at":"2021-08-09T13:52:03.000Z","public_metrics":{"retweet_count":0,"reply_count":0,"like_count":1,"quote_count":0},"id":"1424730194254913537","lang":"en"},{"author_id":"270473255","text":"At 77-years-young, the best birthday presents are the ones that you can't put a price tag on. #OnlyYou #Wildfire @smokey_bear https://t.co/CA7v1rol0S","attachments":{"media_keys":["3_1418323065453170690"]},"created_at":"2021-08-09T13:52:00.000Z","public_metrics":{"retweet_count":1,"reply_count":0,"like_count":14,"quote_count":0},"id":"1424730181835665415","lang":"en"},{"author_id":"49413866","text":"Ritsopi Panayiota, 81, reacts to the #wildfire reaching her home on Evia Island, #Greece yesterday.\n\nPhoto by Konstantinos Tsakalidis\n\n#climatechange #ClimateEmergency #GlobalWarming https://t.co/Gd4MOAvIye","attachments":{"media_keys":["3_1424730136906108945"]},"created_at":"2021-08-09T13:51:50.000Z","public_metrics":{"retweet_count":7,"reply_count":0,"like_count":17,"quote_count":1},"id":"1424730141674987520","lang":"en"},{"author_id":"1332453464169979915","text":"Dixie Fire Due to #globalwarming  \n\nKindling\nBy burning gasoline, oil, methane &amp; coal we set up #heat &amp; #drought in 50% of US\n\nSpark\n#wildfire Heat sets up 17,000 lightning strikes in Lytton, Canada\n\nReuters, report context &amp; facts\nVs. omit key info \nOr we choose harm\n@KHayhoe https://t.co/bTWsBe8XnI","created_at":"2021-08-09T13:48:16.000Z","public_metrics":{"retweet_count":0,"reply_count":0,"like_count":0,"quote_count":0},"id":"1424729244945600512","lang":"en"},{"author_id":"2253921944","text":"#Turkey #Wildfire in California engulfs sky causing locals to evacuate https://t.co/SW9yZOavZr","created_at":"2021-08-09T13:45:36.000Z","public_metrics":{"retweet_count":0,"reply_count":0,"like_count":0,"quote_count":0},"id":"1424728574515363847","lang":"en"},{"author_id":"486977428","text":"If you started following me for baseball content, I regret to inform you I'm off vacation and the #wildfire grousing will now resume. Latest on the #DixieFire, with I'm sure more to come today. https://t.co/ZF6mKkyoCF","created_at":"2021-08-09T13:45:17.000Z","public_metrics":{"retweet_count":0,"reply_count":1,"like_count":3,"quote_count":0},"id":"1424728491296129042","lang":"en"},{"author_id":"2436641581","text":"#Wildfire aid to #Greece: \uD83D\uDE4F https://t.co/XUFMRK65VD","attachments":{"media_keys":["3_1424727690406514692"]},"created_at":"2021-08-09T13:42:06.000Z","public_metrics":{"retweet_count":8,"reply_count":0,"like_count":23,"quote_count":0},"id":"1424727693224984577","lang":"en"},{"author_id":"4193245872","text":"Democratize wildfire risk data like we did for flood? Yes! We have begun to quantify climate-driven wildfire risk for every US property, partnering with the @Pyregence Consortium.\n\nhttps://t.co/NKJJsu9s64  \n\n#climatechange #climaterisk #wildfire #firerisk","created_at":"2021-08-09T13:32:18.000Z","public_metrics":{"retweet_count":2,"reply_count":0,"like_count":5,"quote_count":0},"id":"1424725226248626178","lang":"en"},{"author_id":"143142203","text":"#California’s second-largest #Wildfire grows to near 500,000 acres; 3 hurt\n\n#US  #DixieFire\nhttps://t.co/7jTPVNlLCD https://t.co/usQd96hQFy","attachments":{"media_keys":["3_1424725153506803713"]},"created_at":"2021-08-09T13:32:12.000Z","public_metrics":{"retweet_count":0,"reply_count":0,"like_count":3,"quote_count":0},"id":"1424725201040855041","lang":"en"},{"author_id":"117116315","text":"\uD83C\uDF99️ In case you missed it: Listen to FPInnovations' Wildfire Operations Manager and expert Michael Benson speak with @John_L_Daly on Global News' 980 @CKNW \uD83D\uDCFB\n\nhttps://t.co/IV1VLWSvKK\n\n#wildfire #BCwildfires #globalnews","created_at":"2021-08-09T13:30:39.000Z","public_metrics":{"retweet_count":0,"reply_count":0,"like_count":0,"quote_count":0},"id":"1424724810211463169","lang":"en"},{"author_id":"38833974","text":".@usda_oce Wx: West, any showers are limited to southeastern #Arizona. \n\nMeanwhile in northern California, the #DixieFire has destroyed more than 500 structures and has scorched well over 460,000 acres of vegetation, becoming the second-largest #wildfire in modern state history.","created_at":"2021-08-09T13:28:54.000Z","public_metrics":{"retweet_count":0,"reply_count":1,"like_count":1,"quote_count":0},"id":"1424724371248136192","lang":"en"},{"author_id":"4892537104","text":"Thank you neighbor for your help!!! #Turkey #Greece #forestfires #wildfire @MevlutCavusoglu https://t.co/E5b8wiNUdG","created_at":"2021-08-09T13:18:31.000Z","public_metrics":{"retweet_count":0,"reply_count":0,"like_count":8,"quote_count":0},"id":"1424721756682690560","lang":"en"},{"author_id":"15147301","text":"\uD83D\uDFE0 Parts of the massive #wildfire\uD83D\uDD25 on Evia Island, #Greece\uD83C\uDDEC\uD83C\uDDF7 8 August 2021 #Copernicus\uD83C\uDDEA\uD83C\uDDFA #Sentinel-2\uD83D\uDEF0️ Full-size ➡️ https://t.co/ZVNq0ryeWB #RemoteSensing #OpenData #scicomm #Εύβοια #φωτια_ευβοιας https://t.co/wpnajiI6si","attachments":{"media_keys":["3_1424718619645206538"]},"created_at":"2021-08-09T13:13:30.000Z","public_metrics":{"retweet_count":78,"reply_count":5,"like_count":167,"quote_count":11},"id":"1424720494121689088","lang":"en"},{"author_id":"1703594516","text":"I hope everyone stays safe. \uD83D\uDE4F this is bananas. #prayers #wildfire https://t.co/ExVpT48EiQ","created_at":"2021-08-09T13:08:49.000Z","public_metrics":{"retweet_count":0,"reply_count":0,"like_count":0,"quote_count":0},"id":"1424719317346754561","lang":"en"},{"author_id":"1066321756372250624","text":"What is global warming? Losing your house to a #wildfire,  not enough water to drink or grow food, devastating #floods, political #instability, tropical diseases everywhere, not being able to sweat and cool your body. Not enough oxygen in the oceans. Massive, preventable deaths. https://t.co/n9TzznBixM","created_at":"2021-08-09T13:05:00.000Z","public_metrics":{"retweet_count":0,"reply_count":0,"like_count":0,"quote_count":0},"id":"1424718353084690445","lang":"en"},{"author_id":"1216973460489920512","text":"#California #wildfire now second-worst in state history \n\nhttps://t.co/bwWkRzGRSy \n\nJoin Qoneqt. First Verified Social Community Platform. #qoneqt #bsocial #socialcommunity #buildingacommunity #growwithqoneqt #goat #verified #platform #JoinUs #joinnow #CaliforniaFires #LosAngeles","created_at":"2021-08-09T13:01:00.000Z","public_metrics":{"retweet_count":0,"reply_count":0,"like_count":1,"quote_count":0},"id":"1424717347605172230","lang":"en"},{"author_id":"38833974","text":"\"#Wildfire Statistics,\" Congressional Research Service, https://t.co/q1omXsWfR6 https://t.co/wBJ8XViG2h","attachments":{"media_keys":["3_1424716291470921729"]},"created_at":"2021-08-09T12:56:50.000Z","public_metrics":{"retweet_count":1,"reply_count":0,"like_count":3,"quote_count":0},"id":"1424716300727771137","lang":"en"},{"author_id":"38833974","text":"California's #DixieFire has become the state’s second-largest #wildfire ever https://t.co/LBC34BsKxK","created_at":"2021-08-09T12:53:35.000Z","public_metrics":{"retweet_count":1,"reply_count":0,"like_count":0,"quote_count":1},"id":"1424715480758108162","lang":"en"},{"author_id":"1336828585525399552","text":"Suffering from wildfire smoke? Find ways to protect yourself in our latest blog, and share with a friend who needs to know: https://t.co/oZalRtxF5U\n\n#TiDOX #WildFire #CleanIndoorAir #AirPurifier #AirCleaner #IAQ #IndoorAirQuality https://t.co/xzAXUVL8CM","attachments":{"media_keys":["3_1423418512194772996"]},"created_at":"2021-08-09T12:50:00.000Z","public_metrics":{"retweet_count":0,"reply_count":0,"like_count":0,"quote_count":0},"id":"1424714579305771015","lang":"en"},{"author_id":"824332206952714240","text":"#airquality #wildfire\n\nWe stayed inside yesterday, and will likely do the same today. Hopefully it will clear out of at least southern Colorado by tomorrow. \n\nIf you can’t see 5 miles, get indoors. https://t.co/q418gTyUZe","created_at":"2021-08-09T12:49:01.000Z","public_metrics":{"retweet_count":5,"reply_count":2,"like_count":25,"quote_count":0},"id":"1424714330809978882","lang":"en"},{"author_id":"38858909","text":"#Wildfire Dixie Fire https://t.co/XeGhRflDZJ","created_at":"2021-08-09T12:40:54.000Z","public_metrics":{"retweet_count":0,"reply_count":0,"like_count":0,"quote_count":0},"id":"1424712288959877125","lang":"en"},{"author_id":"824332206952714240","text":"#wildfire #California #DixieFire https://t.co/671UAzjCPp","created_at":"2021-08-09T12:37:10.000Z","public_metrics":{"retweet_count":6,"reply_count":1,"like_count":21,"quote_count":0},"id":"1424711352686452737","lang":"und"},{"author_id":"2842679705","text":"PAPER ACCEPTED: Short-term positive effects of #wildfire on diurnal insects and pollen transport in a Mediterranean ecosystem @Ecol_Ent, led by Paula Banza @ARochaPortugal with @Macgregor_Cal, Renata Medeiros, Anabela Belo &amp; @DarrenMarkEvans","created_at":"2021-08-09T12:36:10.000Z","public_metrics":{"retweet_count":3,"reply_count":0,"like_count":10,"quote_count":1},"id":"1424711099472097283","lang":"en"},{"author_id":"91357634","text":"Happy Birthday #SmokeyBear! \uD83C\uDF89 Honor Smokey’s big day by sharing the 5 rules of #wildfire prevention: https://t.co/NhFYTqCjvE","created_at":"2021-08-09T12:34:08.000Z","public_metrics":{"retweet_count":0,"reply_count":0,"like_count":1,"quote_count":0},"id":"1424710585770467328","lang":"en"},{"author_id":"2313865992","text":"1/2 #activists oraz #politicians lubią \n@TimmermansEU, podczas gdy nikt nie tweetuje o najniebezpieczniejszych i największych na świecie #wildfire : te w #Siberia . Nikt nie wywiera presji #Putin NS #permafrost stopi się, co spowoduje uwolnienie toksycznych gazów. https://t.co/dXjncY0wTn","created_at":"2021-08-09T12:31:35.000Z","public_metrics":{"retweet_count":1,"reply_count":0,"like_count":1,"quote_count":0},"id":"1424709944088088579","lang":"pl"},{"author_id":"52571677","text":"All but 2 fires in #Turkey under control\n\nTurkey has brought put out all forest fires, except in #Milas &amp; #Koycegiz.\nEfforts continue from land &amp; air in 2 districts of #Mugla.\nKemerkoy power plant has started generating electricity after a #WildFire forced its shutdown. https://t.co/TIDqNVnKer","attachments":{"media_keys":["3_1424709476347781120"]},"created_at":"2021-08-09T12:30:22.000Z","public_metrics":{"retweet_count":1,"reply_count":0,"like_count":1,"quote_count":0},"id":"1424709637463584771","lang":"en"},{"author_id":"436137944","text":"Equivalent to 170 tonnes of CO2 (methane, nitrous oxide) is released per hectare forest #wildfire. If you want to fight #climatechange you need to fight deforestation and wildfires. Many of these fires are caused by mismanagement or greed. #Greece #Turkey #Italy","created_at":"2021-08-09T12:22:52.000Z","public_metrics":{"retweet_count":0,"reply_count":0,"like_count":0,"quote_count":0},"id":"1424707753621311491","lang":"en"},{"author_id":"22684987","text":"Thread on raging #COVID19 #wildfire in #Louisiana. Some of these children are eligible for vaccination but have not gotten the shot. https://t.co/0VT4ypr1Ce","created_at":"2021-08-09T12:20:41.000Z","public_metrics":{"retweet_count":0,"reply_count":0,"like_count":0,"quote_count":0},"id":"1424707200623206409","lang":"en"},{"author_id":"25741230","text":"Η καταστροφή φέτος στο δάσος στην Ελλάδα είναι τεράστια. Αλλά ΟΧΙ Σύντροφοι. Η εικόνα της απόλυτης καταστροφής, είναι 102 νεκροί στο μάτι. Η εικόνα της απόλυτης καταστροφής είναι οι φωτογραφίες από το μάτι. Όλα τα άλλα τα κάνετε για πολιτική εκμετάλλευση. #πυρκαγιές #wildfire https://t.co/tt7Xhsdiah","attachments":{"media_keys":["3_1424707063033204744"]},"created_at":"2021-08-09T12:20:11.000Z","public_metrics":{"retweet_count":0,"reply_count":0,"like_count":0,"quote_count":0},"id":"1424707077935493123","lang":"el"},{"author_id":"196978992","text":"\"日本ではオリンピックに浮かれていた8月5日のニュース #気象異変 #熱波 #山火事 #AbnormalClimate #HeatWave #wildfire\"\nGreece wildfires: Thousands flee homes in Athens amid heatwave | ITV News https://t.co/pR0FXE6Wmk @YouTubeより","created_at":"2021-08-09T12:19:41.000Z","public_metrics":{"retweet_count":0,"reply_count":1,"like_count":0,"quote_count":1},"id":"1424706952290996227","lang":"ja"},{"author_id":"1180413396992319488","text":"Yes but ExxonMobil earned $2.7 billion in first quarter of 2021 so I guess it was worth it to their stockholders.\n\n#oilandgas #wildfire #environment #mondaythoughts  https://t.co/oZw20Kfrcv","created_at":"2021-08-09T12:18:55.000Z","public_metrics":{"retweet_count":2,"reply_count":1,"like_count":1,"quote_count":0},"id":"1424706755930599427","lang":"en"},{"author_id":"3146485272","text":"@DevinCow It's probably for the best that Devin lies low. If he says something it may challenge #CA04's @RepMcClintock for most insipid #wildfire comment (#DoNothingTom said that fighting #wildfires \"is not skilled labor.\").","created_at":"2021-08-09T12:18:49.000Z","public_metrics":{"retweet_count":0,"reply_count":0,"like_count":0,"quote_count":0},"id":"1424706731737698307","lang":"en"},{"author_id":"763336831295328256","text":"Shoutout to New AMS Radio for adding our song \"Rose Colored Glasses\" to their Spotify playlist.  To check it out, CLICK HERE:  https://t.co/34Jxck1gIj\n#Spotify #SpotifyPlaylist #spotifyartist #newmusic #wildfire #rosecoloredglasses #newmusicalert #playlist #playlistspotify https://t.co/7TNcpfiBrF","attachments":{"media_keys":["3_1424705776526974991"]},"created_at":"2021-08-09T12:15:10.000Z","public_metrics":{"retweet_count":7,"reply_count":2,"like_count":25,"quote_count":0},"id":"1424705813424312327","lang":"en"},{"author_id":"432606380","text":"For all who want to contribute from abroad \n\n#wildfire #GreeceFires #greeceisburning #Greecewildfires #φωτιες #φωτιά #πυρκαγιές #πυρκαγιά #greecefire #GreeceFires https://t.co/UK2O3ur1qa","attachments":{"media_keys":["3_1424705510943637506"]},"created_at":"2021-08-09T12:13:59.000Z","public_metrics":{"retweet_count":1,"reply_count":1,"like_count":0,"quote_count":0},"id":"1424705517268701184","lang":"en"},{"author_id":"196978992","text":"”ドイツで8月3日に流れていたニュース、#イタリア も！#トルコ も！ #熱波 #山火事 #HeartWave #wildfire”\nSouthern Europe wildfires: A climate threat? | DW News https://t.co/pea9dYKjVf @YouTubeより","created_at":"2021-08-09T12:07:14.000Z","public_metrics":{"retweet_count":0,"reply_count":0,"like_count":0,"quote_count":0},"id":"1424703818508341254","lang":"ja"},{"author_id":"472786972","text":"\uD83C\uDFA6〰️\uD83D\uDD25\uD83D\uDD17\uD83D\uDCA6  Greeks / Greece  Evia residents find shelter on ferry as wildfires raze forests and homes\n\n#Eviaisland #Greece #wildfire \n\nhttps://t.co/TZDdD4I1wN https://t.co/Hi3A8oUrS2","attachments":{"media_keys":["13_1424695757085593602"]},"created_at":"2021-08-09T12:05:14.000Z","public_metrics":{"retweet_count":2,"reply_count":0,"like_count":5,"quote_count":0},"id":"1424703314550272001","lang":"en"},{"author_id":"1355032853806010371","text":"#Turkey people are struggling with #wildfire https://t.co/OrV6VtzGhu","attachments":{"media_keys":["3_1424702040194887680"]},"created_at":"2021-08-09T12:01:03.000Z","public_metrics":{"retweet_count":0,"reply_count":0,"like_count":8,"quote_count":0},"id":"1424702261310152705","lang":"en"},{"author_id":"1095801982718300165","text":"Only two wildfires are yet to be taken under control in Turkey #wildfire #Turkey \n\nhttps://t.co/vHrjO455up","created_at":"2021-08-09T12:00:49.000Z","public_metrics":{"retweet_count":0,"reply_count":0,"like_count":3,"quote_count":0},"id":"1424702201457434639","lang":"en"},{"author_id":"793388868","text":"Sheep, cats and dogs: Field hospital treats over 350 animals after wildfires\n#turkey #wildfire \nhttps://t.co/8dxRObCv6d https://t.co/3lsNLlVDoa","attachments":{"media_keys":["13_1424701274205966341"]},"created_at":"2021-08-09T12:00:40.000Z","public_metrics":{"retweet_count":9,"reply_count":1,"like_count":19,"quote_count":1},"id":"1424702163327111169","lang":"en"},{"author_id":"789451360911626240","text":"Video shows a hidden camera capturing an arsonist starting a fire in the countryside near #Montesarchio, a town some 50 kilometers from #Naples in #Italy.\n\n#arson #wildfire #wildfire #ecocide #anews https://t.co/w48gdTz46r","attachments":{"media_keys":["13_1424695801956257793"]},"created_at":"2021-08-09T12:00:01.000Z","public_metrics":{"retweet_count":8,"reply_count":0,"like_count":5,"quote_count":0},"id":"1424702003247292417","lang":"en"},{"author_id":"2284671942","text":"Dixie Fire Now 2nd Largest Wildfire In State History\n#dixie #wildfire #california \nhttps://t.co/Ik6m6VhjWT","created_at":"2021-08-09T11:59:11.000Z","public_metrics":{"retweet_count":0,"reply_count":0,"like_count":0,"quote_count":0},"id":"1424701790214410247","lang":"en"},{"author_id":"92829154","text":"Totally right\n#megafires\n#fire #wildfire #nextGerenarionFires https://t.co/qGzdt3fDX6","created_at":"2021-08-09T11:46:04.000Z","public_metrics":{"retweet_count":0,"reply_count":0,"like_count":0,"quote_count":0},"id":"1424698490303692801","lang":"en"},{"author_id":"934399189","text":"Evia residents find shelter on ferry as wildfires raze forests and homes\n\n#Eviaisland #Greece #wildfire\n\nFULL STORY: https://t.co/4bf1GlFyTG https://t.co/bZzEY5IQU5","attachments":{"media_keys":["13_1424695757085593602"]},"created_at":"2021-08-09T11:45:53.000Z","public_metrics":{"retweet_count":8,"reply_count":1,"like_count":18,"quote_count":0},"id":"1424698445139480580","lang":"en"},{"author_id":"867896844852101121","text":"Three-week-old wildfire engulfs Northern California mountain town\nHeatMap Column 4&gt; https://t.co/xddBncGGkR\n  #Wildfires #Wildfire https://t.co/5lLN5TdCzn","attachments":{"media_keys":["3_1424697977147252754"]},"created_at":"2021-08-09T11:44:02.000Z","public_metrics":{"retweet_count":0,"reply_count":0,"like_count":0,"quote_count":0},"id":"1424697979483553800","lang":"en"},{"author_id":"1515754044","text":"\uD83D\uDD25 #ICYMI @MathesonMichael @MairiGougeon @MairiMcAllan - #Muirburn is playing a vital role in #wildfire mitigation by creating fire breaks &amp; reducing fuel loads on moorland across Scotland. ⬇️ All the more significant in the context of today’s @IPCC_CH #ClimateReport. @BASCnews https://t.co/E3R17MAVW4 https://t.co/RcaNlqa1gB","attachments":{"media_keys":["3_1424697839431700486"]},"created_at":"2021-08-09T11:43:30.000Z","public_metrics":{"retweet_count":1,"reply_count":0,"like_count":4,"quote_count":0},"id":"1424697847031771137","lang":"en"},{"author_id":"944305715895848960","text":"Escape from Hell\n\n\uD83D\uDD25\uD83D\uDD25\uD83D\uDD25\n@JerseyKidPicks \n\n#HallOfFame #GamblingTwitter  #sports #extreme #wildfire #wallstreet  #stockmarket  #jerseyshore #newjersey #lawyers  #bankers #realtors  #Doctors  #newyorkcity  \n\nhttps://t.co/tp7UubR2eL https://t.co/GJ2A1gyEKW","attachments":{"media_keys":["7_1105239377314230272"]},"created_at":"2021-08-09T11:43:17.000Z","public_metrics":{"retweet_count":8,"reply_count":1,"like_count":10,"quote_count":0},"id":"1424697789565575169","lang":"en"},{"author_id":"1127312545243717632","text":"Helping the helpless as #Greece battles with raging #wildfire for the sixth day https://t.co/3Akhad489H","created_at":"2021-08-09T11:40:59.000Z","public_metrics":{"retweet_count":1,"reply_count":0,"like_count":0,"quote_count":0},"id":"1424697210336382978","lang":"en"},{"author_id":"1259622630","text":"Forest fires in Greece: Flaming solidarity\nAuthor: Tina Pfaeffle (Christina Pfäffle) for the german newspaper #taz #greecestagram #greece #greecefire #forestfire #wildfire #fires #prayforgreece #φωτιά #greeceisburning https://t.co/UV5v0r7SQH","created_at":"2021-08-09T11:40:12.000Z","public_metrics":{"retweet_count":0,"reply_count":0,"like_count":0,"quote_count":0},"id":"1424697015468974090","lang":"en"},{"author_id":"2149769419","text":"Residents do their daily grocery shopping amidst thick smoke during a #wildfire at the village of Istiaia on the island of #Evia, #Greece. Dozens of large #fires have affected several areas across the country. \uD83D\uDCF7 epa / ANA-MPA / Kostas Tsironis \n\n#wildfires #epaphotos https://t.co/fk5k61xEIg","attachments":{"media_keys":["3_1424696465641902082"]},"created_at":"2021-08-09T11:38:33.000Z","public_metrics":{"retweet_count":3,"reply_count":0,"like_count":9,"quote_count":0},"id":"1424696598420938763","lang":"en"},{"author_id":"21748182","text":"Hier moet je toch eigenlijk van huilen. Mannetje staat zich de pleuris te werken. #Griekenland #Evia #bosbrand #wildfire https://t.co/UbMSOIVM1G","created_at":"2021-08-09T11:34:58.000Z","public_metrics":{"retweet_count":0,"reply_count":0,"like_count":1,"quote_count":0},"id":"1424695695735500813","lang":"nl"},{"author_id":"1141047558","text":"#Wildfire on #Evia at a close distance from the town of #Istiea\n\nhttps://t.co/S2hzFQJVYJ","created_at":"2021-08-09T11:34:31.000Z","public_metrics":{"retweet_count":3,"reply_count":0,"like_count":4,"quote_count":0},"id":"1424695583114137604","lang":"en"},{"author_id":"1415349497023115265","text":"Saskatchewan Daily Wildfire Situation Map\n\nUpdate Detected: 09 Aug 2021 05:32 AM CST\n\nMore info at: https://t.co/zOnT69VEic\n\n#sk #wildfire #skwildfire https://t.co/XHF6TFONYZ","attachments":{"media_keys":["3_1424695029453447172"]},"created_at":"2021-08-09T11:32:20.000Z","public_metrics":{"retweet_count":0,"reply_count":0,"like_count":0,"quote_count":0},"id":"1424695033152815104","lang":"en"},{"author_id":"740140942343163904","text":"German Forest Summit: 3 ways to revive dying woods\n\nMore German forest died in 2020 than any other year — even if spared the wildfires now blazing through southern Europe. Experts are debating solutions.\n\nhttps://t.co/oT2pNMdtRD\n\n#forestry #woodland #wildfire #climatechange https://t.co/NIY195aDTW","attachments":{"media_keys":["3_1424693198094471181"]},"created_at":"2021-08-09T11:25:03.000Z","public_metrics":{"retweet_count":0,"reply_count":0,"like_count":2,"quote_count":0},"id":"1424693200434999300","lang":"en"}],"includes":{"media":[{"media_key":"3_1424753595581358082","type":"photo","url":"https://pbs.twimg.com/media/E8W92LUWYAI0fDD.jpg"},{"media_key":"3_1424752380332158985","type":"photo","url":"https://pbs.twimg.com/media/E8W8vcKXMAk0h15.jpg"},{"media_key":"3_1424751486945435649","type":"photo","url":"https://pbs.twimg.com/media/E8W77cCXoAElOCc.jpg"},{"media_key":"3_1424751183336333312","type":"photo","url":"https://pbs.twimg.com/media/E8W7pxAUYAA9PT0.jpg"},{"media_key":"3_1424749825229271041","type":"photo","url":"https://pbs.twimg.com/media/E8W6atqXMAEvoF1.jpg"},{"media_key":"3_1424747004136202240","type":"photo","url":"https://pbs.twimg.com/media/E8W32gRXIAAWpdX.jpg"},{"media_key":"3_1424747652185460744","type":"photo","url":"https://pbs.twimg.com/media/E8W4cOcWEAgNayG.jpg"},{"media_key":"3_1423691716394196996","type":"photo","url":"https://pbs.twimg.com/media/E8H4ErFXoAQ67uB.jpg"},{"media_key":"7_1424744688762953732","public_metrics":{"view_count":5806},"type":"video"},{"media_key":"3_1424745608888295436","type":"photo","url":"https://pbs.twimg.com/media/E8W2lSkVoAwVNPK.jpg"},{"media_key":"13_1424742672120549380","public_metrics":{"view_count":2639},"type":"video"},{"media_key":"3_1424742271816241153","type":"photo","url":"https://pbs.twimg.com/media/E8WzjDAXEAEZwLM.jpg"},{"media_key":"3_1424739838977318920","type":"photo","url":"https://pbs.twimg.com/media/E8WxVb-XIAgiD2S.jpg"},{"media_key":"3_1422378983291826180","type":"photo","url":"https://pbs.twimg.com/media/E71OJjMXMAQ8jdh.jpg"},{"media_key":"3_1424739026024685570","type":"photo","url":"https://pbs.twimg.com/media/E8WwmHfWYAI9Q7W.jpg"},{"media_key":"3_1180498098348388352","type":"photo","url":"https://pbs.twimg.com/media/EGH4xBIUcAAr9W-.jpg"},{"media_key":"3_1424736777726742534","type":"photo","url":"https://pbs.twimg.com/media/E8WujP7WUAY70OE.jpg"},{"media_key":"3_1424735473495314436","type":"photo","url":"https://pbs.twimg.com/media/E8WtXVSWEAQB7Se.jpg"},{"media_key":"3_1418323065453170690","type":"photo","url":"https://pbs.twimg.com/media/E67lUD0UUAIzdnW.jpg"},{"media_key":"3_1424730136906108945","type":"photo","url":"https://pbs.twimg.com/media/E8Wogs8VEBEnTDp.jpg"},{"media_key":"3_1424727690406514692","type":"photo","url":"https://pbs.twimg.com/media/E8WmSTBX0AQwlz4.jpg"},{"media_key":"3_1424725153506803713","type":"photo","url":"https://pbs.twimg.com/media/E8Wj-oVWQAEjTL8.png"},{"media_key":"3_1424718619645206538","type":"photo","url":"https://pbs.twimg.com/media/E8WeCTzWYAoDUE0.jpg"},{"media_key":"3_1424716291470921729","type":"photo","url":"https://pbs.twimg.com/media/E8Wb6yrWEAEiM-y.jpg"},{"media_key":"3_1423418512194772996","type":"photo","url":"https://pbs.twimg.com/media/E8D_mGIVoAQrjB8.jpg"},{"media_key":"3_1424709476347781120","type":"photo","url":"https://pbs.twimg.com/media/E8WVuGXXoAAMd-I.png"},{"media_key":"3_1424707063033204744","type":"photo","url":"https://pbs.twimg.com/media/E8WThoEVkAg19_2.jpg"},{"media_key":"3_1424705776526974991","type":"photo","url":"https://pbs.twimg.com/media/E8WSWvdWYA8ID-f.jpg"},{"media_key":"3_1424705510943637506","type":"photo","url":"https://pbs.twimg.com/media/E8WSHSFWQAI8GAR.jpg"},{"media_key":"13_1424695757085593602","public_metrics":{"view_count":6377},"type":"video"},{"media_key":"3_1424702040194887680","type":"photo","url":"https://pbs.twimg.com/media/E8WO9QiXMAAuT-p.png"},{"media_key":"13_1424701274205966341","public_metrics":{"view_count":375},"type":"video"},{"media_key":"13_1424695801956257793","public_metrics":{"view_count":206},"type":"video"},{"media_key":"3_1424697977147252754","type":"photo","url":"https://pbs.twimg.com/media/E8WLQwgUYBIteLC.png"},{"media_key":"3_1424697839431700486","type":"photo","url":"https://pbs.twimg.com/media/E8WLIveX0AY9sXy.jpg"},{"media_key":"7_1105239377314230272","public_metrics":{"view_count":507},"type":"video"},{"media_key":"3_1424696465641902082","type":"photo","url":"https://pbs.twimg.com/media/E8WJ4xtXEAIGhVv.jpg"},{"media_key":"3_1424695029453447172","type":"photo","url":"https://pbs.twimg.com/media/E8WIlLfWYAQnJQC.jpg"},{"media_key":"3_1424693198094471181","type":"photo","url":"https://pbs.twimg.com/media/E8WG6lJWEA0yN7-.jpg"}]},"meta":{"newest_id":"1424753597330436108","oldest_id":"1424693200434999300","result_count":100,"next_token":"b26v89c19zqg8o3fpdm85l3l88vcod65h26hjg6zzu16l"}}