{"data":[{"created_at":"2021-08-09T11:17:40.000Z","text":"⚠ #Samaria gorge will remain closed till Friday, August 13th due to the risk of a #wildfire caused by the extremely high temperatures in the area.\n\n#VisitCrete #Crete #Greece https://t.co/3btDJhImPg","lang":"en","author_id":"64686970","attachments":{"media_keys":["3_1424691336909791248"]},"public_metrics":{"retweet_count":3,"reply_count":1,"like_count":1,"quote_count":0},"id":"1424691342223962113"},{"created_at":"2021-08-09T11:09:05.000Z","text":"#Wildfire Scorches the Greek Island of #Evia @nytvideo https://t.co/vfBDkfwD05","lang":"en","author_id":"136047950","public_metrics":{"retweet_count":0,"reply_count":0,"like_count":0,"quote_count":0},"id":"1424689185378684930"},{"created_at":"2021-08-09T11:06:30.000Z","text":"@NFCC_FireChiefs @BBCBreakfast Excellent stuff. Stay safe everyone.\n\nBuilds upon the bilateral agreement between @FCDOGovUK and Hellenic Fire Corps in 2018 when @ForestryComm sent a #wildfire recovery team to support after the #Mati incident.\n\nStanding ready to support @NFCC_FireChiefs \n\n@ukingreece https://t.co/XIf8qTndZh","lang":"en","author_id":"807693841","attachments":{"media_keys":["3_1424688527497904136"]},"public_metrics":{"retweet_count":0,"reply_count":0,"like_count":2,"quote_count":0},"id":"1424688535425196032"},{"created_at":"2021-08-09T11:04:38.000Z","text":"Βαρυπόμπη: Η επόμενη μέρα θα αργήσει\nDrone από ψηλά - Όλα καμμένα όσο πάει το μάτι... #πυρκαγιες #PrayForGreece #wildfire #savegreece #saveonetree https://t.co/PiOUpCb0xR","lang":"el","author_id":"1423987177470431232","attachments":{"media_keys":["7_1424687437733933057"]},"public_metrics":{"retweet_count":0,"reply_count":1,"like_count":4,"quote_count":1},"id":"1424688061753999369"},{"created_at":"2021-08-09T11:00:00.000Z","text":"#OTD 1944: The US @forestservice and the Wartime Advertising Council launch their forest fire campaign with their new mascot, Smokey the Bear. The icon was so popular it endures today, because only you can prevent forest fires\n\n#History #SmokeytheBear #forests #nature #wildfire https://t.co/dhqCK23JKd","lang":"en","author_id":"4876592478","attachments":{"media_keys":["3_1424439676887355393"]},"public_metrics":{"retweet_count":0,"reply_count":0,"like_count":3,"quote_count":0},"id":"1424686897822056450"},{"created_at":"2021-08-09T10:59:31.000Z","text":".@CUK_RSM presents #NICS system for #wildfire data monitoring\nhttps://t.co/IcPrbSLwaC","lang":"no","author_id":"2735058706","public_metrics":{"retweet_count":0,"reply_count":0,"like_count":0,"quote_count":0},"id":"1424686774316670976"},{"created_at":"2021-08-09T10:55:22.000Z","text":"(MOSCOW) #Wildfire Report: The smoke from the fires in Russia’s northeast is so thick it has blotted out the sun, plunging swaths of the region into darkness during the brief summer #AceNewsDesk report https://t.co/sXJCbgGseZ","lang":"en","author_id":"14761622","public_metrics":{"retweet_count":0,"reply_count":0,"like_count":0,"quote_count":0},"id":"1424685733638545408"},{"created_at":"2021-08-09T10:53:30.000Z","text":"#ClimateCatastrophe #ClimateHorror is how it looks from the \uD83D\uDEA2 No one expected the magnitude of #wildfire #greeceisburning \"a horrific reality\" #ClimateEmergency #COP26 #ActOnClimate #ClimateJustice #GlobalWarming #ParisAgreement #ecosystems #Fires #wildfires \uD83D\uDE37 https://t.co/KKwL5daItD","lang":"en","author_id":"1288229988429266944","public_metrics":{"retweet_count":0,"reply_count":0,"like_count":0,"quote_count":0},"id":"1424685263888945157"},{"created_at":"2021-08-09T10:40:20.000Z","text":"ترکی کے ٹرین ڈرائیور کی شاندار خدمات\nٹرین سیواس کے جنگلوں سے گزر رہی تھی جب ڈرائیور نے جنگل میں کچھ درختوں کو دیکھا جہاں آگ لگی تھی\nڈرائیور نے ٹرین روک کر پہلے آگ بجھائی اور جب آگ مکمل طور پر ختم ہو گئی تو ڈرائیور نے ٹرین آگے بڑھائی\n\n#TurkeyIsOnFire #TurkeyBurning #wildfire #Fire https://t.co/VdCb0xJrr4","lang":"ur","author_id":"1334466081851838465","attachments":{"media_keys":["7_1424681498725265418"]},"public_metrics":{"retweet_count":0,"reply_count":1,"like_count":1,"quote_count":0},"id":"1424681947587039233"},{"created_at":"2021-08-09T10:25:53.000Z","text":"After a wildfire in Turkey, it rained! Alhamdulilah♥\n#turkey #salat #wildfire #fire https://t.co/ZDsyel81qG","lang":"en","author_id":"1284698427603988482","attachments":{"media_keys":["3_1424678308894085121"]},"public_metrics":{"retweet_count":0,"reply_count":2,"like_count":9,"quote_count":0},"id":"1424678311616262145"},{"created_at":"2021-08-09T10:15:10.000Z","text":"Morning everyone. Hope you had a good weekend - bit rainy wasn't it?! Set to get a bit sunnier for the next few days in the UK at least. Meantime sending our love and support to any #wildfire areas affecting our US and Canadian friends. Keep safe x","lang":"en","author_id":"258845182","public_metrics":{"retweet_count":0,"reply_count":0,"like_count":0,"quote_count":0},"id":"1424675617216385029"},{"created_at":"2021-08-09T10:14:49.000Z","text":"Morning everyone. Hope you had a good weekend - bit rainy wasn't it?! Set to get a bit sunnier for the next few days in the UK at least. Meantime sending our love and support to any #wildfire areas affecting our US and Canadian friends. Keep safe x","lang":"en","author_id":"250158926","public_metrics":{"retweet_count":0,"reply_count":0,"like_count":0,"quote_count":0},"id":"1424675528376791041"},{"created_at":"2021-08-09T10:10:31.000Z","text":"ترکی کے ایک دیہات کا منظر\nیہاں ہزاروں ایکڑ وسیع رقبے پر سورج مُکھی کی فصل تیار ہو چکی ہے\nہرے بھرے کھیتوں میں پیلے رنگ کے سورج مکھی کے پھول ایک دلفریب منظر پیش کر رہے ہیں\nترکی پھولوں کی تجارت سے سالانہ اربوں ڈالر کا زرمبادلہ کما رہا ہے\n\n#sunflowers #Turkey #TurkeyBurning #wildfire https://t.co/tLD6ZSK0g9","lang":"ur","author_id":"1334466081851838465","attachments":{"media_keys":["7_1424673541279059971"]},"public_metrics":{"retweet_count":1,"reply_count":0,"like_count":2,"quote_count":0},"id":"1424674443817897985"},{"created_at":"2021-08-09T10:08:45.000Z","text":"Greece wildfires: Devastation continues as over 2000 residents evacuated from the second largest island in the country #firenews #firesafety #fireindustry #wildfire #firstresponders https://t.co/GZxAN2OzeQ","lang":"en","author_id":"1265983275434160129","public_metrics":{"retweet_count":0,"reply_count":0,"like_count":0,"quote_count":0},"id":"1424673998856671233"},{"created_at":"2021-08-09T10:03:00.000Z","text":"Brände in Griechenland außer Kontrolle - Waldbrände jetzt auch in Bosnien und Herzegowina\nhttps://t.co/iniYGUlBqW via @YouTube \n#wildfire #wildfires #News #NewsoftheWorld #NEWSUPDATE #NewsUpdates #Nachrichten","lang":"de","author_id":"1122558692472381440","public_metrics":{"retweet_count":0,"reply_count":0,"like_count":0,"quote_count":0},"id":"1424672554103590912"},{"created_at":"2021-08-09T10:02:01.000Z","text":"The monstrous Dixie Fire in northern California has grown to become the second-largest #wildfire in state history https://t.co/Y5Xp4a1Aar via @AFP","lang":"en","author_id":"2479789014","public_metrics":{"retweet_count":1,"reply_count":0,"like_count":1,"quote_count":0},"id":"1424672303883898886"},{"created_at":"2021-08-09T10:00:08.000Z","text":"Denver Records Worst Air Quality of Any Major City in World as Wildfires Burn\n\n#usa #denver #airquality #pollution #denver #fire #worstrecord #wildfire #savelife #saveearth\uD83C\uDF0D #gogreen #breathfree #motherearth #highest  #news #breakingnews https://t.co/0sgVeU3dPM","lang":"en","author_id":"1731384067","attachments":{"media_keys":["3_1424671830149894144"]},"public_metrics":{"retweet_count":0,"reply_count":0,"like_count":3,"quote_count":0},"id":"1424671832003813384"},{"created_at":"2021-08-09T10:00:08.000Z","text":"Denver Records Worst Air Quality of Any Major City in World as Wildfires Burn\n\n#usa #denver #airquality #pollution #denver #fire #worstrecord #wildfire #savelife #saveearth\uD83C\uDF0D #gogreen #breathfree #motherearth #highest  #news #breakingnews https://t.co/KhyxgRGTEl","lang":"en","author_id":"1731384067","attachments":{"media_keys":["3_1424671829814353925"]},"public_metrics":{"retweet_count":0,"reply_count":0,"like_count":4,"quote_count":0},"id":"1424671831362048001"},{"created_at":"2021-08-09T09:56:25.000Z","text":"Politically motivated int'l assistance: Pressure mounts for country A (#Germany with little to no #wildfire experience/expertise) to send \"help\" to country B (#Greece who is experienced in fighting #fires). There is a time &amp; place for exchange of expertise\nhttps://t.co/TCyIttk3d7","lang":"en","author_id":"392556471","public_metrics":{"retweet_count":6,"reply_count":1,"like_count":21,"quote_count":2},"id":"1424670898083225608"},{"created_at":"2021-08-09T09:52:32.000Z","text":"1/2 #activists and #politicians like @TimmermansEU  are ramping up because of #wildfires &amp; #flood, while no one tweets about most dangerous &amp; world's largest #wildfire: those in #Siberia. No one puts pressure on #Putin as #permafrost goes to melt, which will release toxic gases.","lang":"en","author_id":"1323870952367837192","public_metrics":{"retweet_count":0,"reply_count":1,"like_count":0,"quote_count":1},"id":"1424669920005140484"},{"created_at":"2021-08-09T09:48:02.000Z","text":"#PlanetOnFire ANOTHER #heatwave will build over hard-hit British Columbia this week\n\nheat will lead to another spell of DANGEROUS #wildfire conditions #bcstorm #BCWildfires #bcpoli #LNG #bcndp #lngcanada LNG BC Canada\n\nhttps://t.co/QZcANBeEwt","lang":"en","author_id":"27049579","public_metrics":{"retweet_count":8,"reply_count":0,"like_count":4,"quote_count":0},"id":"1424668787123527684"},{"created_at":"2021-08-09T09:45:00.000Z","text":"Residents evacuate to mainland by ferry as wildfires continue to burn in #Evia\n#Greece #wildfire https://t.co/KQQpfUo1Tz","lang":"en","author_id":"934399189","attachments":{"media_keys":["13_1424660344274886657"]},"public_metrics":{"retweet_count":10,"reply_count":0,"like_count":20,"quote_count":0},"id":"1424668022225227776"},{"created_at":"2021-08-09T09:42:30.000Z","text":"\"I've never seen anything like this,\" CBS News meteorologist and climate specialist Jeff Berardelli says of the array of climate-related disasters happening around the world. https://t.co/VQBX2v6GRV\n\n#extremeweather #wildfire #flooding #climatecrisis","lang":"en","author_id":"39465048","public_metrics":{"retweet_count":0,"reply_count":1,"like_count":1,"quote_count":0},"id":"1424667392723111939"},{"created_at":"2021-08-09T09:38:23.000Z","text":"#Wildfire aid to #Greece:\nCyprus 40\uD83D\uDC68\uD83C\uDFFB‍\uD83D\uDE92 2\uD83D\uDEE9\nFrance 82\uD83D\uDC68\uD83C\uDFFB‍\uD83D\uDE92 2\uD83D\uDEE9\nCroatia 1\uD83D\uDEE9 \nUkraine 100\uD83D\uDC68\uD83C\uDFFB‍\uD83D\uDE92\nIsrael 16\uD83D\uDC68\uD83C\uDFFB‍\uD83D\uDE92\nRomania 112\uD83D\uDC68\uD83C\uDFFB‍\uD83D\uDE92 23\uD83D\uDE92\nSwitzerland 3\uD83D\uDE81 \nSweden 2\uD83D\uDEE9\nPoland 143\uD83D\uDC68\uD83C\uDFFB‍\uD83D\uDE92 56\uD83D\uDE92\nEgypt 3\uD83D\uDE81\nSpain 1 \uD83D\uDEE9\nLithuania 100\uD83D\uDC68\uD83C\uDFFB‍\uD83D\uDE92\nUSA 1 P-8\nGermany 219\uD83D\uDC68\uD83C\uDFFB‍\uD83D\uDE92 17\uD83D\uDE92\nEngland TBD\nCzech Republic \uD83D\uDC68\uD83C\uDFFB‍\uD83D\uDE92 \uD83D\uDE92 \nSpain \uD83D\uDC68\uD83C\uDFFB‍\uD83D\uDE92 \uD83D\uDE92\n\n\uD83D\uDE4F\uD83C\uDFFB","lang":"en","author_id":"659833","public_metrics":{"retweet_count":7,"reply_count":7,"like_count":48,"quote_count":0},"id":"1424666357518458884"},{"created_at":"2021-08-09T09:34:03.000Z","text":"#DixieFire, which started July 14, became 2nd-largest #wildfire in #California history yesterday when it grew to 463,477 acres.\nIt is &lt;1/4 contained.\nOnly 2020 #ComplexFire, which scorched &gt;1 mln acres across 7 counties, was larger, per #CalFire data.\n\nhttps://t.co/2ERr3WgzxW","lang":"en","author_id":"377904401","public_metrics":{"retweet_count":0,"reply_count":0,"like_count":0,"quote_count":0},"id":"1424665266919813126"},{"created_at":"2021-08-09T09:31:06.000Z","text":"August 8, 2021\nAn elderly woman's reaction to the wildfires reaching her house in the village of Gouves (Evia island, Greece) \n\uD83D\uDCF8for Bloomberg #evia #euboea #wildfire #eviafire #Gouves @sooc_images #reportagespotlight #photojournalism \nPS: the elderly woman is now well and safe https://t.co/WEhEzqlrha","lang":"en","author_id":"1201058173865644032","attachments":{"media_keys":["3_1424662483705516033","3_1424662672507908096"]},"public_metrics":{"retweet_count":0,"reply_count":2,"like_count":8,"quote_count":0},"id":"1424664525308104705"},{"created_at":"2021-08-09T09:30:00.000Z","text":"Firefighters are continuing to tackle a #wildfire in northern #California which has become the second largest in state history #CaliforniaFires #Greenville #DixieFire #UnitedStates \n\nREAD: https://t.co/AXL5nouSq9 https://t.co/8z0oq5C7Jy","lang":"en","author_id":"1297909248731385856","attachments":{"media_keys":["3_1424607444399919106"]},"public_metrics":{"retweet_count":0,"reply_count":0,"like_count":1,"quote_count":0},"id":"1424664248911679488"},{"created_at":"2021-08-09T09:13:10.000Z","text":"\uD83C\uDF33 Team trees is a charity organization sponsored by @MrBeast  \n\nWe plan to #planttrees with them as part of our charitable donations amid the #wildfire crisis that is going on in the USA! \n\n\uD83E\uDDB9\uD83C\uDFFC‍♀️ Join the cause, be part of BabyGroot family \n\nhttps://t.co/0xbUA8igiI","lang":"en","author_id":"1422319781370376197","public_metrics":{"retweet_count":6,"reply_count":1,"like_count":15,"quote_count":0},"id":"1424660014136954881"},{"created_at":"2021-08-09T09:10:01.000Z","text":"https://t.co/kUHk41I3uB\n\nUSA Weather Watch\n\n#weather #usaweather #usa #news #severeweather #weatherforecast #severestorms #science #tech #technews #technology #storms #stormchaser #stormchasing #wildfire #wildfires #electricity #electricitybill #poweroutage #technology #drought","lang":"en","author_id":"1364688209188450304","public_metrics":{"retweet_count":0,"reply_count":0,"like_count":1,"quote_count":0},"id":"1424659218238513156"},{"created_at":"2021-08-09T09:07:08.000Z","text":"Dixie Fire now 2nd-largest wildfire in California history, sprawling across 4 counties | #DixieFire #Wildfire #California | via ⁦@sfchronicle⁩  https://t.co/rcY1WkDqFG","lang":"en","author_id":"749565180711927808","public_metrics":{"retweet_count":0,"reply_count":0,"like_count":0,"quote_count":0},"id":"1424658494335168512"},{"created_at":"2021-08-09T09:04:35.000Z","text":"Today at 04:47 AM \uD83C\uDDF5\uD83C\uDDF1 #GFFFV module @KGPSP with 143 firemen and 46 vehicles crossed \uD83C\uDDED\uD83C\uDDFA– \uD83C\uDDF7\uD83C\uDDF8 border on their way to \uD83C\uDDEC\uD83C\uDDF7 where they will be fighting raging #wildfire\uD83D\uDD25.\n\nThe convoy, escorted by #MUPSrbije, is heading to Bulgaria and is expected to arrive in #Greece this afternoon. https://t.co/FHG1hovpO2","lang":"en","author_id":"526310456","attachments":{"media_keys":["3_1424657029738733570","3_1424657029101199361","3_1424657029973614592"]},"public_metrics":{"retweet_count":9,"reply_count":0,"like_count":28,"quote_count":0},"id":"1424657850572410884"},{"created_at":"2021-08-09T08:57:21.000Z","text":"গ্রিসের দ্বিতীয় বৃহত্তম দ্বীপ দাবানলে জ্বলছে https://t.co/xDJXI6WN93 #wildfire #wildfiresgreece #wildfires2021Russia","lang":"bn","author_id":"49979793","public_metrics":{"retweet_count":2,"reply_count":0,"like_count":37,"quote_count":0},"id":"1424656030504558593"},{"created_at":"2021-08-09T08:55:24.000Z","text":"A Greek flag waves on a hill as flames approaching at the village of Gouves, on the island of Evia in Greece on August 8, 2021. #GreeceFires #Greece #greeceisburning #greecefire #greeceonfire #Evia #wildfire #Ευβοια #ευβοια_φωτια #ΠυρκαγιαΕυβοια #πυρκαγια_Ευβοια #πυρκαγια https://t.co/QreKSdPeK0","lang":"en","author_id":"79516362","attachments":{"media_keys":["3_1424655529180340225"]},"public_metrics":{"retweet_count":50,"reply_count":4,"like_count":116,"quote_count":3},"id":"1424655539276029954"},{"created_at":"2021-08-09T08:42:03.000Z","text":"Picture of the week \uD83D\uDCF8\nThis year is full of wildfire disasters. Paola dives into the topic with some research about the situation in Sardinia \uD83D\uDD25\uD83D\uDE27 #youthreporter #reports #ESK #Italy #sardinia #wildfire #disaster https://t.co/ZSyvpMc0en","lang":"en","author_id":"72813366","attachments":{"media_keys":["3_1424652176589303809"]},"public_metrics":{"retweet_count":0,"reply_count":0,"like_count":0,"quote_count":0},"id":"1424652179680419842"},{"created_at":"2021-08-09T08:40:00.000Z","text":"#Dixie Fire becomes largest burning #wildfire in the #UnitedStates as residents defy evacuation, threaten officials with guns #DixieFire  https://t.co/qNRHK1aye4","lang":"en","author_id":"1144496736884293632","public_metrics":{"retweet_count":0,"reply_count":0,"like_count":0,"quote_count":0},"id":"1424651664477327363"},{"created_at":"2021-08-09T08:18:19.000Z","text":"A raging wildfire in northern California is now the second-largest recorded in state history, officials said on Sunday, days after the blaze destroyed a historic gold rush town and forced the evacuation of thousands.  #Califronia #DixieFire #wildfire\n\nhttps://t.co/Je5jVArjGW https://t.co/z0MUyuZnGx","lang":"en","author_id":"1319177368678756353","attachments":{"media_keys":["3_1424646205590720515"]},"public_metrics":{"retweet_count":0,"reply_count":0,"like_count":0,"quote_count":0},"id":"1424646207029264386"},{"created_at":"2021-08-09T08:09:31.000Z","text":"#greece #GreeceFires #greeceisburning #greecefire #greeceonfire #Evia #wildfire #Ευβοια #ευβοια_φωτια #ΠυρκαγιαΕυβοια #πυρκαγια #Γουβες #Gouves https://t.co/T6Dt3W3iF9","lang":"und","author_id":"79516362","attachments":{"media_keys":["3_1424643984790597636"]},"public_metrics":{"retweet_count":3,"reply_count":1,"like_count":3,"quote_count":0},"id":"1424643995100188676"},{"created_at":"2021-08-09T07:56:56.000Z","text":"WORLD PRESS FREEDOM International Twitter WatchDog HeadQuarters Watch Live Media Global Trending Data Files Indexes ICYMI WorldWide Virtual Monitor Expedition GuideLines SaveLives SafeZone ActionAid CivilProtection Civil Defence Safe Guard Life Guard #WildFire @starsandstripes \uD83D\uDC36 https://t.co/b1yaXuDJq5","lang":"en","author_id":"1139043690150711296","public_metrics":{"retweet_count":0,"reply_count":0,"like_count":0,"quote_count":0},"id":"1424640827226157060"},{"created_at":"2021-08-09T07:50:12.000Z","text":"#WhiteRockLakeFire near #VERNON in #bc \n\n#BCWildfires #wildfire #Britshcolumbia #fire https://t.co/Ux1LXFHIgY","lang":"en","author_id":"852987438851031040","attachments":{"media_keys":["3_1424639100339073024"]},"public_metrics":{"retweet_count":1,"reply_count":0,"like_count":1,"quote_count":0},"id":"1424639132874145796"},{"created_at":"2021-08-09T07:36:44.000Z","text":"I made this video swiping #Sentinel-2 imagery, captured in Aug 03 (before) and Aug 08 (after), to illustrate the enormous burnt #Varympompi area, due to the uncontrolled #wildfire.. So sad.. https://t.co/DLH9ylXVh2","lang":"en","author_id":"374984100","attachments":{"media_keys":["7_1424635370227081219"]},"public_metrics":{"retweet_count":2,"reply_count":1,"like_count":18,"quote_count":0},"id":"1424635744296087555"},{"created_at":"2021-08-09T07:35:16.000Z","text":"Firefighters and volunteers try to extinguish a wildfire in the village of Pefki, on the island of Evia in Greece on August 8, 2021. #greece #GreeceFires #greeceisburning #greecefire #greeceonfire #Evia #wildfire #Ευβοια #ευβοια_φωτια #ΠυρκαγιαΕυβοια #πυρκαγια https://t.co/1NqCERYp4Z","lang":"en","author_id":"79516362","attachments":{"media_keys":["3_1424635364300443654"]},"public_metrics":{"retweet_count":8,"reply_count":2,"like_count":14,"quote_count":0},"id":"1424635374404579328"},{"created_at":"2021-08-09T07:28:29.000Z","text":"#Wildfire Même situation à l'est de la planète avec les incendies de cette année qui ont ravagé jq maintenant plus de 4,2 millions d'hectares en Yakoutie, envoyant d'énormes panaches de fumée jusqu'au pôle Nord cette semaine, à 3 000 kilomètres de là. https://t.co/YmG4n01ZUp https://t.co/UGk1MAKn0J","lang":"fr","author_id":"549220611","attachments":{"media_keys":["3_1424633328561491970","3_1424632796648194052"]},"public_metrics":{"retweet_count":1,"reply_count":0,"like_count":2,"quote_count":0},"id":"1424633666215481344"},{"created_at":"2021-08-09T07:15:20.000Z","text":"400+ structures destroyed as Dixie fire becomes 2nd-largest wildfire in California history:\n#Wildfire #California https://t.co/gI5xLiquYA","lang":"en","author_id":"1202545764989374465","attachments":{"media_keys":["3_1424629845364027396"]},"public_metrics":{"retweet_count":0,"reply_count":0,"like_count":0,"quote_count":0},"id":"1424630357643694082"},{"created_at":"2021-08-09T07:05:43.000Z","text":"On behalf of the residents of the areas that are on fire: please make sure you don't follow the orders of the chiefs of the Greek fire department. #Greece #fire #wildfire https://t.co/5IEqgjvcCm","lang":"en","author_id":"387667609","public_metrics":{"retweet_count":2,"reply_count":0,"like_count":1,"quote_count":0},"id":"1424627940260728836"},{"created_at":"2021-08-09T07:03:21.000Z","text":"RT EUClimateAction: RT @defis_eu: #ImageOfTheDay 1/2\n\nA massive #wildfire\uD83D\uDD25is raging in #Evia Island, #Greece\uD83C\uDDEC\uD83C\uDDF7\n\nThousands of people have been evacuated\n\nAs this @CopernicusEU #Sentinel2 \uD83C\uDDEA\uD83C\uDDFA\uD83D\uDEF0️image (acquired at 9:19 UTC on 8 August) shows, fire has swe… https://t.co/Higz2HmMhe","lang":"en","author_id":"2891115389","attachments":{"media_keys":["3_1424619186668687363"]},"public_metrics":{"retweet_count":0,"reply_count":0,"like_count":0,"quote_count":0},"id":"1424627343499354114"},{"created_at":"2021-08-09T07:02:20.000Z","text":".@NASA's #Wildfire global tracking map (#FIRMS) seems to have (conveniently) forgotten to map any of the major US wildfires... \uD83E\uDD14\n\nMeanwhile, the #DixieFire is currently the size of London or New York (700+ square miles)\n\n\uD83D\uDD25\uD83D\uDD25\uD83D\uDD25\uD83D\uDD25\uD83D\uDD25\uD83C\uDF0E\uD83D\uDD25\uD83D\uDD25\uD83D\uDD25\uD83D\uDD25\uD83D\uDD25\n\nhttps://t.co/vRAkokH7nk https://t.co/hpgx9KPClJ","lang":"en","author_id":"948255204314624001","attachments":{"media_keys":["3_1424626143722975234"]},"public_metrics":{"retweet_count":2,"reply_count":1,"like_count":1,"quote_count":0},"id":"1424627087231553541"},{"created_at":"2021-08-09T06:54:06.000Z","text":"RT @defis_eu: #ImageOfTheDay 1/2\n\nA massive #wildfire\uD83D\uDD25is raging in #Evia Island, #Greece\uD83C\uDDEC\uD83C\uDDF7\n\nThousands of people have been evacuated\n\nAs this @CopernicusEU #Sentinel2 \uD83C\uDDEA\uD83C\uDDFA\uD83D\uDEF0️image (acquired at 9:19 UTC on 8 August) shows, fire has swept across the island… https://t.co/QuFPEVitBz","lang":"en","author_id":"808018329877311488","attachments":{"media_keys":["3_1424619186668687363"]},"public_metrics":{"retweet_count":1,"reply_count":0,"like_count":3,"quote_count":0},"id":"1424625013525712904"},{"created_at":"2021-08-09T06:42:14.000Z","text":"Climate change cannot wait another minute!\nThe #Dixiefire is now the 2nd-largest #wildfire in #California history, destroying more than 400 homes and commercial buildings. Sympathy to all the affected and pray for everyone’s safety\uD83D\uDE14. https://t.co/yEGz40p0Zn","lang":"en","author_id":"1403182467545059330","public_metrics":{"retweet_count":0,"reply_count":0,"like_count":0,"quote_count":0},"id":"1424622029269991438"},{"created_at":"2021-08-09T06:41:50.000Z","text":"Retweet @ CopernicusLand: RT @defis_eu: #ImageOfTheDay 1/2\n\nA massive #wildfire\uD83D\uDD25is raging in #Evia Island, #Greece\uD83C\uDDEC\uD83C\uDDF7\n\nThousands of people have been evacuated\n\nAs this @CopernicusEU #Sentinel2 \uD83C\uDDEA\uD83C\uDDFA\uD83D\uDEF0️image (acquired at 9:19 UTC on 8 August) shows, fire h… https://t.co/1wFKugykla","lang":"en","author_id":"1105836507380805632","attachments":{"media_keys":["3_1424619186668687363"]},"public_metrics":{"retweet_count":0,"reply_count":0,"like_count":1,"quote_count":0},"id":"1424621926819893258"},{"created_at":"2021-08-09T06:38:13.000Z","text":"@drksky48 @MineerBrett @syritis @ColtonDavies_ @Kamscan @RadioNLNews mono-cultured strand forests and the practice of clear-cutting have a direct role here. If #BCforests were selective logged forests, we'd have a healthier, more #Wildfire/#FireStorm resistant forest. (and arguably a healthier/more stable forest industry)","lang":"en","author_id":"14622908","public_metrics":{"retweet_count":0,"reply_count":0,"like_count":3,"quote_count":0},"id":"1424621016773365762"},{"created_at":"2021-08-09T06:37:33.000Z","text":"How years of fighting every #wildfire helped fuel the megafires of the US West today ~ by @SusanPrichard10 et al. https://t.co/VaarNPS1UW","lang":"en","author_id":"582496527","public_metrics":{"retweet_count":11,"reply_count":0,"like_count":14,"quote_count":0},"id":"1424620849500413952"},{"created_at":"2021-08-09T06:36:23.000Z","text":"#USA: #Wildfire activity continues in 15 states across the country. Currently, 107 large fires or complexes have burned 2,272,800 acres. Near critical conditions with wind gusts up to 45 mph were reported over north central #Montana, and up to 30 mph in eastern #Oregon.\n#climate","lang":"en","author_id":"800717025773400064","public_metrics":{"retweet_count":0,"reply_count":0,"like_count":0,"quote_count":0},"id":"1424620557102948355"},{"created_at":"2021-08-09T06:30:58.000Z","text":"#ImageOfTheDay 1/2\n\nA massive #wildfire\uD83D\uDD25is raging in #Evia Island, #Greece\uD83C\uDDEC\uD83C\uDDF7\n\nThousands of people have been evacuated\n\nAs this @CopernicusEU #Sentinel2 \uD83C\uDDEA\uD83C\uDDFA\uD83D\uDEF0️image (acquired at 9:19 UTC on 8 August) shows, fire has swept across the island from one end to the other\n\n#φωτια_ευβοιας https://t.co/8sVAtDuGPe","lang":"en","author_id":"1219222929743007744","attachments":{"media_keys":["3_1424619186668687363"]},"public_metrics":{"retweet_count":473,"reply_count":13,"like_count":594,"quote_count":65},"id":"1424619191492096000"},{"created_at":"2021-08-09T06:27:00.000Z","text":"Why Prepare Now? How To Do It Sensibly. #disasterpreparedness https://t.co/U0dft1iesq via @SlideShare #survival #LifeHack #LifeHacks #prepper #hikingadventures #camping #Drought21 #wildfire https://t.co/Mq1bdJ5ei1","lang":"en","author_id":"1854805501","attachments":{"media_keys":["3_1424567957468979203"]},"public_metrics":{"retweet_count":1,"reply_count":0,"like_count":0,"quote_count":0},"id":"1424618193889415168"},{"created_at":"2021-08-09T06:19:28.000Z","text":"The monstrous Dixie Fire in the northern US state of California has become the second-largest wildfire in state history. \n\n#California #Wildfire #SecondLargest #IndusNews #DixieFire \n\nFull Video:\nhttps://t.co/8Mk5B5f52C https://t.co/SqZSPaP0O4","lang":"en","author_id":"996321449735544832","attachments":{"media_keys":["3_1424616117566386176"]},"public_metrics":{"retweet_count":1,"reply_count":0,"like_count":3,"quote_count":0},"id":"1424616299171352576"},{"created_at":"2021-08-09T06:14:57.000Z","text":"The monstrous #DixieFire in northern #California has grown to become the second-largest #wildfire in state history, authorities said Sunday, with three people reported missing and thousands fleeing the advancing flames.  https://t.co/xtXXTzCMCe","lang":"en","author_id":"2203232041","public_metrics":{"retweet_count":0,"reply_count":0,"like_count":0,"quote_count":0},"id":"1424615162477166596"},{"created_at":"2021-08-09T06:12:42.000Z","text":"#DixieFire becomes #California's second-largest #wildfire ever https://t.co/VRa8MPuTqe","lang":"en","author_id":"3364968509","public_metrics":{"retweet_count":0,"reply_count":0,"like_count":0,"quote_count":0},"id":"1424614596543983616"},{"created_at":"2021-08-09T06:12:41.000Z","text":"#DixieFire becomes #California's second-largest #wildfire ever https://t.co/yyvO2UIlDz","lang":"en","author_id":"816909670631804928","public_metrics":{"retweet_count":0,"reply_count":0,"like_count":0,"quote_count":0},"id":"1424614590906830848"},{"created_at":"2021-08-09T06:09:21.000Z","text":"except talking, are we doing anything?\n#cop26 \n#wildfire \n#sealevelrise \n#savetheplanet \n#ClimateEmergency\n\nhttps://t.co/qYoz1RbZVv","lang":"en","author_id":"1336984049408122881","public_metrics":{"retweet_count":1,"reply_count":0,"like_count":0,"quote_count":0},"id":"1424613754935947269"},{"created_at":"2021-08-09T06:05:47.000Z","text":"Thank you to the quick-minded truck driver who pulled over and put out a grass fire in the median on 580 today, maybe saving CA from yet another #wildfire.","lang":"en","author_id":"33669872","public_metrics":{"retweet_count":1,"reply_count":0,"like_count":11,"quote_count":0},"id":"1424612856444571649"},{"created_at":"2021-08-09T06:00:00.000Z","text":"#4GDailyNews​​​​​​​​ ​​​• 09.08.2021 • #Politics\n\n#Greece #Wildfire #ClimateChange #4GLivestream https://t.co/RVOfJ2YOIB","lang":"und","author_id":"1221070138826481664","attachments":{"media_keys":["3_1424524361151787009"]},"public_metrics":{"retweet_count":1,"reply_count":0,"like_count":0,"quote_count":0},"id":"1424611401973125122"},{"created_at":"2021-08-09T05:48:37.000Z","text":"Eight missing as Dixie fire rages in California\nhttps://t.co/ViKfbTmx8f \uD83C\uDF10\n\nA raging #wildfire in northern #California is now the second-largest recorded in state history, officials said on Sunday, growing to more than 463,000 acres.\n\n#DixieFire #CaliforniaWildfires","lang":"en","author_id":"18405895","public_metrics":{"retweet_count":0,"reply_count":0,"like_count":0,"quote_count":0},"id":"1424608537683140608"},{"created_at":"2021-08-09T05:39:00.000Z","text":"California’s ‘#DixieFire’ Becomes Second Largest #Wildfire in State History; 460,000 Acres Destroyed! #wildfires2021 \nhttps://t.co/xbHeZG3gRK","lang":"en","author_id":"1224504365861482497","public_metrics":{"retweet_count":0,"reply_count":0,"like_count":1,"quote_count":0},"id":"1424606114327449602"},{"created_at":"2021-08-09T05:37:02.000Z","text":"Das klingt irgendwie nicht gut! O__O \n\n#Russland \n#Wildfire https://t.co/EqCHdM6TMo","lang":"de","author_id":"57948772","public_metrics":{"retweet_count":4,"reply_count":0,"like_count":8,"quote_count":0},"id":"1424605621509369863"},{"created_at":"2021-08-09T05:35:05.000Z","text":"New Video from White Rock Lake Wildfire - Photographer Christian Sasse I... https://t.co/eVs1Py8ONf via @YouTube #pnw #wildfire #BCWildfires #whiterocklake #whiterocklakewildfire","lang":"en","author_id":"14766035","public_metrics":{"retweet_count":1,"reply_count":0,"like_count":2,"quote_count":0},"id":"1424605128581992450"},{"created_at":"2021-08-09T05:33:28.000Z","text":"Greek Water Polo Team Donate #Olympic Prize Money To #Wildfire Victims https://t.co/oNBFzp5Z9Y via @BarronsOnline @afp","lang":"en","author_id":"108771401","public_metrics":{"retweet_count":0,"reply_count":0,"like_count":0,"quote_count":0},"id":"1424604725002002436"},{"created_at":"2021-08-09T05:31:40.000Z","text":"The #DixieFire has burned over 489,000 acres or 764 square miles. The Dixie Fire is now larger than the U.S. Virgin Islands which is 732 square miles. #California #Wildfire","lang":"en","author_id":"366964744","public_metrics":{"retweet_count":0,"reply_count":0,"like_count":0,"quote_count":0},"id":"1424604271899721729"},{"created_at":"2021-08-09T05:30:04.000Z","text":"Nature gives us so much in abdunce, is this how we repay back? #Tourists #litter #umbrellawaterfall  #Havellian #Abbottabad #Pakistan #Littercause for #Wildfire #ClimateChange #ClimateCrisis #GlobalWarming @PakistanNature @destinationpak @Pakistaninpics @DiscoverPK_  @Amazing_pk https://t.co/xPAxji3o3Q","lang":"en","author_id":"100055229","attachments":{"media_keys":["7_1424603687536799748"]},"public_metrics":{"retweet_count":0,"reply_count":0,"like_count":1,"quote_count":0},"id":"1424603865849212929"},{"created_at":"2021-08-09T05:29:58.000Z","text":"Read today's edition of The Peninsula (Aug 9) for latest updates on #Qatar #Doha #coronavirus #Wildfire #MiddleEast #Health #TeamQatar #vaccine #Education #Travel #Tokyo2020 #Greece #Wildfires \nhttps://t.co/FV7gf2bB0r https://t.co/TiAmcoWHjf","lang":"en","author_id":"60017224","attachments":{"media_keys":["3_1424603771838009346"]},"public_metrics":{"retweet_count":0,"reply_count":0,"like_count":4,"quote_count":0},"id":"1424603841786482691"},{"created_at":"2021-08-09T05:21:31.000Z","text":"Strong winds push Greece wildfires towards villages\n\n#Wildfire #Greece #flame\n\nhttps://t.co/FZqp6qQznj","lang":"en","author_id":"1196150024096247809","public_metrics":{"retweet_count":0,"reply_count":0,"like_count":0,"quote_count":0},"id":"1424601717719461894"},{"created_at":"2021-08-09T05:08:43.000Z","text":"Lessons from big, past #Oregon fires reaffirms that controlled burning &amp; halting clearcutting are good strategies to help firefighters stop #wildfire. But surprisingly there's also a cautionary tale about thinning strategies.\n\nhttps://t.co/CZmmexxggK","lang":"en","author_id":"64927259","public_metrics":{"retweet_count":0,"reply_count":0,"like_count":0,"quote_count":0},"id":"1424598495118299136"},{"created_at":"2021-08-09T05:04:16.000Z","text":"యూరప్ లో విచిత్రమైన పరిస్థితి... మొన్న వరదలు, నేడు కార్చిచ్చు! https://t.co/UXaMm6TnMZ #Greece #Wildfire #Europe #Floods via @ap7am","lang":"te","author_id":"1165205896563019779","public_metrics":{"retweet_count":0,"reply_count":0,"like_count":0,"quote_count":0},"id":"1424597373699837953"},{"created_at":"2021-08-09T04:45:57.000Z","text":"For those of us unaccustomed to thinking of area in terms of acres, 489,287 acres =\n- 765 square miles\n- 1980 square kilometers\n- 198007 hectares\n\nNote: not all areas within the #DixieFire have burned; damage assessment is ongoing.\n\nThat said, it is a vast, destructive #wildfire. https://t.co/OBQoFzHeHx","lang":"en","author_id":"976955403572453376","public_metrics":{"retweet_count":14,"reply_count":5,"like_count":25,"quote_count":0},"id":"1424592763908026374"},{"created_at":"2021-08-09T04:45:49.000Z","text":"Sunny above the smoke! The view flying into Salt Lake City this evening. #smoke #wildfire #fire #utah #utwx #slc https://t.co/7OdwcqywHS","lang":"en","author_id":"334636076","public_metrics":{"retweet_count":0,"reply_count":0,"like_count":4,"quote_count":0},"id":"1424592732442570754"},{"created_at":"2021-08-09T04:36:49.000Z","text":"Warm dry in the western NA next few weeks.. Take care. Wet in northwest and east and showery in SW desert summer monsoon areas. #NAEFS plots show chance of 25 mm or more, and chance of 50 mm or more . Back to unusually warm week  Aug 16-23 but hot by 13th #BCWX #Wildfire #Drought https://t.co/ccbnSYFGuX","lang":"en","author_id":"426399402","attachments":{"media_keys":["3_1424590453110886403","3_1424590456676098049","3_1424590459331092484","3_1424590465458913284"]},"public_metrics":{"retweet_count":0,"reply_count":0,"like_count":0,"quote_count":0},"id":"1424590468285833217"},{"created_at":"2021-08-09T04:36:41.000Z","text":"Greece is burning down amongst many other places including Turkey, Siberia, California, Canada, and Oregon #wildfire #ClimateEmergency #ClimateAction https://t.co/VNcKculi5j","lang":"en","author_id":"1165263139371278338","attachments":{"media_keys":["3_1424590424581165059"]},"public_metrics":{"retweet_count":1,"reply_count":0,"like_count":1,"quote_count":0},"id":"1424590432952930306"},{"created_at":"2021-08-09T04:36:02.000Z","text":"Important!!! Let’s take care of our #Mother #Earth #World #wildfire https://t.co/CT1p8xiEHL","lang":"en","author_id":"101982512","public_metrics":{"retweet_count":0,"reply_count":0,"like_count":2,"quote_count":0},"id":"1424590269966557185"},{"created_at":"2021-08-09T04:32:02.000Z","text":"You know things are bad when your weather app says SMOKE for days on end. #climatechange #wildfire #fire #smoke","lang":"en","author_id":"1298737784300003330","public_metrics":{"retweet_count":0,"reply_count":0,"like_count":0,"quote_count":0},"id":"1424589264650608642"},{"created_at":"2021-08-09T04:30:54.000Z","text":"@ParveenKaswan World on death bed.\nAnd nobody cares until it happens in your state and city.\n#Tiredearth \n#ClimateEmergency \n#wildfire","lang":"en","author_id":"1303923209310355456","public_metrics":{"retweet_count":0,"reply_count":1,"like_count":16,"quote_count":0},"id":"1424588976950693891"},{"created_at":"2021-08-09T04:24:44.000Z","text":"@skpkaruna #bcfire \n#wildfire \nIn British Columbia, Canada https://t.co/KJGtQkdyuV","lang":"es","author_id":"891846583699947520","attachments":{"media_keys":["3_1424587065967054850","3_1424587065962860546","3_1424587065971265543","3_1424587065975468034"]},"public_metrics":{"retweet_count":0,"reply_count":0,"like_count":0,"quote_count":0},"id":"1424587427180515334"},{"created_at":"2021-08-09T04:20:41.000Z","text":"https://t.co/lTKPbjXboN\nsmall #ceilingfan with led light, E27 base #wildfire #airpurifier https://t.co/kzwaUCQUuV","lang":"en","author_id":"1339824540176719874","attachments":{"media_keys":["3_1424585955101405184","3_1424585998101409792","3_1424586059615113225"]},"public_metrics":{"retweet_count":0,"reply_count":0,"like_count":0,"quote_count":0},"id":"1424586406341472261"},{"created_at":"2021-08-09T04:20:30.000Z","text":"Neso Lake Northern Manitoba remnants of a forest fire that was quickly extinguished by multiple water bombers.  This fire season has been a challenge for.our firefighters and water bombers across the province and the country.\n#wildfires #wildfire #ForestFires https://t.co/cwZaYLGHTd","lang":"en","author_id":"1273853212332875778","attachments":{"media_keys":["3_1424586356517396484"]},"public_metrics":{"retweet_count":0,"reply_count":0,"like_count":2,"quote_count":0},"id":"1424586359793147905"},{"created_at":"2021-08-09T04:15:27.000Z","text":"The forest during a major #wildfire such as the #DixieFire socked in smoke and filled with snags.  A sign from the small town of Canyon Dam is burned over during the #DixieFire. Smoke filled the air and every space it can as the weather changes over the fire. https://t.co/kxZBkccd59","lang":"en","author_id":"504961281","attachments":{"media_keys":["3_1424585076612894727","3_1424585076621279232","3_1424585076621201412","3_1424585076625403906"]},"public_metrics":{"retweet_count":35,"reply_count":4,"like_count":121,"quote_count":2},"id":"1424585088851877889"},{"created_at":"2021-08-09T04:08:51.000Z","text":"Is it just me or do the fair haired always bleed better? @RicFlairNatrBoy @ShawnMichaels @TripleH #MichaelPSHayes #TheAmericanDream #Wildfire\n\nNo disrespect to Abdullah, Colon or Bruiser... https://t.co/NamD0Z6DsD","lang":"en","author_id":"1096814988327612421","public_metrics":{"retweet_count":0,"reply_count":0,"like_count":0,"quote_count":0},"id":"1424583426636664841"},{"created_at":"2021-08-09T04:05:14.000Z","text":"Forest fires in Bolivia consume vast area: official #SmartNews #wildfire  https://t.co/oe7qRcugz4","lang":"en","author_id":"1877444256","public_metrics":{"retweet_count":1,"reply_count":0,"like_count":1,"quote_count":0},"id":"1424582518431387656"},{"created_at":"2021-08-09T04:02:48.000Z","text":"RT @WillWWMT\nThe #DixieFire in Northern California is the state's second-largest #wildfire ever. The total acreage burned so far is equivalent to the entire area of Kalamazoo County (580 mi²) and then some. Thinking of the brave men and women on the front lines. \n@CAL_FIRE https://t.co/o1HXqjSbHw","lang":"en","author_id":"84932964","public_metrics":{"retweet_count":0,"reply_count":1,"like_count":0,"quote_count":0},"id":"1424581907350650883"},{"created_at":"2021-08-09T03:59:23.000Z","text":"@RoryBamford @globalnews I couldn't agree more with you, I tweeted the other day about it! In 2003 here in #Kelowna #CHBC did an incredible job on reporting on Okanagan Mountain Park #wildfire even received awards for it. The news now is unbelievable terrible \uD83D\uDC4D #globalnews sucks\uD83D\uDC4D","lang":"en","author_id":"26813195","public_metrics":{"retweet_count":0,"reply_count":1,"like_count":0,"quote_count":0},"id":"1424581044439687178"},{"created_at":"2021-08-09T03:43:06.000Z","text":"So many new #wildfire starts in the last &lt;24 hours in #California. #CaliforniaWildfires #Wildfires https://t.co/srFzU2DfJT","lang":"en","author_id":"1205708677933453312","attachments":{"media_keys":["3_1424576945203793920"]},"public_metrics":{"retweet_count":0,"reply_count":0,"like_count":0,"quote_count":0},"id":"1424576948051746825"},{"created_at":"2021-08-09T03:40:08.000Z","text":"COT \uD83E\uDD76 &amp; GDP \uD83D\uDE36‍\uD83C\uDF2B️ \uD83C\uDF33\uD83D\uDE80… \uD83D\uDCA4 @Trulieve @BudPictures @WeedPorns @WeedFeed @stillblazingtho #dablife @Nugsmasher #toke #smoke #float   #wildearth #trees #lifestyle #cruising #CannabisCommunity #wildfire https://t.co/MbqbxYEF5Q","lang":"en","author_id":"1398094591350480901","attachments":{"media_keys":["3_1424576185875501058"]},"public_metrics":{"retweet_count":0,"reply_count":0,"like_count":3,"quote_count":0},"id":"1424576201927102475"},{"created_at":"2021-08-09T03:28:53.000Z","text":"8 people missing in California amid huge wildfire\n\nhttps://t.co/2AgnugAoaU\n\n#California #WildFire #DixieFire #NAture #Climate","lang":"en","author_id":"1050804894133874689","public_metrics":{"retweet_count":0,"reply_count":0,"like_count":0,"quote_count":0},"id":"1424573372210372617"},{"created_at":"2021-08-09T03:11:04.000Z","text":"I can say without a doubt that if you ask anyone working in #wildfire response or #emergencymanagement in BC currently and they will tell you they have and continue to put in 110%. Thanks @BCGovFireInfo, @BC_FireSafety and @EmergencyInfoBC! https://t.co/9xvvaQyZ5v","lang":"en","author_id":"168970308","public_metrics":{"retweet_count":0,"reply_count":1,"like_count":0,"quote_count":0},"id":"1424568885638959107"},{"created_at":"2021-08-09T03:06:51.000Z","text":"Why Prepare Now? How To Do It Sensibly. #disasterpreparedness https://t.co/U0dft1iesq via @SlideShare #survival #LifeHack #LifeHacks #prepper #hikingadventures #camping #SundayThoughts #Drought21 #wildfire https://t.co/VruujRItKr","lang":"en","author_id":"1854805501","attachments":{"media_keys":["3_1424567756834459650"]},"public_metrics":{"retweet_count":1,"reply_count":0,"like_count":0,"quote_count":0},"id":"1424567826560471041"},{"created_at":"2021-08-09T03:06:33.000Z","text":"Coming up at 8:30 PST, photographer Christian Sasse joins me live on YouTube to share his video from the White Rock Lake Wildfire in British Columbia. The live stream will be on my YouTube channel: https://t.co/zmO2Jr8gBh. #whiterocklakefire #BCWildfire #news #wildfire","lang":"en","author_id":"14766035","public_metrics":{"retweet_count":2,"reply_count":0,"like_count":3,"quote_count":0},"id":"1424567748911263750"},{"created_at":"2021-08-09T03:00:00.000Z","text":"In Pics: Fuelled by strong winds and bone-dry vegetation, California sees its largest single #wildfire\nhttps://t.co/tDnDa5Yc0X","lang":"en","author_id":"39743812","public_metrics":{"retweet_count":1,"reply_count":0,"like_count":13,"quote_count":0},"id":"1424566101896138757"},{"created_at":"2021-08-09T02:57:34.000Z","text":"The #DixieFire in California has burned over 463,000 acres. That's the equivalent of 13% of Puerto Rico. #California #Wildfire","lang":"en","author_id":"366964744","public_metrics":{"retweet_count":0,"reply_count":0,"like_count":0,"quote_count":0},"id":"1424565488319877124"},{"created_at":"2021-08-09T02:36:57.000Z","text":"https://t.co/s4Few0gyR6\n#news #Russia #Siberia #wildfire","lang":"und","author_id":"1312265407047163904","public_metrics":{"retweet_count":0,"reply_count":0,"like_count":0,"quote_count":0},"id":"1424560301161074688"},{"created_at":"2021-08-09T02:27:20.000Z","text":"Saskatchewan Daily Wildfire Situation Map\n\nUpdate Detected: 08 Aug 2021 08:27 PM CST\n\nMore info at: https://t.co/zOnT69VEic\n\n#sk #wildfire #skwildfire https://t.co/iLGTXuuL9P","lang":"en","author_id":"1415349497023115265","attachments":{"media_keys":["3_1424557876396371969"]},"public_metrics":{"retweet_count":0,"reply_count":0,"like_count":0,"quote_count":0},"id":"1424557880439623687"},{"created_at":"2021-08-09T02:23:09.000Z","text":"#DixieFire: Firefighters tackle historic #California #wildfire. (More than 5,000 #firefighters.) https://t.co/5BrePlPXhJ","lang":"en","author_id":"113460088","public_metrics":{"retweet_count":0,"reply_count":0,"like_count":3,"quote_count":0},"id":"1424556826410905610"},{"created_at":"2021-08-09T01:56:41.000Z","text":"to all the #wildfire firefighters working day and night to protect people, land, etc. #Kudos We have all of you in our #thoughtsandprayers each night Hoping you #StaySafe","lang":"en","author_id":"412690571","public_metrics":{"retweet_count":0,"reply_count":1,"like_count":1,"quote_count":0},"id":"1424550165965332487"},{"created_at":"2021-08-09T01:31:54.000Z","text":"English Columbia's out of control fire administration says showers brought some help and slowed down huge overnight development at a fire that is constrained thousands out of their homes in the southern interior.\n\n#njdigital #Canada #RockLakefire #BC #Wildfire #Service #ontario https://t.co/oWlcvqcHw3","lang":"en","author_id":"1277897300044546048","attachments":{"media_keys":["3_1424543822009208832"]},"public_metrics":{"retweet_count":0,"reply_count":0,"like_count":0,"quote_count":0},"id":"1424543930574680070"}],"includes":{"media":[{"media_key":"3_1424691336909791248","type":"photo","url":"https://pbs.twimg.com/media/E8WFOPsVoBAkVq_.jpg"},{"media_key":"3_1424688527497904136","type":"photo","url":"https://pbs.twimg.com/media/E8WCqt0WQAgApHw.jpg"},{"media_key":"7_1424687437733933057","public_metrics":{"view_count":136},"type":"video"},{"media_key":"3_1424439676887355393","type":"photo","url":"https://pbs.twimg.com/media/E8SgVtDX0AEvR_g.jpg"},{"media_key":"7_1424681498725265418","public_metrics":{"view_count":26},"type":"video"},{"media_key":"3_1424678308894085121","type":"photo","url":"https://pbs.twimg.com/media/E8V5X6jWEAEPHm8.jpg"},{"media_key":"7_1424673541279059971","public_metrics":{"view_count":14},"type":"video"},{"media_key":"3_1424671830149894144","type":"photo","url":"https://pbs.twimg.com/media/E8VzezWXEAA-EpY.jpg"},{"media_key":"3_1424671829814353925","type":"photo","url":"https://pbs.twimg.com/media/E8VzeyGXIAUSinH.jpg"},{"media_key":"13_1424660344274886657","public_metrics":{"view_count":828},"type":"video"},{"media_key":"3_1424662483705516033","type":"photo","url":"https://pbs.twimg.com/media/E8Vq-xIX0AEkLYP.png"},{"media_key":"3_1424662672507908096","type":"photo","url":"https://pbs.twimg.com/media/E8VrJweXsAAOLsj.jpg"},{"media_key":"3_1424607444399919106","type":"photo","url":"https://pbs.twimg.com/media/E8U47DvVkAItTzR.jpg"},{"media_key":"3_1424657029738733570","type":"photo","url":"https://pbs.twimg.com/media/E8VmBThXIAIESKW.jpg"},{"media_key":"3_1424657029101199361","type":"photo","url":"https://pbs.twimg.com/media/E8VmBRJXIAEWz48.jpg"},{"media_key":"3_1424657029973614592","type":"photo","url":"https://pbs.twimg.com/media/E8VmBUZXIAAk9EQ.jpg"},{"media_key":"3_1424655529180340225","type":"photo","url":"https://pbs.twimg.com/media/E8Vkp9gXIAEuGjY.jpg"},{"media_key":"3_1424652176589303809","type":"photo","url":"https://pbs.twimg.com/media/E8Vhm0IXsAEooAN.jpg"},{"media_key":"3_1424646205590720515","type":"photo","url":"https://pbs.twimg.com/media/E8VcLQbX0AMeOb0.jpg"},{"media_key":"3_1424643984790597636","type":"photo","url":"https://pbs.twimg.com/media/E8VaJ_TXMAQMmTm.jpg"},{"media_key":"3_1424639100339073024","type":"photo","url":"https://pbs.twimg.com/media/E8VVtrTXsAAVlLp.jpg"},{"media_key":"7_1424635370227081219","public_metrics":{"view_count":438},"type":"video"},{"media_key":"3_1424635364300443654","type":"photo","url":"https://pbs.twimg.com/media/E8VSUNeWUAYInYj.jpg"},{"media_key":"3_1424633328561491970","type":"photo","url":"https://pbs.twimg.com/media/E8VQdtwXEAIvBSg.png"},{"media_key":"3_1424632796648194052","type":"photo","url":"https://pbs.twimg.com/media/E8VP-wOWQAQRz7V.jpg"},{"media_key":"3_1424629845364027396","type":"photo","url":"https://pbs.twimg.com/media/E8VNS91XsAQGJPB.jpg"},{"media_key":"3_1424619186668687363","type":"photo","url":"https://pbs.twimg.com/media/E8VDmjGX0AMP-FK.jpg"},{"media_key":"3_1424626143722975234","type":"photo","url":"https://pbs.twimg.com/media/E8VJ7gJXsAIah4x.jpg"},{"media_key":"3_1424567957468979203","type":"photo","url":"https://pbs.twimg.com/media/E8UVAndXoAMRXla.jpg"},{"media_key":"3_1424616117566386176","type":"photo","url":"https://pbs.twimg.com/media/E8VAz5zXMAA9XKP.jpg"},{"media_key":"3_1424524361151787009","type":"photo","url":"https://pbs.twimg.com/media/E8TtW-hXsAEmK-R.jpg"},{"media_key":"7_1424603687536799748","public_metrics":{"view_count":10},"type":"video"},{"media_key":"3_1424603771838009346","type":"photo","url":"https://pbs.twimg.com/media/E8U1lSYWEAIlknY.jpg"},{"media_key":"3_1424590453110886403","type":"photo","url":"https://pbs.twimg.com/media/E8UpeCQWUAM_yws.jpg"},{"media_key":"3_1424590456676098049","type":"photo","url":"https://pbs.twimg.com/media/E8UpePiXIAEV7Sr.jpg"},{"media_key":"3_1424590459331092484","type":"photo","url":"https://pbs.twimg.com/media/E8UpeZbXIAQKmDQ.png"},{"media_key":"3_1424590465458913284","type":"photo","url":"https://pbs.twimg.com/media/E8UpewQWQAQDTOf.jpg"},{"media_key":"3_1424590424581165059","type":"photo","url":"https://pbs.twimg.com/media/E8UpcX-VUAMBG39.jpg"},{"media_key":"3_1424587065967054850","type":"photo","url":"https://pbs.twimg.com/media/E8UmY4KVEAIajJm.jpg"},{"media_key":"3_1424587065962860546","type":"photo","url":"https://pbs.twimg.com/media/E8UmY4JVEAI3bR3.jpg"},{"media_key":"3_1424587065971265543","type":"photo","url":"https://pbs.twimg.com/media/E8UmY4LVUAcQDmV.jpg"},{"media_key":"3_1424587065975468034","type":"photo","url":"https://pbs.twimg.com/media/E8UmY4MVcAIrFoQ.jpg"},{"media_key":"3_1424585955101405184","type":"photo","url":"https://pbs.twimg.com/media/E8UlYN3UcAAeyvs.png"},{"media_key":"3_1424585998101409792","type":"photo","url":"https://pbs.twimg.com/media/E8UlauDUcAA9zkV.png"},{"media_key":"3_1424586059615113225","type":"photo","url":"https://pbs.twimg.com/media/E8UleTNVEAkIyC7.png"},{"media_key":"3_1424586356517396484","type":"photo","url":"https://pbs.twimg.com/media/E8UlvlQWYAQzi13.jpg"},{"media_key":"3_1424585076612894727","type":"photo","url":"https://pbs.twimg.com/media/E8UklFPVkAcmzy_.jpg"},{"media_key":"3_1424585076621279232","type":"photo","url":"https://pbs.twimg.com/media/E8UklFRVgAAqnLp.jpg"},{"media_key":"3_1424585076621201412","type":"photo","url":"https://pbs.twimg.com/media/E8UklFRUUAQ0URF.jpg"},{"media_key":"3_1424585076625403906","type":"photo","url":"https://pbs.twimg.com/media/E8UklFSUcAIs4dz.jpg"},{"media_key":"3_1424576945203793920","type":"photo","url":"https://pbs.twimg.com/media/E8UdLxYVUAA0RH0.jpg"},{"media_key":"3_1424576185875501058","type":"photo","url":"https://pbs.twimg.com/media/E8UcfkqXEAIbKrB.jpg"},{"media_key":"3_1424567756834459650","type":"photo","url":"https://pbs.twimg.com/media/E8UU08CX0AIZgsR.jpg"},{"media_key":"3_1424557876396371969","type":"photo","url":"https://pbs.twimg.com/media/E8UL10iXMAEw5u8.jpg"},{"media_key":"3_1424543822009208832","type":"photo","url":"https://pbs.twimg.com/media/E8T_Dv3WEAAGW43.jpg"}]},"meta":{"newest_id":"1424691342223962113","oldest_id":"1424543930574680070","result_count":100,"next_token":"b26v89c19zqg8o3fpdm85ixd4tj57yy81bcvnv0kp6vzx"}}