{"data":[{"id":"1425956512304926721","text":"@DailyMail #Algeria #AlgeriaIsBurning #Wildfire #Pet https://t.co/4Kv1H3h9S6 https://t.co/1zwDzKQnOE","author_id":"3110506984","attachments":{"media_keys":["3_1425956509742211083","3_1425956509712887810","3_1425956509759021056","3_1425956509813559296"]},"lang":"und","created_at":"2021-08-12T23:05:00.000Z","public_metrics":{"retweet_count":0,"reply_count":0,"like_count":0,"quote_count":0}},{"id":"1425955451854721026","text":"Hang ‘em high. #wildfire https://t.co/CJkutuItNj","author_id":"147672166","lang":"en","created_at":"2021-08-12T23:00:47.000Z","public_metrics":{"retweet_count":0,"reply_count":0,"like_count":0,"quote_count":0}},{"id":"1425953697050161156","text":"The Western Hills Of Napa County Are Super Dry\n#NapavalleyNews #NapaCityNews #NapaCountyNews @napacountyfire @CALFIRELNU @CITYNEWSSUPPORT #News #California #CaliforniaFires #Wildfire https://t.co/Z7AZsDQMZy","author_id":"1412299173299326982","attachments":{"media_keys":["7_1425953594281320455"]},"lang":"en","created_at":"2021-08-12T22:53:48.000Z","public_metrics":{"retweet_count":0,"reply_count":1,"like_count":0,"quote_count":0}},{"id":"1425953556201230340","text":"#BCwildfire #TremontCreek Fire fanned by strong NW winds is on the move south to #LoganLake. The town has been forward-leaning with #firesmart protection. #Wildfire is about 7 kilometers from the town. https://t.co/nvjewhkDgr","author_id":"1064389056","lang":"en","created_at":"2021-08-12T22:53:15.000Z","public_metrics":{"retweet_count":0,"reply_count":1,"like_count":0,"quote_count":0}},{"id":"1425953244623290371","text":"The 2021 #wildfire season has already burned nearly 3.4 million acres across the US. We've had 100% of our resources deployed with more resource orders expected to continue for the foreseeable future. Our hearts go out to all those impacted by the damage. https://t.co/vzChuYLxYo","author_id":"3067462254","attachments":{"media_keys":["3_1425953242152849419"]},"lang":"en","created_at":"2021-08-12T22:52:01.000Z","public_metrics":{"retweet_count":0,"reply_count":0,"like_count":0,"quote_count":0}},{"id":"1425951479223959562","text":"Friday the 13th August 2021\n\uD83D\uDED1 #FridaysForFuture #FFF \n#ClimateAction URGENT #SiberiaFire\uD83D\uDD25 #Climate Catastrophe!\n#Russia Yakutia #ClimateEmergency with more than 8 million hectares of #wildfires \uD83C\uDD98 #SaveYakutia \uD83D\uDC49 Biggest #wildfire on the \uD83C\uDF0F Planet Now! https://t.co/ufDrECq0gi","author_id":"67873734","attachments":{"media_keys":["7_1425951045772062726"]},"lang":"en","created_at":"2021-08-12T22:45:00.000Z","public_metrics":{"retweet_count":7,"reply_count":2,"like_count":7,"quote_count":0}},{"id":"1425949834536759297","text":"@BBCWorld #wildfire #pets #greeceisburning #PrayForAlgeria                              https://t.co/JmQCRtBVpj","author_id":"3110506984","lang":"und","created_at":"2021-08-12T22:38:28.000Z","public_metrics":{"retweet_count":0,"reply_count":0,"like_count":0,"quote_count":0}},{"id":"1425949018631278594","text":"Have questions on #wildfiresmoke &amp; #childrenshealth? Listen to Dr. Stephanie Holm as she speaks with the @NIEHS on children’s health risks from #wildfire smoke exposure &amp; offers advice to parents on how to keep kids safe during a wildfire event. https://t.co/E2hSgWotRn https://t.co/YdXGSX0852","author_id":"964310630395125761","attachments":{"media_keys":["3_1425948948200452096"]},"lang":"en","created_at":"2021-08-12T22:35:13.000Z","public_metrics":{"retweet_count":1,"reply_count":0,"like_count":1,"quote_count":0}},{"id":"1425948519660068866","text":"This is what #ClimateChange looks like. There is now a fire season in the Pacific NW (never used to be) and air quality index readings are off the charts 500+  #ClimateEmergency #Wildfire @jeffrey_ventre @LobergEric @FsuGoody @pbicchieri @KimberlyVentre @Sam10k https://t.co/M3HrCVTB4l","author_id":"1394013818410344448","attachments":{"media_keys":["3_1425947434253885444"]},"lang":"en","created_at":"2021-08-12T22:33:14.000Z","public_metrics":{"retweet_count":7,"reply_count":1,"like_count":9,"quote_count":2}},{"id":"1425948327141548032","text":"Depressing looking up at a sky filled with toxic smoke. #California #wildfire #ClimateCrisis https://t.co/Q5QZXwHx9W","author_id":"1424938314151305218","attachments":{"media_keys":["3_1425948325975494658"]},"lang":"en","created_at":"2021-08-12T22:32:28.000Z","public_metrics":{"retweet_count":0,"reply_count":0,"like_count":0,"quote_count":0}},{"id":"1425944222788620297","text":"MASSIVE EVENT STRIKES TURKEY! https://t.co/XLWNxZBwS8 via @YouTube #Flood #Turkey #Wildfire https://t.co/2ntokA1QON","author_id":"1361791257702506500","attachments":{"media_keys":["3_1425944200214982661"]},"lang":"en","created_at":"2021-08-12T22:16:10.000Z","public_metrics":{"retweet_count":0,"reply_count":0,"like_count":0,"quote_count":0}},{"id":"1425941506125406208","text":"Glad to share our new paper on a challenging discipline, operational #wildfire behavior #modeling @adricardil @dr_firelady  https://t.co/Y4EaNGGScL","author_id":"18106904","lang":"en","created_at":"2021-08-12T22:05:22.000Z","public_metrics":{"retweet_count":9,"reply_count":1,"like_count":19,"quote_count":0}},{"id":"1425940359385960449","text":"Our CEO Edward Goldberg shares his thoughts on the chemistry of #wildfire suppressants, and why it’s important for today’s consumers to know about the key ingredients in #fireretardants in our latest #podcast: https://t.co/19G4LfUQ9e","author_id":"1140608495424888833","lang":"en","created_at":"2021-08-12T22:00:49.000Z","public_metrics":{"retweet_count":0,"reply_count":0,"like_count":0,"quote_count":0}},{"id":"1425940280725889039","text":"Our CEO Edward Goldberg shares his thoughts on the chemistry of #wildfire suppressants, and why it’s important for today’s consumers to know about the key ingredients in #fireretardants in our latest #podcast: https://t.co/sr6md9sqo7","author_id":"1392968938678538247","lang":"en","created_at":"2021-08-12T22:00:30.000Z","public_metrics":{"retweet_count":0,"reply_count":0,"like_count":0,"quote_count":0}},{"id":"1425940191055912965","text":"Extreme heat, coupled with a severe #drought this spring and summer has combined to significantly raise the risk of #wildfire. #californiafires #firesafety Read more here: https://t.co/couuI02mFo https://t.co/RRsYtzmcbJ","author_id":"192770291","attachments":{"media_keys":["3_1425940188207927297"]},"lang":"en","created_at":"2021-08-12T22:00:08.000Z","public_metrics":{"retweet_count":1,"reply_count":0,"like_count":1,"quote_count":0}},{"id":"1425937571683602436","text":"#BCWildfires Total fire suppression costs are just a small component of the total costs to the #BritishColumbia economy from this #BCWildfire season. Really need the true economic costs defined and analyzed. Makes #wildfire prevention a bargain. #BCPoli https://t.co/hSLC99zCOU","author_id":"1064389056","lang":"en","created_at":"2021-08-12T21:49:44.000Z","public_metrics":{"retweet_count":0,"reply_count":0,"like_count":0,"quote_count":0}},{"id":"1425937548128313347","text":"@Peterfoodsafety @WHO @OIEAnimalHealth @UNEP For the natural #Animal to #Human transfer of #SARSCoV2 to make sense, Variables relating to other #Zoonotic Diseases must be compared. Why have other illnesses not spread like #Wildfire upon an entire #World population? Was #SARS 1st attempt at population control? Add &amp; explain? https://t.co/LDHkE3zILw","author_id":"1372583092968329216","attachments":{"media_keys":["16_1425937538976423939"]},"lang":"en","created_at":"2021-08-12T21:49:38.000Z","public_metrics":{"retweet_count":1,"reply_count":1,"like_count":0,"quote_count":0}},{"id":"1425936381260537862","text":"\"The destruction is immeasurable,\" Vakas said. \"Beekeeping has been destroyed. We are destroyed. There is no green anywhere. Bees cannot exist without green.\"\n\n#Greece #Beekeeping #Wildfire \n\nhttps://t.co/D8xVHLUSkV","author_id":"60017224","lang":"en","created_at":"2021-08-12T21:45:00.000Z","public_metrics":{"retweet_count":0,"reply_count":1,"like_count":1,"quote_count":0}},{"id":"1425934031879823365","text":"Climate change is not a coincidence. On the contrary, it’s a scientific truth that bases on strong evidence.❗️\n\n\uD83D\uDD25⛈♨️❄️\uD83C\uDD98\n#ClimateChange #Drought #HeatStress #Flood #WildFire #NaturalDisasters #Storm https://t.co/at5bVw0kei","author_id":"95278290","attachments":{"media_keys":["3_1425934018244222980"]},"lang":"en","created_at":"2021-08-12T21:35:40.000Z","public_metrics":{"retweet_count":0,"reply_count":0,"like_count":1,"quote_count":0}},{"id":"1425933955795144707","text":"Smoke, though \"highly variable,\" can be as much as 20% of an overall property loss calculation. \n\nHear what RMS had to say about calculating #wildfire risk via @CBSMoneyWatch. https://t.co/evVtDV00LR","author_id":"49934930","lang":"en","created_at":"2021-08-12T21:35:22.000Z","public_metrics":{"retweet_count":0,"reply_count":0,"like_count":0,"quote_count":0}},{"id":"1425928612549627911","text":"Check out this great video -- #FleetwoodMac #Landslide Cover (@wildfiresingers Sister Duo) https://t.co/whewdywWC8 via @YouTube #YouTube #WildFire #RockCover #Rock","author_id":"199619230","lang":"en","created_at":"2021-08-12T21:14:08.000Z","public_metrics":{"retweet_count":1,"reply_count":1,"like_count":7,"quote_count":0}},{"id":"1425927554339377154","text":"@NorbertBolz Stimmt nicht, denn rechts ist das Gegenteil von allen genannten Punkten und bedeutet: \n#Klimakatastrophe \n#wildfire\n#Flutkatastrophe \n#Kinderarmut\n#Mietwucher\n#Korruption\n#plasticpollution\n#microplastics \n#tierqual\nEtc etc ....","author_id":"1259212183931686914","lang":"de","created_at":"2021-08-12T21:09:56.000Z","public_metrics":{"retweet_count":0,"reply_count":0,"like_count":0,"quote_count":0}},{"id":"1425926986413842439","text":"LATEST #wildfire news: Census Data Shows US Is Diversifying, White Population Shrinking https://t.co/WTiz8q8TEL","author_id":"1213212218780602368","attachments":{"media_keys":["3_1425926984513773577"]},"lang":"en","created_at":"2021-08-12T21:07:40.000Z","public_metrics":{"retweet_count":0,"reply_count":0,"like_count":0,"quote_count":0}},{"id":"1425925851984678913","text":"\uD83D\uDE4F We would like to share with you some of the stories of the families affected by a #wildfire disaster.\n\n* As part of our commitment to maintaining the dignity of the people we serve, we will not post their photos or their names. https://t.co/kEjLavkY57","author_id":"1153136724299485184","attachments":{"media_keys":["3_1425925847588950018"]},"lang":"en","created_at":"2021-08-12T21:03:10.000Z","public_metrics":{"retweet_count":0,"reply_count":0,"like_count":0,"quote_count":0}},{"id":"1425925369274658818","text":"Smoke is back☹️ #CastlegarBC #wildfire","author_id":"3040952925","lang":"en","created_at":"2021-08-12T21:01:15.000Z","public_metrics":{"retweet_count":0,"reply_count":0,"like_count":0,"quote_count":0}},{"id":"1425925157005242371","text":"#DefyDisaster supports all of the #firefighters battling the dangerous #wildfires around the world. Your commitment to keeping our communities safe is an inspiration &amp; driving force for what we do.  #Wildfire https://t.co/L49sRNZr4d","author_id":"1240742710534782976","attachments":{"media_keys":["3_1425925139972112384","3_1425925144996945933","3_1425925149262553091","3_1425925153020592136"]},"lang":"en","created_at":"2021-08-12T21:00:24.000Z","public_metrics":{"retweet_count":0,"reply_count":0,"like_count":0,"quote_count":0}},{"id":"1425925086721282057","text":"68 scenes of WORLDVIEW ingested to HDDS for event 202107_Fire_US #wildfire https://t.co/bYZG3iQZzr https://t.co/qUFzC2o8Ds","author_id":"958321766","attachments":{"media_keys":["3_1425925085152616452"]},"lang":"en","created_at":"2021-08-12T21:00:07.000Z","public_metrics":{"retweet_count":1,"reply_count":0,"like_count":1,"quote_count":1}},{"id":"1425923864404627459","text":"@CalDisasters @sfchronicle Thank @PGE4Me and @poppepk for starting these fires, ruining lives, and damaging nature by proxy. It’s all their fault. #Wildfire #smoke causes #cancer and they have caused 1500+ fires causing countless people to die. They have blood on their hands.  #Nowayout4PGE","author_id":"1282330477056135168","lang":"en","created_at":"2021-08-12T20:55:16.000Z","public_metrics":{"retweet_count":0,"reply_count":0,"like_count":1,"quote_count":0}},{"id":"1425923826844672005","text":"Thank @PGE4Me and @poppepk for starting these fires, ruining lives, and damaging nature by proxy. It’s all their fault. #Wildfire #smoke causes #cancer and they have caused 1500+ fires causing countless people to die. They have blood on their hands.  #Nowayout4PGE https://t.co/MjI5aP7SS1","author_id":"1282330477056135168","lang":"en","created_at":"2021-08-12T20:55:07.000Z","public_metrics":{"retweet_count":0,"reply_count":0,"like_count":0,"quote_count":0}},{"id":"1425923812735004675","text":"BEFORE a #wildfire know your community’s evacuation plan and find several ways to leave the area. Drive the evacuation routes and find shelter locations. Don't forget to have a plan for pets and livestock, too. https://t.co/hgb5uOSS9S via @Readygov #WildFireSafety https://t.co/zltPq13brc","author_id":"1256297694676615168","attachments":{"media_keys":["3_1425923808230354952"]},"lang":"en","created_at":"2021-08-12T20:55:03.000Z","public_metrics":{"retweet_count":1,"reply_count":0,"like_count":1,"quote_count":0}},{"id":"1425923806934310917","text":"#Wildfire \uD83D\uDD25 smoke could make rain less likely in the western U.S. That could lead to more arid conditions and more fuel for future blazes, according to an #AGUpubs study in Geophysical Research Letters.\n\nRead the full story here \uD83D\uDC49 https://t.co/00L6QvGSuz\n\n\uD83D\uDCF8: @ScienceEmily https://t.co/5ZT20WVw8J","author_id":"39530187","attachments":{"media_keys":["3_1425923802492452866"]},"lang":"en","created_at":"2021-08-12T20:55:02.000Z","public_metrics":{"retweet_count":2,"reply_count":0,"like_count":6,"quote_count":0}},{"id":"1425923799434899465","text":"Here is a clip of us performing \"Landslide\" by Fleetwood Mac.  We hope you enjoy!  VIDEO LINK:  https://t.co/ct9gQhdWxG\n\n#landslide #fleetwoodmac #wildfire #coversongs #stevienicks #80s #88srock #80smusic #whiteoak #whiteoakmusichall #rockmusic","author_id":"763336831295328256","lang":"en","created_at":"2021-08-12T20:55:00.000Z","public_metrics":{"retweet_count":4,"reply_count":2,"like_count":13,"quote_count":0}},{"id":"1425923733689090049","text":"Thank @PGE4Me and @poppepk for starting these fires, ruining lives, and damaging nature by proxy. It’s all their fault. #Wildfire #smoke causes #cancer and they have caused 1500+ fires causing countless people to die. They have blood on their hands.  #Nowayout4PGE #asianwife https://t.co/mVwW28YHOZ","author_id":"1282330477056135168","lang":"en","created_at":"2021-08-12T20:54:45.000Z","public_metrics":{"retweet_count":0,"reply_count":0,"like_count":0,"quote_count":0}},{"id":"1425922450072686592","text":"Thank @PGE4Me and @poppepk for starting these fires, ruining lives, and damaging nature by proxy. It’s all their fault. #Wildfire #smoke causes #cancer and they have caused 1500+ fires causing countless people to die. They have blood on their hands.  #Nowayout4PGE https://t.co/X00v8nxHIq","author_id":"1282330477056135168","lang":"en","created_at":"2021-08-12T20:49:39.000Z","public_metrics":{"retweet_count":0,"reply_count":0,"like_count":0,"quote_count":0}},{"id":"1425922358242680838","text":"Thank @PGE4Me and @poppepk for starting these fires, ruining lives, and damaging nature by proxy. It’s all their fault. #Wildfire #smoke causes #cancer and they have caused 1500+ fires causing countless people to die. They have blood on their hands.  #Nowayout4PGE #bbbh https://t.co/YQegLDNKAC","author_id":"1282330477056135168","lang":"en","created_at":"2021-08-12T20:49:17.000Z","public_metrics":{"retweet_count":0,"reply_count":0,"like_count":0,"quote_count":0}},{"id":"1425920697021472773","text":"Thank @PGE4Me and @poppepk for starting these fires, ruining lives, and damaging nature by proxy. It’s all their fault. #Wildfire #smoke causes #cancer and they have caused 1500+ fires causing countless people to die. They have blood on their hands.  #Nowayout4PGE @ErinBrockovich https://t.co/WhN6qgvUXt","author_id":"1282330477056135168","lang":"en","created_at":"2021-08-12T20:42:41.000Z","public_metrics":{"retweet_count":0,"reply_count":0,"like_count":0,"quote_count":0}},{"id":"1425920403239809026","text":"Thank @PGE4Me and @poppepk for starting these fires, ruining lives, and damaging nature by proxy. It’s all their fault. #Wildfire #smoke causes #cancer and they have caused over 1500 fires causing countless people to burn to death. They have blood on their hands.  #Nowayout4PGE https://t.co/5bJ4qugcFp","author_id":"1282330477056135168","lang":"en","created_at":"2021-08-12T20:41:31.000Z","public_metrics":{"retweet_count":0,"reply_count":0,"like_count":0,"quote_count":0}},{"id":"1425920235945795589","text":"Thank @PGE4Me and @poppepk for starting these fires, ruining lives, and damaging nature by proxy. It’s all their fault. #Wildfire #smoke causes #cancer and they have caused over 1500 fires causing countless people to burn to death. They have blood on their hands.  #Nowayout4PGE https://t.co/HgYBfrPDSl","author_id":"1282330477056135168","lang":"en","created_at":"2021-08-12T20:40:51.000Z","public_metrics":{"retweet_count":0,"reply_count":0,"like_count":0,"quote_count":0}},{"id":"1425919962179325960","text":"@rdengstrom Thank @PGE4Me and @poppepk for starting these fires, ruining lives, and damaging nature by proxy. It’s all their fault. #Wildfire #smoke causes #cancer and they have caused over 1500 fires causing countless people to burn to death. They have blood on their hands.  #Nowayout4PGE","author_id":"1282330477056135168","lang":"en","created_at":"2021-08-12T20:39:45.000Z","public_metrics":{"retweet_count":0,"reply_count":0,"like_count":0,"quote_count":0}},{"id":"1425919897331191811","text":"@akbarth3great Thank @PGE4Me and @poppepk for starting these fires, ruining lives, and damaging nature by proxy. It’s all their fault. #Wildfire #smoke causes #cancer and they have caused over 1500 fires causing countless people to burn to death. They have blood on their hands.  #Nowayout4PGE","author_id":"1282330477056135168","lang":"en","created_at":"2021-08-12T20:39:30.000Z","public_metrics":{"retweet_count":0,"reply_count":0,"like_count":0,"quote_count":0}},{"id":"1425919849218416641","text":"@alschaben @MelMelconPhoto Thank @PGE4Me and @poppepk for starting these fires, ruining lives, and damaging nature by proxy. It’s all their fault. #Wildfire #smoke causes #cancer and they have caused over 1500 fires causing countless people to burn to death. They have blood on their hands.  #Nowayout4PGE","author_id":"1282330477056135168","lang":"en","created_at":"2021-08-12T20:39:19.000Z","public_metrics":{"retweet_count":0,"reply_count":0,"like_count":0,"quote_count":0}},{"id":"1425919157875445767","text":"Gold Medals for these awsome beautiful hero’s \n#dogs  #DogRescue  #Paws  #Cats  #AnimalRescue  #Athens  #Wildfire https://t.co/cFmTUv6xjD","author_id":"2507348901","lang":"en","created_at":"2021-08-12T20:36:34.000Z","public_metrics":{"retweet_count":0,"reply_count":0,"like_count":2,"quote_count":0}},{"id":"1425916001615417344","text":"FutureDanger Indicator: WILDFIRES LAY WASTE\nHeatMap Column 4&gt; https://t.co/lN14i125gK\n  #Wildfires #Wildfire #WarnOthers #HeatMap https://t.co/jlcJ7SxxlP","author_id":"868211017632894977","attachments":{"media_keys":["3_1425916000277438465"]},"lang":"en","created_at":"2021-08-12T20:24:01.000Z","public_metrics":{"retweet_count":0,"reply_count":0,"like_count":0,"quote_count":0}},{"id":"1425915404984012800","text":"Here's how to take action to protect yourself and your family from #wildfire smoke — tips from @CDCgov: https://t.co/sJOKNVhWYa https://t.co/SYteEEnZC7","author_id":"2843862379","attachments":{"media_keys":["7_1425915318052933634"]},"lang":"en","created_at":"2021-08-12T20:21:39.000Z","public_metrics":{"retweet_count":0,"reply_count":0,"like_count":1,"quote_count":0}},{"id":"1425915389033082881","text":"Here are the temps right now in Celsius and Fahrenheit. The smoke here in British Columbia is brutal,  I’m coughing non stop. ( asthma) Imagine the people living and fighting the fires? #wildfire #bcwildfires #Smoky #heatwave #BCheatwave https://t.co/yQRFakaLch","author_id":"933021835888771073","attachments":{"media_keys":["3_1425915382016184322","3_1425915382003556357","3_1425915382020382722","3_1425915382402060289"]},"lang":"en","created_at":"2021-08-12T20:21:35.000Z","public_metrics":{"retweet_count":0,"reply_count":1,"like_count":3,"quote_count":0}},{"id":"1425913844480847879","text":"#AirQuality advisories have been issued for #MetroVancouver and #FraserValley due to high concentrations of fine particulate matter from #wildfire smoke, and for ground-level ozone in eastern Metro Vancouver and the Fraser Valley due to hot, sunny weather. https://t.co/e89FoowIc2 https://t.co/okCtBAVFIc","author_id":"66736063","attachments":{"media_keys":["3_1425913842505236488"]},"lang":"en","created_at":"2021-08-12T20:15:27.000Z","public_metrics":{"retweet_count":9,"reply_count":0,"like_count":6,"quote_count":3}},{"id":"1425913405932589056","text":"I think most Americans don't think in hectares. A hectare is 2.5 acres, so a 1.5 million hectare #Wildfire is over 3.7 million acres. You know, about the size of the entire state of Connecticut.\n\n#Siberia #EarthOnFire #ClimateEmergency https://t.co/FYz9SjaTq2","author_id":"1092242415790899200","lang":"en","created_at":"2021-08-12T20:13:42.000Z","public_metrics":{"retweet_count":0,"reply_count":0,"like_count":1,"quote_count":0}},{"id":"1425910209973788675","text":"Take a look at which areas will be affected by #wildfire #smoke over the next 72 hours. \n\nUse FireWork to find more information about #AirQuality where you live: https://t.co/7pI1TmZbBp https://t.co/v2J84fr8rS","author_id":"102448827","attachments":{"media_keys":["3_1425910208300212226"]},"lang":"en","created_at":"2021-08-12T20:01:00.000Z","public_metrics":{"retweet_count":9,"reply_count":1,"like_count":14,"quote_count":0}},{"id":"1425909387521056769","text":"This is my Letter to the Editor from the Aug. 11 Monterey Herald about the #CaliforniaWildfires. Last weekend’s #DixieFire is the second-largest #wildfire in the state’s history. https://t.co/Hy4K0ZBQLh","author_id":"3374876560","attachments":{"media_keys":["3_1425909383150587907"]},"lang":"en","created_at":"2021-08-12T19:57:44.000Z","public_metrics":{"retweet_count":0,"reply_count":0,"like_count":0,"quote_count":0}},{"id":"1425908810988851200","text":"Storms threaten to grow monstrous Dixie fire: 'Everything is ready to burn'  https://t.co/OiTgvPmpNJ via @latimes #wildfire #drought","author_id":"1665918283","lang":"en","created_at":"2021-08-12T19:55:27.000Z","public_metrics":{"retweet_count":0,"reply_count":0,"like_count":0,"quote_count":0}},{"id":"1425907852183490565","text":"Burning Cliffside\n\n(Grand Canyon National Park, Arizona, August 2018)\n\n#photography #landscapephotography #landscape #cliffs #fire #smoke #wildfire #wildfires #GrandCanyon #GrandCanyonNationalPark #Arizona https://t.co/xEeC2byZVt","author_id":"1255938716016746501","attachments":{"media_keys":["3_1425907830951976961"]},"lang":"en","created_at":"2021-08-12T19:51:38.000Z","public_metrics":{"retweet_count":1,"reply_count":0,"like_count":5,"quote_count":0}},{"id":"1425907450797035522","text":"Last Week's Friday Flash:  Assessing factors that influence landscape fuels treatment effectiveness - https://t.co/QR3pi5qrN6 #firescience #wildfire #tbt #jfsp","author_id":"308723501","lang":"en","created_at":"2021-08-12T19:50:03.000Z","public_metrics":{"retweet_count":3,"reply_count":1,"like_count":5,"quote_count":0}},{"id":"1425906746422292483","text":"#Dixie now #California’s largest ever #wildfire in history. Still growing. Some 100 large fires are burning in 15 western states due prolonged #droughts and high winds. Likely to be common occurrences in future @WRDWaterMatters @TheWaterCentre https://t.co/bJXCYsfs7z","author_id":"3097440139","attachments":{"media_keys":["3_1425906726037909505","3_1425906726042099712"]},"lang":"en","created_at":"2021-08-12T19:47:15.000Z","public_metrics":{"retweet_count":1,"reply_count":0,"like_count":3,"quote_count":0}},{"id":"1425906688675270658","text":"Mark Anquillare, our COO &amp; Group President, sat down with @NewsReinsurance to discuss what insurers and reinsurers can do to help them better prepare for the #hurricane and #wildfire season: https://t.co/Vm1ErdWJXM","author_id":"25161572","lang":"en","created_at":"2021-08-12T19:47:01.000Z","public_metrics":{"retweet_count":0,"reply_count":0,"like_count":0,"quote_count":0}},{"id":"1425906475851943942","text":"Villagers desperately battle to stop the raging wildfires in Algeria as at least 65 people are dead\nhttps://t.co/LnEwgB7msI\n\n#Villagers #raging #wildfire #Algeria #viralvdoz @viralvdoz","author_id":"1366818243168505856","lang":"en","created_at":"2021-08-12T19:46:10.000Z","public_metrics":{"retweet_count":1,"reply_count":0,"like_count":1,"quote_count":0}},{"id":"1425906181361504267","text":"A #wildfire bore down on rural southeastern #Montana towns Thursday as continuing hot, dry #weather throughout the West drove flames through more than a dozen states\n\nhttps://t.co/zwK6geTRJh","author_id":"60017224","lang":"en","created_at":"2021-08-12T19:45:00.000Z","public_metrics":{"retweet_count":0,"reply_count":0,"like_count":2,"quote_count":0}},{"id":"1425906089065730053","text":"SICILY SCORCHED: Firefighters continue to battle raging wildfires in Sicily as the area reaches potentially record high temperatures\nhttps://t.co/Zpb5ZdKn6Y\n\n#SICILY #SCORCHED #Firefighters #raging #wildfire #viralvdoz @viralvdoz","author_id":"1366818243168505856","lang":"en","created_at":"2021-08-12T19:44:38.000Z","public_metrics":{"retweet_count":1,"reply_count":0,"like_count":2,"quote_count":0}},{"id":"1425905934904221698","text":"\uD83D\uDFE0 #Fire\uD83D\uDD25 120 kilometers SE of #Ambarchik, within the #ArcticCircle❄️, #Chukotka, #Russia\uD83C\uDDF7\uD83C\uDDFA 12 August 2021 #Copernicus\uD83C\uDDEA\uD83C\uDDFA #Sentinel-2\uD83D\uDEF0️ Full-size ➡️ https://t.co/WNfq4HdQm0 #OpenData #scicomm #wildfire #СибирьГорит #Arctic #Siberia https://t.co/DPVjknjPaY","author_id":"15147301","attachments":{"media_keys":["3_1425904820033138701"]},"lang":"en","created_at":"2021-08-12T19:44:01.000Z","public_metrics":{"retweet_count":86,"reply_count":5,"like_count":120,"quote_count":4}},{"id":"1425905707820355585","text":"Anybody up in Penticton? How is the smoke? #wildfire #BCWildfire #bcpoli","author_id":"723380232141430789","lang":"en","created_at":"2021-08-12T19:43:07.000Z","public_metrics":{"retweet_count":0,"reply_count":1,"like_count":0,"quote_count":0}},{"id":"1425902493842685958","text":"What is the #wildfire threat to communities that depend on outdoor recreation? It could be profound. https://t.co/XKKjvB8ujC https://t.co/zVRJep4hn4","author_id":"1074627836","attachments":{"media_keys":["3_1425902490998951937"]},"lang":"en","created_at":"2021-08-12T19:30:21.000Z","public_metrics":{"retweet_count":2,"reply_count":0,"like_count":2,"quote_count":0}},{"id":"1425898959097122817","text":"Smoke forecast models are trying to push, at the very least, some haze across the Willamette Valley and Oregon coast today through Friday. #koin6news #pdx #pnw #Oregon #Portland #wildfire #smoke #airquality #orwx https://t.co/7xR3EyB8Ye","author_id":"2596653764","lang":"en","created_at":"2021-08-12T19:16:18.000Z","public_metrics":{"retweet_count":1,"reply_count":0,"like_count":1,"quote_count":0}},{"id":"1425895482656653314","text":"A survey from @zestyai found that 55% of homeowners don't know their property could be a high-risk #wildfire area. \n\nhttps://t.co/z7ahJSYapS","author_id":"16296790","lang":"en","created_at":"2021-08-12T19:02:29.000Z","public_metrics":{"retweet_count":0,"reply_count":1,"like_count":0,"quote_count":0}},{"id":"1425895120595992583","text":"Thank you joining the #wildfire mitigation and #resiliency webinar. For more information on @EPRINews research and on-going work, view the \"Wildfire Mitigation Planning: Research and Applications\" overview: https://t.co/maisQmt7xz https://t.co/x37bvzQsT6","author_id":"61309973","attachments":{"media_keys":["3_1425895033627086849"]},"lang":"en","created_at":"2021-08-12T19:01:03.000Z","public_metrics":{"retweet_count":2,"reply_count":1,"like_count":2,"quote_count":0}},{"id":"1425894893818466310","text":"221 scenes of WORLDVIEW ingested to HDDS for event 202107_Fire_US #wildfire https://t.co/ibr3mHF9Nc https://t.co/RPkEeR0GK0","author_id":"958321766","attachments":{"media_keys":["3_1425894892685901824"]},"lang":"en","created_at":"2021-08-12T19:00:09.000Z","public_metrics":{"retweet_count":1,"reply_count":1,"like_count":2,"quote_count":0}},{"id":"1425894861710905344","text":"With the #Dixiefire still burning, be sure to stay up to date on local fires and evacuation orders to stay safe! #wildfire #CaliforniaWildfires  #firefighting","author_id":"1089306632016654336","lang":"en","created_at":"2021-08-12T19:00:01.000Z","public_metrics":{"retweet_count":1,"reply_count":1,"like_count":0,"quote_count":0}},{"id":"1425894691447394304","text":"17-year-old, Bennett Kedrosky creates a bot to push out info about wildfire across the state of California. It only took him a couple of days to code the bot that pulls information from the Highway Patrol. \n\nhttps://t.co/q3sjEFJhit\n\n#wildfire #california #code #teenswhocode","author_id":"316655537","lang":"en","created_at":"2021-08-12T18:59:20.000Z","public_metrics":{"retweet_count":0,"reply_count":1,"like_count":0,"quote_count":0}},{"id":"1425894604436430857","text":"@CalMatters explains how the new normal of #wildfire has changed the insurance market\nhttps://t.co/Agud5Ne1RG https://t.co/XmR3iVG9lY","author_id":"1058741373476564992","attachments":{"media_keys":["3_1419724796561031168"]},"lang":"en","created_at":"2021-08-12T18:59:00.000Z","public_metrics":{"retweet_count":0,"reply_count":1,"like_count":0,"quote_count":0}},{"id":"1425893221293608967","text":"Customer #resilience and solutions are critical during extreme weather and #wildfire. @EPRINews is tracking data on more than 100k #solar/storage systems, to help improve these technologies for the future. https://t.co/5rMOx3BHep","author_id":"61309973","attachments":{"media_keys":["3_1425892583977410563"]},"lang":"en","created_at":"2021-08-12T18:53:30.000Z","public_metrics":{"retweet_count":0,"reply_count":2,"like_count":0,"quote_count":0}},{"id":"1425892525060075522","text":"#EMSR528\n\nOur #RapidMappingTeam has delivered its 5th Monitoring Product for Ancient #Olympia\uD83C\uDDEC\uD83C\uDDF7\n\nBased on VHR imagery\uD83D\uDEF0️ acquired today, the #wildfire  continues \uD83D\uDD25to burn, affecting\n\uD83D\uDC6Balmost 2,000 residents \n\uD83C\uDF3317,670 ha of land (+30% in the last 2 days)\n\n\uD83D\uDD17https://t.co/kMWHYxgu7v https://t.co/BHf4Gxtw25","author_id":"2201283403","attachments":{"media_keys":["3_1425891256337682433"]},"lang":"en","created_at":"2021-08-12T18:50:44.000Z","public_metrics":{"retweet_count":17,"reply_count":1,"like_count":31,"quote_count":1}},{"id":"1425891838230073349","text":"Other insurance companies only offer the California Fair Plan, which doesn't cover wildfires. Here at Insure Quality, we've got your back. We cover homes in wildfire areas. Call to get a quote now.⁠\n\n#californiainsurance #homeinsurance #personalinsurance #losangeles #wildfire https://t.co/6WFG3c6H12","author_id":"1313233462627758080","attachments":{"media_keys":["3_1425891836632059912"]},"lang":"en","created_at":"2021-08-12T18:48:00.000Z","public_metrics":{"retweet_count":0,"reply_count":1,"like_count":0,"quote_count":0}},{"id":"1425891231125499904","text":"Prepare yourself and learn about #powersafety with @PGE4Me. Update your contact info to stay notified on PSPS events. #wildfire #california #powershutoff https://t.co/gZZY1a8kSp","author_id":"16453723","lang":"en","created_at":"2021-08-12T18:45:35.000Z","public_metrics":{"retweet_count":0,"reply_count":0,"like_count":0,"quote_count":0}},{"id":"1425889830689333253","text":"Leavenworthは山火事で煙ってます。\n#Leavenworth #wildfire https://t.co/UmkDhVjrJ6","author_id":"1024380416","attachments":{"media_keys":["3_1425889807369080833"]},"lang":"ja","created_at":"2021-08-12T18:40:02.000Z","public_metrics":{"retweet_count":0,"reply_count":0,"like_count":0,"quote_count":0}},{"id":"1425887706140266506","text":"California needs a multi-pronged approach that emphasizes improved #wildfire prevention and decentralized authority to act. Here are some preventive measures that can be implemented to reduce #wildfires &gt;&gt; https://t.co/ffK5aFztRJ @Econ_Doc https://t.co/KXzgZgpZ2F","author_id":"700831601735782400","lang":"en","created_at":"2021-08-12T18:31:35.000Z","public_metrics":{"retweet_count":2,"reply_count":0,"like_count":1,"quote_count":0}},{"id":"1425887233245024258","text":"Community voting is now open for the 2022 #SXSW PanelPicker®, and we need your vote! Cast your vote for our idea - A Techno-Traditional Approach to the #Wildfire Crisis: https://t.co/LGTjlyYj3L \n#pft #parallelflighttechnologies #ApplicantatSXSW https://t.co/BZfO1rSE8o","author_id":"1022397738254659585","attachments":{"media_keys":["3_1425886745116045314"]},"lang":"en","created_at":"2021-08-12T18:29:42.000Z","public_metrics":{"retweet_count":0,"reply_count":0,"like_count":1,"quote_count":0}},{"id":"1425885522149343247","text":"Yesterday, they were saying, on #Facebook, that apparently there had been a #Wildfire❤️‍\uD83D\uDD25 not far from me, at \"#160th/#WoodlandAvenue,\" in #SouthPuyallupWA, &amp; the residents had been #Evacuated. \uD83C\uDF2C️ I saw &amp; smelled nothing from my home; no #Smoke, or anything. \uD83D\uDCA8 https://t.co/IWjBS9Gqiv","author_id":"1329224384997855232","attachments":{"media_keys":["3_1425884051018186756","3_1425884137798266883"]},"lang":"en","created_at":"2021-08-12T18:22:54.000Z","public_metrics":{"retweet_count":0,"reply_count":0,"like_count":0,"quote_count":0}},{"id":"1425884340051976198","text":"#Wildfire smoke in #Siberia causes ‘stay at home’ instruction https://t.co/3U2QGCk1uP https://t.co/n3hNTkpT4j","author_id":"14927723","attachments":{"media_keys":["3_1425884336734281729"]},"lang":"en","created_at":"2021-08-12T18:18:12.000Z","public_metrics":{"retweet_count":0,"reply_count":0,"like_count":0,"quote_count":0}},{"id":"1425883294621650953","text":"Evacuation, temporary living expenses, and smoke damage are among the top #wildfire expenses for homeowners. Learn more from Burns &amp; Wilcox expert Pamela Alphabet here: https://t.co/1ctdRL8q2A https://t.co/9uhE0OX33R","author_id":"475941844","attachments":{"media_keys":["3_1425883292805566465"]},"lang":"en","created_at":"2021-08-12T18:14:03.000Z","public_metrics":{"retweet_count":0,"reply_count":0,"like_count":0,"quote_count":0}},{"id":"1425882754353229825","text":"Smoke thunderclouds: Wildfires use the atmosphere to light more wildfires - Bulletin of the Atomic Scientists https://t.co/mO0Eiraj5l via @BulletinAtomic #wildfire","author_id":"49151546","lang":"en","created_at":"2021-08-12T18:11:54.000Z","public_metrics":{"retweet_count":1,"reply_count":0,"like_count":0,"quote_count":0}},{"id":"1425881785443840003","text":"Our recent blog explores how low-cost sensors can serve as a valuable tool for protecting #PublicHealth from toxic air pollution and #Wildfire smoke during #WildfireSeason2021 with examples from @MBUAPCD  and @BrightlineDef. Read the full blog here: https://t.co/WdrXYY9Ac0","author_id":"2822149353","lang":"en","created_at":"2021-08-12T18:08:03.000Z","public_metrics":{"retweet_count":0,"reply_count":0,"like_count":2,"quote_count":0}},{"id":"1425879843829387267","text":"We've raised just over 11% of our goal for the #Macedonia #Wildfire Relief Fund! #Wildfires\n\nDONATE what you can. Also, can we ask you for a favor? Share the link with your friends, family, and different Facebook groups - please help.\n\nhttps://t.co/4TFW7BSKIC","author_id":"24072334","lang":"en","created_at":"2021-08-12T18:00:20.000Z","public_metrics":{"retweet_count":10,"reply_count":0,"like_count":11,"quote_count":0}},{"id":"1425879780876972032","text":"F-ing hell, that's not pretty \uD83E\uDD2C\n\n ⚡️ “Massive California #wildfire generates fire whirl and pyrocumulonimbus cloud” by @latimes https://t.co/VGaRQEEhA8","author_id":"28901886","lang":"en","created_at":"2021-08-12T18:00:05.000Z","public_metrics":{"retweet_count":0,"reply_count":0,"like_count":0,"quote_count":0}},{"id":"1425879761704738816","text":"Fires stoked by hot winds swept through southern Italy on Thursday, a day after a monitoring station in #Sicily reported temperatures of 48.8 Celsius (119.84°F) which some scientists believe could be the highest in European history\n\n#Wildfire #Italy \n\nhttps://t.co/Ebh7nKQpEN","author_id":"60017224","lang":"en","created_at":"2021-08-12T18:00:01.000Z","public_metrics":{"retweet_count":0,"reply_count":0,"like_count":2,"quote_count":0}},{"id":"1425879715387215873","text":"Follow this thread to hear from @EPRINews @SCE &amp; @Pano_AI as they discuss #wildfire mitigation, grid resiliency &amp; solutions to enable customer #resilience. \n\nJOIN: https://t.co/YjaeTrogU1 https://t.co/qtd40TfgCO","author_id":"61309973","attachments":{"media_keys":["3_1425879651994460166"]},"lang":"en","created_at":"2021-08-12T17:59:50.000Z","public_metrics":{"retweet_count":0,"reply_count":1,"like_count":9,"quote_count":0}},{"id":"1425877933110009856","text":"Applications for two postdoctoral #scholarships are still open. The #research will focus on #wildfire management and forest planning decision support.\nDeadline for #application: September 20\n\nRead more at \uD83D\uDC49https://t.co/TMvtf1gCvY\n\n#CEF #euroaxess @isagronomia @ULisboa_ https://t.co/gXHQdpbTJI","author_id":"1220015943197261824","attachments":{"media_keys":["3_1425877913023483909"]},"lang":"en","created_at":"2021-08-12T17:52:45.000Z","public_metrics":{"retweet_count":0,"reply_count":0,"like_count":0,"quote_count":0}},{"id":"1425877753346277376","text":"FutureDanger Indicator: WILDFIRES LAY WASTE\nHeatMap Column 4&gt; https://t.co/xddBncYhJr\n  #Wildfires #Wildfire #WarnOthers #HeatMap https://t.co/5qEqkaMqzN","author_id":"867896844852101121","attachments":{"media_keys":["3_1425877751844589569"]},"lang":"en","created_at":"2021-08-12T17:52:02.000Z","public_metrics":{"retweet_count":0,"reply_count":0,"like_count":0,"quote_count":0}},{"id":"1425877473535823872","text":"Move-in starts tomorrow! #GoCougs! Excitement is in the air \uD83D\uDE03 but so is some #wildfire #smoke \uD83D\uDE1F.  Peekaboo view of Thompson Hall; a flat white sky over Honors Hall &amp; the freshly mown flatts; looking west to wheat fields from Morrill Hall. Be careful on your travels! #SeeYouSoon https://t.co/pVIiswBVZr","author_id":"725363954587824128","attachments":{"media_keys":["3_1425873953973706752","3_1425873983551934465","3_1425874017236389888"]},"lang":"en","created_at":"2021-08-12T17:50:55.000Z","public_metrics":{"retweet_count":0,"reply_count":0,"like_count":5,"quote_count":0}},{"id":"1425877054566842374","text":"WATCH: This heartbreaking time-lapse video shows the sky above the island of Evia turning into a red haze during sunset due to the wildfires that have been ravaging the Greek island.\uD83D\uDC94 https://t.co/IqeoSBhUu9 #Greece #Evia #Wildfire","author_id":"57320024","lang":"en","created_at":"2021-08-12T17:49:15.000Z","public_metrics":{"retweet_count":0,"reply_count":0,"like_count":4,"quote_count":0}},{"id":"1425873257870381057","text":"Incredible resource sitting idle during a devastating #wildfire season. Why has @safeguard01 not been deployed? https://t.co/JIr18SFxSI","author_id":"183351038","lang":"en","created_at":"2021-08-12T17:34:10.000Z","public_metrics":{"retweet_count":6,"reply_count":1,"like_count":6,"quote_count":0}},{"id":"1425872001277779968","text":"Understanding the next #wildfire is not a question of ‘if’, but ‘when’. We must make smart #forest management decisions + keep #Forests4Climate #ClimateAction #forestproud\n\nLava Mountain #Fire @ShoshoneNF, WY, 7/16, Martin IMT @forestservice \uD83D\uDCF7 Kristen Honig https://t.co/M6iQ42F3Wi","author_id":"838813212422340609","attachments":{"media_keys":["3_1425871593436323849"]},"lang":"en","created_at":"2021-08-12T17:29:11.000Z","public_metrics":{"retweet_count":2,"reply_count":0,"like_count":4,"quote_count":0}},{"id":"1425870907038388229","text":"\uD83D\uDDFA New map: [#EMSR529] Klechovtse: Grading Product, version 1, release 1, RTP Map #01 [v1, 1:21000]\n\uD83D\uDD17 https://t.co/X7vylQyZ0J — #wildfire #grading in #NorthMacedonia\n#Copernicus #CEMS #RapidMapping #EUCivPro","author_id":"2201283403","lang":"en","created_at":"2021-08-12T17:24:50.000Z","public_metrics":{"retweet_count":0,"reply_count":0,"like_count":4,"quote_count":0}},{"id":"1425868995111145475","text":"#WILDFIRE smoke in Siberia causes ‘stay at home’ instruction https://t.co/qodhIGcw4k  #GlobalWarming #climatechange","author_id":"3301926908","lang":"en","created_at":"2021-08-12T17:17:14.000Z","public_metrics":{"retweet_count":0,"reply_count":0,"like_count":0,"quote_count":0}},{"id":"1425868904686047245","text":"#WILDFIRE smoke in Siberia causes ‘stay at home’ instruction https://t.co/tDQGakYPuC #GPWX #GlobalWarming #climatechange","author_id":"3111226033","lang":"en","created_at":"2021-08-12T17:16:52.000Z","public_metrics":{"retweet_count":0,"reply_count":0,"like_count":0,"quote_count":0}},{"id":"1425868278027624454","text":"Lofi Cali Girl - beats to relax/study to during the climate change apocalypse.\n\n#lofi #art #painting #fire #wildfire #ClimateCrisis https://t.co/umSsfzV5fF","author_id":"145724092","attachments":{"media_keys":["3_1425867424457367552"]},"lang":"en","created_at":"2021-08-12T17:14:23.000Z","public_metrics":{"retweet_count":2000,"reply_count":26,"like_count":9515,"quote_count":34}},{"id":"1425868274026303489","text":"cc @Bewickwren #wildfire #GreeceFires https://t.co/9dQmNsgCvd","author_id":"498387863","lang":"und","created_at":"2021-08-12T17:14:22.000Z","public_metrics":{"retweet_count":1,"reply_count":0,"like_count":0,"quote_count":0}},{"id":"1425868127468875780","text":"Thank you @NMFirePIO Wildland Team!! #incidentmanagement #wildfire https://t.co/xwlp33wHZq","author_id":"3751422672","lang":"en","created_at":"2021-08-12T17:13:47.000Z","public_metrics":{"retweet_count":0,"reply_count":0,"like_count":1,"quote_count":0}},{"id":"1425867983994298369","text":"#SIBERIA!! #Sibir On fire again! The redhot zones didn't show well  on the @NASAClimate global #Wildfire map days ago; was wondering how bad Siberia is. @louisa1000 @YYonnette @LisaGoo07645616 @LindaOwino @alykhansatchu \"It is all Written\" {Gospel St.John} https://t.co/r7MX4ETlHS","author_id":"608835608","lang":"en","created_at":"2021-08-12T17:13:13.000Z","public_metrics":{"retweet_count":1,"reply_count":0,"like_count":3,"quote_count":0}},{"id":"1425866999616446480","text":"#ICYMI: When the BC gov’t subsidizes the #FossilFuel industry during a #ClimateEmergency, “It’s as if we’re paying someone to go around &amp; throw gasoline on the ground, in front of the #wildfire fighters,” cc: Tom Green @DavidSuzukiFDN https://t.co/zhdTLrmcmP #bcpoli #BCWildfires","author_id":"102187929","lang":"en","created_at":"2021-08-12T17:09:18.000Z","public_metrics":{"retweet_count":20,"reply_count":0,"like_count":34,"quote_count":1}},{"id":"1425866922395062276","text":"How to start and progress, step by step if you’ve got no idea how to prepare.  https://t.co/yIkZX3Snc8 #pandemic  #Preparedness #COVID19 #climatechange #ClimateAction #lifehacks #life #art #habits #ThursdayVibes #Drought21 #wildfire https://t.co/Bsj8ugAznu","author_id":"1854805501","attachments":{"media_keys":["3_1423325250662641669"]},"lang":"en","created_at":"2021-08-12T17:09:00.000Z","public_metrics":{"retweet_count":1,"reply_count":0,"like_count":0,"quote_count":0}},{"id":"1425865405256642569","text":"2021-08-12 Check Before You Burn\nKings County - Restricted Burn Day\nBurning is permitted between 7:00pm Thursday, August  12th and 8:00am Friday, August 13th\nNS BurnSafe Map updated 2pm daily\nhttps://t.co/T9LKJ5H4qs\n#Wildfire Season: March 15 - October 15 https://t.co/AbDBjZWd1Q","author_id":"2993727444","attachments":{"media_keys":["3_1425865362218831877"]},"lang":"en","created_at":"2021-08-12T17:02:58.000Z","public_metrics":{"retweet_count":0,"reply_count":0,"like_count":0,"quote_count":0}},{"id":"1425863150612713483","text":"\uD83D\uDDFA New map: [#EMSR534] San Luca: Delineation Product, version 1, release 1, RTP Map #01 [v1, 1:70000]\n\uD83D\uDD17 https://t.co/2ReFaE0xAg — #wildfire #delineation in #Italy\n#Copernicus #CEMS #RapidMapping #EUCivPro","author_id":"2201283403","lang":"en","created_at":"2021-08-12T16:54:01.000Z","public_metrics":{"retweet_count":0,"reply_count":0,"like_count":2,"quote_count":0}}],"includes":{"media":[{"media_key":"3_1425956509742211083","type":"photo","url":"https://pbs.twimg.com/media/E8oD4_xXIAs71xx.jpg"},{"media_key":"3_1425956509712887810","type":"photo","url":"https://pbs.twimg.com/media/E8oD4_qXsAIIAcv.jpg"},{"media_key":"3_1425956509759021056","type":"photo","url":"https://pbs.twimg.com/media/E8oD4_1XoAAKzoo.jpg"},{"media_key":"3_1425956509813559296","type":"photo","url":"https://pbs.twimg.com/media/E8oD5ACX0AAc7II.jpg"},{"media_key":"7_1425953594281320455","public_metrics":{"view_count":24},"type":"video"},{"media_key":"3_1425953242152849419","type":"photo","url":"https://pbs.twimg.com/media/E8oA6zDWUAstHVI.jpg"},{"media_key":"7_1425951045772062726","public_metrics":{"view_count":1172},"type":"video"},{"media_key":"3_1425948948200452096","type":"photo","url":"https://pbs.twimg.com/media/E8n9A21UcAALGUw.jpg"},{"media_key":"3_1425947434253885444","type":"photo","url":"https://pbs.twimg.com/media/E8n7ou8VIAQC877.jpg"},{"media_key":"3_1425948325975494658","type":"photo","url":"https://pbs.twimg.com/media/E8n8co3VEAIiut1.jpg"},{"media_key":"3_1425944200214982661","type":"photo","url":"https://pbs.twimg.com/media/E8n4sfNXsAUrg9C.jpg"},{"media_key":"3_1425940188207927297","type":"photo","url":"https://pbs.twimg.com/media/E8n1C9UWUAEFACs.jpg"},{"media_key":"16_1425937538976423939","type":"animated_gif"},{"media_key":"3_1425934018244222980","type":"photo","url":"https://pbs.twimg.com/media/E8nvb0aXoAQojHh.jpg"},{"media_key":"3_1425926984513773577","type":"photo","url":"https://pbs.twimg.com/media/E8npCZuWYAkhuk8.jpg"},{"media_key":"3_1425925847588950018","type":"photo","url":"https://pbs.twimg.com/media/E8noAOWWUAIMp7k.jpg"},{"media_key":"3_1425925139972112384","type":"photo","url":"https://pbs.twimg.com/media/E8nnXCRWQAAwk2f.jpg"},{"media_key":"3_1425925144996945933","type":"photo","url":"https://pbs.twimg.com/media/E8nnXU_XIA0qRIU.jpg"},{"media_key":"3_1425925149262553091","type":"photo","url":"https://pbs.twimg.com/media/E8nnXk4XIAMLoM1.jpg"},{"media_key":"3_1425925153020592136","type":"photo","url":"https://pbs.twimg.com/media/E8nnXy4WQAgibR4.jpg"},{"media_key":"3_1425925085152616452","type":"photo","url":"https://pbs.twimg.com/media/E8nnT2DXIAQgOiR.jpg"},{"media_key":"3_1425923808230354952","type":"photo","url":"https://pbs.twimg.com/media/E8nmJhJXsAgOtk7.jpg"},{"media_key":"3_1425923802492452866","type":"photo","url":"https://pbs.twimg.com/media/E8nmJLxWQAI0Lvm.jpg"},{"media_key":"3_1425916000277438465","type":"photo","url":"https://pbs.twimg.com/media/E8nfDCQVIAECSwq.png"},{"media_key":"7_1425915318052933634","public_metrics":{"view_count":33},"type":"video"},{"media_key":"3_1425915382016184322","type":"photo","url":"https://pbs.twimg.com/media/E8nefDDXEAItgih.jpg"},{"media_key":"3_1425915382003556357","type":"photo","url":"https://pbs.twimg.com/media/E8nefDAWYAU9Wjy.jpg"},{"media_key":"3_1425915382020382722","type":"photo","url":"https://pbs.twimg.com/media/E8nefDEXIAIu5jq.jpg"},{"media_key":"3_1425915382402060289","type":"photo","url":"https://pbs.twimg.com/media/E8nefEfXEAE1AJm.jpg"},{"media_key":"3_1425913842505236488","type":"photo","url":"https://pbs.twimg.com/media/E8ndFb7WQAg3Gc3.png"},{"media_key":"3_1425910208300212226","type":"photo","url":"https://pbs.twimg.com/media/E8nZx5dWYAIXu8p.png"},{"media_key":"3_1425909383150587907","type":"photo","url":"https://pbs.twimg.com/media/E8nZB3iWUAMi50X.jpg"},{"media_key":"3_1425907830951976961","type":"photo","url":"https://pbs.twimg.com/media/E8nXnhJXIAEMoIj.jpg"},{"media_key":"3_1425906726037909505","type":"photo","url":"https://pbs.twimg.com/media/E8nWnNBUcAEfo5n.jpg"},{"media_key":"3_1425906726042099712","type":"photo","url":"https://pbs.twimg.com/media/E8nWnNCUYAAVpBg.jpg"},{"media_key":"3_1425904820033138701","type":"photo","url":"https://pbs.twimg.com/media/E8nU4QmXsA0bf3e.jpg"},{"media_key":"3_1425902490998951937","type":"photo","url":"https://pbs.twimg.com/media/E8nSwsRWUAEqPTQ.jpg"},{"media_key":"3_1425895033627086849","type":"photo","url":"https://pbs.twimg.com/media/E8nL-nZWEAEYE_O.jpg"},{"media_key":"3_1425894892685901824","type":"photo","url":"https://pbs.twimg.com/media/E8nL2aWWQAAxVJ7.jpg"},{"media_key":"3_1419724796561031168","type":"photo","url":"https://pbs.twimg.com/media/E7PgLjHVgAACpCJ.jpg"},{"media_key":"3_1425892583977410563","type":"photo","url":"https://pbs.twimg.com/media/E8nJwBvWYAM4KTv.jpg"},{"media_key":"3_1425891256337682433","type":"photo","url":"https://pbs.twimg.com/media/E8nIiv5X0AEJxLX.jpg"},{"media_key":"3_1425891836632059912","type":"photo","url":"https://pbs.twimg.com/media/E8nJEhqVUAgODjv.jpg"},{"media_key":"3_1425889807369080833","type":"photo","url":"https://pbs.twimg.com/media/E8nHOaEVkAE57l9.jpg"},{"media_key":"3_1425886745116045314","type":"photo","url":"https://pbs.twimg.com/media/E8nEcKSUcAIutqF.png"},{"media_key":"3_1425884051018186756","type":"photo","url":"https://pbs.twimg.com/media/E8nB_V_VgAQU17u.jpg"},{"media_key":"3_1425884137798266883","type":"photo","url":"https://pbs.twimg.com/media/E8nCEZRUcAMCX_o.jpg"},{"media_key":"3_1425884336734281729","type":"photo","url":"https://pbs.twimg.com/media/E8nCP-XXIAEl-vQ.png"},{"media_key":"3_1425883292805566465","type":"photo","url":"https://pbs.twimg.com/media/E8nBTNbXEAEhmdR.jpg"},{"media_key":"3_1425879651994460166","type":"photo","url":"https://pbs.twimg.com/media/E8m9_SWWYAYCwFP.jpg"},{"media_key":"3_1425877913023483909","type":"photo","url":"https://pbs.twimg.com/media/E8m8aELXEAUutw9.jpg"},{"media_key":"3_1425877751844589569","type":"photo","url":"https://pbs.twimg.com/media/E8m8QrvUUAEfZKt.png"},{"media_key":"3_1425873953973706752","type":"photo","url":"https://pbs.twimg.com/media/E8m4znkVoAAGQ3e.jpg"},{"media_key":"3_1425873983551934465","type":"photo","url":"https://pbs.twimg.com/media/E8m41VwVkAErbZr.jpg"},{"media_key":"3_1425874017236389888","type":"photo","url":"https://pbs.twimg.com/media/E8m43TPVkAAqno_.jpg"},{"media_key":"3_1425871593436323849","type":"photo","url":"https://pbs.twimg.com/media/E8m2qN4XoAkmNSb.jpg"},{"media_key":"3_1425867424457367552","type":"photo","url":"https://pbs.twimg.com/media/E8my3jOVIAAkpP9.jpg"},{"media_key":"3_1423325250662641669","type":"photo","url":"https://pbs.twimg.com/media/E8Cqxj2XMAUghEL.jpg"},{"media_key":"3_1425865362218831877","type":"photo","url":"https://pbs.twimg.com/media/E8mw_gyWUAUyjQe.png"}]},"meta":{"newest_id":"1425956512304926721","oldest_id":"1425863150612713483","result_count":100,"next_token":"b26v89c19zqg8o3fpdm8kuy32ogi1o8z4cw8lya7fihdp"}}