{"data":[{"lang":"en","public_metrics":{"retweet_count":0,"reply_count":0,"like_count":0,"quote_count":0},"id":"1424719124995903494","text":"Near-record heat today with more thick wildfire smoke - https://t.co/ogrnJ9jPYZ Colorado Springs and Pueblo News https://t.co/1VArTdM228 #Heatwave #Wildfires","created_at":"2021-08-09T13:08:04.000Z","author_id":"40173650"},{"lang":"en","public_metrics":{"retweet_count":0,"reply_count":0,"like_count":0,"quote_count":0},"id":"1424719122563272712","text":"Wildfire smoke covers Las Vegas valley, increases risk of contracting coronavirus - KTNV Las Vegas https://t.co/tVhiKPYkYJ #Heatwave #Wildfires","created_at":"2021-08-09T13:08:03.000Z","author_id":"40173650"},{"lang":"en","public_metrics":{"retweet_count":0,"reply_count":0,"like_count":0,"quote_count":0},"id":"1424719118385700870","text":"Trump told California to sweep the forest floors. What’s Biden’s plan to combat wildfires? - Sacramento Bee https://t.co/nBWD7egMVC #Heatwave #Wildfires","created_at":"2021-08-09T13:08:02.000Z","author_id":"40173650"},{"lang":"en","public_metrics":{"retweet_count":0,"reply_count":0,"like_count":0,"quote_count":0},"id":"1424719114044682244","text":"Dixie Fire largest single California wildfire in state history - KTVU San Francisco https://t.co/iO7VfhMHPn #Heatwave #Wildfires","created_at":"2021-08-09T13:08:01.000Z","author_id":"40173650"},{"lang":"en","public_metrics":{"retweet_count":0,"reply_count":0,"like_count":0,"quote_count":0},"id":"1424719111993573376","text":"Rusty's First Alert Forecast - Dangerous heat, high humidity and wildfire smoke to start the week - WOWT https://t.co/FiiaD7sHIq #Heatwave #Wildfires","created_at":"2021-08-09T13:08:00.000Z","author_id":"40173650"},{"lang":"en","public_metrics":{"retweet_count":0,"reply_count":0,"like_count":0,"quote_count":0},"id":"1424719108893937669","text":"Wildfire near Philipsburg 50% contained - NBC Montana https://t.co/9AWdCaJSVx #Heatwave #Wildfires","created_at":"2021-08-09T13:08:00.000Z","author_id":"40173650"},{"lang":"en","public_metrics":{"retweet_count":0,"reply_count":0,"like_count":0,"quote_count":0},"id":"1424719107526733827","text":"Apps are helping people avoid air pollution amid record wildfires, rising temperatures - CNBC https://t.co/fl11KJ8w9K #Heatwave #Wildfires","created_at":"2021-08-09T13:07:59.000Z","author_id":"40173650"},{"lang":"en","public_metrics":{"retweet_count":0,"reply_count":0,"like_count":0,"quote_count":0},"id":"1424719105467330560","text":"Wildfires Rage Through Areas Of Turkey, Lebanon, Italy And Greece - NPR https://t.co/XPOr8OyVi7 #Heatwave #Wildfires","created_at":"2021-08-09T13:07:59.000Z","author_id":"40173650"},{"lang":"en","public_metrics":{"retweet_count":0,"reply_count":0,"like_count":0,"quote_count":0},"id":"1424718945035161603","text":"Can we please stop giving #wildfires these cutsie names? It seems more appropriate to start calling them what they are so the media has to repeat it over and over. “The ‘Apocalypse’ fire has now spread…” “Armageddon fire…” and so on.","created_at":"2021-08-09T13:07:21.000Z","author_id":"1199412975804788736"},{"lang":"en","public_metrics":{"retweet_count":1,"reply_count":0,"like_count":0,"quote_count":0},"id":"1424718815108153349","text":".@SenatorMenendez  Seeks #US aid for #Greek #Wildfires Battles\nhttps://t.co/KkJlVrfSHh","created_at":"2021-08-09T13:06:50.000Z","author_id":"82347945"}],"meta":{"newest_id":"1424719124995903494","oldest_id":"1424718815108153349","result_count":10,"next_token":"b26v89c19zqg8o3fpdm85n5x9s862g1e60knhyotoj1bx"}}