{"data":[{"created_at":"2021-08-12T16:44:01.000Z","text":"A few scenes from GFC’s hand crew working on the Summit Trail fire in WA. Stay safe! #wildfire https://t.co/HFvGWrUlgu","lang":"en","author_id":"30928148","attachments":{"media_keys":["3_1425860630423252995","3_1425860630578401284","3_1425860629697601539","3_1425860629575970817"]},"public_metrics":{"retweet_count":0,"reply_count":0,"like_count":1,"quote_count":0},"id":"1425860635741626370"},{"created_at":"2021-08-12T16:41:18.000Z","text":"https://t.co/odVp5CB4iw\n\n#californiawildfires #california #wildfire","lang":"und","author_id":"1341514516585095169","public_metrics":{"retweet_count":0,"reply_count":0,"like_count":0,"quote_count":0},"id":"1425859951415631872"},{"created_at":"2021-08-12T16:40:32.000Z","text":"TODAY: Join @EPRINews @SCE &amp; @Pano_AI at 2PM ET TODAY as they discuss #wildfire mitigation planning &amp; priorities; rethinking grid resiliency &amp; #safety in an era of wildfires; plus solutions to enable customer #resilience. \n\nREGISTER: https://t.co/YjaeTrogU1 https://t.co/SOBG28ggWc","lang":"en","author_id":"61309973","attachments":{"media_keys":["3_1425859668145025024"]},"public_metrics":{"retweet_count":0,"reply_count":0,"like_count":1,"quote_count":0},"id":"1425859759102734339"},{"created_at":"2021-08-12T16:39:38.000Z","text":"\uD83D\uDDFA New map: [#EMSR528] Ancient Olympia: Delineation Product, Monitoring 5, version 1, release 1, RTP Map #01 [v1, 1:75000]\n\uD83D\uDD17 https://t.co/HLQvLbI2AV — #wildfire #delineation in #Greece\n#Copernicus #CEMS #RapidMapping #EUCivPro","lang":"en","author_id":"2201283403","public_metrics":{"retweet_count":0,"reply_count":0,"like_count":2,"quote_count":0},"id":"1425859534027960320"},{"created_at":"2021-08-12T16:39:31.000Z","text":"Passing along information from the #MiddleForkComplex in Lane County on wildfire smoke and health impacts. #Wildfire #Oregon #MiddleForkComplex LINK ➡️https://t.co/E5tAiAW4An https://t.co/osXkVPzmlx","lang":"en","author_id":"18361616","attachments":{"media_keys":["3_1425859362745032707"]},"public_metrics":{"retweet_count":2,"reply_count":0,"like_count":4,"quote_count":0},"id":"1425859502029426692"},{"created_at":"2021-08-12T16:35:00.000Z","text":"July 29, 2021, was definitely a dark day for tourists and locals in Marmaris, Turkey.\nFollow @WooGlobe for more viral videos. \n\n#turkeyfire #Turkey #wildfire #ViralVideos #WooGlobe https://t.co/bLq4VJtq82","lang":"en","author_id":"888124885347704832","attachments":{"media_keys":["7_1425728076244193285"]},"public_metrics":{"retweet_count":1,"reply_count":0,"like_count":1,"quote_count":0},"id":"1425858365981298690"},{"created_at":"2021-08-12T16:33:54.000Z","text":"@HarrietteSucher Can’t imagine all that you’ve gone through. It’s egregious that disaster victims aren’t treated better. Your resilience, never give up attitude &amp; personal experience is a valuable resource for victims of #DixieFire or any #wildfire \nHope people take advantage of your offer.","lang":"en","author_id":"1691991871","public_metrics":{"retweet_count":0,"reply_count":1,"like_count":2,"quote_count":0},"id":"1425858089807351810"},{"created_at":"2021-08-12T16:33:19.000Z","text":"Team #Kelowna delivered water and snacks to the Welcome Center set up for evacuees of the White Rock Lake wildfire estimated to be 56,500 hectares in size and continues to burn out of control.\n\n#khalsaaidca #wildfire #bc #water #evacuees https://t.co/wcrEn8Ds0M","lang":"en","author_id":"993840133718720513","attachments":{"media_keys":["7_1425857902334513152"]},"public_metrics":{"retweet_count":37,"reply_count":1,"like_count":212,"quote_count":0},"id":"1425857943283527682"},{"created_at":"2021-08-12T16:30:11.000Z","text":"The #DixieFire continues to grow and is now over 510k acres &amp; only 30% contained. So far over 1,100 structures have been destroyed. Current weather conditions (heat, strong winds &amp; potential thunderstorms) are making it difficult for #firefighters to battle the blaze. #Wildfire https://t.co/SNnC6fG1xH","lang":"en","author_id":"1240742710534782976","attachments":{"media_keys":["3_1425857138384162817","3_1425857141135511553","3_1425857144310706181","3_1425857148412641285"]},"public_metrics":{"retweet_count":1,"reply_count":0,"like_count":2,"quote_count":0},"id":"1425857153131323398"},{"created_at":"2021-08-12T16:30:06.000Z","text":"#CAFire Update: #DixieFire grows to 510,227 acres &amp; is 30% contained. Fire officials plead for vigilance as upcoming weather conditions could bring lightning to the fire zone. https://t.co/wNpVWfRIC0 h/t @ByLHernandez For more #wildfire updates: https://t.co/kc8iRrII77 @CAL_FIRE https://t.co/zp7fJEILgf","lang":"en","author_id":"48817182","attachments":{"media_keys":["3_1425857131463458817"]},"public_metrics":{"retweet_count":5,"reply_count":0,"like_count":2,"quote_count":0},"id":"1425857133921325059"},{"created_at":"2021-08-12T16:27:34.000Z","text":"⚡️ “Massive California wildfire generates fire whirl and pyrocumulonimbus cloud” by @latimes https://t.co/PAcqdvPgu8 #California #wildfire #drought #climate #ClimateEmergency","lang":"en","author_id":"954960843514368003","public_metrics":{"retweet_count":1,"reply_count":0,"like_count":0,"quote_count":0},"id":"1425856494919028742"},{"created_at":"2021-08-12T16:27:10.000Z","text":"Czyli paradoks: dobra pogoda dla✈️, to zła dla \uD83D\uDC69‍\uD83D\uDE92\uD83D\uDC69\uD83C\uDFFE‍\uD83D\uDE92, bo przy wyżu zazwyczaj szaleje płomień, zła dla \uD83D\uDEE9️, dobra dla \uD83D\uDC77\uD83C\uDFFE‍♀️, bo płomienie przesuwają się powoli, jest wilgoć, można kopać. \nTaka jest zabawa w \uD83D\uDE3A\uD83D\uDC01 #wildfire.\n\nJednak budynków bronią strażacy, od ich poświęcenia zależy\n6/n","lang":"pl","author_id":"3959023822","public_metrics":{"retweet_count":1,"reply_count":1,"like_count":2,"quote_count":0},"id":"1425856395858092034"},{"created_at":"2021-08-12T16:24:49.000Z","text":"#Breaking - Ex-professor accused of arson ‘spree’ near California’s Dixie Fire.\n\nRead More: https://t.co/s5O94xiohY\n\n#DixieFire #California #wildfire \n\nThis article was fact-checked by Oigetit✅ https://t.co/HGHJvb23HK","lang":"en","author_id":"1270525963051257856","attachments":{"media_keys":["3_1425855484553175040"]},"public_metrics":{"retweet_count":0,"reply_count":0,"like_count":0,"quote_count":0},"id":"1425855805937516551"},{"created_at":"2021-08-12T16:19:33.000Z","text":"Northern North America (NWT, YT and Alaska) #wildfire area burn is a bit higher than 2020 but well below the long term median. Dramatic contrast to Sahka Republic, where reports are 6.6 million hectares have burned so far. #akwx #ytwx #ntwx #Arctic @Climatologist49 @m_parrington https://t.co/N6ioGTvLoL","lang":"en","author_id":"762377565688307712","attachments":{"media_keys":["3_1425854393987989507"]},"public_metrics":{"retweet_count":4,"reply_count":0,"like_count":13,"quote_count":0},"id":"1425854480331902977"},{"created_at":"2021-08-12T16:18:16.000Z","text":"It’ll be nice to have a reprieve, but I feel bad for those who’ll get hammered with this instead. #AirQuality #publichealth #wildfire https://t.co/B5Ky7WehVg","lang":"en","author_id":"278566733","public_metrics":{"retweet_count":0,"reply_count":0,"like_count":0,"quote_count":0},"id":"1425854157873844225"},{"created_at":"2021-08-12T16:10:03.000Z","text":"@CDPHE has issued an Air Quality Health Advisory for wildfire smoke for Pitkin County, including Aspen. This advisory is in effect until 4 p.m., August 12, 2021. \n\nInformation source: https://t.co/cStEbQpMHQ\n\n#AspenAirQuality #AirQuality #Wildfire #PitkinAlert https://t.co/HhEy1PWT5e","lang":"en","author_id":"82647646","attachments":{"media_keys":["3_1425852086600839171"]},"public_metrics":{"retweet_count":0,"reply_count":0,"like_count":0,"quote_count":0},"id":"1425852089394245634"},{"created_at":"2021-08-12T16:10:01.000Z","text":"FutureDanger Indicator: WILDFIRES LAY WASTE\nHeatMap Column 4&gt; https://t.co/lN14i125gK\n #Wildfire  #Wildfires #FutureDanger #HeatMap https://t.co/f7MgcYX4nI","lang":"en","author_id":"868211017632894977","attachments":{"media_keys":["3_1425852079734591491"]},"public_metrics":{"retweet_count":0,"reply_count":0,"like_count":0,"quote_count":0},"id":"1425852081110274048"},{"created_at":"2021-08-12T16:08:05.000Z","text":"\uD83D\uDD34 LIVE IN YOUTUBE: Tin tức trực buổi sáng ở mỹ 12-08-2021.\nNhấn vào đây để xem:  https://t.co/HGJD74Wa6m\nTỦ ĐIỀU KHIỂN \"SAILDRONES\"\n\n#tintuc #UNV #UNVtinhbuoisang #USNews #tiengviet #coronavirususa #nguoiviet #CoronavirusOutbreak #CoronaVirusUpdates #protests #wildfire https://t.co/dDgFNMM127","lang":"vi","author_id":"858145989118623744","attachments":{"media_keys":["3_1425842305530044425"]},"public_metrics":{"retweet_count":0,"reply_count":0,"like_count":1,"quote_count":0},"id":"1425851593644199937"},{"created_at":"2021-08-12T16:03:37.000Z","text":"epa's editor’s choice 12 August 2021\n\nsee full selection: https://t.co/SZaq99jb4s\n\nsubscribe here: https://t.co/3QPQcDojpv\n\n#SeanPenn #protests #wildfire #UEFA #flagday #sheep #space #pandemic #editorschoice #epaphotos #visualizingtheworld \n\n\uD83D\uDCF7 epa / Etienne Laurent https://t.co/cickKrYJHn","lang":"en","author_id":"2149769419","attachments":{"media_keys":["3_1425850468505374721"]},"public_metrics":{"retweet_count":0,"reply_count":0,"like_count":0,"quote_count":0},"id":"1425850469843341313"},{"created_at":"2021-08-12T16:03:01.000Z","text":"Another incredible shot from CP Images (https://t.co/vRGjK5aEuk)! The July Mountain wildfire in BC.\n\n#bc #britishcolumbia #clouds #firecloud #merritt #fireclouds #climatechange #wildfires #smoke #cpimages #canadiannews #thecanadianpress #smoke #wildfire #pyrocumulus https://t.co/tl6onNNncf","lang":"en","author_id":"1146790976263983104","attachments":{"media_keys":["3_1425850071623553028"]},"public_metrics":{"retweet_count":0,"reply_count":0,"like_count":0,"quote_count":0},"id":"1425850318571573250"},{"created_at":"2021-08-12T16:01:47.000Z","text":"\uD83D\uDD34 INFO - #Grèce : #Incendie en cours dans une zone forestière à #Vourvourou en Macédoine-Centrale. #wildfires #wildfire #Greece #GreeceFires https://t.co/uNOuyFPlAh","lang":"fr","author_id":"784636611183214592","attachments":{"media_keys":["3_1425850003063558144"]},"public_metrics":{"retweet_count":4,"reply_count":0,"like_count":4,"quote_count":0},"id":"1425850006045708288"},{"created_at":"2021-08-12T16:00:02.000Z","text":"The Kendrick Mountain fire. Photo taken by W. G. Mann in 1942. #wildfire #historic #ThrowbackThursday #TBT @KaibabNF https://t.co/vvjaLuSwkB","lang":"en","author_id":"36169756","attachments":{"media_keys":["3_1413240214961614849"]},"public_metrics":{"retweet_count":5,"reply_count":0,"like_count":23,"quote_count":0},"id":"1425849565803126788"},{"created_at":"2021-08-12T15:59:16.000Z","text":"@wildfiresingers Kelli &amp; Kayla, will need a video featuring both of you in  #RoseCoveredGlass #WildFire \uD83D\uDD25. ❤️\uD83C\uDF08❤️\uD83D\uDD25\uD83D\uDC4F\uD83D\uDC4F\uD83D\uDC4F Please! And some Vinyl. Thank You \uD83D\uDE4F","lang":"en","author_id":"986385164824608769","public_metrics":{"retweet_count":0,"reply_count":0,"like_count":2,"quote_count":0},"id":"1425849374064656387"},{"created_at":"2021-08-12T15:56:57.000Z","text":"The skies in Whatcom County were noticeably smoky this morning as wildfires continue to burn in the Western U.S. #PNW #Wildfire #iPhone https://t.co/S5mWdjLcaL","lang":"en","author_id":"987068497548193795","attachments":{"media_keys":["3_1425848539163201538"]},"public_metrics":{"retweet_count":13,"reply_count":0,"like_count":29,"quote_count":1},"id":"1425848790339133444"},{"created_at":"2021-08-12T15:55:06.000Z","text":"Shoutout to Simo Saimoo for adding our song \"Rose Colored Glasses\" to his Spotify playlist.  To check it out, CLICK HERE:  https://t.co/Ev0FGEPlPc\n#spotify #rosecoloredglasses #netflix #bestsongs #SpotifyPlaylist #wildfire #sisterduo #pop #rock #poprock #spotifyartist","lang":"en","author_id":"763336831295328256","public_metrics":{"retweet_count":1,"reply_count":2,"like_count":13,"quote_count":0},"id":"1425848324368867333"},{"created_at":"2021-08-12T15:54:39.000Z","text":"\uD83D\uDDFA New map: [#EMSR529] Gradmantsi: Grading Product, version 1, release 1, RTP Map #01 [v1, 1:11000]\n\uD83D\uDD17 https://t.co/Ye1Q4E6ywL — #wildfire #grading in #NorthMacedonia\n#Copernicus #CEMS #RapidMapping #EUCivPro","lang":"en","author_id":"2201283403","public_metrics":{"retweet_count":0,"reply_count":0,"like_count":4,"quote_count":0},"id":"1425848214238990336"},{"created_at":"2021-08-12T15:52:03.000Z","text":"@mrmirek00 #pyrocumulonimbus #clouds \n#firetornado #wildfire #fire #California\nI was lucky to study \"wildland fire behavior\" and \"fire ecology\" at one of north America's top wildfire laboratories. \n.. important reminder: fire is natural. It is actually a necessity for the health of forests https://t.co/y5eDYkYlz3","lang":"en","author_id":"1371618128635916288","attachments":{"media_keys":["3_1425847557591212032"]},"public_metrics":{"retweet_count":0,"reply_count":1,"like_count":1,"quote_count":0},"id":"1425847558849499137"},{"created_at":"2021-08-12T15:44:37.000Z","text":"#Italy, #California, #Greece, #Siberia, #Canada, #Turkey all on fire, whats wrong? \n#wildfire \nhttps://t.co/TveQ7k4I2Y","lang":"en","author_id":"1167334896496513025","public_metrics":{"retweet_count":0,"reply_count":0,"like_count":1,"quote_count":0},"id":"1425845689376968704"},{"created_at":"2021-08-12T15:42:01.000Z","text":"Thanks, @ChrisAChacon, @globalnews for stopping by to talk about how our technology supports firefighters and is changing the way we think about emergency management. \n\n#ABWildfire #wildfire #BVLOS #RPAS #dronesforgood https://t.co/wjXc3NGciA","lang":"en","author_id":"4309763952","public_metrics":{"retweet_count":0,"reply_count":0,"like_count":3,"quote_count":0},"id":"1425845032746209296"},{"created_at":"2021-08-12T15:39:03.000Z","text":"Our firefighters do even more than fight fires. They also help protect our history! \uD83D\uDC69‍\uD83D\uDE92\uD83D\uDD25\uD83C\uDFDA\nIn 2006, BLM firefighters transformed author Zane Grey's historic cabin into a space-age chalet to protect it from #wildfire. #ThrowbackThursday\n\nRead the story: https://t.co/LZO92rQCSH https://t.co/p33ZzQhOxM","lang":"en","author_id":"156427983","attachments":{"media_keys":["3_1425844280283648000","3_1425844280304623621","3_1425844280304693248"]},"public_metrics":{"retweet_count":10,"reply_count":3,"like_count":72,"quote_count":2},"id":"1425844284972888070"},{"created_at":"2021-08-12T15:37:52.000Z","text":"Pray for Algeria \uD83C\uDDE9\uD83C\uDDFF\uD83D\uDD25\uD83E\uDD7A\uD83D\uDE22\n#Algerie #wildfire #Algerie #dz #الجزائر #حرائق_تيزي_وزو #حرائق_الغابات #حرائق #بجاية_تحترق #bejaia #Kabylie #Tunisie #France https://t.co/YxkGVlJCR1","lang":"en","author_id":"437711515","attachments":{"media_keys":["3_1425843979954933763"]},"public_metrics":{"retweet_count":0,"reply_count":0,"like_count":0,"quote_count":0},"id":"1425843986942644233"},{"created_at":"2021-08-12T15:37:40.000Z","text":"Today's #Wildfire \uD83D\uDD25 Danger Rating for the City of #LosAngeles is VERY HIGH: https://t.co/WYtc7w1yU5\n\nPlease be #ReadyForWildfire and help #PreventWildfire: \n\n\uD83D\uDD17 https://t.co/hQXs59ITUz\n\n https://t.co/S9hfZiB1Vv","lang":"en","author_id":"25144145","attachments":{"media_keys":["3_1186298075016417280"]},"public_metrics":{"retweet_count":14,"reply_count":0,"like_count":24,"quote_count":0},"id":"1425843936497573889"},{"created_at":"2021-08-12T15:37:23.000Z","text":"\uD83D\uDE33 #California #wildfire https://t.co/Sm91BxTzd1","lang":"und","author_id":"22553300","public_metrics":{"retweet_count":0,"reply_count":0,"like_count":0,"quote_count":0},"id":"1425843865911664642"},{"created_at":"2021-08-12T15:30:15.000Z","text":"#Greece \n\n#KKE : #Wildfire destruction shows lack of prevention strategy by all gov'ts\n\nhttps://t.co/pkk3pVCcbh\n\n#GreeceFires @gt_kke https://t.co/CHgjpCovSq","lang":"en","author_id":"1141047558","attachments":{"media_keys":["3_1425842063074025476"]},"public_metrics":{"retweet_count":1,"reply_count":0,"like_count":0,"quote_count":0},"id":"1425842072947408899"},{"created_at":"2021-08-12T15:29:56.000Z","text":"When it comes to natural disasters, we’re always told to prepare in advance. \n\nWhat kind of financial preparedness measures should you put in place? https://t.co/FvEBzidcM3\n\n#finlit #debtfree #money #naturaldisaster #wildfire #tornado #hurricane #severeweather #climatechange https://t.co/Nz4PkgSQLb","lang":"en","author_id":"39470584","attachments":{"media_keys":["3_1425841706012864518"]},"public_metrics":{"retweet_count":2,"reply_count":0,"like_count":2,"quote_count":0},"id":"1425841994299961344"},{"created_at":"2021-08-12T15:29:09.000Z","text":".@atsipras in #Ilia: PM @kmitsotakis has no sense of the extent of #wildfire destruction\n\nhttps://t.co/zgfbKAH1Qs\n\n#GreeceFires https://t.co/d8u8dUVvhF","lang":"en","author_id":"1141047558","attachments":{"media_keys":["3_1425841773784489987"]},"public_metrics":{"retweet_count":1,"reply_count":0,"like_count":0,"quote_count":0},"id":"1425841796438020107"},{"created_at":"2021-08-12T15:29:03.000Z","text":"What are the potential long-term impacts on #health from working outside in poor #airquality? @9NEWS gets the answer from @NJHealth  pulmonologist, David Beuther, MD.  https://t.co/ZJuciHQu84 #ozone #pollution #wildfire #asthma https://t.co/sjsBnItWyZ","lang":"en","author_id":"18309666","attachments":{"media_keys":["3_1425841765433630721"]},"public_metrics":{"retweet_count":0,"reply_count":0,"like_count":3,"quote_count":0},"id":"1425841769225334787"},{"created_at":"2021-08-12T15:28:57.000Z","text":"Since 1912! The warnings, scientific calculation on impact excessive #coal has always been there! Some still demonize #IPCCReport2021 #ClimateEmergency #ClimateAction #climate #ClimateCrisis #COP26 #Flood2021 #wildfire #UN #ParisAgreement #ecosystems #oceans #IndigenousDay #UNSC https://t.co/1XFgoN4Uc2","lang":"en","author_id":"1288229988429266944","public_metrics":{"retweet_count":0,"reply_count":0,"like_count":0,"quote_count":0},"id":"1425841743228915717"},{"created_at":"2021-08-12T15:27:47.000Z","text":"The air in Marblemount just outside \nWashington's North Cascades National Park is brown this morning. I can taste it. #wildfire\nFire at -121.117, 48.456\nhttps://t.co/HTeG6vZ5dY https://t.co/I52ZKNYCbR","lang":"en","author_id":"16149236","attachments":{"media_keys":["3_1425840875934937088"]},"public_metrics":{"retweet_count":0,"reply_count":3,"like_count":3,"quote_count":0},"id":"1425841453079556107"},{"created_at":"2021-08-12T15:26:39.000Z","text":"JFSP Funding Opportunities are open! Social and ecological community recovery, collaborative ecosystem mapping products, GRIN and FSEN  - https://t.co/jZaD6uaofr #wildfire #firescience https://t.co/WhiJqaEaWj","lang":"en","author_id":"297106729","attachments":{"media_keys":["3_1425841160493404160"]},"public_metrics":{"retweet_count":0,"reply_count":0,"like_count":0,"quote_count":0},"id":"1425841164322803712"},{"created_at":"2021-08-12T15:15:07.000Z","text":"@mark_tarello Do not worry - #Russia will send some #wildfire more smoke to US https://t.co/iqESBP7LSM","lang":"en","author_id":"67873734","public_metrics":{"retweet_count":0,"reply_count":0,"like_count":0,"quote_count":0},"id":"1425838263927984130"},{"created_at":"2021-08-12T15:12:19.000Z","text":"@NPR Pretty amazing maps in this @npr #wildfire story, like this pre-colonial fire map. https://t.co/6i2DXNw20V","lang":"en","author_id":"772107908","attachments":{"media_keys":["3_1425837376409010177","3_1425837376396353543"]},"public_metrics":{"retweet_count":1,"reply_count":0,"like_count":2,"quote_count":0},"id":"1425837557636423681"},{"created_at":"2021-08-12T15:04:59.000Z","text":"It's 2021 and this past season has proven that there is no avoiding the increase in #wildfires all around the world. \n \nReal-time geo-tagging for your mission-critical aerial video!\n\nhttps://t.co/5TnaJwB47i\n\n#Edgybees #Wildfires #Firefighting #Wildfire https://t.co/UMDjtQ90Gx","lang":"en","author_id":"842448481138667521","attachments":{"media_keys":["3_1425835710553247745"]},"public_metrics":{"retweet_count":0,"reply_count":0,"like_count":0,"quote_count":0},"id":"1425835713497468931"},{"created_at":"2021-08-12T14:56:15.000Z","text":"No surprise. The air is bad again this morning in #DexterOR/#LowellOR/#PleasantHillOR due to the #MiddleForkComplex #wildfire around #OakridgeOR. Ten minute AQI of 274, for example.\n\nGeneral information on the #MiddleForkComplexFire…\nhttps://t.co/eaUkYo0Ile https://t.co/lSMeRUXRz2","lang":"en","author_id":"48415432","attachments":{"media_keys":["3_1425833511131389969"]},"public_metrics":{"retweet_count":1,"reply_count":1,"like_count":1,"quote_count":0},"id":"1425833517552787456"},{"created_at":"2021-08-12T14:48:31.000Z","text":"The talent from NI keeps on coming as the film #Wildfire picked up 2 awards @IFTA and on @UTVLife tonight at 8.30 I'll be celebrating those successes with writer/director Cathy Brady &amp; actor Martin McCann https://t.co/0RNcC0K6Qy","lang":"en","author_id":"222817583","attachments":{"media_keys":["3_1425831568111652876"]},"public_metrics":{"retweet_count":4,"reply_count":1,"like_count":8,"quote_count":1},"id":"1425831571085426702"},{"created_at":"2021-08-12T14:48:02.000Z","text":"Dixie Fire Scorches Northern California #wildfire https://t.co/xuNfYDtX55","lang":"en","author_id":"1402746085","public_metrics":{"retweet_count":0,"reply_count":0,"like_count":0,"quote_count":0},"id":"1425831448490172416"},{"created_at":"2021-08-12T14:47:08.000Z","text":"#WILDFIRE threatens Montana communities as West continues to burn https://t.co/gWwFPzrFpT","lang":"en","author_id":"3301926908","public_metrics":{"retweet_count":0,"reply_count":0,"like_count":0,"quote_count":0},"id":"1425831220462510091"},{"created_at":"2021-08-12T14:46:46.000Z","text":"#WILDFIRE threatens Montana communities as West continues to burn https://t.co/trSj9RiDDQ #GPWX","lang":"en","author_id":"3111226033","public_metrics":{"retweet_count":0,"reply_count":0,"like_count":0,"quote_count":0},"id":"1425831127311216651"},{"created_at":"2021-08-12T14:45:41.000Z","text":"Life should be easy to move. \nThe HomePower 2 has a Magic Wheel Cart connected by magnets and easy handle for you to take you power with you inside throughout the house, outside, and on the go!\n\n#generark #generarkpower #homepower2 #solarpower2 #hurricane #wildfire https://t.co/Nu9j9wg0wn","lang":"en","author_id":"1289312614665707520","attachments":{"media_keys":["3_1425830714524594179"]},"public_metrics":{"retweet_count":1,"reply_count":1,"like_count":4,"quote_count":0},"id":"1425830856438861826"},{"created_at":"2021-08-12T14:45:14.000Z","text":"\"Never let the fear of striking out keep you from playing the game.\"\n\n#wildland #fire #wildlandfire #wildlandfirefighter #wildfire #firefighters #forestrytech https://t.co/ME3ayEeKXM","lang":"en","author_id":"128128069","attachments":{"media_keys":["3_1425830733847826443"]},"public_metrics":{"retweet_count":0,"reply_count":0,"like_count":1,"quote_count":0},"id":"1425830744002154511"},{"created_at":"2021-08-12T14:42:30.000Z","text":"I am shocked at how horrific this fire season has been and I send heartiest condolences to all the people who have lost family members or friends due to the 2021 #wildfire season all over the world! \uD83D\uDE22","lang":"en","author_id":"2684407939","public_metrics":{"retweet_count":0,"reply_count":0,"like_count":5,"quote_count":0},"id":"1425830053854601225"},{"created_at":"2021-08-12T14:40:02.000Z","text":".@CleanAirMoms want to give a huge shout out to @SenCortezMasto &amp; @SenJackyRosen who we know worked tirelessly across party lines to get the #InfrastructureBill passed ASAP. \nThis bill will help #PublicTransit, #Wildfire, #BroadbandInternet for millions of rural families &amp; more! https://t.co/CYnkKwUA1Q","lang":"en","author_id":"988872191369469952","attachments":{"media_keys":["3_1425829432841756683"]},"public_metrics":{"retweet_count":2,"reply_count":0,"like_count":7,"quote_count":1},"id":"1425829435618381825"},{"created_at":"2021-08-12T14:39:43.000Z","text":"#clipecircle  at @WildFireFestUK on the first day of the #festival in #wanlockhead #Scotland #wildfire #lyndmacphotos #livemusic #festival  #rockfestival #SonyAlpha https://t.co/F7TCPwzSY6","lang":"en","author_id":"1259984623251140614","attachments":{"media_keys":["3_1425829350826340370","3_1425829350646030349"]},"public_metrics":{"retweet_count":0,"reply_count":1,"like_count":8,"quote_count":1},"id":"1425829356660686849"},{"created_at":"2021-08-12T14:38:18.000Z","text":"New delineation map of N #Evoia mega #wildfire based on #Sentinel2 https://t.co/5BLktUZrPi","lang":"en","author_id":"3305528835","public_metrics":{"retweet_count":0,"reply_count":0,"like_count":1,"quote_count":0},"id":"1425828997775073289"},{"created_at":"2021-08-12T14:38:09.000Z","text":"That's scary for this pediatrician. Is there similar data for the decline in lung and/or cognitive function kids experience from #AirPollution #wildfire smoke, etc.? #ClimateHealthEmergency #ClimateCrisis https://t.co/yivqMEurpx","lang":"en","author_id":"1019364362249822209","public_metrics":{"retweet_count":0,"reply_count":0,"like_count":0,"quote_count":0},"id":"1425828961901326336"},{"created_at":"2021-08-12T14:30:32.000Z","text":"#BC #Wildfire #Smoke is in the air .... on Day 2 of #Heatwave#3 #Abbotsford Be aware of #AirQuality #forecast &amp; #temperatures next few days. Take care. Be safe.  https://t.co/83R7P2cfN6 #Heatwave #AirPollution #LungDisease #healthcare #wellness #Summer2021 #climate","lang":"en","author_id":"350374647","public_metrics":{"retweet_count":0,"reply_count":0,"like_count":0,"quote_count":0},"id":"1425827041954340876"},{"created_at":"2021-08-12T14:25:01.000Z","text":"#California’s largest single #Wildfire in recorded history kept pushing through forestlands on Tuesday as fire crews tried to protect rural communities from flames that have destroyed hundreds of homes. https://t.co/ZqQ2zjnthN","lang":"en","author_id":"29097819","public_metrics":{"retweet_count":15,"reply_count":8,"like_count":30,"quote_count":3},"id":"1425825654050738184"},{"created_at":"2021-08-12T14:19:12.000Z","text":"#California #wildfire wreaks more #destruction as #temperatures rise @Vastuullisuus https://t.co/aDMRLEgmZ0","lang":"en","author_id":"3130745716","public_metrics":{"retweet_count":1,"reply_count":0,"like_count":0,"quote_count":0},"id":"1425824190758735874"},{"created_at":"2021-08-12T14:16:55.000Z","text":"Battling #wildfire requires an all-hands-on-deck approach. Thank you to the @RedCross for all they are doing to support Idaho’s wildland firefighters &amp; Pacific NW communities. @RedCrossIdaho https://t.co/V8MMc7ctOf","lang":"en","author_id":"1096059529","public_metrics":{"retweet_count":6,"reply_count":5,"like_count":10,"quote_count":1},"id":"1425823616835457024"},{"created_at":"2021-08-12T14:15:00.000Z","text":"A #wildfire bore down on rural southeastern #Montana towns as continuing hot, dry weather throughout the West drove #flames through more than a dozen #US states. https://t.co/X6DkcuHnL1","lang":"en","author_id":"1388503564444651520","attachments":{"media_keys":["3_1425773756493008898"]},"public_metrics":{"retweet_count":0,"reply_count":0,"like_count":1,"quote_count":0},"id":"1425823134033264640"},{"created_at":"2021-08-12T14:09:54.000Z","text":"Quite the revelation of substantiated \n\nUSA: Former criminal justice college professor accused of setting fires near Dixie #WildFire.  https://t.co/LDReyyq7Ij","lang":"en","author_id":"935845086222585856","public_metrics":{"retweet_count":0,"reply_count":0,"like_count":0,"quote_count":0},"id":"1425821850999820291"},{"created_at":"2021-08-12T14:07:38.000Z","text":"Cloth #masks used to slow the spread of COVID-19, by blocking respiratory droplets, offer little protection against #wildfire #smoke, according to the Centers for Disease Control and Prevention. https://t.co/FA4Kwkj5g4","lang":"en","author_id":"144703320","public_metrics":{"retweet_count":0,"reply_count":0,"like_count":2,"quote_count":0},"id":"1425821279056121857"},{"created_at":"2021-08-12T14:00:22.000Z","text":"موسمیاتی تبدلی کے اثرات سنگین صورتحال اختیار کر گیا، ترکی اور یونان کے بعد اب شمالی افریقی ملک الجزائرمیں  تقریباً 50 مقامات پر جنگلاتی آگ بھڑک اٹھی۔ \n#ClimateChange #Wildfire #Aljazair #Turkey https://t.co/Uu7n4sQdbJ","lang":"ur","author_id":"1370568546921631746","attachments":{"media_keys":["7_1425816690118467601"]},"public_metrics":{"retweet_count":0,"reply_count":0,"like_count":1,"quote_count":0},"id":"1425819450213736459"},{"created_at":"2021-08-12T13:57:27.000Z","text":"Obstructionists used northern spotted owl \"protections\" as a pretext for halting the project. But tree-felling is the least of the bird's problems: https://t.co/FcgLkTr7IE \n\n#wildfire #forestmanagement #publiclands #copolitics #DixieFire https://t.co/xaBqGeM5xJ","lang":"en","author_id":"74912769","public_metrics":{"retweet_count":2,"reply_count":0,"like_count":4,"quote_count":0},"id":"1425818718941040649"},{"created_at":"2021-08-12T13:56:10.000Z","text":"To reduce #heat &amp; #wildfire\n@melissahortman \n\nEach Minnesotan needs to:\n\n1 #electrifynow invest/sign up\n $5k solar carport on ea parking spot\n#wind subscriber \n\n2 use 90% ⬇️ energy=\n7,500 kWhr/yr per person Max\n@JKSteinberger \n\n3 Hvac Bldg @PHAccelerator \n\n4 Transit,ebike, EV https://t.co/QEDqbyLbob","lang":"en","author_id":"1332453464169979915","public_metrics":{"retweet_count":0,"reply_count":0,"like_count":0,"quote_count":1},"id":"1425818395795234816"},{"created_at":"2021-08-12T13:55:21.000Z","text":"For the first time in recorded history, wildfire smokes have reached the North Pole. The smoke has wafted for over 1800 miles from hundreds of wildfires that originated in Russia and has now reached the North Pole. #wildfire #North #Russia","lang":"en","author_id":"1384522924606976005","public_metrics":{"retweet_count":1,"reply_count":0,"like_count":3,"quote_count":0},"id":"1425818190060290060"},{"created_at":"2021-08-12T13:52:09.000Z","text":"Find out where #airquality has been most affected by smoke-related airborne pollutants\n+ How you can take action to protect your home from #wildfire smoke. #DixieFire https://t.co/AlOs3vrOlY https://t.co/vh8nyJLAdZ via @Reuters","lang":"en","author_id":"2321580518","public_metrics":{"retweet_count":0,"reply_count":0,"like_count":0,"quote_count":0},"id":"1425817384007393280"},{"created_at":"2021-08-12T13:51:59.000Z","text":"The latest The Pub-Ed Shed! https://t.co/PJlbyaHq0i Thanks to @DNorthVanFire @Joshmedia @HaltonHillsFD #recall #wildfire","lang":"en","author_id":"908799199361273856","public_metrics":{"retweet_count":0,"reply_count":0,"like_count":0,"quote_count":0},"id":"1425817341191806991"},{"created_at":"2021-08-12T13:50:56.000Z","text":"If #wildfire #smoke is making #rain less likely, #feedback between smoke, dry spells and more wildfires could be more common in the future. https://t.co/y1RIAYqGjM","lang":"en","author_id":"144703320","public_metrics":{"retweet_count":0,"reply_count":0,"like_count":0,"quote_count":0},"id":"1425817080117579776"},{"created_at":"2021-08-12T13:50:06.000Z","text":"Another smoky day #vegas #Wildfire #sunrise https://t.co/lXGBpGTKgl","lang":"en","author_id":"972447631","attachments":{"media_keys":["3_1425816858192613376"]},"public_metrics":{"retweet_count":1,"reply_count":0,"like_count":0,"quote_count":0},"id":"1425816867797536784"},{"created_at":"2021-08-12T13:49:27.000Z","text":"Just what western #drought sufferers need to hear…\nA new study finds tiny particles in #wildfire smoke affect the way droplets form in clouds, potentially resulting in #less #rain and exacerbating dry conditions that fuel fires. https://t.co/y1RIAYIhbk","lang":"en","author_id":"144703320","public_metrics":{"retweet_count":1,"reply_count":0,"like_count":1,"quote_count":0},"id":"1425816703980564493"},{"created_at":"2021-08-12T13:48:50.000Z","text":"WATCH: At least 42 people, including 25 soldiers, have died as large-scale wildfires engulfed forests and residential areas in Algeria's Tizi Ouzou province.\uD83D\uDC94 https://t.co/gmjT2RJzc3 #Algeria #Wildfire #Wildfires","lang":"en","author_id":"57320024","public_metrics":{"retweet_count":3,"reply_count":1,"like_count":10,"quote_count":0},"id":"1425816548384460813"},{"created_at":"2021-08-12T13:47:46.000Z","text":"Nearly 900 homes &amp; buildings destroyed as California’s largest single #wildfire on record continues its long trail of destruction. https://t.co/YoxgHxehuW","lang":"en","author_id":"1420729685663698946","attachments":{"media_keys":["3_1425816280964153344"]},"public_metrics":{"retweet_count":0,"reply_count":0,"like_count":0,"quote_count":0},"id":"1425816282889396224"},{"created_at":"2021-08-12T13:45:36.000Z","text":"'An urgent situation': Climate experts warn wildfires in B.C. will be more common without action\n#Climate #Wildfire #BC\nhttps://t.co/h71jrBZzJN","lang":"en","author_id":"22653760","public_metrics":{"retweet_count":1,"reply_count":0,"like_count":1,"quote_count":0},"id":"1425815737034149903"},{"created_at":"2021-08-12T13:45:34.000Z","text":"I could listen to Guillermo talk about fire all day and he packs so much into just 10 minutes here!\n\n#wildfire #peatlands #haze #firesafety #firefighting #emissions #ipccreport2021 #sciencecommunication https://t.co/Mm2EByrXX2","lang":"en","author_id":"4095674112","public_metrics":{"retweet_count":3,"reply_count":1,"like_count":21,"quote_count":0},"id":"1425815729530707970"},{"created_at":"2021-08-12T13:45:28.000Z","text":"California wildfire wreaks more destruction as temperatures rise\n#Climate #Wildfire #CA\nhttps://t.co/7ZDgotzoPX","lang":"en","author_id":"22653760","public_metrics":{"retweet_count":0,"reply_count":0,"like_count":0,"quote_count":0},"id":"1425815700619161607"},{"created_at":"2021-08-12T13:44:34.000Z","text":"Since January 1, there have been more than 1,930 #wildfire starts in #Montana, which collectively have burned approximately 624,000 acres; more than 140,000 of those acres have burned since last Tuesday due to new fire starts and growth of existing fires. https://t.co/hzLNGmjKnM","lang":"en","author_id":"144703320","public_metrics":{"retweet_count":0,"reply_count":1,"like_count":2,"quote_count":0},"id":"1425815475531829250"},{"created_at":"2021-08-12T13:42:32.000Z","text":"A wildfire mitigation project near were the #DixieFire now burns has been on hold FOR 13 YEARS thanks to green extremists: https://t.co/gANfBvA8yD\n\n#publiclands #wildfire #lawsuitabuse #california #greenextremism #copolitics https://t.co/4wy4Wf2lmx","lang":"en","author_id":"74912769","attachments":{"media_keys":["3_1425814821342105601"]},"public_metrics":{"retweet_count":3,"reply_count":1,"like_count":5,"quote_count":2},"id":"1425814965991079936"},{"created_at":"2021-08-12T13:42:26.000Z","text":"The West is burning, and Congress is responding with a fire hose of money. The Senate bipartisan infrastructure deal would spend $Bs on #wildfire policy, with much of it earmarked for cutting and planting new trees. Some experts warn it could backfire.\n https://t.co/edSYzLmdRD","lang":"en","author_id":"90614279","public_metrics":{"retweet_count":2,"reply_count":0,"like_count":3,"quote_count":1},"id":"1425814937927000073"},{"created_at":"2021-08-12T13:41:08.000Z","text":"Record-breaking 2021 #wildfire season captured in satellite images https://t.co/CpDtGYFbdb","lang":"en","author_id":"144703320","public_metrics":{"retweet_count":0,"reply_count":1,"like_count":1,"quote_count":0},"id":"1425814612943851527"},{"created_at":"2021-08-12T13:41:06.000Z","text":"Greek wildfires a major ecological catastrophe, Prime Minister says\n#Climate #Wildfire #Greece\nhttps://t.co/SgnVhAxBLF","lang":"en","author_id":"22653760","public_metrics":{"retweet_count":1,"reply_count":0,"like_count":0,"quote_count":0},"id":"1425814604945379345"},{"created_at":"2021-08-12T13:40:11.000Z","text":"\uD83D\uDDFA New map: [#EMSR532] Diabolitsi: Delineation Product, Monitoring 5, version 1, release 1, RTP Map #01 [v1, 1:48000]\n\uD83D\uDD17 https://t.co/86gfE7t6f1 — #wildfire #delineation in #Greece\n#Copernicus #CEMS #RapidMapping #EUCivPro","lang":"en","author_id":"2201283403","public_metrics":{"retweet_count":1,"reply_count":0,"like_count":2,"quote_count":0},"id":"1425814371414904845"},{"created_at":"2021-08-12T13:31:42.000Z","text":"British Columbia Battles Nearly 300 Wildfires at Once. Here’s How.\n#Climate #BC #Wildfire\nhttps://t.co/0ireSn0j1U","lang":"en","author_id":"22653760","public_metrics":{"retweet_count":1,"reply_count":0,"like_count":2,"quote_count":0},"id":"1425812239521484811"},{"created_at":"2021-08-12T13:29:57.000Z","text":"#Madagascar wildfires? Will this be on the news next? #ClimateEmergency #wildfire https://t.co/4h76kIWrbY","lang":"en","author_id":"1416359521795166210","attachments":{"media_keys":["3_1425811718773645313"]},"public_metrics":{"retweet_count":0,"reply_count":0,"like_count":0,"quote_count":0},"id":"1425811798213632008"},{"created_at":"2021-08-12T13:25:42.000Z","text":"Early morning near Vernon LaCasa wildfire haze.  #wildfire #bcwildfires  @ReutersWitness @CTVVancouver @miawgordon @weathernetwork #BritishColumbia #Okanagan https://t.co/faLWcNje3b","lang":"en","author_id":"3693883638","attachments":{"media_keys":["3_1425810722357923843","3_1425810722345431059"]},"public_metrics":{"retweet_count":0,"reply_count":0,"like_count":4,"quote_count":0},"id":"1425810729949712395"},{"created_at":"2021-08-12T13:21:08.000Z","text":"TRIK ‘Change’\nCartoon for @wordtvervolgd nieuwsbrief •\n#climatechange #oneshot #shotclock #basketball #globalwarming #ipcc #climatereport #hot #wildfire #earth\n https://t.co/op2Pz1MVer via @amnestynl","lang":"nl","author_id":"834061518719291392","public_metrics":{"retweet_count":1,"reply_count":0,"like_count":1,"quote_count":0},"id":"1425809580026642439"},{"created_at":"2021-08-12T13:18:33.000Z","text":"The #DixieFire has affected over 250,000 acres and the 2nd largest fire in #California history. Our #wildfire monitoring services combines multiple satellite sources to show us this cluster data of the fire from the first hotspot detections on 14 July to today. #RemoteSensing https://t.co/GyTjjRgAat","lang":"en","author_id":"4724995335","attachments":{"media_keys":["3_1425805879732056065"]},"public_metrics":{"retweet_count":2,"reply_count":4,"like_count":6,"quote_count":0},"id":"1425808928500191233"},{"created_at":"2021-08-12T13:08:44.000Z","text":"#vss365\n#Irises n Lilies n Orchids, Oh My\na bouquet of simple beauty\nseen as the bride walks by\ndown the isle to seal their fate\nonly the groom knows\nthe #wildfire in her eyes\nthat only he can sate\nn to think this all started\nwith their very first date\nn that kiss","lang":"en","author_id":"3150484232","public_metrics":{"retweet_count":0,"reply_count":0,"like_count":6,"quote_count":0},"id":"1425806457107222537"},{"created_at":"2021-08-12T13:02:00.000Z","text":"A forest burns near the village of Ben Douala in the mountainous Kabyle region, east of Algiers, #Algeria. According to APS, the casualty toll rose to around 70 deaths nationwide. \uD83D\uDCF7 epa\n\n#forestfire #wildfire #fire #epaphotos #visualizingtheworld https://t.co/XI97xCAHVW","lang":"en","author_id":"2149769419","attachments":{"media_keys":["3_1425804762189078528"]},"public_metrics":{"retweet_count":0,"reply_count":0,"like_count":3,"quote_count":0},"id":"1425804763761938435"},{"created_at":"2021-08-12T13:01:11.000Z","text":"There's a reason Smokey Bear's #wildfire PSA is the longest running PSA in US history - in 2020 there were &gt; 58,000 wildfires in the US\n\nLearn how #Utilities orgs are lessening their impact on wildfire ignition &amp; how enterprise system integration can help: https://t.co/cH2EbZmYU8 https://t.co/SbEgHlUfuh","lang":"en","author_id":"116789903","attachments":{"media_keys":["3_1425804556802433025"]},"public_metrics":{"retweet_count":0,"reply_count":0,"like_count":0,"quote_count":0},"id":"1425804559159549957"},{"created_at":"2021-08-12T13:00:36.000Z","text":"With increased #extremeweather caused by #climatechange, the intensity and scale of #fires have also increased on multiple continents! Here is a video with some good tips on How to stay safe during a #wildfire that is worth re-watching!!\uD83D\uDE4C\n#firefighter\nhttps://t.co/tKBg0ETXNV","lang":"en","author_id":"1379454959729709057","public_metrics":{"retweet_count":0,"reply_count":0,"like_count":0,"quote_count":0},"id":"1425804410073006084"},{"created_at":"2021-08-12T12:58:31.000Z","text":"@NaturalEngland by own admission lost 50% #HatfieldMoors SSSI #Doncaster to #Wildfire last year 2020, have they undertaken any assessment of impact &amp; loss to sensitive population @TonyJuniper @MarianSpain @ARC_Bytes @ARGroupsUK https://t.co/UE1JhCbxmz","lang":"en","author_id":"777934541361123328","public_metrics":{"retweet_count":1,"reply_count":0,"like_count":2,"quote_count":0},"id":"1425803889186648067"},{"created_at":"2021-08-12T12:53:58.000Z","text":"#BritishColumbia \uD83C\uDDE8\uD83C\uDDE6has been battling fires the last few weeks. Here we see in our #wildfire monitoring service the last 48 hours of satellite data from the active fires west of Vernon. #RemoteSensing https://t.co/BVBBH2EYhi https://t.co/6YzfQWyLF5","lang":"en","author_id":"4724995335","attachments":{"media_keys":["3_1425802070855229449"]},"public_metrics":{"retweet_count":1,"reply_count":1,"like_count":4,"quote_count":0},"id":"1425802743449542656"},{"created_at":"2021-08-12T12:50:08.000Z","text":"[ 1/3 ] Last week Siberia’s wildfires smoke traveled some 3,000km reaching the North Pole for first time ever https://t.co/9EzrVct770 #wildfire #Sakha #Siberiafire | Data from NASA GEOS-5, GMAO Aug. 6, 2021. https://t.co/AfXQwi12Rg","lang":"en","author_id":"303892288","attachments":{"media_keys":["3_1425801769758597121"]},"public_metrics":{"retweet_count":20,"reply_count":1,"like_count":40,"quote_count":2},"id":"1425801776419065857"},{"created_at":"2021-08-12T12:38:02.000Z","text":"FutureDanger Indicator: WILDFIRES LAY WASTE\nHeatMap Column 4&gt; https://t.co/xddBncGGkR\n #Wildfire  #Wildfires #FutureDanger #HeatMap https://t.co/ae6HYM6Z3f","lang":"en","author_id":"867896844852101121","attachments":{"media_keys":["3_1425798730293268491"]},"public_metrics":{"retweet_count":0,"reply_count":0,"like_count":0,"quote_count":0},"id":"1425798731685789701"},{"created_at":"2021-08-12T12:25:13.000Z","text":"காட்டுத்தீயில் பலியான 69 பேர் ; போன் மூலமாக ஆறுதல் தெரிவித்த அபுதாபி இளவரசர்..!\n\nமுழு விவரம்: https://t.co/XO6tYEjekO\n\n#UAE | #Algeria | #WildFire\nhttps://t.co/XO6tYEjekO","lang":"ta","author_id":"1199580390631051264","public_metrics":{"retweet_count":0,"reply_count":0,"like_count":0,"quote_count":0},"id":"1425795508736454664"},{"created_at":"2021-08-12T12:18:49.000Z","text":"#Wildfire #Greece #Turkeyisburning \uD83E\uDD7A\uD83E\uDD7A\uD83E\uDD7A https://t.co/tde2o2Bt18","lang":"und","author_id":"770821873324044289","public_metrics":{"retweet_count":0,"reply_count":0,"like_count":0,"quote_count":0},"id":"1425793894927638533"},{"created_at":"2021-08-12T12:12:44.000Z","text":"@RossEwing97 @scottishgreens @BASCScotland @ScotGamekeepers @Gameandwildlife @AndrewGilruth @RogerDowald1 @GWelfare @_Duncan_Thomas @DeeWardRottal @ScotLandEstates Let's not forget what it took for the Australian Greens to reconsider their position on this. Just hope it doesn't take that to happen here for the Scottish Greens to realise the danger of their position towards Muirburn. #wildfire #ClimateEmergency https://t.co/1Fmi36ouoF","lang":"en","author_id":"1206551208476979204","attachments":{"media_keys":["7_1425790704958296064"]},"public_metrics":{"retweet_count":0,"reply_count":1,"like_count":5,"quote_count":0},"id":"1425792366598889477"},{"created_at":"2021-08-12T12:10:32.000Z","text":"Reduce smoke inhalation during natural disasters with help from these tips for indoor and outdoor #wildfire smoke safety. https://t.co/zWx4S6l6NV","lang":"en","author_id":"353430498","public_metrics":{"retweet_count":0,"reply_count":0,"like_count":0,"quote_count":0},"id":"1425791813428809733"},{"created_at":"2021-08-12T12:04:58.000Z","text":"Young men in Jandouba, Tunisia, are using the little means they have (green branches)  to help put out forest fires in their town \uD83D\uDE14\n#Tunisia\n#wildfires \n#wildfire \n#Forestfires \n\uD83D\uDCF8: @YassineGaidi https://t.co/VGOYQvePof","lang":"en","author_id":"3295689753","attachments":{"media_keys":["3_1425790386279227398","3_1425790395506733058","3_1425790403052245000","3_1425790408165036035"]},"public_metrics":{"retweet_count":18,"reply_count":1,"like_count":36,"quote_count":0},"id":"1425790410207735808"}],"includes":{"media":[{"media_key":"3_1425860630423252995","type":"photo","url":"https://pbs.twimg.com/media/E8mssFeXsAMQEL1.jpg"},{"media_key":"3_1425860630578401284","type":"photo","url":"https://pbs.twimg.com/media/E8mssGDXEAQ7LDm.jpg"},{"media_key":"3_1425860629697601539","type":"photo","url":"https://pbs.twimg.com/media/E8mssCxXIAM5EW0.jpg"},{"media_key":"3_1425860629575970817","type":"photo","url":"https://pbs.twimg.com/media/E8mssCUXMAEeHPZ.jpg"},{"media_key":"3_1425859668145025024","type":"photo","url":"https://pbs.twimg.com/media/E8mr0EtXMAA_C9O.jpg"},{"media_key":"3_1425859362745032707","type":"photo","url":"https://pbs.twimg.com/media/E8mriTAVIAMS0lO.jpg"},{"media_key":"7_1425728076244193285","public_metrics":{"view_count":54},"type":"video"},{"media_key":"7_1425857902334513152","public_metrics":{"view_count":1291},"type":"video"},{"media_key":"3_1425857138384162817","type":"photo","url":"https://pbs.twimg.com/media/E8mpg0nX0AEIYhl.jpg"},{"media_key":"3_1425857141135511553","type":"photo","url":"https://pbs.twimg.com/media/E8mpg-3WEAEw4QP.jpg"},{"media_key":"3_1425857144310706181","type":"photo","url":"https://pbs.twimg.com/media/E8mphKsXsAUWIQu.jpg"},{"media_key":"3_1425857148412641285","type":"photo","url":"https://pbs.twimg.com/media/E8mphZ-WQAUdoRi.jpg"},{"media_key":"3_1425857131463458817","type":"photo","url":"https://pbs.twimg.com/media/E8mpga1WQAEh3ZM.jpg"},{"media_key":"3_1425855484553175040","type":"photo","url":"https://pbs.twimg.com/media/E8moAjnVoAAabQv.png"},{"media_key":"3_1425854393987989507","type":"photo","url":"https://pbs.twimg.com/media/E8mnBE8VgAMsImR.jpg"},{"media_key":"3_1425852086600839171","type":"photo","url":"https://pbs.twimg.com/media/E8mk6xQXsAMDxCw.jpg"},{"media_key":"3_1425852079734591491","type":"photo","url":"https://pbs.twimg.com/media/E8mk6XrVEAMyhLi.png"},{"media_key":"3_1425842305530044425","type":"photo","url":"https://pbs.twimg.com/media/E8mcBb7XoAk-eSM.jpg"},{"media_key":"3_1425850468505374721","type":"photo","url":"https://pbs.twimg.com/media/E8mjclYWUAEl9HS.jpg"},{"media_key":"3_1425850071623553028","type":"photo","url":"https://pbs.twimg.com/media/E8mjFe4WUAQBxHC.jpg"},{"media_key":"3_1425850003063558144","type":"photo","url":"https://pbs.twimg.com/media/E8mjBfeX0AA8j13.jpg"},{"media_key":"3_1413240214961614849","type":"photo","url":"https://pbs.twimg.com/media/E5zWfOMVcAEtOdb.jpg"},{"media_key":"3_1425848539163201538","type":"photo","url":"https://pbs.twimg.com/media/E8mhsSBVEAIn5j4.jpg"},{"media_key":"3_1425847557591212032","type":"photo","url":"https://pbs.twimg.com/media/E8mgzJYVIAA1UlH.jpg"},{"media_key":"3_1425844280283648000","type":"photo","url":"https://pbs.twimg.com/media/E8md0YdUUAATqaW.jpg"},{"media_key":"3_1425844280304623621","type":"photo","url":"https://pbs.twimg.com/media/E8md0YiUYAU974d.jpg"},{"media_key":"3_1425844280304693248","type":"photo","url":"https://pbs.twimg.com/media/E8md0YiVcAAN1bz.jpg"},{"media_key":"3_1425843979954933763","type":"photo","url":"https://pbs.twimg.com/media/E8mdi5pX0AMZmfQ.jpg"},{"media_key":"3_1186298075016417280","type":"photo","url":"https://pbs.twimg.com/media/EHaT0F8VUAAXfr8.jpg"},{"media_key":"3_1425842063074025476","type":"photo","url":"https://pbs.twimg.com/media/E8mbzUtWYAQPlr4.png"},{"media_key":"3_1425841706012864518","type":"photo","url":"https://pbs.twimg.com/media/E8mbeijVcAYLhMD.jpg"},{"media_key":"3_1425841773784489987","type":"photo","url":"https://pbs.twimg.com/media/E8mbifBWYAMFUbE.png"},{"media_key":"3_1425841765433630721","type":"photo","url":"https://pbs.twimg.com/media/E8mbh_6WYAEKCdV.jpg"},{"media_key":"3_1425840875934937088","type":"photo","url":"https://pbs.twimg.com/media/E8mauORVcAAFMcR.jpg"},{"media_key":"3_1425841160493404160","type":"photo","url":"https://pbs.twimg.com/media/E8ma-yVXEAAeDXV.jpg"},{"media_key":"3_1425837376409010177","type":"photo","url":"https://pbs.twimg.com/media/E8mXihhVgAEpd4A.jpg"},{"media_key":"3_1425837376396353543","type":"photo","url":"https://pbs.twimg.com/media/E8mXiheUYAcxQYR.jpg"},{"media_key":"3_1425835710553247745","type":"photo","url":"https://pbs.twimg.com/media/E8mWBjuX0AExEby.jpg"},{"media_key":"3_1425833511131389969","type":"photo","url":"https://pbs.twimg.com/media/E8mUBiPVoBEln_o.jpg"},{"media_key":"3_1425831568111652876","type":"photo","url":"https://pbs.twimg.com/media/E8mSQb7VUAwu8dW.jpg"},{"media_key":"3_1425830714524594179","type":"photo","url":"https://pbs.twimg.com/media/E8mRewEUcAMCwfW.jpg"},{"media_key":"3_1425830733847826443","type":"photo","url":"https://pbs.twimg.com/media/E8mRf4DVkAsmeaZ.jpg"},{"media_key":"3_1425829432841756683","type":"photo","url":"https://pbs.twimg.com/media/E8mQUJbUYAsAWXF.jpg"},{"media_key":"3_1425829350826340370","type":"photo","url":"https://pbs.twimg.com/media/E8mQPX5UcBI1Urv.jpg"},{"media_key":"3_1425829350646030349","type":"photo","url":"https://pbs.twimg.com/media/E8mQPXOVIA0nbdB.jpg"},{"media_key":"3_1425773756493008898","type":"photo","url":"https://pbs.twimg.com/media/E8ldrW3XEAIAWGJ.jpg"},{"media_key":"7_1425816690118467601","public_metrics":{"view_count":6},"type":"video"},{"media_key":"3_1425816858192613376","type":"photo","url":"https://pbs.twimg.com/media/E8mE4NNVkAA1DnW.jpg"},{"media_key":"3_1425816280964153344","type":"photo","url":"https://pbs.twimg.com/media/E8mEWm3WQAAp8K8.jpg"},{"media_key":"3_1425814821342105601","type":"photo","url":"https://pbs.twimg.com/media/E8mDBpWVUAEcyem.jpg"},{"media_key":"3_1425811718773645313","type":"photo","url":"https://pbs.twimg.com/media/E8mANDYXoAE8X3r.jpg"},{"media_key":"3_1425810722357923843","type":"photo","url":"https://pbs.twimg.com/media/E8l_TDcWUAMZNNH.jpg"},{"media_key":"3_1425810722345431059","type":"photo","url":"https://pbs.twimg.com/media/E8l_TDZXsBM5eTh.jpg"},{"media_key":"3_1425805879732056065","type":"photo","url":"https://pbs.twimg.com/media/E8l65LQXsAEAsUb.jpg"},{"media_key":"3_1425804762189078528","type":"photo","url":"https://pbs.twimg.com/media/E8l54IFXIAA74Dq.jpg"},{"media_key":"3_1425804556802433025","type":"photo","url":"https://pbs.twimg.com/media/E8l5sK9XoAE7JGB.jpg"},{"media_key":"3_1425802070855229449","type":"photo","url":"https://pbs.twimg.com/media/E8l3beFXoAkEsHU.jpg"},{"media_key":"3_1425801769758597121","type":"photo","url":"https://pbs.twimg.com/media/E8l3J8aVoAEDuBT.jpg"},{"media_key":"3_1425798730293268491","type":"photo","url":"https://pbs.twimg.com/media/E8l0ZBhVUAsQm7h.png"},{"media_key":"7_1425790704958296064","public_metrics":{"view_count":46},"type":"video"},{"media_key":"3_1425790386279227398","type":"photo","url":"https://pbs.twimg.com/media/E8lszVpXIAYdgN9.jpg"},{"media_key":"3_1425790395506733058","type":"photo","url":"https://pbs.twimg.com/media/E8lsz4BXsAIvZRb.jpg"},{"media_key":"3_1425790403052245000","type":"photo","url":"https://pbs.twimg.com/media/E8ls0UIXEAgD4WS.jpg"},{"media_key":"3_1425790408165036035","type":"photo","url":"https://pbs.twimg.com/media/E8ls0nLWEAMMYq2.jpg"}]},"meta":{"newest_id":"1425860635741626370","oldest_id":"1425790410207735808","result_count":100,"next_token":"b26v89c19zqg8o3fpdm8ksu963e2u2j0245puqr145g1p"}}