{"data":[{"public_metrics":{"retweet_count":0,"reply_count":0,"like_count":0,"quote_count":0},"text":"#Greece  #wildfires https://t.co/tFBSi29Oiu","author_id":"4571814261","id":"1424718797622104073","lang":"und","created_at":"2021-08-09T13:06:46.000Z"},{"public_metrics":{"retweet_count":0,"reply_count":0,"like_count":0,"quote_count":0},"text":"\"Global warming doesn't exist!\"\n\nGreece is literally burning, wildfires have started because it's stupidly warm there, and they continue to flare up.\n\nI guess someone is sneaking around with matches and petrol though, right? \uD83D\uDE44\n\n#Greece #Wildfires #GlobalWarming","author_id":"2862890535","id":"1424718158393380868","lang":"en","created_at":"2021-08-09T13:04:13.000Z"},{"public_metrics":{"retweet_count":0,"reply_count":0,"like_count":0,"quote_count":0},"text":"The frequency of large #wildfires in the US has risen by 30% since 2006. This, and building into ex-wildlands, has increased the risk of damage to property, meaning #insurers must stay on top of this complex peril. Our client in City AM: https://t.co/l1zFsxGMFs https://t.co/zAqrU76ybw","author_id":"84318463","id":"1424718158141829122","lang":"en","created_at":"2021-08-09T13:04:13.000Z","attachments":{"media_keys":["3_1424718101250285570"]}},{"public_metrics":{"retweet_count":0,"reply_count":0,"like_count":0,"quote_count":0},"text":"#Wildfires continued to burn across #Greece and #Turkey , forcing thousands of people to evacuate.\n\nhttps://t.co/g1DY2JnDvv https://t.co/85teIVumI4","author_id":"1300418587669168129","id":"1424718060976496650","lang":"en","created_at":"2021-08-09T13:03:50.000Z","attachments":{"media_keys":["3_1424718059571396613"]}},{"public_metrics":{"retweet_count":0,"reply_count":0,"like_count":0,"quote_count":0},"text":"Comportamiento agresivo de la segunda etapa!\nDinámica de los #incendios #DixieFire  #wildfires \nDatos https://t.co/nMnCtNHbnX @NASAEarthData \n#California @US_Stormwatch @CALFIRE_PIO\nData Source: \n+@CAL_FIRE Administrative Units\n+J1 VIIRS C1 / SUOMI VIIRS C2 (15-07- / 06-08-2021) https://t.co/i388UfQzxP","author_id":"1073323083170238466","id":"1424717848212029446","lang":"es","created_at":"2021-08-09T13:02:59.000Z","attachments":{"media_keys":["16_1424713482558136325"]}},{"public_metrics":{"retweet_count":0,"reply_count":0,"like_count":4,"quote_count":0},"text":"One of the best ways to make #wildfires and #climatechange worse is to suspend America's bedrock conservation laws for more industrial logging and roadbuilding on #publiclands. Fight back, raise your voice today: https://t.co/2gXzdd67Do https://t.co/7A2CySUdtL","author_id":"247552110","id":"1424717599510867972","lang":"en","created_at":"2021-08-09T13:02:00.000Z","attachments":{"media_keys":["3_1423705969217794051"]}},{"public_metrics":{"retweet_count":0,"reply_count":0,"like_count":0,"quote_count":0},"text":"after editing this guy filmed by @moutafis77, i had thoughts re the #112 number… a week ago i would have evacuated. now, i’m not so sure.  #greece #wildfires https://t.co/IvX9MM0jxa","author_id":"47765461","id":"1424717523702980611","lang":"en","created_at":"2021-08-09T13:01:42.000Z"},{"public_metrics":{"retweet_count":0,"reply_count":0,"like_count":0,"quote_count":0},"text":"'Nothing's safe' as wildfire tears through California town - Associated Press https://t.co/2nYOSVEg0m #Heatwave #Wildfires","author_id":"40173650","id":"1424717515423424517","lang":"en","created_at":"2021-08-09T13:01:40.000Z"},{"public_metrics":{"retweet_count":1,"reply_count":0,"like_count":1,"quote_count":0},"text":"#Greece #wildfires #climate #environment #wildlife #IPCC https://t.co/uM5nWG3jet","author_id":"1124386829745180672","id":"1424717486180687878","lang":"und","created_at":"2021-08-09T13:01:33.000Z"},{"public_metrics":{"retweet_count":1,"reply_count":0,"like_count":0,"quote_count":0},"text":"simply a terrible, terrible week. #greece #wildfires https://t.co/gYerApbRZP","author_id":"47765461","id":"1424716655352074249","lang":"en","created_at":"2021-08-09T12:58:15.000Z"}],"includes":{"media":[{"media_key":"3_1424718101250285570","type":"photo","url":"https://pbs.twimg.com/media/E8WdkIoXoAIMdGw.jpg"},{"media_key":"3_1424718059571396613","type":"photo","url":"https://pbs.twimg.com/media/E8WdhtXWQAUfyZr.jpg"},{"media_key":"16_1424713482558136325","type":"animated_gif"},{"media_key":"3_1423705969217794051","type":"photo","url":"https://pbs.twimg.com/media/E8IFCS_UcAM0JUN.jpg"}]},"meta":{"newest_id":"1424718797622104073","oldest_id":"1424716655352074249","result_count":10,"next_token":"b26v89c19zqg8o3fpdm85n5x6qk3nxskueq7m2bu4egzh"}}