{"data":[{"created_at":"2021-08-12T11:46:15.000Z","text":"A #cat injured during a #wildfire in the village of Byas-Kyuyol and then rescued by local volunteers receives treatment at a veterinary clinic in Yakutsk, #Russia. https://t.co/EEzDCjtmO6","lang":"en","author_id":"1376011723","attachments":{"media_keys":["3_1425785613077291008"]},"public_metrics":{"retweet_count":0,"reply_count":0,"like_count":0,"quote_count":0},"id":"1425785700129988611"},{"created_at":"2021-08-12T11:42:03.000Z","text":"How much has humanity already changed the climate? &amp; how much worse will it get?\n#UnitedNations #ClimateReport \n#GlobalWarming #ClimateCrisis #ClimateEmergency \n#ClimateActionNow #ClimateAction #flood #heatwave #WildFire #Drought #ClimateAction  #ClimateChangeIsReal #IPCC #Greta https://t.co/wU1C3o6jcG","lang":"en","author_id":"73508861","attachments":{"media_keys":["3_1425784635506626560","3_1425784635498266624","3_1425784635489882125","3_1425784635498262530"]},"public_metrics":{"retweet_count":0,"reply_count":1,"like_count":2,"quote_count":0},"id":"1425784643484217345"},{"created_at":"2021-08-12T11:32:38.000Z","text":"Message from @TheSeedof_Life Newsroom. \n\n#TheSeedofLifeFoundation #Planttrees #newsroom #Algeria #AlgeriaIsBurning #AlgeriaWildfires #wildfires #wildfire #climatechange https://t.co/mwfQR7L5Xg","lang":"en","author_id":"1158125712928325634","attachments":{"media_keys":["3_1425782091548172292"]},"public_metrics":{"retweet_count":0,"reply_count":0,"like_count":1,"quote_count":0},"id":"1425782275162136586"},{"created_at":"2021-08-12T11:26:02.000Z","text":"FutureDanger Indicator: WILDFIRES LAY WASTE\nHeatMap Column 4&gt; https://t.co/lN14i125gK\n #Wildfire  #Wildfires #FutureDanger #HeatMap https://t.co/JZeui0cPz7","lang":"en","author_id":"868211017632894977","attachments":{"media_keys":["3_1425780610904199171"]},"public_metrics":{"retweet_count":0,"reply_count":0,"like_count":0,"quote_count":0},"id":"1425780612443430917"},{"created_at":"2021-08-12T11:16:58.000Z","text":"#wildfire $DOGO 超超超いい感じ","lang":"ja","author_id":"1343880004455649281","public_metrics":{"retweet_count":0,"reply_count":0,"like_count":2,"quote_count":0},"id":"1425778329831960580"},{"created_at":"2021-08-12T11:15:00.000Z","text":"Millions have fled parts of #Greece, #Turkey due to raging uncontrolled #wildfires similar to what happened in #Australia. Worry is exacerbated especially because these wildfires seem to becoming closer to #civilization, damaging buildings and forcing mass evacuations. #wildfire https://t.co/EWdyycYcNw","lang":"en","author_id":"3138773952","attachments":{"media_keys":["3_1425715152020598796"]},"public_metrics":{"retweet_count":2,"reply_count":0,"like_count":2,"quote_count":0},"id":"1425777835436773376"},{"created_at":"2021-08-12T11:14:28.000Z","text":"@MattShupePR Are you kidding me #MAGA? You don't see all the dry trees, lack of rain, #glaciers shrinking? Open your eyes man. #California #NoRecall #RecallGavinNewsom #RecallNewsom #Recalled #wildfire","lang":"en","author_id":"997640343909679104","public_metrics":{"retweet_count":0,"reply_count":0,"like_count":0,"quote_count":0},"id":"1425777701965627393"},{"created_at":"2021-08-12T11:10:03.000Z","text":"لمساتنا الخاصة تضفي طعم لايقاوم على تشكيلات اللحوم المميزة لدينا\n\nA touch of Salt and a spriknle of Peppar is all you need to season our high quality meat selection!\n\n#وايلد_فاير #برازيلي #مطعم #الرياض #wildfire #wildfirerdc #churrasco #riyadh #brazil #steak https://t.co/4uRGt7aDvp","lang":"und","author_id":"1168556659729453063","attachments":{"media_keys":["3_1425776590215131143"]},"public_metrics":{"retweet_count":0,"reply_count":0,"like_count":0,"quote_count":0},"id":"1425776591720927238"},{"created_at":"2021-08-12T11:07:12.000Z","text":"#GREECE video here illustrates\uD83D\uDD25\uD83D\uDCCD\uD83D\uDD0A\nThe #wildfire damage to the landscape\n#world\uD83C\uDF0F\uD83D\uDD0A \n#ClimateCrisis\n#getvaxxed \n#thursdaymorning \n\nVankaPro☀️\uD83C\uDF0A\uD83C\uDF0A\uD83C\uDF0A https://t.co/TFHYkJrNc1","lang":"en","author_id":"584834521","public_metrics":{"retweet_count":3,"reply_count":0,"like_count":8,"quote_count":0},"id":"1425775874494930948"},{"created_at":"2021-08-12T11:00:34.000Z","text":"Hi @scottishgreens. Your Australian counterparts support hazard reduction burning because they understand it reduces the risk of bushfire. Can we please leave the class war at the door &amp; talk about how #muirburn can play a role in #wildfire mitigation? Thanks. #ClimateEmergency https://t.co/cVEyA9Tsoa https://t.co/JF3zFS1usQ","lang":"en","author_id":"2962995539","attachments":{"media_keys":["3_1425770666465320965"]},"public_metrics":{"retweet_count":9,"reply_count":5,"like_count":31,"quote_count":0},"id":"1425774202536218625"},{"created_at":"2021-08-12T11:00:30.000Z","text":"Smokey The Bear teaches us to help prevent #wildfires, but #PassiveHouse Design &amp; ERVs help teach us what to do to PROTECT indoor air when a #wildfire is already happening! Check it out, we tackled this topic in our blog &gt;&gt; https://t.co/7gEzjdnW1v\n\n#ventilation #iaq #airquality https://t.co/zEr4pa82HF","lang":"en","author_id":"427522976","attachments":{"media_keys":["3_1425774181812162562"]},"public_metrics":{"retweet_count":0,"reply_count":0,"like_count":0,"quote_count":0},"id":"1425774187239641093"},{"created_at":"2021-08-12T10:52:40.000Z","text":"Iam at a loss of words for what is currently taking place in Algeria.\nVisit these pages for helpful resources listed there. @AlgeriaFolklore @Thee_Aliene \n\nPlease, stay safe. \n\n #PrayForAlgeria #PrayForKabylia #PrayForkabylie #wildfires #wildfire https://t.co/cd17eBjpC5","lang":"en","author_id":"1276156617923461121","attachments":{"media_keys":["3_1425772153740435457","3_1425772153752981504"]},"public_metrics":{"retweet_count":3,"reply_count":0,"like_count":5,"quote_count":1},"id":"1425772216692711432"},{"created_at":"2021-08-12T10:48:25.000Z","text":"Όπου βλέπεις μνημονιακά κόμματα,  να τα φτύνεις.\n#Πυρκαγια #φωτιες #wildfire #GreeceFires #φωτια_ευβοια #βαρυμπομπη #χαρδαλιας #Μητσοτακη_ξερεις_εσυ #ΣΥΡΙΖΑ_ξεφτιλες https://t.co/XCSV1E5Hty","lang":"el","author_id":"42395938","attachments":{"media_keys":["7_1425770231247552518"]},"public_metrics":{"retweet_count":3,"reply_count":0,"like_count":1,"quote_count":0},"id":"1425771148323737600"},{"created_at":"2021-08-12T10:39:38.000Z","text":"Just to be clear there is no ‘restoration’ crew sent in to fix things after a #wildfire ! #Floods #Wind not the same as #Fire - #survival . #ClimateEmergency   Climate change is fueling bigger, stronger, wildfires around the world | https://t.co/EGAq2CpLe5 https://t.co/OKijmEwrkW","lang":"en","author_id":"24459208","public_metrics":{"retweet_count":0,"reply_count":0,"like_count":0,"quote_count":0},"id":"1425768936272977921"},{"created_at":"2021-08-12T10:35:48.000Z","text":"Algerian wildfires kill at least 65 as Europe continues to see devastation #firenews #firesafety #fireindustry #wildfire #emergencyresponse https://t.co/MXpRBEt0NM","lang":"en","author_id":"1265983275434160129","public_metrics":{"retweet_count":0,"reply_count":0,"like_count":0,"quote_count":0},"id":"1425767970219888640"},{"created_at":"2021-08-12T10:27:54.000Z","text":"Climate change cannot wait another minute!The #Dixie fire is now the 2nd-largest #wildfire in #California history, destroying more than 400 homes and commercial buildings. Sympathy to all the affected and pray for everyone’s safety.\nhttps://t.co/daAGVJubUS","lang":"en","author_id":"1333693810430263296","public_metrics":{"retweet_count":0,"reply_count":0,"like_count":0,"quote_count":0},"id":"1425765984619712517"},{"created_at":"2021-08-12T10:15:40.000Z","text":"California wildfire wreaks more destruction, burn more than 500 homes as temperatures rise https://t.co/VMmiMRaCCN\n\n#AyomideJai #California #Wildfire #SierraNevada #BloggerAyomideJai #Sacramento #Greenville #Forestry #America #Science https://t.co/yre1AFMiIi","lang":"en","author_id":"3426899968","attachments":{"media_keys":["3_1425762902322171907"]},"public_metrics":{"retweet_count":0,"reply_count":0,"like_count":0,"quote_count":0},"id":"1425762905388113921"},{"created_at":"2021-08-12T10:14:05.000Z","text":"Wildfires have become a periodic incident over the past few years. Here is the update on the Siberian wildfires.\nhttps://t.co/uNuBe1Lp1O\n#karmapluss #nature #environmental #ecofriendly #wildfire #Siberiafire #northpole #Russia #Malaysia #india #zerowaste #sustainableliving https://t.co/uZM4wu48RL","lang":"en","author_id":"1295640148525244418","attachments":{"media_keys":["3_1425762493092155400","3_1425762493100544007","3_1425762493092171783"]},"public_metrics":{"retweet_count":0,"reply_count":0,"like_count":1,"quote_count":0},"id":"1425762506891423745"},{"created_at":"2021-08-12T10:02:54.000Z","text":"الجزائر میں جنگلاتی آگ سے اموات کی تعداد 65 ہوگئی\nhttps://t.co/kaGT2uibWM\n#DeathToll #Wildfire #Algeria #ForestFire","lang":"ur","author_id":"34893273","public_metrics":{"retweet_count":0,"reply_count":0,"like_count":0,"quote_count":0},"id":"1425759693247504390"},{"created_at":"2021-08-12T10:01:50.000Z","text":"The Mediterranean has become a #wildfire hotspot, with Algeria adding up to the list of Mediterranean countries hit by this dramatic event. The wildfires killed 42 people in the country. \nhttps://t.co/DGg6qvO2yh","lang":"en","author_id":"1131490810770403329","public_metrics":{"retweet_count":1,"reply_count":0,"like_count":2,"quote_count":0},"id":"1425759423927029761"},{"created_at":"2021-08-12T10:00:54.000Z","text":"Algeria to Greece wildfires are burning. \n#GreeceFires \n#greeceisburning \n#Algeria \n#Greece \n#wildfire \nSource-Reuters https://t.co/TYQ1Dj24Gj","lang":"en","author_id":"624904995","attachments":{"media_keys":["7_1425758496314859522"]},"public_metrics":{"retweet_count":0,"reply_count":0,"like_count":1,"quote_count":0},"id":"1425759188664258565"},{"created_at":"2021-08-12T09:57:02.000Z","text":"The Mediterranean region has become a wildfire hotspot, with many countries hit by its most intense blazes on record in decades and a heatwave producing a high risk of further fires and smoke pollution. An explainer. #wildfire #UPSC #Forestfires \nhttps://t.co/UuNfUpt8sQ https://t.co/33EoB5s4OT","lang":"en","author_id":"1348921762663206915","attachments":{"media_keys":["3_1425758056638558208","3_1425758056688852994"]},"public_metrics":{"retweet_count":0,"reply_count":0,"like_count":2,"quote_count":0},"id":"1425758214944038915"},{"created_at":"2021-08-12T09:43:15.000Z","text":"After Greece, Turkey, Siberia and many other regions, Algeria is being hit by terrible fires. Fires that where reportedly started by criminals but amplified by droughts and heatwaves. Climate action is now! \n#ClimateCrisis #ClimateEmergency #wildfire #AlgeriaIsBurning","lang":"en","author_id":"1090142810509062144","public_metrics":{"retweet_count":0,"reply_count":0,"like_count":0,"quote_count":0},"id":"1425754744572817408"},{"created_at":"2021-08-12T09:37:49.000Z","text":"Footage from #WhiteRockLakeFire, taken in the early hours of August 12, 2021\nThe fire grow yesterday due the very strong wind coming from North East. \n\n#Kelowna #VERNON #BCWildfires #BritishColumbia #Okanagan #canada #ClimateEmergency #ClimateCrisis #climatechange #wildfire #fire https://t.co/YjEaauuZ5s","lang":"en","author_id":"852987438851031040","attachments":{"media_keys":["3_1425753375916892160","3_1425753375908446209","3_1425753375912693766","3_1425753375929507843"]},"public_metrics":{"retweet_count":0,"reply_count":0,"like_count":0,"quote_count":0},"id":"1425753380903784449"},{"created_at":"2021-08-12T09:34:36.000Z","text":"Wildfires have become a periodic incident over the past few years. Here is the update on the Siberian wildfires.\nhttps://t.co/uNuBe1Lp1O\n#karmapluss #nature #environmental #ecofriendly #wildfire #Siberiafire #northpole #Russia #Malaysia #india #zerowaste #sustainableliving https://t.co/GLTeDVDxyv","lang":"en","author_id":"1295640148525244418","attachments":{"media_keys":["7_1425752480860631045"]},"public_metrics":{"retweet_count":0,"reply_count":0,"like_count":1,"quote_count":0},"id":"1425752571336007684"},{"created_at":"2021-08-12T09:30:01.000Z","text":"#WhatTheFAQ: A #wildfire, bushfire, wildland #fire or rural fire is an unplanned, unwanted, uncontrolled fire in an area of combustible #vegetation\n#Greece #Algeria #wildlife \n\nRead the report here https://t.co/1wCNeFqBjG \uD83D\uDC48","lang":"en","author_id":"728025157","public_metrics":{"retweet_count":0,"reply_count":0,"like_count":0,"quote_count":0},"id":"1425751417474670596"},{"created_at":"2021-08-12T09:20:58.000Z","text":"California's largest #wildfire in recorded history, the Dixie fire covering 783 square miles is only 30% contained and is threatening at least 14,000 remote homes.\n\nhttps://t.co/Gz3Kts4Sv0","lang":"en","author_id":"1118527795129274375","public_metrics":{"retweet_count":0,"reply_count":1,"like_count":0,"quote_count":0},"id":"1425749136893046788"},{"created_at":"2021-08-12T09:20:04.000Z","text":"Destructive wildfires leave at least 65 dead in northern Algeria https://t.co/JH70hVtXMA #wildfire #fire #Algeria #TiziOuzou #Kabyle","lang":"en","author_id":"272160238","public_metrics":{"retweet_count":5,"reply_count":0,"like_count":12,"quote_count":1},"id":"1425748914125172737"},{"created_at":"2021-08-12T09:16:29.000Z","text":"UAE offers condolences and expresses solidarity with victims of the Algeria wildfire.\n\nRead more: https://t.co/55gPEDtoQl\n\n#ALGERIA #WILDFIRE #CONDOLENCES #SOLIDARITY #VICTIMS #DEATH #MINISTRY #NEWS #UAE https://t.co/smIOHiahFT","lang":"en","author_id":"1374021835025702916","attachments":{"media_keys":["3_1425747951721148419"]},"public_metrics":{"retweet_count":0,"reply_count":0,"like_count":0,"quote_count":0},"id":"1425748010676285442"},{"created_at":"2021-08-12T09:10:00.000Z","text":"\uD83C\uDDE9\uD83C\uDDFF\uD83D\uDD25\uD83C\uDF0D\n\nAlgeria fires: Dozens killed as wildfires hit Mediterranean region https://t.co/3hb72GFLf0 via @Channel4News @JackieLongc4\n\n#AlgeriaIsBurning #Algeria #AlgeriaWildfires #wildfire #forestfires #Greece #Turkey #Tunisia #Italy #Europe #ClimateEmergency #FiresInAlgeria","lang":"en","author_id":"2722503240","public_metrics":{"retweet_count":0,"reply_count":0,"like_count":0,"quote_count":0},"id":"1425746377804374020"},{"created_at":"2021-08-12T09:00:23.000Z","text":"#California #wildfire wreaks more destruction as temperatures rise https://t.co/NuDefycGN8","lang":"en","author_id":"1127312545243717632","public_metrics":{"retweet_count":0,"reply_count":0,"like_count":1,"quote_count":0},"id":"1425743958794248195"},{"created_at":"2021-08-12T08:44:21.000Z","text":"@FirebreakSvcs @NLandFRS_CFO @BruceFarquharso @NFCC_FireChiefs My heart is with the many brave volunteers across Greece.\n\nI think this highlights why @DefraGovUK @ForestryComm have developed @LantraUK accredited #wildfire and #prescribedfire training so we can up skill and move toward competence the many land managers across the #UK.","lang":"en","author_id":"807693841","public_metrics":{"retweet_count":0,"reply_count":0,"like_count":3,"quote_count":0},"id":"1425739924247044098"},{"created_at":"2021-08-12T08:30:16.000Z","text":"Algaria wildfire kill at least 65 including soldiers #AlgeriaIsBurning #wildfire #Algeria #AlgeriaWildfires #wildlife #FiresInAlgeria https://t.co/u8nsBl2F8X","lang":"en","author_id":"710553003569205250","attachments":{"media_keys":["7_1425735814127005697"]},"public_metrics":{"retweet_count":1,"reply_count":1,"like_count":3,"quote_count":0},"id":"1425736380999688200"},{"created_at":"2021-08-12T08:28:04.000Z","text":"Residents in #Gortynia cheer French #firefighters as they drive by #wildfire #Greece \nhttps://t.co/7zr7kwIjXF","lang":"en","author_id":"1374265902934396932","public_metrics":{"retweet_count":0,"reply_count":0,"like_count":0,"quote_count":0},"id":"1425735827825602564"},{"created_at":"2021-08-12T08:21:41.000Z","text":"Possible #wildfire identified by #LookOut #wildfiredetection #SaaS at 01:14 PST @napacountyfire https://t.co/VsagcQ0xVl","lang":"en","author_id":"1155468995539038208","attachments":{"media_keys":["3_1425734217023987714"]},"public_metrics":{"retweet_count":0,"reply_count":0,"like_count":0,"quote_count":0},"id":"1425734221260234754"},{"created_at":"2021-08-12T08:17:29.000Z","text":"Possible #wildfire on camera #Axis-AtlasPeakWest @nvfirecams @alertwildfire #AxisAtlasPeakWest via @NVSeismoLab https://t.co/sFvxvJJkfX","lang":"en","author_id":"1155468995539038208","attachments":{"media_keys":["3_1425733121723408387"]},"public_metrics":{"retweet_count":1,"reply_count":1,"like_count":1,"quote_count":0},"id":"1425733164425564166"},{"created_at":"2021-08-12T07:50:02.000Z","text":"FutureDanger Indicator: WILDFIRES LAY WASTE\nHeatMap Column 4&gt; https://t.co/xddBncGGkR\n  #Wildfires #Wildfire #HeatMap #WarnOthers https://t.co/uy6P1dX3Ca","lang":"en","author_id":"867896844852101121","attachments":{"media_keys":["3_1425726252074209287"]},"public_metrics":{"retweet_count":0,"reply_count":0,"like_count":0,"quote_count":0},"id":"1425726253521260547"},{"created_at":"2021-08-12T07:41:25.000Z","text":"Enjoying some semi-fresh air tonight :) #wildfire #smoke","lang":"en","author_id":"1305607384358727680","public_metrics":{"retweet_count":0,"reply_count":1,"like_count":1,"quote_count":0},"id":"1425724087700123649"},{"created_at":"2021-08-12T07:32:14.000Z","text":"Hot #WEATHER followed by wind and thunderstorms could hamper #WILDFIRE suppression efforts https://t.co/696M8nEIGq","lang":"en","author_id":"3301926908","public_metrics":{"retweet_count":0,"reply_count":0,"like_count":0,"quote_count":0},"id":"1425721776772952066"},{"created_at":"2021-08-12T07:31:52.000Z","text":"Hot #WEATHER followed by wind and thunderstorms could hamper #WILDFIRE suppression efforts https://t.co/ff3WqZ2LIO #GPWX","lang":"en","author_id":"3111226033","public_metrics":{"retweet_count":0,"reply_count":0,"like_count":0,"quote_count":0},"id":"1425721682392621058"},{"created_at":"2021-08-12T07:12:02.000Z","text":"RT @A_W_Global: #Kelowna #veterinarian seeks home for #dog abandoned during #wildfire evacuation \n\nhttps://t.co/e3FZicUYNb","lang":"en","author_id":"1131402339682852865","public_metrics":{"retweet_count":5,"reply_count":0,"like_count":6,"quote_count":0},"id":"1425716693746307085"},{"created_at":"2021-08-12T06:59:31.000Z","text":"NT Fire Weather Warning for Darwin and Adelaide River. #fireweather #ewnalerts #bushfire #wildfire #NT https://t.co/3kGbqmU2Fr https://t.co/OfgMauJMmu","lang":"en","author_id":"428556919","attachments":{"media_keys":["3_1425713539042271235"]},"public_metrics":{"retweet_count":0,"reply_count":0,"like_count":1,"quote_count":0},"id":"1425713541265301507"},{"created_at":"2021-08-12T06:41:47.000Z","text":"Some growth, smoke on Schneider Springs Fire near Nile | Local | https://t.co/diUFITeMPn https://t.co/wPP8WVkxX1 @LobergEric @OrignalAgressor @FsuGoody #wildfire","lang":"en","author_id":"475165737","public_metrics":{"retweet_count":1,"reply_count":0,"like_count":2,"quote_count":0},"id":"1425709080459440128"},{"created_at":"2021-08-12T06:40:04.000Z","text":"Amazing. #wildfire #smem #emgtwitter https://t.co/fKXOx9NXJ0","lang":"en","author_id":"14805814","public_metrics":{"retweet_count":1,"reply_count":1,"like_count":2,"quote_count":0},"id":"1425708648454443009"},{"created_at":"2021-08-12T06:39:38.000Z","text":"Folks living in South Africa’s #mediterranean climate in the  #WesternCape #Fynbos should be noting the #wildfire situations in similar med regions around the world.   We  are not immune and need policy and action to de-risk our landscapes Folks must own their ignition potential","lang":"en","author_id":"1384158997087854617","public_metrics":{"retweet_count":0,"reply_count":0,"like_count":1,"quote_count":0},"id":"1425708536001138690"},{"created_at":"2021-08-12T06:36:25.000Z","text":"@adrian__chamber I can't wait for #wildfire, I'll really look forward to it","lang":"en","author_id":"1423629044038311942","public_metrics":{"retweet_count":0,"reply_count":0,"like_count":0,"quote_count":0},"id":"1425707727511113729"},{"created_at":"2021-08-12T06:30:32.000Z","text":"\uD83C\uDDEA\uD83C\uDDFA New @CopernicusEMS activation [#EMSR535]: Wildfires in Albania\n\uD83D\uDD17 https://t.co/SQbqMH07pd\n#Wildfire in #Albania - #Copernicus #CEMS #RapidMapping #EUCivPro https://t.co/c6In44fGNL","lang":"en","author_id":"2201283403","attachments":{"media_keys":["3_1425706245315571714"]},"public_metrics":{"retweet_count":8,"reply_count":1,"like_count":24,"quote_count":2},"id":"1425706246447980545"},{"created_at":"2021-08-12T06:30:01.000Z","text":"RT chidambara09: #California #wildfire\n\nhttps://t.co/3lhYQScv0y \n\n#SOciaLmediA\n#100DaysOfCode #Bigdata #WomenWhoCode #Python #flutter #cyb…","lang":"in","author_id":"1351373322081230848","public_metrics":{"retweet_count":3,"reply_count":0,"like_count":0,"quote_count":0},"id":"1425706115904512002"},{"created_at":"2021-08-12T06:16:57.000Z","text":"California wildfire wreaks more destruction as temperatures rise #Wildfire #california\nhttps://t.co/Xql0XRfjGv https://t.co/IMclXsnXk9","lang":"en","author_id":"2570701735","attachments":{"media_keys":["3_1425702828660727812"]},"public_metrics":{"retweet_count":2,"reply_count":0,"like_count":7,"quote_count":0},"id":"1425702830468390916"},{"created_at":"2021-08-12T06:13:32.000Z","text":"How #wildfire restored a Yosemite watershed https://t.co/lUVPETHQ0T via @physorg_com","lang":"en","author_id":"21959763","public_metrics":{"retweet_count":0,"reply_count":1,"like_count":0,"quote_count":0},"id":"1425701967813246979"},{"created_at":"2021-08-12T06:12:56.000Z","text":"Nighttime long exposure of Killiney fire at Okanagan Lake - wildfire near Vernon at La Casa.  #wildfire #bcwildfires  @ReutersWitness @CTVVancouver @miawgordon @weathernetwork #BritishColumbia #Okanagan https://t.co/JruSZ15FFJ","lang":"en","author_id":"3693883638","attachments":{"media_keys":["3_1425701244539133954"]},"public_metrics":{"retweet_count":2,"reply_count":0,"like_count":9,"quote_count":0},"id":"1425701818907103238"},{"created_at":"2021-08-12T06:02:01.000Z","text":"FutureDanger Indicator: WILDFIRES LAY WASTE\nHeatMap Column 4&gt; https://t.co/lN14i125gK\n #Wildfire  #Wildfires #WarnOthers #HeatMap https://t.co/SyFsTNHgIZ","lang":"en","author_id":"868211017632894977","attachments":{"media_keys":["3_1425699071432351745"]},"public_metrics":{"retweet_count":0,"reply_count":0,"like_count":0,"quote_count":0},"id":"1425699072837492738"},{"created_at":"2021-08-12T05:53:33.000Z","text":"\"Firefighters are battling a #wildfire that is currently burning at Kirk Hill about 5 miles southwest of #Sturgis. The fire was estimated at 40 acres as of 5 p.m.\n\n\"Federal, state and local resources are responding,...\" https://t.co/huFQmMNA5R","lang":"en","author_id":"166348894","public_metrics":{"retweet_count":0,"reply_count":0,"like_count":1,"quote_count":0},"id":"1425696940352737282"},{"created_at":"2021-08-12T05:51:33.000Z","text":"We must fundamentally change the way we live, period. #wildfire \n\n#ClimateEmergency #ClimateAction https://t.co/M9wGsA7ipP","lang":"en","author_id":"527131496","public_metrics":{"retweet_count":0,"reply_count":0,"like_count":1,"quote_count":0},"id":"1425696439431143426"},{"created_at":"2021-08-12T05:44:18.000Z","text":"@LaStampa Strano ma vero..... \uD83D\uDD25\uD83D\uDD25\uD83D\uDD25 #incendio #incendi #Italia #Italy #fire #wildfires #wildfire @matteorenzi https://t.co/OA2lZCiQ23","lang":"it","author_id":"3261651495","attachments":{"media_keys":["16_1425694590389166081"]},"public_metrics":{"retweet_count":0,"reply_count":0,"like_count":1,"quote_count":0},"id":"1425694613994618880"},{"created_at":"2021-08-12T05:38:54.000Z","text":"Let's not forget all the incarcerated people who are fighting fires for so little pay &amp; such high risk. #prisoners #wildfire #PNW #hotshots https://t.co/lmEFk3ewsT","lang":"en","author_id":"487280548","public_metrics":{"retweet_count":0,"reply_count":0,"like_count":0,"quote_count":0},"id":"1425693252859011072"},{"created_at":"2021-08-12T05:37:10.000Z","text":"climate change is actually a conspiracy by firefighter unions to increase wild fires and therefore the salary of firefighters #truth #wildfire #Qanons","lang":"en","author_id":"1392336922299744257","public_metrics":{"retweet_count":0,"reply_count":0,"like_count":0,"quote_count":1},"id":"1425692817590992896"},{"created_at":"2021-08-12T05:35:32.000Z","text":"@FoxNews #COVID19 #wildfire #pandemic #VaccinesSaveLives are far more important.","lang":"en","author_id":"1384744038025228288","public_metrics":{"retweet_count":0,"reply_count":0,"like_count":0,"quote_count":0},"id":"1425692405278203904"},{"created_at":"2021-08-12T05:27:20.000Z","text":"The Mediterranean is burning!\nhttps://t.co/sZmiP3qD2R\n@CopernicusECMWF\n#wildfire #wildfires","lang":"en","author_id":"253104427","public_metrics":{"retweet_count":0,"reply_count":0,"like_count":1,"quote_count":0},"id":"1425690344700616704"},{"created_at":"2021-08-12T05:25:54.000Z","text":"#California #wildfire\n\nhttps://t.co/X2RdfYXTio \n\n#SOciaLmediA\n#100DaysOfCode #Bigdata #WomenWhoCode #Python #flutter #cybersecurity #RStats #CodeNewbie #DEVCommunity #RPA #DataScience #business #AI #iioT #teChnology #MACHiNELearning #healthCare #teCh #CX #FRENCHteCh #finServ #Uk","lang":"und","author_id":"737142202481016832","public_metrics":{"retweet_count":14,"reply_count":0,"like_count":2,"quote_count":0},"id":"1425689984330207236"},{"created_at":"2021-08-12T05:24:44.000Z","text":"Siberian wildfires now bigger than all other fires in the world combined. #ClimateEmergency #ClimateCrisis #ClimateAction  #ClimateActionNow  #climate  #ClimateCatastrophe  #wildfire","lang":"en","author_id":"1298690665266593792","public_metrics":{"retweet_count":0,"reply_count":0,"like_count":5,"quote_count":0},"id":"1425689690280140800"},{"created_at":"2021-08-12T05:14:48.000Z","text":"#Wildfire response tip: Wait for the “all clear” and check with fire officials before attempting to re-enter your home. Click here for more tips: https://t.co/4D6A4SnMTd https://t.co/17BMN4tzEY","lang":"en","author_id":"1287128192","attachments":{"media_keys":["7_1425507714415878146"]},"public_metrics":{"retweet_count":0,"reply_count":0,"like_count":1,"quote_count":0},"id":"1425687188612599808"},{"created_at":"2021-08-12T04:46:49.000Z","text":"#RedShib  #RedShiba #ECOINU #WildFire #PornRocket \n\nいい感じだね、断トツでRedShibaが強すぎる。\nFeg理論でいくならまだ100倍の伸び代あるな https://t.co/Y7UTSfHrbI","lang":"ja","author_id":"2261987336","attachments":{"media_keys":["3_1425680142261645317","3_1425680142261624833","3_1425680142261579778","3_1425680142290984968"]},"public_metrics":{"retweet_count":0,"reply_count":0,"like_count":4,"quote_count":1},"id":"1425680147290550277"},{"created_at":"2021-08-12T04:45:48.000Z","text":"A new way combat wildfires will save you time, efforts and millions of cost in fighting wildfires.. please tag the person you think will forward the message  \n\n#wildfire #prevntion \n\nhttps://t.co/ixmdFdwsLL","lang":"en","author_id":"4834084636","public_metrics":{"retweet_count":0,"reply_count":1,"like_count":1,"quote_count":1},"id":"1425679889609334791"},{"created_at":"2021-08-12T04:42:53.000Z","text":"These heros are doing God's work \uD83D\uDC4F Fascinating to watch. #wildfire https://t.co/LmtSHj7lyw","lang":"en","author_id":"1276767678313660417","public_metrics":{"retweet_count":0,"reply_count":0,"like_count":1,"quote_count":0},"id":"1425679158135476225"},{"created_at":"2021-08-12T04:39:18.000Z","text":"Wildfire bears down on Montana towns as West burns\n#Climate #Wildfire #Montana\nhttps://t.co/60mbhoIM5z","lang":"en","author_id":"22653760","public_metrics":{"retweet_count":0,"reply_count":0,"like_count":0,"quote_count":0},"id":"1425678255474892805"},{"created_at":"2021-08-12T04:26:33.000Z","text":"#California #Professor Accused Of ‘Arson-Setting Spree’ Charged With Starting #Wildfire https://t.co/NE2BAnHfz9","lang":"en","author_id":"260527870","public_metrics":{"retweet_count":2,"reply_count":0,"like_count":2,"quote_count":0},"id":"1425675046689906688"},{"created_at":"2021-08-12T04:22:22.000Z","text":"#wildfire #wildfires #CAfire https://t.co/naE7w4ey8t","lang":"und","author_id":"45034222","public_metrics":{"retweet_count":0,"reply_count":0,"like_count":0,"quote_count":0},"id":"1425673992942198787"},{"created_at":"2021-08-12T04:18:11.000Z","text":"#Algeria forest fires: At least 65 people killed as fires spread. #wildfire #forestfires https://t.co/0KRTyVyEZJ","lang":"en","author_id":"559799828","public_metrics":{"retweet_count":1,"reply_count":0,"like_count":0,"quote_count":0},"id":"1425672942252400648"},{"created_at":"2021-08-12T04:13:17.000Z","text":"அல்ஜீரியாவில் அதி தீவிரமாக பரவி வரும் காட்டுத்தீ; உயிரிழந்தவர்களின் எண்ணிக்கை 65 ஆக உயர்வு!\n\nYoutube : https://t.co/6dvI2iMkfx | #SunNews | #Algeria | #WildFire https://t.co/mpX6Jmw6tN","lang":"ta","author_id":"1079310252","attachments":{"media_keys":["13_1425671278959075329"]},"public_metrics":{"retweet_count":8,"reply_count":0,"like_count":25,"quote_count":1},"id":"1425671706547396613"},{"created_at":"2021-08-12T03:56:47.000Z","text":"\uD83D\uDD34 LIVE IN YOUTUBE: Tin tức trực buổi tối ở mỹ 11-08-2021.\nNhấn vào đây để xem:  https://t.co/yCLO4zbWg2\nCHÁY RỪNG Ở SIBERIA \n\n#tintuc #UNV #UNVtinhbuoisang #USNews #tiengviet #coronavirususa #nguoiviet #CoronavirusOutbreak #CoronaVirusUpdates #protests #wildfire https://t.co/GBJtzqgZnH","lang":"vi","author_id":"858145989118623744","attachments":{"media_keys":["3_1425658217087082497"]},"public_metrics":{"retweet_count":0,"reply_count":0,"like_count":1,"quote_count":0},"id":"1425667554601840642"},{"created_at":"2021-08-12T03:56:02.000Z","text":"Three-week-old wildfire engulfs Northern California mountain town\nHeatMap Column 4&gt; https://t.co/xddBncGGkR\n  #Wildfires #Wildfire https://t.co/l4Tk2bw24Z","lang":"en","author_id":"867896844852101121","attachments":{"media_keys":["3_1425667364788400135"]},"public_metrics":{"retweet_count":0,"reply_count":0,"like_count":0,"quote_count":0},"id":"1425667366495481856"},{"created_at":"2021-08-12T03:54:34.000Z","text":"#Wildfire-Detection Method Using DenseNet and CycleGAN Data Augmentation-Based #Remote #Camera #Imagery\nby Minsoo Park, Dai Quoc Tran, Daekyo Jung and Seunghee Park\n\uD83D\uDC49https://t.co/djt8nWdAq5\n#remotesensing https://t.co/ntKvXZuKlt","lang":"en","author_id":"3376897745","attachments":{"media_keys":["3_1425666956066054150"]},"public_metrics":{"retweet_count":0,"reply_count":0,"like_count":5,"quote_count":0},"id":"1425666996402737153"},{"created_at":"2021-08-12T03:50:02.000Z","text":"#California's largest single #wildfire in recorded history continued to grow after destroying nearly 550 homes while authorities in #Montana ordered evacuations as a wind-driven blaze roared toward several remote communities. #DixieFire https://t.co/OJdoXnO9Ty","lang":"en","author_id":"82347945","public_metrics":{"retweet_count":0,"reply_count":0,"like_count":2,"quote_count":0},"id":"1425665854931341313"},{"created_at":"2021-08-12T03:45:42.000Z","text":"For those of us not accustomed to thinking of area in terms of acreage, 505,413 acres =\n- 790 square miles\n- 2045 square kilometers\n- 204,533 hectares\n\nYes, the #DixieFire is a massive #wildfire.\n\nThanks to the #firefighters, containment has increased to 30%! https://t.co/MEgIJeN8l6","lang":"en","author_id":"976955403572453376","public_metrics":{"retweet_count":0,"reply_count":0,"like_count":6,"quote_count":0},"id":"1425664765595066372"},{"created_at":"2021-08-12T03:34:45.000Z","text":"#wildfire #wildfiresafety #wellwater https://t.co/D59wlFxitg","lang":"und","author_id":"1136055528273133569","public_metrics":{"retweet_count":1,"reply_count":0,"like_count":1,"quote_count":0},"id":"1425662008788234242"},{"created_at":"2021-08-12T03:17:29.000Z","text":"Evacuate before it gets like this. Save yourself and your loved ones. #Wildfire #EvacuateNow #RedCrossNorCal https://t.co/hODevUGRT0","lang":"en","author_id":"51213980","public_metrics":{"retweet_count":0,"reply_count":0,"like_count":0,"quote_count":0},"id":"1425657665015795713"},{"created_at":"2021-08-12T03:12:09.000Z","text":"காட்டுத்தீயை கட்டுப்படுத்த தவறியதற்காக\nகிரீஸ் மக்களிடம் மன்னிப்பு கோரினார் பிரதமர்!\nhttps://t.co/1tZMGfn8VD\n#KyriakosMitsotakis, #கைரியாகாஸ்மிட்சோடகிஸ், #Greece, #wildfire, #wildfiregreece, #காட்டுத்தீ, #கிரீஸ், #மெட்ரோநியூஸ், #Metronewslk","lang":"ta","author_id":"1199589757","public_metrics":{"retweet_count":0,"reply_count":0,"like_count":1,"quote_count":0},"id":"1425656325032271872"},{"created_at":"2021-08-12T03:08:01.000Z","text":"FutureDanger Indicator: WILDFIRES LAY WASTE\nHeatMap Column 4&gt; https://t.co/xddBncGGkR\n  #Wildfires #Wildfire #SituationalAwareness https://t.co/Huj68nQRkA","lang":"en","author_id":"867896844852101121","attachments":{"media_keys":["3_1425655282412056577"]},"public_metrics":{"retweet_count":0,"reply_count":0,"like_count":0,"quote_count":0},"id":"1425655283708137478"},{"created_at":"2021-08-12T03:04:57.000Z","text":"#Sardinia #wildfire\n#Sicily #wildfire\n#Siberiafire\n#Brazil #wildfire\n#Greecefire\n#Turkeyfires\n#BCWildfire\n#AlgeriaWildfires\n#CaliforniaWildfires\nBE THE CHANGE\n#SaveThePlanet #GlobalWarming #HeatWaves #Arson #CAMPFIRE #FireWorks #ClimateCrisis #SaveTheWorld #ClimateChange","lang":"en","author_id":"1284024259","public_metrics":{"retweet_count":4,"reply_count":0,"like_count":2,"quote_count":0},"id":"1425654511029264388"},{"created_at":"2021-08-12T03:03:23.000Z","text":"All you need now is a little friction \uD83D\uDE08 and boom... #Wildfire \uD83D\uDD25 @realladytarzan https://t.co/k3tN4l46EW","lang":"en","author_id":"157682114","public_metrics":{"retweet_count":0,"reply_count":0,"like_count":0,"quote_count":0},"id":"1425654115724533761"},{"created_at":"2021-08-12T02:47:01.000Z","text":"Welcome to read today's fourth paper for topic \" #Computer Vision\" #mdpiapplsci\n\nAssessing the Impact of the #Loss Function, #Architecture and #Image Type for #Deep Learning-Based #Wildfire Segmentation\n\nby Jorge Francisco Ciprián-Sánchez et al.\nhttps://t.co/U1b0kUmsNr https://t.co/wL8Xkt4Xai","lang":"en","author_id":"1240154652","attachments":{"media_keys":["3_1425649968254095369"]},"public_metrics":{"retweet_count":2,"reply_count":0,"like_count":1,"quote_count":1},"id":"1425649996758753285"},{"created_at":"2021-08-12T02:44:16.000Z","text":"Weather is pretty bad in #Kelowna #BC Air Quality is not doing so good. There is literal ash flying around in the air due to #Wildfire Activity. @cityofkelowna #BCWildfire","lang":"en","author_id":"4258609932","public_metrics":{"retweet_count":1,"reply_count":0,"like_count":10,"quote_count":0},"id":"1425649304689991680"},{"created_at":"2021-08-12T02:43:09.000Z","text":"#wildfire A growing area of high-hazard clearcuts and plantations are fuelling BC's raging forest infernos https://t.co/ovmG98yDVf #clearcutting #plantations #logging #forests #bcpoli","lang":"en","author_id":"448461621","public_metrics":{"retweet_count":5,"reply_count":0,"like_count":3,"quote_count":0},"id":"1425649026771398656"},{"created_at":"2021-08-12T02:40:05.000Z","text":"\uD83D\uDDFA New map: [#EMSR534] San Luca: FEP Product, version 1, release 1, RTP Map #01 [v1, 1:70000]\n\uD83D\uDD17 https://t.co/RE1x3F5FKw — #wildfire #fep in #Italy\n#Copernicus #CEMS #RapidMapping #EUCivPro","lang":"ht","author_id":"2201283403","public_metrics":{"retweet_count":0,"reply_count":0,"like_count":4,"quote_count":0},"id":"1425648255166201856"},{"created_at":"2021-08-12T02:32:42.000Z","text":"@YaleE360 Seriously? Prescribed burns won't stop catastrophic blazes. They might help protect some small areas of private property, but they cannot stop a catastrophic megafire.\n\n#wildfire #ClimateEmergency #megafire","lang":"en","author_id":"93187905","public_metrics":{"retweet_count":0,"reply_count":0,"like_count":1,"quote_count":0},"id":"1425646394371547136"},{"created_at":"2021-08-12T02:20:21.000Z","text":"#cats and #wildfire #aviation all in one. https://t.co/t57yeRg9Dw","lang":"en","author_id":"910623276778405888","public_metrics":{"retweet_count":5,"reply_count":2,"like_count":60,"quote_count":0},"id":"1425643287948320774"},{"created_at":"2021-08-12T02:16:20.000Z","text":"My badass coworker @C2ES_org, @LauraBrush1, was featured on @Marketplace to talk about #wildfire #resilience in the infrastructure bill!\uD83E\uDD29 https://t.co/yKdOmv3lvI","lang":"en","author_id":"1673424745","public_metrics":{"retweet_count":0,"reply_count":0,"like_count":0,"quote_count":0},"id":"1425642274713575426"},{"created_at":"2021-08-12T02:06:32.000Z","text":"If the Dixie Fire was in Puerto Rico it would have burned 22% of the land. #DixieFire #Wildfire #California","lang":"en","author_id":"366964744","public_metrics":{"retweet_count":0,"reply_count":0,"like_count":0,"quote_count":0},"id":"1425639809943543810"},{"created_at":"2021-08-12T02:02:36.000Z","text":"Wild fire explosion east of Seattle? It rose like a column of smoke similar to St Helen’s eruption, straight up and continued to build.  \n#Seattle #wildfire https://t.co/DUX6j4iAXj","lang":"en","author_id":"1182080931194003456","attachments":{"media_keys":["3_1425638809522163712"]},"public_metrics":{"retweet_count":1,"reply_count":0,"like_count":2,"quote_count":1},"id":"1425638820066729987"},{"created_at":"2021-08-12T02:00:02.000Z","text":"Seriously where is the protection at? If their deities do exist, why is none helping and these fires are taking out everyone &amp; everything there? #Wildfire #GlobalWarming #Religion","lang":"en","author_id":"983871098281377792","public_metrics":{"retweet_count":0,"reply_count":0,"like_count":0,"quote_count":0},"id":"1425638173078482949"},{"created_at":"2021-08-12T01:57:59.000Z","text":"The fact that the Wildfire has affected everyone in Greece and those areas, it's clearly looking like no God they worship actually exist because it's affecting EVERYONE including those who worship and pray and us Americans aren't safe either. #Wildfire #GlobalWarming #Religion","lang":"en","author_id":"983871098281377792","public_metrics":{"retweet_count":0,"reply_count":0,"like_count":0,"quote_count":0},"id":"1425637658949132289"},{"created_at":"2021-08-12T01:52:27.000Z","text":"The burn scars are devastating. Protecting #Colorado’s #water is paramount; I was impressed with the work underway to stabilize slopes and stimulate revegetation. #coleg needs to maintain the funding to see this work through! #wildfire @greeleygov @BBMKcolorado @northern_water https://t.co/n0j7VHemVB","lang":"en","author_id":"880164842346356740","attachments":{"media_keys":["7_1425636178867277825"]},"public_metrics":{"retweet_count":1,"reply_count":0,"like_count":7,"quote_count":0},"id":"1425636264921862145"},{"created_at":"2021-08-12T01:47:59.000Z","text":"#wildfire is still expanding, and it has consumed so many lives and properties! Lord, please help them! I strongly pray that u will put the fire down while letting people know your majesty and mercy❤️❤️ ❣️\uD83C\uDDEC\uD83C\uDDF7\uD83C\uDDF9\uD83C\uDDF3\uD83C\uDDE9\uD83C\uDDFF\uD83C\uDDF9\uD83C\uDDF7 https://t.co/Q0zAJ6lmtM","lang":"en","author_id":"885455432612839428","attachments":{"media_keys":["3_1425635134984835077"]},"public_metrics":{"retweet_count":0,"reply_count":1,"like_count":0,"quote_count":0},"id":"1425635140110372867"},{"created_at":"2021-08-12T01:47:35.000Z","text":"Wildfire Horror: 25 Soldiers Burned To Death Fighting Mountain Inferno #SmartNews #wildfire #lodd https://t.co/6YJgdlmpAA","lang":"en","author_id":"1877444256","public_metrics":{"retweet_count":0,"reply_count":0,"like_count":0,"quote_count":0},"id":"1425635040801656835"},{"created_at":"2021-08-12T01:40:11.000Z","text":"Hot &amp; dry for the next several days in W WA. Red Flag Warning for Cascade Mntns, but doesn't mean there's no fire danger for other areas, including lowlands. Be aware of local fire restrictions &amp; call 911 if wildfire is spotted. #wawx #wildfire #safety https://t.co/7ERYE7Gf2b","lang":"en","author_id":"727007094","attachments":{"media_keys":["3_1425629522183933955"]},"public_metrics":{"retweet_count":43,"reply_count":2,"like_count":89,"quote_count":1},"id":"1425633177003970560"},{"created_at":"2021-08-12T01:32:07.000Z","text":"Dixie Fire becomes single largest #WILDFIRE in Californias history https://t.co/O7UhlZniDq","lang":"en","author_id":"3301926908","public_metrics":{"retweet_count":0,"reply_count":0,"like_count":0,"quote_count":0},"id":"1425631148948983811"},{"created_at":"2021-08-12T01:31:46.000Z","text":"Dixie Fire becomes single largest #WILDFIRE in Californias history https://t.co/mBB2H9M4PY #GPWX","lang":"en","author_id":"3111226033","public_metrics":{"retweet_count":0,"reply_count":0,"like_count":0,"quote_count":0},"id":"1425631060398854150"},{"created_at":"2021-08-12T01:23:47.000Z","text":"Wildfires tearing through forested areas of northern Algeria \nhttps://t.co/7c3UxFFhTb\n#algeriawildfire #forestfires #wildfire #wecanhelp","lang":"en","author_id":"1385546258761142272","public_metrics":{"retweet_count":0,"reply_count":0,"like_count":0,"quote_count":0},"id":"1425629051633340423"},{"created_at":"2021-08-12T01:20:51.000Z","text":"I'm pleased to introduce the first #wildfire certificate @EWUEagles, housed in the newly formed Dept of Geoscience @ewu_geos -- just 25 credits and can be completed in a year. Combine expertise in #GIS, #ClimateChange, and more! Contact me with questions at the email below.\uD83E\uDD85\uD83D\uDCAA https://t.co/eF5ga9060R","lang":"en","author_id":"727701114","attachments":{"media_keys":["3_1425626608661008385"]},"public_metrics":{"retweet_count":4,"reply_count":1,"like_count":11,"quote_count":0},"id":"1425628311594536963"}],"includes":{"media":[{"media_key":"3_1425785613077291008","type":"photo","url":"https://pbs.twimg.com/media/E8lodgFVoAAAMgH.jpg"},{"media_key":"3_1425784635506626560","type":"photo","url":"https://pbs.twimg.com/media/E8lnkmWVEAAD6ce.jpg"},{"media_key":"3_1425784635498266624","type":"photo","url":"https://pbs.twimg.com/media/E8lnkmUVgAAAhso.jpg"},{"media_key":"3_1425784635489882125","type":"photo","url":"https://pbs.twimg.com/media/E8lnkmSVkA0j4Zx.jpg"},{"media_key":"3_1425784635498262530","type":"photo","url":"https://pbs.twimg.com/media/E8lnkmUVcAIoKOF.jpg"},{"media_key":"3_1425782091548172292","type":"photo","url":"https://pbs.twimg.com/media/E8llQhXXoAQoXJA.jpg"},{"media_key":"3_1425780610904199171","type":"photo","url":"https://pbs.twimg.com/media/E8lj6ViVkAMZ37n.png"},{"media_key":"3_1425715152020598796","type":"photo","url":"https://pbs.twimg.com/media/E8koYIMUcAwUGNO.jpg"},{"media_key":"3_1425776590215131143","type":"photo","url":"https://pbs.twimg.com/media/E8lgQTTXMAcsJVt.jpg"},{"media_key":"3_1425770666465320965","type":"photo","url":"https://pbs.twimg.com/media/E8la3fnWYAUQptS.jpg"},{"media_key":"3_1425774181812162562","type":"photo","url":"https://pbs.twimg.com/media/E8leEHTWUAI3lbw.png"},{"media_key":"3_1425772153740435457","type":"photo","url":"https://pbs.twimg.com/media/E8lcOEJXoAEyU0u.jpg"},{"media_key":"3_1425772153752981504","type":"photo","url":"https://pbs.twimg.com/media/E8lcOEMXEAA1XIa.jpg"},{"media_key":"7_1425770231247552518","public_metrics":{"view_count":117},"type":"video"},{"media_key":"3_1425762902322171907","type":"photo","url":"https://pbs.twimg.com/media/E8lTzj7X0AM1Thm.jpg"},{"media_key":"3_1425762493092155400","type":"photo","url":"https://pbs.twimg.com/media/E8lTbvbVUAgoHz4.jpg"},{"media_key":"3_1425762493100544007","type":"photo","url":"https://pbs.twimg.com/media/E8lTbvdVUAc2nAa.jpg"},{"media_key":"3_1425762493092171783","type":"photo","url":"https://pbs.twimg.com/media/E8lTbvbVkAccvjF.jpg"},{"media_key":"7_1425758496314859522","public_metrics":{"view_count":20},"type":"video"},{"media_key":"3_1425758056638558208","type":"photo","url":"https://pbs.twimg.com/media/E8lPZgWXsAAvfdr.jpg"},{"media_key":"3_1425758056688852994","type":"photo","url":"https://pbs.twimg.com/media/E8lPZgiXIAIj2XN.jpg"},{"media_key":"3_1425753375916892160","type":"photo","url":"https://pbs.twimg.com/media/E8lLJDTXIAA_pPM.jpg"},{"media_key":"3_1425753375908446209","type":"photo","url":"https://pbs.twimg.com/media/E8lLJDRWQAE5WCe.jpg"},{"media_key":"3_1425753375912693766","type":"photo","url":"https://pbs.twimg.com/media/E8lLJDSXEAYSrAh.jpg"},{"media_key":"3_1425753375929507843","type":"photo","url":"https://pbs.twimg.com/media/E8lLJDWXoAM7Q1m.jpg"},{"media_key":"7_1425752480860631045","public_metrics":{"view_count":14},"type":"video"},{"media_key":"3_1425747951721148419","type":"photo","url":"https://pbs.twimg.com/media/E8lGNUmUcAMT0D5.jpg"},{"media_key":"7_1425735814127005697","public_metrics":{"view_count":58},"type":"video"},{"media_key":"3_1425734217023987714","type":"photo","url":"https://pbs.twimg.com/media/E8k5t23VoAIaSQf.jpg"},{"media_key":"3_1425733121723408387","type":"photo","url":"https://pbs.twimg.com/media/E8k4uGjVIAM9MtE.jpg"},{"media_key":"3_1425726252074209287","type":"photo","url":"https://pbs.twimg.com/media/E8kyePHVEAcWWsX.png"},{"media_key":"3_1425713539042271235","type":"photo","url":"https://pbs.twimg.com/media/E8km6PYUYAMHzZF.jpg"},{"media_key":"3_1425706245315571714","type":"photo","url":"https://pbs.twimg.com/media/E8kgRsIXMAIvC6A.jpg"},{"media_key":"3_1425702828660727812","type":"photo","url":"https://pbs.twimg.com/media/E8kdK0GXoAQYv1J.jpg"},{"media_key":"3_1425701244539133954","type":"photo","url":"https://pbs.twimg.com/media/E8kbumyWYAIlLD9.jpg"},{"media_key":"3_1425699071432351745","type":"photo","url":"https://pbs.twimg.com/media/E8kZwHVUYAEZsK_.png"},{"media_key":"16_1425694590389166081","type":"animated_gif"},{"media_key":"7_1425507714415878146","public_metrics":{"view_count":3},"type":"video"},{"media_key":"3_1425680142261645317","type":"photo","url":"https://pbs.twimg.com/media/E8kIiSrVcAUgFEG.jpg"},{"media_key":"3_1425680142261624833","type":"photo","url":"https://pbs.twimg.com/media/E8kIiSrVIAErSD2.jpg"},{"media_key":"3_1425680142261579778","type":"photo","url":"https://pbs.twimg.com/media/E8kIiSrUcAIO9j0.jpg"},{"media_key":"3_1425680142290984968","type":"photo","url":"https://pbs.twimg.com/media/E8kIiSyVIAgyYYc.jpg"},{"media_key":"13_1425671278959075329","public_metrics":{"view_count":813},"type":"video"},{"media_key":"3_1425658217087082497","type":"photo","url":"https://pbs.twimg.com/media/E8j0mFCXoAEz8QK.jpg"},{"media_key":"3_1425667364788400135","type":"photo","url":"https://pbs.twimg.com/media/E8j86i4UcAcWB4i.png"},{"media_key":"3_1425666956066054150","type":"photo","url":"https://pbs.twimg.com/media/E8j8iwRUYAYwPNO.jpg"},{"media_key":"3_1425655282412056577","type":"photo","url":"https://pbs.twimg.com/media/E8jx7QhUcAEbfe7.png"},{"media_key":"3_1425649968254095369","type":"photo","url":"https://pbs.twimg.com/media/E8jtF7vVEAk7_40.jpg"},{"media_key":"3_1425638809522163712","type":"photo","url":"https://pbs.twimg.com/media/E8ji8aOUUAA4Dil.jpg"},{"media_key":"7_1425636178867277825","public_metrics":{"view_count":142},"type":"video"},{"media_key":"3_1425635134984835077","type":"photo","url":"https://pbs.twimg.com/media/E8jfmhgWUAUFp5G.jpg"},{"media_key":"3_1425629522183933955","type":"photo","url":"https://pbs.twimg.com/media/E8jaf0MVUAM1xfB.png"},{"media_key":"3_1425626608661008385","type":"photo","url":"https://pbs.twimg.com/media/E8jX2OeVkAEycrk.jpg"}]},"meta":{"newest_id":"1425785700129988611","oldest_id":"1425628311594536963","result_count":100,"next_token":"b26v89c19zqg8o3fpdm8kqnftwkn08uifc2nt9ptoypvh"}}