{"data":[{"id":"1424716606748467210","created_at":"2021-08-09T12:58:03.000Z","text":"Some aircraft are now in action against the #wildfires in Greece. \uD83D\uDEE9️\n\nTrack #VHDUW now:\nhttps://t.co/2FqyEBFVx3\n\nTrack #SEMHO now:\nhttps://t.co/qhK1IGZnVO\n\nTrack #SEMHP now:\nhttps://t.co/2zfhWeHQUz\n\n#WildFiresGreece #Greece #RadarBox https://t.co/cymeduZiaq","public_metrics":{"retweet_count":0,"reply_count":0,"like_count":0,"quote_count":0},"attachments":{"media_keys":["3_1424716363994648584"]},"author_id":"372486798","lang":"en"},{"id":"1424716008208670720","created_at":"2021-08-09T12:55:40.000Z","text":"\uD83C\uDDEE\uD83C\uDDF9 〰️\uD83C\uDFA6〰️\uD83D\uDD25〰️〰️ ITALY CONDEMN -/ IGNORANCE BETRAYAL/ #Crime against Nature .. “ The person who started a fire in the countryside in Italy was caught on camera.” \n\n#wildfires #Crime #Italia #ClimateReport #Italy https://t.co/Y9WE8QkZsd","public_metrics":{"retweet_count":0,"reply_count":0,"like_count":2,"quote_count":0},"attachments":{"media_keys":["13_1424708278425112580"]},"author_id":"472786972","lang":"en"},{"id":"1424715714276077579","created_at":"2021-08-09T12:54:30.000Z","text":"The unexpected beneficiary of years of nasty western US #wildfires has to be the LASIK surgery industry.","public_metrics":{"retweet_count":0,"reply_count":0,"like_count":0,"quote_count":0},"author_id":"1299405732","lang":"en"},{"id":"1424715449275670529","created_at":"2021-08-09T12:53:27.000Z","text":"#HEATWAVE: #Italy issues wildfire and #health warnings as ‘hottest week’ arrives; 1000s #wildfires recorded in recent weeks, one in #Sardinia ravaged 20,000 hectares/49421.076 acres, via @TheLocalItaly with @Agenzia_Ansa #news https://t.co/16OhpRWbyp #ClimateCrisis #ClimateChange","public_metrics":{"retweet_count":0,"reply_count":1,"like_count":0,"quote_count":0},"author_id":"171828737","lang":"en"},{"id":"1424715408565755909","created_at":"2021-08-09T12:53:17.000Z","text":"#Turkey's #wildfires have left little behind, turning green forests into ashen, barren hills. The destruction is intensely felt by Turkey's beekeepers, who have lost thousands of hives, the pine trees and the bugs their bees depend on, in a major blow to Turkey's honey industry. https://t.co/XGbS1MqXAG","public_metrics":{"retweet_count":0,"reply_count":0,"like_count":0,"quote_count":0},"attachments":{"media_keys":["3_1424715328848793612"]},"author_id":"75055396","lang":"en"},{"id":"1424715288512274434","created_at":"2021-08-09T12:52:49.000Z","text":"\uD83D\uDD25〰️\uD83D\uDD17\uD83C\uDDFA\uD83C\uDDF8 California's second-largest wildfire grows to near 500,000 acres; 3 hurt .. \n#DixieFire #US #CaliforniaFires #wildfires #ClimateReport #California \nhttps://t.co/1hFyMLkATk https://t.co/mmnCcZrsxE","public_metrics":{"retweet_count":0,"reply_count":0,"like_count":0,"quote_count":0},"author_id":"472786972","lang":"en"},{"id":"1424715260347305991","created_at":"2021-08-09T12:52:42.000Z","text":"To fight #wildfires the need is no #propwash the solution a #jetboard system in a box as a #directed_force #motor, 7.5mt each, 45-tons a #tanker, 50-#tankers/#squadron, no #refueling using #magnets for #pumps, tried props a no-go, #fluid_impulse motors work in #space\n\nNeed any? https://t.co/saYhKdZU8b","public_metrics":{"retweet_count":0,"reply_count":0,"like_count":0,"quote_count":0},"attachments":{"media_keys":["3_1424715206362492928","3_1424715234128789511","3_1424715241632395266"]},"author_id":"16423869","lang":"en"},{"id":"1424715259374407686","created_at":"2021-08-09T12:52:42.000Z","text":"Real life heroes #wildfires #greeceisburning\n\nhttps://t.co/flAR709kLO https://t.co/6ABGQQ54Xg","public_metrics":{"retweet_count":0,"reply_count":0,"like_count":1,"quote_count":0},"author_id":"542449498","lang":"en"},{"id":"1424715077786251266","created_at":"2021-08-09T12:51:59.000Z","text":"A local resident reacts as he observes a large blaze during an attempt to extinguish forest fires approaching Pefki village, Evia.\nPhotograph: AFP/Getty Images #Greece #wildfires #climate #environment #wildlife #IPCC https://t.co/ZR2ytK0NE3 https://t.co/dyUSVOCsT5","public_metrics":{"retweet_count":2,"reply_count":0,"like_count":2,"quote_count":0},"attachments":{"media_keys":["3_1424715075143847936"]},"author_id":"16797866","lang":"en"},{"id":"1424714755021942789","created_at":"2021-08-09T12:50:42.000Z","text":"#Romania #Greece #wildfires #Evia Romanian firefighters battling blazes on Evia praised by Greek media https://t.co/LXhYRNCIj0 via @Universul.net","public_metrics":{"retweet_count":2,"reply_count":2,"like_count":5,"quote_count":0},"author_id":"118862890","lang":"en"}],"includes":{"media":[{"media_key":"3_1424716363994648584","type":"photo","url":"https://pbs.twimg.com/media/E8Wb_A2WUAgFdbG.jpg"},{"media_key":"13_1424708278425112580","public_metrics":{"view_count":7095},"type":"video"},{"media_key":"3_1424715328848793612","type":"photo","url":"https://pbs.twimg.com/media/E8WbCwoWEAwDu_l.jpg"},{"media_key":"3_1424715206362492928","type":"photo","url":"https://pbs.twimg.com/media/E8Wa7oVVcAARNL5.jpg"},{"media_key":"3_1424715234128789511","type":"photo","url":"https://pbs.twimg.com/media/E8Wa9PxVgAcFfhi.jpg"},{"media_key":"3_1424715241632395266","type":"photo","url":"https://pbs.twimg.com/media/E8Wa9ruVcAIBOxm.jpg"},{"media_key":"3_1424715075143847936","type":"photo","url":"https://pbs.twimg.com/media/E8Waz_gX0AA8eBI.jpg"}]},"meta":{"newest_id":"1424716606748467210","oldest_id":"1424714755021942789","result_count":10,"next_token":"b26v89c19zqg8o3fpdm85n5x3piyirl22wpc543m6zcsd"}}