{"data":[{"author_id":"40173650","id":"1424714723065483266","public_metrics":{"retweet_count":0,"reply_count":0,"like_count":0,"quote_count":0},"text":"California wildfire smoke can be seen from space - KFSN-TV https://t.co/uP9xc1GFGK #Heatwave #Wildfires","lang":"en","created_at":"2021-08-09T12:50:34.000Z"},{"attachments":{"media_keys":["3_1424714700634443781"]},"author_id":"16797866","id":"1424714704081997826","public_metrics":{"retweet_count":3,"reply_count":0,"like_count":3,"quote_count":1},"text":"\"A local resident gestures as he holds an empty water hose during an attempt to extinguish forest fires approaching the village of Pefki on Evia island, #Greece. Photograph: Angelos Tzortzinis/AFP/Getty Images\" #wildfires #climate https://t.co/2YT7DxE07U https://t.co/1xP1Bkw9Zp https://t.co/FyI2mKKYKh","lang":"en","created_at":"2021-08-09T12:50:30.000Z"},{"author_id":"407200466","id":"1424714545373790209","public_metrics":{"retweet_count":0,"reply_count":0,"like_count":0,"quote_count":0},"text":"Is that terrible about the #wildfires bloody terrible if there’s a “GOD” fix it @TheTweetOfGod","lang":"en","created_at":"2021-08-09T12:49:52.000Z"},{"author_id":"1673573035","id":"1424714501555986433","public_metrics":{"retweet_count":0,"reply_count":0,"like_count":0,"quote_count":0},"text":"Looking forward to Claire Richards @WSUNursing coming study on health impacts from heat #wildfires &amp; power outages. \nIn our recent report #LimitsOfLivability we called for: \n+ Research, monitoring &amp; disaster response preparation to be better equipped: \nhttps://t.co/gnYqJpYEMX https://t.co/Bp9uzVcjDJ","lang":"en","created_at":"2021-08-09T12:49:41.000Z"},{"author_id":"113460088","id":"1424714130984882188","public_metrics":{"retweet_count":1,"reply_count":0,"like_count":1,"quote_count":0},"text":"#Greece #wildfires: Wildfires are continuing to rip through the Greek island of #Evia, prompting residents to flee to safety by sea.  https://t.co/7ZnxvpWmUM","lang":"en","created_at":"2021-08-09T12:48:13.000Z"},{"attachments":{"media_keys":["3_1424713895483162631"]},"author_id":"206368233","id":"1424714104493719552","public_metrics":{"retweet_count":1,"reply_count":1,"like_count":1,"quote_count":0},"text":"6/8\uD83C\uDDEC\uD83C\uDDF7 #PhotoDuJour: A man climbs over a fence to escape the flames on the Greek island of #Evia. Thousands have been forced to flee the island as the fire rages on there and elsewhere across #Greece. #wildfires\n\n\uD83D\uDCF8Eurokinissi/ ZUMA Press Wire https://t.co/zg9Mz00kHa","lang":"en","created_at":"2021-08-09T12:48:07.000Z"},{"author_id":"65891900","id":"1424713991977267203","public_metrics":{"retweet_count":0,"reply_count":0,"like_count":0,"quote_count":0},"text":"คนหลายร้อย มองเกาะบ้านเกิดของพวกเขาถูกไฟไหม้ขณะที่พวกเขาอพยพผ่านเรือข้ามฟากขณะที่ไฟโหมกระหน่ำทั่วเกาะ Evia ของกรีซ \uD83D\uDE14\n... นี่แหละสิ่งที่เห็นหลายครั้งเช่นไฟไหม้เรือ ไฟไหม้เกาะ ทั้งๆที่มีน้ำอยู่รอบตัวเป็นล้านๆ แต่ดันเอามาใช้ประโยชน์อะไรไม่ได้ ก็เพราะมันไม่ได้คิดกันไง #wildfires https://t.co/uxv2XxcPFV","lang":"th","created_at":"2021-08-09T12:47:40.000Z"},{"author_id":"86034144","id":"1424713722942132225","public_metrics":{"retweet_count":0,"reply_count":0,"like_count":0,"quote_count":0},"text":"Perhaps hinting at @PrimeministerGR's incompetence?  @schrankartoons depicts the devastation in #Greece very effectively, but the carefree chap lying on a lilo looks suspiciously like @kmitsotakis - marvellous!\n#ClimateEmergency #ClimateReport #wildfires #wildfiresgreece https://t.co/tnNd1EAsyD","lang":"en","created_at":"2021-08-09T12:46:36.000Z"},{"attachments":{"media_keys":["3_1424713507694686210"]},"author_id":"16797866","id":"1424713510919999491","public_metrics":{"retweet_count":3,"reply_count":0,"like_count":1,"quote_count":0},"text":"Yakutia, Russia\nA calf wanders through the village of Byas-Kyuyol, which has been ravaged by a wildfire that spread to outbuildings in strong winds\nPhotograph: Semyon Ryabinin/Tass #animals #wildfires #climate #environment #wildlife #IPCC https://t.co/CgEsTIBKq6 https://t.co/dkr3JxcNR9","lang":"en","created_at":"2021-08-09T12:45:45.000Z"},{"author_id":"1477668158","id":"1424713269231640581","public_metrics":{"retweet_count":0,"reply_count":0,"like_count":0,"quote_count":0},"text":"\uD83C\uDF0E\uD83D\uDD25\uD83C\uDF2B️⚠️\uD83D\uDC47\uD83C\uDFFC #California #CA #Wildfires #Smoke #Haze #BayArea #ClimateChange #ActOnClimate #ClimateCrisis #ClimateEmergency #ClimateActionNow #TakeAction #FaceTheClimateEmergency https://t.co/CPcs6xqcRI","lang":"und","created_at":"2021-08-09T12:44:47.000Z"},{"author_id":"12858672","id":"1424713175006474242","public_metrics":{"retweet_count":0,"reply_count":0,"like_count":0,"quote_count":0},"text":"#NowWatching New IPCC report: More heat, more extreme weather events | DW News https://t.co/7r2y8OrQRd #globalwarming #heatwave #wildfires #floods","lang":"en","created_at":"2021-08-09T12:44:25.000Z"},{"attachments":{"media_keys":["3_1424713140948791300"]},"author_id":"3073807656","id":"1424713165032497165","public_metrics":{"retweet_count":0,"reply_count":0,"like_count":1,"quote_count":0},"text":"Turkey: Wildfires in Milas by İdil Toffolo #Turkeyisburning #wildfires  #Turkey #turkeyisonfire https://t.co/Pj0lMrraPk","lang":"en","created_at":"2021-08-09T12:44:23.000Z"},{"attachments":{"media_keys":["13_1424712409793634304"]},"author_id":"934399189","id":"1424713141200564225","public_metrics":{"retweet_count":6,"reply_count":1,"like_count":3,"quote_count":2},"text":"The once green #Gokova bays located in Turkey's famous tourist hotspot #Bodrum turned black after being ravaged by #wildfires, as seen on Sunday.\n#dronefootage #Turkey https://t.co/9h9mWJyfk2","lang":"en","created_at":"2021-08-09T12:44:17.000Z"},{"attachments":{"media_keys":["3_1424713026540916742"]},"author_id":"16797866","id":"1424713029510475776","public_metrics":{"retweet_count":5,"reply_count":0,"like_count":5,"quote_count":0},"text":"Evia, Greece\nA woman cradles a dog as forest fires sweep towards Pefki village\nPhotograph: Angelos Tzortzinis/AFP/Getty Images #Greece #wildfires #climate #environment #wildlife #IPCC https://t.co/2YT7Dxmpgm https://t.co/kKLvfpDIE3","lang":"en","created_at":"2021-08-09T12:43:50.000Z"},{"author_id":"3095732238","id":"1424712545315659781","public_metrics":{"retweet_count":0,"reply_count":1,"like_count":1,"quote_count":0},"text":"The escalation of #wildfires in Greece,Turkey,Italy infact throughout Europe is alarming..have scientists ascertained the cause of such blazing inferno engulfing miles and miles of forests??","lang":"en","created_at":"2021-08-09T12:41:55.000Z"},{"author_id":"171828737","id":"1424712383780503554","public_metrics":{"retweet_count":0,"reply_count":0,"like_count":2,"quote_count":0},"text":"#Greece - Dozens of Nations Send Help To Battle Fires; #GreeceFires Continue to Burn for 7th Day; Settlements, villages, and towns continue to be evacuated, via @GreekReporter https://t.co/q6gC2StN4p #Greecewildfires #wildfires #ClimateCrisis #ClimateChange #news  #PrayForGreece","lang":"en","created_at":"2021-08-09T12:41:16.000Z"},{"author_id":"900201493","id":"1424712315195334658","public_metrics":{"retweet_count":1,"reply_count":1,"like_count":0,"quote_count":0},"text":"This is an interesting contrast to earlier work @FunEcology in the same system that showed that nocturnal pollen‐transport networks had lower complexity and robustness following #wildfires than at nearby unburned sites, with much less pollen transported https://t.co/8ZON10yjoS https://t.co/g3xcZIa8Ow","lang":"en","created_at":"2021-08-09T12:41:00.000Z"},{"attachments":{"media_keys":["3_1424712298267136005","3_1424712301903552512"]},"author_id":"292906479","id":"1424712304373948418","public_metrics":{"retweet_count":2,"reply_count":0,"like_count":4,"quote_count":1},"text":"\"At grief so deep the tongue must wag in vain; the language of our sense and memory lacks the vocabulary of such pain.\" Dante Alighieri Inferno\nPhotos from  Evia Island Greece, where the wildfires have burned to the ground 460.000 acres of land\n#greeceisburning #evoia #wildfires https://t.co/2zKcAi7zln","lang":"en","created_at":"2021-08-09T12:40:57.000Z"},{"author_id":"495375117","id":"1424711934121816072","public_metrics":{"retweet_count":0,"reply_count":0,"like_count":0,"quote_count":0},"text":"#HelpGreece\n#GlobalWarming\n#wildfires\n@BBCWorld\nhttps://t.co/F7HGemqIea","lang":"und","created_at":"2021-08-09T12:39:29.000Z"},{"attachments":{"media_keys":["7_1424711767779860481"]},"author_id":"1291698018262147073","id":"1424711924416225289","public_metrics":{"retweet_count":0,"reply_count":0,"like_count":0,"quote_count":0},"text":"#TalonNewsHD #Headlines 9th August 2021\n#California #wildfires is the second largest in the #state\nWatch full Headlines on our YouTube Channel\nhttps://t.co/XeGtVPyaEt https://t.co/yVmRIiymnF","lang":"en","created_at":"2021-08-09T12:39:27.000Z"},{"author_id":"38090709","id":"1424711330376798222","public_metrics":{"retweet_count":2,"reply_count":0,"like_count":2,"quote_count":0},"text":"#California Braces for More Days of Inferno as #Wildfires Continue to Burn https://t.co/soRlulnDG1","lang":"en","created_at":"2021-08-09T12:37:05.000Z"},{"author_id":"43395850","id":"1424710888561520641","public_metrics":{"retweet_count":1,"reply_count":0,"like_count":0,"quote_count":0},"text":"Again #IPCC is warning: global temperature is increasing dangerously and will make #floods, droughts and #wildfires even more frequent. We need to act now to pressure governments and companies to change their ways before they get us all killed in a new way. #ClimateCrisis","lang":"en","created_at":"2021-08-09T12:35:20.000Z"},{"attachments":{"media_keys":["16_1424708974860021761"]},"author_id":"1073323083170238466","id":"1424710837172854790","public_metrics":{"retweet_count":0,"reply_count":0,"like_count":0,"quote_count":0},"text":"La escala del Desastre en #California   \nDinámica de los #incendios #DixieFire  #wildfires \nDatos https://t.co/nMnCtNHbnX\nData Source: +@CAL_FIRE  Administrative Units\nJ1 VIIRS C1 / SUOMI VIIRS C2 (15-07-2021 / 06-08-2021)  \n@defis_eu @CONAE_Oficial @AmbienteNacion @R5_Fire_News https://t.co/SA1LounPa4","lang":"es","created_at":"2021-08-09T12:35:08.000Z"},{"author_id":"35796374","id":"1424710553893756936","public_metrics":{"retweet_count":0,"reply_count":0,"like_count":0,"quote_count":0},"text":"Weather is expected to take a turn for the worse as firefighters continue battling one of the worst #wildfires in California's history. https://t.co/6kHpx25d5P #DixieFire","lang":"en","created_at":"2021-08-09T12:34:00.000Z"},{"author_id":"366107110","id":"1424710491130286086","public_metrics":{"retweet_count":0,"reply_count":0,"like_count":0,"quote_count":0},"text":"Last #ipccc report is a stricking and evidence based earning: must stop #ghg emissions from #Fossil fuels + get 2 a sustainable #agribusiness if we want to avoid even stronger extreme climate disasters like #wildfires &amp; #flooding https://t.co/GfKKE9OtCs","lang":"en","created_at":"2021-08-09T12:33:45.000Z"},{"attachments":{"media_keys":["3_1424710427175493641"]},"author_id":"257623904","id":"1424710433278156808","public_metrics":{"retweet_count":0,"reply_count":0,"like_count":2,"quote_count":0},"text":"When the sun looks like the moon this morning… more haze from #wildfires is another sign of the #ClimateEmergency https://t.co/IApdBOgDZt","lang":"en","created_at":"2021-08-09T12:33:31.000Z"},{"attachments":{"media_keys":["3_1424709130556743686"]},"author_id":"1270771316304609282","id":"1424709420697722880","public_metrics":{"retweet_count":0,"reply_count":0,"like_count":0,"quote_count":0},"text":"#ClimateEmergency #wildfires https://t.co/a7FZ5peOGX","lang":"und","created_at":"2021-08-09T12:29:30.000Z"},{"author_id":"885806802843181056","id":"1424709183459532802","public_metrics":{"retweet_count":8,"reply_count":2,"like_count":12,"quote_count":1},"text":"Every time there is a disastrous wildfire Greek politicians bicker about firefighting planes.\nEvery time the experts tell them to spend money on prevention *crickets*\nWhat was different this time?\n#Greece #wildfires https://t.co/tJxltS5Egq","lang":"en","created_at":"2021-08-09T12:28:33.000Z"},{"author_id":"82347945","id":"1424708359274573826","public_metrics":{"retweet_count":4,"reply_count":1,"like_count":2,"quote_count":0},"text":"The worst of #wildfires that are still burning across #Greece, which hit a seventh day on Aug. 9, had destroyed much of pristine forests on the big island of #Evia north of #Athens and had residents fleeing and trying to save what they could. https://t.co/Hs6j6cYnOd","lang":"en","created_at":"2021-08-09T12:25:17.000Z"},{"attachments":{"media_keys":["3_1424707937293856768"]},"author_id":"262675787","id":"1424707999268962304","public_metrics":{"retweet_count":0,"reply_count":1,"like_count":1,"quote_count":0},"text":"#Colorado  #Denver  #wildfires  #climatechange\nYou know you're one of the \"sensitive\" people when just having the window open is making your chest hurt.  Closing it now . . .\n\nWith temps climbing into 90s and central air broken, we are left with shitty choices. https://t.co/lirNR8Hdzp","lang":"en","created_at":"2021-08-09T12:23:51.000Z"},{"author_id":"1673573035","id":"1424707646620372996","public_metrics":{"retweet_count":2,"reply_count":0,"like_count":2,"quote_count":0},"text":"More and more health groups are warning populations against the detrimental effects of #wildfires smoke on people’s health. Here the  information note prepared by the Turkish Medical Association @ttborgtr. Also quoting our #LimitsOfLivability report. https://t.co/EkoKC3Vxvc","lang":"en","created_at":"2021-08-09T12:22:27.000Z"},{"author_id":"22684987","id":"1424706778244292609","public_metrics":{"retweet_count":1,"reply_count":0,"like_count":0,"quote_count":0},"text":"Thousands flee #Greek island #Evia by boat as ‘horror-movie’ #wildfires rage https://t.co/NUx0iuRB1G \n#Greece #wildfiresgreece #climatechange","lang":"en","created_at":"2021-08-09T12:19:00.000Z"},{"author_id":"3146485272","id":"1424706731737698307","public_metrics":{"retweet_count":0,"reply_count":0,"like_count":0,"quote_count":0},"text":"@DevinCow It's probably for the best that Devin lies low. If he says something it may challenge #CA04's @RepMcClintock for most insipid #wildfire comment (#DoNothingTom said that fighting #wildfires \"is not skilled labor.\").","lang":"en","created_at":"2021-08-09T12:18:49.000Z"},{"attachments":{"media_keys":["13_1422260407138406403"]},"author_id":"343194804","id":"1424706281273798659","public_metrics":{"retweet_count":0,"reply_count":0,"like_count":1,"quote_count":1},"text":"Drone footage showing the result of the wildfires in Turkey\n\n#Turkeyfire #wildfires #ClimateEmergency #Turkeyfires \n\nhttps://t.co/1OhgaClJww","lang":"en","created_at":"2021-08-09T12:17:01.000Z"},{"author_id":"1884519984","id":"1424706188663533570","public_metrics":{"retweet_count":0,"reply_count":0,"like_count":0,"quote_count":0},"text":"#wato please don't leave me between #ClimateEmergency #ClimateReport to record breaking #WildFires with \"coincidentally\"\nIt makes your \"don't panic\" reassuring stance a continued part of the problem","lang":"en","created_at":"2021-08-09T12:16:39.000Z"},{"attachments":{"media_keys":["3_1424705371768344577"]},"author_id":"1242667121777299458","id":"1424705379208990725","public_metrics":{"retweet_count":0,"reply_count":0,"like_count":0,"quote_count":0},"text":"British firefighters fly into Greece for battle to contain deadly wildfire | ITV News\n\nWhat a mess, they're even taking ferries to escape!\n\n#GreeceFires #Wildfires\n#FiresGreece #Fires #British\n\nhttps://t.co/l6yVQmdhIO https://t.co/QTrj3jIwqY","lang":"en","created_at":"2021-08-09T12:13:26.000Z"},{"author_id":"46855710","id":"1424704803792359429","public_metrics":{"retweet_count":0,"reply_count":1,"like_count":0,"quote_count":0},"text":"Extreme climate events such as #drought #heatwave #flooding #storm #wildfires are directly related to #human induced #GHG","lang":"en","created_at":"2021-08-09T12:11:09.000Z"},{"author_id":"1141047558","id":"1424704583599857664","public_metrics":{"retweet_count":2,"reply_count":0,"like_count":1,"quote_count":0},"text":"KKE: The battle has not ended yet\n\n#wildfires #forestfires #FiresGreece \n\nhttps://t.co/7xlufe5iXF","lang":"en","created_at":"2021-08-09T12:10:17.000Z"},{"author_id":"1149173893157888000","id":"1424704496916070402","public_metrics":{"retweet_count":0,"reply_count":0,"like_count":0,"quote_count":0},"text":"Drone footage shows devastation after #wildfires ravage #Turkey's pine forests https://t.co/enOGd4N6oc","lang":"en","created_at":"2021-08-09T12:09:56.000Z"},{"author_id":"1249641261356601349","id":"1424703503490949121","public_metrics":{"retweet_count":0,"reply_count":0,"like_count":0,"quote_count":0},"text":"EQSeries by TechIEQ\n#IPCC #UN #ClimateChange #SaveEarth #wildfires #flashfloods #landslide \n\nhttps://t.co/tSBTj5N93E","lang":"pt","created_at":"2021-08-09T12:05:59.000Z"},{"attachments":{"media_keys":["3_1424702949968785416"]},"author_id":"1013808600","id":"1424703430778621955","public_metrics":{"retweet_count":10,"reply_count":1,"like_count":40,"quote_count":0},"text":"Perhaps the market can bear this but, if we are to survive, we must build a just and rational society and a sustainable relationship with nature. #Wildfires #ClimateEmergency https://t.co/SaGI5TA9wa","lang":"en","created_at":"2021-08-09T12:05:42.000Z"},{"author_id":"2400190518","id":"1424703254504648707","public_metrics":{"retweet_count":0,"reply_count":0,"like_count":0,"quote_count":0},"text":"A “code red for humanity” indeed. #ClimateChange #ClimateAction #Wildfires #Heatwaves #ClimateCrisis https://t.co/Y2Ez18DPEe","lang":"en","created_at":"2021-08-09T12:05:00.000Z"},{"author_id":"1164047861719416832","id":"1424703164121497604","public_metrics":{"retweet_count":0,"reply_count":0,"like_count":0,"quote_count":0},"text":"Bekir Pakdemirli: \"All #wildfires taken under control excepting fires in Milas and Goycegiz\"\n#Turkey\n\nhttps://t.co/bHPPHIyG5Y","lang":"en","created_at":"2021-08-09T12:04:38.000Z"},{"attachments":{"media_keys":["7_1424702522082701317"]},"author_id":"1196558509","id":"1424703027215220754","public_metrics":{"retweet_count":10,"reply_count":0,"like_count":11,"quote_count":2},"text":"#Wildfires - Birds scream in terror as fire tears through Turkey. Climate change means that fires are increasing in both intensity and frequency. And the biggest victims are animals.\nhttps://t.co/KyIG1UWvRD\n#ClimateReport #ClimateEmergency https://t.co/dfCl6K5DOl","lang":"en","created_at":"2021-08-09T12:04:06.000Z"},{"attachments":{"media_keys":["3_1424702997104316425"]},"author_id":"1145505090343772161","id":"1424703000082255877","public_metrics":{"retweet_count":0,"reply_count":0,"like_count":1,"quote_count":0},"text":"Happy birthday @smokey_bear! We are enjoying the forest to keep animals safe! Just remember, don’t get careless with wildfires. #OnlyYOU can prevent wildfires!\n#Smokeybear #wildfires #forest #happybirthday #smokeybear77 #fanart #smokeybearhug https://t.co/V4mzapUwph","lang":"en","created_at":"2021-08-09T12:03:59.000Z"},{"attachments":{"media_keys":["3_1424702425399693315"]},"author_id":"40415457","id":"1424702430592311301","public_metrics":{"retweet_count":15,"reply_count":0,"like_count":6,"quote_count":0},"text":"SMOKE FORECAST: Here is today’s projection of where wildfires will create a smoky / hazy sky across the United States. #Wildfires https://t.co/nWMhUg9jRh","lang":"en","created_at":"2021-08-09T12:01:43.000Z"},{"author_id":"3308920474","id":"1424702212127838221","public_metrics":{"retweet_count":0,"reply_count":0,"like_count":0,"quote_count":0},"text":"@MarGomezH @IPCC_CH Climate collapse is caused by the massive amount of heat and CO2 stemming from 3-4 billion purely systemic and/or redundant, non-contributing #bullshitjobs. #wildfires #climatechange #IPCC https://t.co/Reaf2Dys1I","lang":"en","created_at":"2021-08-09T12:00:51.000Z"},{"author_id":"40173650","id":"1424702201860141059","public_metrics":{"retweet_count":0,"reply_count":0,"like_count":0,"quote_count":0},"text":"Montana wildfires overview - KRTV Great Falls News https://t.co/CNDtOP9EcL #Heatwave #Wildfires","lang":"en","created_at":"2021-08-09T12:00:49.000Z"},{"author_id":"40173650","id":"1424702199884652556","public_metrics":{"retweet_count":0,"reply_count":0,"like_count":0,"quote_count":0},"text":"Greek Villages Evacuated as Wildfires Threaten Ancient Sites - The New York Times https://t.co/4Ei49q6i7p #Heatwave #Wildfires","lang":"en","created_at":"2021-08-09T12:00:48.000Z"},{"author_id":"3308920474","id":"1424702182385926150","public_metrics":{"retweet_count":0,"reply_count":0,"like_count":0,"quote_count":0},"text":"@jurekvengels @CDU @CSU Climate collapse is caused by the massive amount of heat and CO2 stemming from 3-4 billion purely systemic and/or redundant, non-contributing #bullshitjobs. #wildfires #climatechange #IPCC https://t.co/Reaf2Dys1I","lang":"en","created_at":"2021-08-09T12:00:44.000Z"},{"author_id":"3308920474","id":"1424702143341137926","public_metrics":{"retweet_count":0,"reply_count":0,"like_count":0,"quote_count":0},"text":"@janvkoch Climate collapse is caused by the massive amount of heat and CO2 stemming from 3-4 billion purely systemic and/or redundant, non-contributing #bullshitjobs. #wildfires #climatechange #IPCC https://t.co/Reaf2Dys1I","lang":"en","created_at":"2021-08-09T12:00:35.000Z"},{"attachments":{"media_keys":["3_1424702127067353095","3_1424702127079927816"]},"author_id":"1100809933522636800","id":"1424702135866888192","public_metrics":{"retweet_count":3,"reply_count":0,"like_count":5,"quote_count":0},"text":"Ζητάμε ΣΥΓΝΩΜΗ \nστα παιδιά μας που επιτρέψαμε να βιώσουν αυτή την καταστροφή.\nΥποσχόμαστε ότι θα κάνουμε τα πάντα για να ξαναφέρουμε το χαμόγελο στα πρόσωπα τους..\n❤️\uD83D\uDE4F\uD83C\uDFFB\n\n\uD83D\uDCF8photo: @giorgos_moutafis \n\n#we4all #Greece #wildfires #child #kids #future #planet #life #environment https://t.co/y7WPTijwa8","lang":"el","created_at":"2021-08-09T12:00:33.000Z"},{"author_id":"95418595","id":"1424702123963559937","public_metrics":{"retweet_count":0,"reply_count":0,"like_count":1,"quote_count":0},"text":"Officials in Northern California are warning residents to stay indoors due to widespread hazardous air quality from the thick smoke produced by #wildfires raging across the region. #climate @CNN https://t.co/nk6je34D9D","lang":"en","created_at":"2021-08-09T12:00:30.000Z"},{"author_id":"3308920474","id":"1424702101041688578","public_metrics":{"retweet_count":0,"reply_count":0,"like_count":0,"quote_count":0},"text":"@WWTworldwide Climate collapse is caused by the massive amount of heat and CO2 stemming from 3-4 billion purely systemic and/or redundant, non-contributing #bullshitjobs. #wildfires #climatechange #IPCC https://t.co/Reaf2Dys1I","lang":"en","created_at":"2021-08-09T12:00:25.000Z"},{"author_id":"3308920474","id":"1424702069781508097","public_metrics":{"retweet_count":0,"reply_count":0,"like_count":0,"quote_count":0},"text":"@ldemuele @climate_be Climate collapse is caused by the massive amount of heat and CO2 stemming from 3-4 billion purely systemic and/or redundant, non-contributing #bullshitjobs. #wildfires #climatechange #IPCC https://t.co/Reaf2Dys1I","lang":"en","created_at":"2021-08-09T12:00:17.000Z"},{"author_id":"3308920474","id":"1424702031617531904","public_metrics":{"retweet_count":0,"reply_count":0,"like_count":0,"quote_count":0},"text":"@ChiaraAnzolini Climate collapse is caused by the massive amount of heat and CO2 stemming from 3-4 billion purely systemic and/or redundant, non-contributing #bullshitjobs. #wildfires #climatechange #IPCC https://t.co/Reaf2Dys1I","lang":"en","created_at":"2021-08-09T12:00:08.000Z"},{"author_id":"1018185816","id":"1424701998184550402","public_metrics":{"retweet_count":0,"reply_count":0,"like_count":0,"quote_count":0},"text":"ICYMI -- Our @psugeography expert Alan Taylor talked to @JPRnews about using prescribed burns and fire suppression operations to combat #wildfires. Here's what he said about using a combined approach:\n\nhttps://t.co/YBUlPDAvot","lang":"en","created_at":"2021-08-09T12:00:00.000Z"},{"author_id":"3308920474","id":"1424701971013976066","public_metrics":{"retweet_count":0,"reply_count":0,"like_count":0,"quote_count":0},"text":"@DavidReedFCDO @UKinCanada Climate collapse is caused by the massive amount of heat and CO2 stemming from 3-4 billion purely systemic and/or redundant, non-contributing #bullshitjobs. #wildfires #climatechange #IPCC https://t.co/Reaf2Dys1I","lang":"en","created_at":"2021-08-09T11:59:54.000Z"},{"author_id":"3308920474","id":"1424701899211780101","public_metrics":{"retweet_count":0,"reply_count":0,"like_count":0,"quote_count":0},"text":"@bbuizer @GerritHiemstra @janrotmans @LouiseOFresco @CNN @sfoodsupply @NOS @heleenekker Climate collapse is caused by the massive amount of heat and CO2 stemming from 3-4 billion purely systemic and/or redundant, non-contributing #bullshitjobs. #wildfires #climatechange #IPCC https://t.co/Reaf2Dys1I","lang":"en","created_at":"2021-08-09T11:59:37.000Z"},{"author_id":"412273115","id":"1424701833122131968","public_metrics":{"retweet_count":1,"reply_count":0,"like_count":1,"quote_count":0},"text":"Reconsidering Outdoor #Travel in the West, as #Wildfires Burn https://t.co/loB461GVS4","lang":"en","created_at":"2021-08-09T11:59:21.000Z"},{"author_id":"3308920474","id":"1424701825853296641","public_metrics":{"retweet_count":0,"reply_count":0,"like_count":0,"quote_count":0},"text":"@roachwithme Climate collapse is caused by the massive amount of heat and CO2 stemming from 3-4 billion purely systemic and/or redundant, non-contributing #bullshitjobs. #wildfires #climatechange #IPCC https://t.co/Reaf2Dys1I","lang":"en","created_at":"2021-08-09T11:59:19.000Z"},{"author_id":"3308920474","id":"1424701724040867856","public_metrics":{"retweet_count":0,"reply_count":0,"like_count":0,"quote_count":0},"text":"@Chiron1978 Climate collapse is caused by the massive amount of heat and CO2 stemming from 3-4 billion purely systemic and/or redundant, non-contributing #bullshitjobs. #wildfires #climatechange #IPCC https://t.co/Reaf2Dys1I","lang":"en","created_at":"2021-08-09T11:58:55.000Z"},{"author_id":"1405036860397608962","id":"1424701331789402113","public_metrics":{"retweet_count":1,"reply_count":0,"like_count":1,"quote_count":0},"text":"Amid frequent and intensive #wildfires , it seems as though #Turkey may need to re-evaluate its #climate goals.\n\nhttps://t.co/XrtP9bTbI3","lang":"en","created_at":"2021-08-09T11:57:21.000Z"},{"author_id":"40173650","id":"1424700827495763969","public_metrics":{"retweet_count":0,"reply_count":0,"like_count":0,"quote_count":0},"text":"Thousands Flee Fires That Are Raging Across Greece - NPR https://t.co/jSE92qor9L #Heatwave #Wildfires","lang":"en","created_at":"2021-08-09T11:55:21.000Z"},{"author_id":"40173650","id":"1424700824433872898","public_metrics":{"retweet_count":0,"reply_count":0,"like_count":0,"quote_count":0},"text":"Wildfires rampage in Greek forests, cut large island in half - Associated Press https://t.co/sIjddUDA3g #Heatwave #Wildfires","lang":"en","created_at":"2021-08-09T11:55:20.000Z"},{"author_id":"1405417757332578306","id":"1424700811485925382","public_metrics":{"retweet_count":0,"reply_count":0,"like_count":1,"quote_count":0},"text":"Amid frequent and intensive #wildfires , it seems as though #Turkey may need to re-evaluate its #climate goals. \n\nhttps://t.co/WyK2biTyfd","lang":"en","created_at":"2021-08-09T11:55:17.000Z"},{"author_id":"40173650","id":"1424699641745006592","public_metrics":{"retweet_count":0,"reply_count":0,"like_count":0,"quote_count":0},"text":"Wildfire smoke blankets northern Utah, darkens sky - https://t.co/UdI1YtSzkx https://t.co/A6lCGSkHy4 #Heatwave #Wildfires","lang":"en","created_at":"2021-08-09T11:50:38.000Z"},{"attachments":{"media_keys":["3_1424699021172609035"]},"author_id":"1390398737613217793","id":"1424699029573804038","public_metrics":{"retweet_count":0,"reply_count":0,"like_count":0,"quote_count":0},"text":"Local residents speaking of finding 1,000s of gas canisters \uD83D\uDEE2 in the burnt  forest\uD83C\uDF33! \n\nWhy has the @govgr chosen silence all these days?\n\n#GreeceFires #Πυρκαγια #wildfires #φωτιες #ClimateCrisis \n\n«Βρήκαμε χιλιάδες γκαζάκια» https://t.co/xxJ7Gx3tBd https://t.co/m30uX5Wuah","lang":"und","created_at":"2021-08-09T11:48:12.000Z"},{"author_id":"1239666189271552003","id":"1424699004378566662","public_metrics":{"retweet_count":0,"reply_count":0,"like_count":1,"quote_count":0},"text":"They don't care about us...\n#wildfires #PrayForGreece #φωτιες https://t.co/I25AAyD5am","lang":"en","created_at":"2021-08-09T11:48:06.000Z"},{"author_id":"16188864","id":"1424698675905941508","public_metrics":{"retweet_count":1,"reply_count":0,"like_count":1,"quote_count":0},"text":"Photos show devastating #wildfires in Greece https://t.co/aTQxqOV89U. #climate","lang":"en","created_at":"2021-08-09T11:46:48.000Z"},{"attachments":{"media_keys":["3_1424698385840345088"]},"author_id":"466466267","id":"1424698400260382720","public_metrics":{"retweet_count":1,"reply_count":0,"like_count":5,"quote_count":1},"text":"Coast guard says it has helped 2,770 people in fire evacuations so far.\n\n#Greece #Wildfires https://t.co/0EcKt9A2xG","lang":"en","created_at":"2021-08-09T11:45:42.000Z"},{"attachments":{"media_keys":["3_1424697977147252754"]},"author_id":"867896844852101121","id":"1424697979483553800","public_metrics":{"retweet_count":0,"reply_count":0,"like_count":0,"quote_count":0},"text":"Three-week-old wildfire engulfs Northern California mountain town\nHeatMap Column 4&gt; https://t.co/xddBncGGkR\n  #Wildfires #Wildfire https://t.co/5lLN5TdCzn","lang":"en","created_at":"2021-08-09T11:44:02.000Z"},{"author_id":"1299705229466906629","id":"1424697270470127623","public_metrics":{"retweet_count":0,"reply_count":0,"like_count":0,"quote_count":0},"text":"Is it going to be a WAKE UP call for ALL of us!? #wildfires #pollution #climatechange #globalwarming https://t.co/GCCdKkx6Qn","lang":"en","created_at":"2021-08-09T11:41:13.000Z"},{"author_id":"40173650","id":"1424697166849794051","public_metrics":{"retweet_count":0,"reply_count":0,"like_count":0,"quote_count":0},"text":"California's second-largest wildfire grows to near 500000 acres; 3 hurt - Reuters https://t.co/OFmXg38Har #Heatwave #Wildfires","lang":"en","created_at":"2021-08-09T11:40:48.000Z"},{"attachments":{"media_keys":["7_1424694443702210563"]},"author_id":"2870274093","id":"1424697089691377664","public_metrics":{"retweet_count":30,"reply_count":1,"like_count":48,"quote_count":1},"text":"High predicted surface PM2.5 #AirPollution over E Mediterannean from the continuing intense #wildfires in Greece\uD83C\uDDEC\uD83C\uDDF7 &amp; Turkey\uD83C\uDDF9\uD83C\uDDF7. @CopernicusECMWF Atmosphere Monitoring Service @ECMWF regional #airquality forecast from 9 August visualized by @Windycom https://t.co/1bGTtjUVHO https://t.co/RFduGvOmHr","lang":"en","created_at":"2021-08-09T11:40:30.000Z"},{"author_id":"1078191404","id":"1424696994271055874","public_metrics":{"retweet_count":10,"reply_count":0,"like_count":10,"quote_count":1},"text":"U.S. facing another dangerous heat wave as 107 large fires rage across the West\n\nAnother extreme #heatwave in US as 107 large #wildfires burn across nearly 2.3 million acres of the US West.\n#ClimateCrisis #IPCC #wildlife\n#ClimateAction #ClimateReport\nhttps://t.co/2EgoY0SadC","lang":"en","created_at":"2021-08-09T11:40:07.000Z"},{"author_id":"278699225","id":"1424696658181251073","public_metrics":{"retweet_count":0,"reply_count":0,"like_count":0,"quote_count":0},"text":"#CodeRed #ClimateCrisis #ScorchedEarth #GlobalWarming #ExtremeWeather #WildFires\uD83D\uDD25 #Drought #Flooding #IceMelts #UN Key takeaways from the UN report on the climate crisis - CNN https://t.co/7ghoyV6lhw","lang":"en","created_at":"2021-08-09T11:38:47.000Z"},{"attachments":{"media_keys":["3_1424696465641902082"]},"author_id":"2149769419","id":"1424696598420938763","public_metrics":{"retweet_count":3,"reply_count":0,"like_count":9,"quote_count":0},"text":"Residents do their daily grocery shopping amidst thick smoke during a #wildfire at the village of Istiaia on the island of #Evia, #Greece. Dozens of large #fires have affected several areas across the country. \uD83D\uDCF7 epa / ANA-MPA / Kostas Tsironis \n\n#wildfires #epaphotos https://t.co/fk5k61xEIg","lang":"en","created_at":"2021-08-09T11:38:33.000Z"},{"attachments":{"media_keys":["7_1424696244883148800"]},"author_id":"51627385","id":"1424696323140472835","public_metrics":{"retweet_count":0,"reply_count":0,"like_count":0,"quote_count":0},"text":"Was wondering if this smog in Southern #Jordan was the result of #wildfires in #Turkey and #Greece? @ArabiaWeatherJO https://t.co/MZX5fEp8u4","lang":"en","created_at":"2021-08-09T11:37:27.000Z"},{"author_id":"913201826","id":"1424696270665441286","public_metrics":{"retweet_count":0,"reply_count":1,"like_count":1,"quote_count":0},"text":"2/3 To the best of my knowledge, this is the first time that we observe such a persistent wildfire behaviour in our country.  Unfortunately we have entered a new era of #heatwaves, #droughts and #wildfires globally and regionally and these events will increase in frequency.","lang":"en","created_at":"2021-08-09T11:37:15.000Z"},{"attachments":{"media_keys":["3_1424695523370541068"]},"author_id":"913201826","id":"1424696267683270657","public_metrics":{"retweet_count":3,"reply_count":1,"like_count":5,"quote_count":0},"text":"1/3 This is the kind of #satellite data that as a researcher you wish to avoid in your life... \nThe wildfires in #Euboea island, #Greece exhibited #pyroconvection for 6 consecutive days indicating the erratic behaviour of this #wildfires which are still raging out of control. https://t.co/9EW6r89Dwf","lang":"en","created_at":"2021-08-09T11:37:14.000Z"},{"author_id":"466466267","id":"1424696257369542666","public_metrics":{"retweet_count":10,"reply_count":1,"like_count":17,"quote_count":1},"text":"Lead EU representative in Greece says fire support is largest mobilisation ever undertaken by EU Civil Protection Mechanism. \n\n#Greece #Wildfires \uD83C\uDDEA\uD83C\uDDFA https://t.co/tYHyUw6Atr","lang":"en","created_at":"2021-08-09T11:37:11.000Z"},{"author_id":"92239108","id":"1424696142449758208","public_metrics":{"retweet_count":3,"reply_count":1,"like_count":27,"quote_count":0},"text":"3⃣Two decades ago, it was true that no individual weather event could be linked to man-made climate change. Today, that's plainly wrong.\n\nHeatwaves, storms, and wildfires now routinely carry detectable human responsibility, like the #wildfires we’re seeing in Greece or Turkey.","lang":"en","created_at":"2021-08-09T11:36:44.000Z"},{"attachments":{"media_keys":["3_1424696011008712705"]},"author_id":"1252857842","id":"1424696012300562434","public_metrics":{"retweet_count":1,"reply_count":0,"like_count":4,"quote_count":0},"text":"Drone footage shows devastation after wildfires ravage Turkey's pine forests\n#wildfires #resort #Marmaris\nhttps://t.co/tAaLYsPQZX https://t.co/KqSsM35DAZ","lang":"en","created_at":"2021-08-09T11:36:13.000Z"},{"attachments":{"media_keys":["3_1424695937948131333"]},"author_id":"3308129049","id":"1424695949495001091","public_metrics":{"retweet_count":7,"reply_count":0,"like_count":11,"quote_count":0},"text":"Trees are the lungs of the Earth. \uD83C\uDF0D We are so sad that big #wildfires are destroying forests, houses and killing animals in #Greece and in many countries all over the world… \uD83D\uDE3F We send our lucky kisses and positive vibes to everyone who needs them! \uD83C\uDF40 Muah! \uD83D\uDE3D #CatsOfTwitter https://t.co/CmESxNoHBc","lang":"en","created_at":"2021-08-09T11:35:58.000Z"},{"author_id":"40173650","id":"1424695894180564997","public_metrics":{"retweet_count":0,"reply_count":1,"like_count":0,"quote_count":0},"text":"Dixie Fire is now the No. 2 wildfire in California history; more than 400 homes and buildings burned - Santa Cruz Sentinel https://t.co/PBATrTMDTQ #Heatwave #Wildfires","lang":"en","created_at":"2021-08-09T11:35:45.000Z"},{"author_id":"40173650","id":"1424695891932426243","public_metrics":{"retweet_count":0,"reply_count":0,"like_count":0,"quote_count":0},"text":"Despite The Wildfire Risk, Many People Plan To Rebuild In Doyle, Calif. - NPR https://t.co/8mKQDvtKZI #Heatwave #Wildfires","lang":"en","created_at":"2021-08-09T11:35:44.000Z"},{"author_id":"470299753","id":"1424695750814932999","public_metrics":{"retweet_count":0,"reply_count":0,"like_count":0,"quote_count":0},"text":"#Earth's #climate is getting so hot that temperatures in about a decade will probably blow past a level of warming that world leaders have sought to prevent, according to a report released that the #UnitedNations calls a “code red for humanity.” #wildfires\nhttps://t.co/b8rAe7kAU4","lang":"en","created_at":"2021-08-09T11:35:11.000Z"},{"attachments":{"media_keys":["7_1424694394347790342"]},"author_id":"1123565206871973893","id":"1424695477052772358","public_metrics":{"retweet_count":530,"reply_count":69,"like_count":3552,"quote_count":19},"text":"الحمداللہ\nترکی میں باران رحمت\nترکی کے جنگلوں میں لگی آگ پر بارش برس پڑی\nلوگوں نے گھروں سے نکل کر اللہ کا شکر ادا کیا\n\n#TurkeyIsOnFire #Turkeyfire #TurkeyBurning #Wildfires #Riverfire #Turkey https://t.co/YTOtdUrncc","lang":"ur","created_at":"2021-08-09T11:34:05.000Z"},{"author_id":"15968273","id":"1424694527508557826","public_metrics":{"retweet_count":1,"reply_count":0,"like_count":0,"quote_count":0},"text":"#DixieFire Is Now Second-Largest Wildfire in California’s History\n\n#environment #ecosystem #ClimateChange #ClimateAction #Wildfires \n\nhttps://t.co/HH5bmMQ6a1 from @slate","lang":"en","created_at":"2021-08-09T11:30:19.000Z"},{"attachments":{"media_keys":["3_1424694470285557766"]},"author_id":"1163419459500924928","id":"1424694472693084169","public_metrics":{"retweet_count":1,"reply_count":0,"like_count":0,"quote_count":0},"text":"Did you know?\nThe world's indigenous peoples number over 476 million, making up 6.2 percent of the global population. \nLet's raise awareness to protect the social, economic, and political rights of the indigenous communities.\n#globalwarming #climatechange #wildfires #ForestFires https://t.co/TizmZBnJKS","lang":"en","created_at":"2021-08-09T11:30:06.000Z"},{"attachments":{"media_keys":["3_1424693659539148806"]},"author_id":"854614125003014144","id":"1424693675972460549","public_metrics":{"retweet_count":0,"reply_count":1,"like_count":4,"quote_count":0},"text":"#WildFires have destroyed thousands of hectares of land on #Evia island, #Athens. More than 2000 people have been evacuated from the island. The rise in temperature would have likely triggered the wildfire. https://t.co/iKXwJm856X","lang":"en","created_at":"2021-08-09T11:26:56.000Z"},{"attachments":{"media_keys":["7_1424692160717152259"]},"author_id":"1368826300907941889","id":"1424693612365828100","public_metrics":{"retweet_count":9,"reply_count":1,"like_count":11,"quote_count":0},"text":"#IPCC publction 2021. #GlobalWarming #wildfires #Flood #earthquake #ForestFires like never before. And most f these disasters are manmade. Who s gonna act?  #UNSC platfrm shld discuss these real issues. i stnd vt Greta Thunberg n #Environmentalist. #IPCCreport @IPCC_CH https://t.co/XtrTz49CVK","lang":"en","created_at":"2021-08-09T11:26:41.000Z"},{"author_id":"377261185","id":"1424693434800132096","public_metrics":{"retweet_count":3,"reply_count":0,"like_count":2,"quote_count":0},"text":"EU, World Stand By #Greece with Firefighting Aid https://t.co/TxbzWg9ATP @eu_echo @EU_Commission @JanezLenarcic @SFRCdems @PrimeministerGR #EU #support #EUsolidarity #EUCivPro #USA #GreeceFires #stateofemergency #heatwave #wildfires #forestfires #Πυρκαγια #ΠυρκαγιαΕυβοια","lang":"en","created_at":"2021-08-09T11:25:59.000Z"},{"author_id":"1057148786189824000","id":"1424693188237877253","public_metrics":{"retweet_count":1,"reply_count":0,"like_count":0,"quote_count":0},"text":"'We are in unchartered territory': More than 5,000 firefighters take on California's second largest wildfire in the state history #CaliforniaFires #Greenville #DixieFire #UnitedStates #California #USA #Wildfires https://t.co/bsiAqpPbPn","lang":"en","created_at":"2021-08-09T11:25:00.000Z"},{"author_id":"1141047558","id":"1424692896939266050","public_metrics":{"retweet_count":1,"reply_count":0,"like_count":1,"quote_count":0},"text":"Support measures for the fire stricken to be decided at Cabinet meeting on Tuesday\n\n#wildfires #forestfires #FiresGreece \n\nhttps://t.co/9qlastGhbj","lang":"en","created_at":"2021-08-09T11:23:50.000Z"},{"attachments":{"media_keys":["3_1424692689233227778"]},"author_id":"2201283403","id":"1424692700528381953","public_metrics":{"retweet_count":8,"reply_count":0,"like_count":19,"quote_count":0},"text":"We have updated our delineation mapping product of the #wildfires around Shtip, #NorthMacedonia \uD83C\uDDF2\uD83C\uDDF0 \n\nAnalysis of newly acquired Very High Resolution imagery shows\n\n\uD83D\uDD25Active fires in two locations\nBetween 6 August and 8 August the burnt area has grown from 8,674 to 11,352 ha https://t.co/xwNlorzNQx","lang":"en","created_at":"2021-08-09T11:23:03.000Z"},{"author_id":"1141047558","id":"1424692417672978439","public_metrics":{"retweet_count":1,"reply_count":0,"like_count":0,"quote_count":0},"text":"FM @NikosDendias speaks on the phone with Russian FM Lavrov; request for additional #Beriev BE-200\n\nhttps://t.co/UNjIb1nCFM\n\n#wildfires #forestfires #FiresGreece https://t.co/CPZZda8xoc","lang":"en","created_at":"2021-08-09T11:21:56.000Z"},{"author_id":"40173650","id":"1424692078131482625","public_metrics":{"retweet_count":0,"reply_count":0,"like_count":0,"quote_count":0},"text":"The importance of tracking wildfires in real-time - PropertyCasualty360 https://t.co/thSh5Uz5kA #Heatwave #Wildfires","lang":"en","created_at":"2021-08-09T11:20:35.000Z"},{"author_id":"1310703378222243842","id":"1424692033957007362","public_metrics":{"retweet_count":0,"reply_count":0,"like_count":1,"quote_count":0},"text":"EU weather service: July wildfires worst since records began https://t.co/JUQ6bzIE6K \n#wildfires #EUweatherservice #ClimateEmergency #CAMS #emergingrisks","lang":"en","created_at":"2021-08-09T11:20:25.000Z"}],"includes":{"media":[{"media_key":"3_1424714700634443781","type":"photo","url":"https://pbs.twimg.com/media/E8WaeMWX0AUoonR.jpg"},{"media_key":"3_1424713895483162631","type":"photo","url":"https://pbs.twimg.com/media/E8WZvU7WQAcAwEE.png"},{"media_key":"3_1424713507694686210","type":"photo","url":"https://pbs.twimg.com/media/E8WZYwTXsAIxV_Y.jpg"},{"media_key":"3_1424713140948791300","type":"photo","url":"https://pbs.twimg.com/media/E8WZDaEVcAQTHV0.jpg"},{"media_key":"13_1424712409793634304","public_metrics":{"view_count":762},"type":"video"},{"media_key":"3_1424713026540916742","type":"photo","url":"https://pbs.twimg.com/media/E8WY8v3X0AY0yYN.jpg"},{"media_key":"3_1424712298267136005","type":"photo","url":"https://pbs.twimg.com/media/E8WYSW1X0AU_upk.jpg"},{"media_key":"3_1424712301903552512","type":"photo","url":"https://pbs.twimg.com/media/E8WYSkYXIAAuJA8.jpg"},{"media_key":"7_1424711767779860481","public_metrics":{"view_count":5},"type":"video"},{"media_key":"16_1424708974860021761","type":"animated_gif"},{"media_key":"3_1424710427175493641","type":"photo","url":"https://pbs.twimg.com/media/E8WWlceXIAkt9OV.jpg"},{"media_key":"3_1424709130556743686","type":"photo","url":"https://pbs.twimg.com/media/E8WVZ-MXIAYbaSe.png"},{"media_key":"3_1424707937293856768","type":"photo","url":"https://pbs.twimg.com/media/E8WUUg8UcAACMiu.png"},{"media_key":"13_1422260407138406403","public_metrics":{"view_count":48650},"type":"video"},{"media_key":"3_1424705371768344577","type":"photo","url":"https://pbs.twimg.com/media/E8WR_LnX0AEyUyI.jpg"},{"media_key":"3_1424702949968785416","type":"photo","url":"https://pbs.twimg.com/media/E8WPyNtXMAg4xt7.jpg"},{"media_key":"7_1424702522082701317","public_metrics":{"view_count":164},"type":"video"},{"media_key":"3_1424702997104316425","type":"photo","url":"https://pbs.twimg.com/media/E8WP09TWUAktrBg.jpg"},{"media_key":"3_1424702425399693315","type":"photo","url":"https://pbs.twimg.com/media/E8WPTriWEAMIViO.jpg"},{"media_key":"3_1424702127067353095","type":"photo","url":"https://pbs.twimg.com/media/E8WPCUKX0AcIMbk.jpg"},{"media_key":"3_1424702127079927816","type":"photo","url":"https://pbs.twimg.com/media/E8WPCUNXsAgL4a7.jpg"},{"media_key":"3_1424699021172609035","type":"photo","url":"https://pbs.twimg.com/media/E8WMNhzXEAsYyNm.jpg"},{"media_key":"3_1424698385840345088","type":"photo","url":"https://pbs.twimg.com/media/E8WLojAWEAAflI7.jpg"},{"media_key":"3_1424697977147252754","type":"photo","url":"https://pbs.twimg.com/media/E8WLQwgUYBIteLC.png"},{"media_key":"7_1424694443702210563","public_metrics":{"view_count":1206},"type":"video"},{"media_key":"3_1424696465641902082","type":"photo","url":"https://pbs.twimg.com/media/E8WJ4xtXEAIGhVv.jpg"},{"media_key":"7_1424696244883148800","public_metrics":{"view_count":59},"type":"video"},{"media_key":"3_1424695523370541068","type":"photo","url":"https://pbs.twimg.com/media/E8WJB7eXIAw_Swt.jpg"},{"media_key":"3_1424696011008712705","type":"photo","url":"https://pbs.twimg.com/media/E8WJeUEXIAEW_j7.jpg"},{"media_key":"3_1424695937948131333","type":"photo","url":"https://pbs.twimg.com/media/E8WJaD5XIAUPZs6.jpg"},{"media_key":"7_1424694394347790342","public_metrics":{"view_count":16407},"type":"video"},{"media_key":"3_1424694470285557766","type":"photo","url":"https://pbs.twimg.com/media/E8WIEobVgAYwAt0.jpg"},{"media_key":"3_1424693659539148806","type":"photo","url":"https://pbs.twimg.com/media/E8WHVcKVEAYI8C5.jpg"},{"media_key":"7_1424692160717152259","public_metrics":{"view_count":1578},"type":"video"},{"media_key":"3_1424692689233227778","type":"photo","url":"https://pbs.twimg.com/media/E8WGc9fXsAI3JM3.jpg"}]},"meta":{"newest_id":"1424714723065483266","oldest_id":"1424692033957007362","result_count":100,"next_token":"b26v89c19zqg8o3fpdm85l3l6pto1huovyi4vkymv7p8d"}}