{"data":[{"author_id":"868211017632894977","text":"FutureDanger Indicator: WILDFIRES LAY WASTE\nHeatMap Column 4&gt; https://t.co/lN14i125gK\n  #Wildfires #Wildfire #HeatMap #WarnOthers https://t.co/sd9kZXmEOy","attachments":{"media_keys":["3_1425625591026393093"]},"created_at":"2021-08-12T01:10:02.000Z","public_metrics":{"retweet_count":0,"reply_count":0,"like_count":0,"quote_count":0},"id":"1425625592381075460","lang":"en"},{"author_id":"1408953316566966277","text":"#DixieFire #LassenCounty #CA #USA #Wildfire #Animals #Livestock #Horses #Pets #LeftBehind #Help If forced to leave animals behind, here is who to call for help/welfare checks/feeding/watering: https://t.co/0bhHkU97wi","created_at":"2021-08-12T01:08:17.000Z","public_metrics":{"retweet_count":1,"reply_count":1,"like_count":2,"quote_count":0},"id":"1425625149944995841","lang":"en"},{"author_id":"274261249","text":"#Algeria declares three days of mourning as #wildfire death toll reaches 69\nScores of fires blaze across 17 provinces as calls made for aid convoys and #Morocco and #France offer help https://t.co/yI2PT9mp8r","created_at":"2021-08-12T00:56:42.000Z","public_metrics":{"retweet_count":1,"reply_count":0,"like_count":4,"quote_count":0},"id":"1425622235558068230","lang":"en"},{"author_id":"3300703462","text":"This is a clever idea! An app that uses crowdsourcing to help pinpoint the location of a new #wildfire faster.  Every single second counts when trying to stop a small blaze from becoming an inferno. #cawx https://t.co/ObhDwTTanz","created_at":"2021-08-12T00:44:59.000Z","public_metrics":{"retweet_count":2,"reply_count":1,"like_count":9,"quote_count":0},"id":"1425619286039613445","lang":"en"},{"author_id":"939714944144232449","text":"‘We don’t want another Greenville’: #DixieFire tops half a million acres as evacuations continue. More than 1,045 structures destroyed by the massive #wildfire burning in Northern California; 30% containment.\n#WesternWildfires #ClimateCrisis https://t.co/EiR5XzCESt","created_at":"2021-08-12T00:44:25.000Z","public_metrics":{"retweet_count":3,"reply_count":1,"like_count":0,"quote_count":0},"id":"1425619144905535491","lang":"en"},{"author_id":"1408953316566966277","text":"#Wildfire #GlenFire #YubaCounty #CA #USA #Evacuations #Mandatory #Shelter #People #Livestock #Animals #Pets #GoNow https://t.co/Yv08l64xMH","created_at":"2021-08-12T00:41:41.000Z","public_metrics":{"retweet_count":2,"reply_count":0,"like_count":1,"quote_count":0},"id":"1425618457966518275","lang":"und"},{"author_id":"487182050","text":"Nice lil #officeview in Montana for the #emsunlimited #wildfire team! The #wildfiremedical REM Team has been hard at work serving #wildlandfirefighters - Thank Gang, stay safe!! great shot! #doitagaintomorrow #allthingsEMS https://t.co/ZCEVdwmaES","attachments":{"media_keys":["3_1425616645289041923"]},"created_at":"2021-08-12T00:34:31.000Z","public_metrics":{"retweet_count":0,"reply_count":0,"like_count":0,"quote_count":0},"id":"1425616653165809670","lang":"en"},{"author_id":"3693883638","text":"Ashes dropping smoky haze unbearable - wildfire near Vernon at La Casa.  #wildfire #bcwildfires @ReutersWitness @CTVVancouver @miawgordon @weathernetwork https://t.co/CslGW6oXkn","attachments":{"media_keys":["7_1425612959536005123"]},"created_at":"2021-08-12T00:20:04.000Z","public_metrics":{"retweet_count":19,"reply_count":3,"like_count":34,"quote_count":2},"id":"1425613015261401089","lang":"en"},{"author_id":"23837283","text":"Sheriff reduces some mandatory evacuations and lifts some warnings\n\n#DixieFire #PGEWildFire #WildFireAttorneys #DixieFireUpdate #WildFire #CalWildFire #wildfire #wildfires2021 \n\nhttps://t.co/e54d2xXAio","created_at":"2021-08-12T00:20:02.000Z","public_metrics":{"retweet_count":0,"reply_count":0,"like_count":0,"quote_count":0},"id":"1425613008819138567","lang":"en"},{"author_id":"749565180711927808","text":"Dixie Fire now more than half a million acres in size | #Wildfire #DixieFire #California | via @sfchronicle https://t.co/39Yh9S1sW8","created_at":"2021-08-12T00:19:34.000Z","public_metrics":{"retweet_count":0,"reply_count":0,"like_count":1,"quote_count":0},"id":"1425612889038196743","lang":"en"},{"author_id":"203025512","text":"#ClimateChange Is Raising #Wildfire Risk Across The #USA https://t.co/NeWaSxiUeZ https://t.co/F3rS95USuP","attachments":{"media_keys":["3_1425611245978333185","3_1425611245974179845","3_1425611246108303365","3_1425611246053773325"]},"created_at":"2021-08-12T00:13:03.000Z","public_metrics":{"retweet_count":0,"reply_count":0,"like_count":0,"quote_count":1},"id":"1425611250029973507","lang":"en"},{"author_id":"14438014","text":"A quick look at the carbon monoxide (CO) at ~5200m (~18,000 feet) in the Earth’s atmosphere.  \nThis the result of #wildfire emissions.\n\nThanks to #NASA and the #Aqua satellite. https://t.co/HFpnZCpkya https://t.co/xcEAX3Qboh","attachments":{"media_keys":["3_1425610746012991490","3_1425610745597755394","3_1425610745123721216","3_1425610746478563330"]},"created_at":"2021-08-12T00:11:08.000Z","public_metrics":{"retweet_count":0,"reply_count":0,"like_count":0,"quote_count":0},"id":"1425610770545463296","lang":"en"},{"author_id":"1213212218780602368","text":"LATEST #wildfire news: Nearly 900 Buildings Destroyed by Dixie Fire https://t.co/ILBJJpUkS4","attachments":{"media_keys":["3_1425610054137483265"]},"created_at":"2021-08-12T00:08:18.000Z","public_metrics":{"retweet_count":0,"reply_count":0,"like_count":0,"quote_count":0},"id":"1425610054967902211","lang":"en"},{"author_id":"98201361","text":"#Wildfire smoke may lead to less #rain in the #western US - https://t.co/zu87poCxRw #drought #climate","created_at":"2021-08-11T23:40:29.000Z","public_metrics":{"retweet_count":0,"reply_count":0,"like_count":1,"quote_count":0},"id":"1425603054984966144","lang":"en"},{"author_id":"1212873328660058114","text":"Obviously I feel so sad to heard that &amp; what is going on all around the world. \n#wildfires \n#wildfire \n#helpturkey \n#HelpAlgeria \n#helpgreece \n#helpitaly https://t.co/AY6tgkfxJV","created_at":"2021-08-11T23:35:58.000Z","public_metrics":{"retweet_count":0,"reply_count":0,"like_count":1,"quote_count":0},"id":"1425601917426802692","lang":"en"},{"author_id":"18361616","text":"Here is the latest operational briefing for the Skyline Ridge Complex in Douglas County. We mobilized two immediate response task forces yesterday to this incident. #SkylineRidgeComplex #Wildfire LINK➡️https://t.co/XeJIdWfp8h https://t.co/iINWBnvc8c","attachments":{"media_keys":["3_1425600034486177797"]},"created_at":"2021-08-11T23:28:37.000Z","public_metrics":{"retweet_count":10,"reply_count":1,"like_count":8,"quote_count":0},"id":"1425600068896231425","lang":"en"},{"author_id":"223276938","text":"Current #wildfire risk reduction goals are so abstract. How do we know we’re on the right track and successfully reducing wildfire risk? We need measurable targets so we can consistently track progress+investments by levels+stakeholders. Time for a regional WNA wildfire compact?","created_at":"2021-08-11T23:21:54.000Z","public_metrics":{"retweet_count":0,"reply_count":1,"like_count":5,"quote_count":0},"id":"1425598378843414529","lang":"en"},{"author_id":"17412224","text":"Holy schnikes! It is miserably hot and smoky out there #Colorado. #cowx #wildfire https://t.co/8492bT8Zm2","attachments":{"media_keys":["16_1425597662666051586"]},"created_at":"2021-08-11T23:19:05.000Z","public_metrics":{"retweet_count":0,"reply_count":0,"like_count":0,"quote_count":0},"id":"1425597669238616071","lang":"en"},{"author_id":"14438014","text":"Masks are effective for both #COVID19 and #wildfire smoke. \n\n@AirResources has you covered … everything you need to know about wearing a mask. \uD83D\uDE37 https://t.co/oq0nktjFeW","created_at":"2021-08-11T23:17:57.000Z","public_metrics":{"retweet_count":0,"reply_count":0,"like_count":0,"quote_count":0},"id":"1425597386273951745","lang":"en"},{"author_id":"1350497211654709250","text":"Big shoutout to @OkanaganBand who have been doing a tremendous job of communicating about the #WhiteRockLakeFire and impact on community. They have been crushing it. Because of your work, people in #VernonBC are up-to-date on #wildfire activity. \n\nLimlemt","created_at":"2021-08-11T23:17:00.000Z","public_metrics":{"retweet_count":9,"reply_count":0,"like_count":20,"quote_count":1},"id":"1425597147022561280","lang":"en"},{"author_id":"492702318","text":"The role of invasive species in #California wildfires.\n\n#californiawildfires #Wildfire https://t.co/xAHVXGHm2I","created_at":"2021-08-11T23:16:31.000Z","public_metrics":{"retweet_count":0,"reply_count":0,"like_count":0,"quote_count":0},"id":"1425597022082641922","lang":"en"},{"author_id":"226338599","text":"If portable air cleaners are not available during a #wildfire, a temporary air purifier can be assembled to help reduce smoke exposure.\n\n✅ Use 2012 model or newer\n\uD83D\uDD0C Do not leave unattended\n⚠️ Replace filter as needed\n➡️ https://t.co/RkaAndfR6Y\n#SmokeReadyCA #IAQ https://t.co/ZEfT4OUVdw","attachments":{"media_keys":["3_1425595825552461825"]},"created_at":"2021-08-11T23:15:04.000Z","public_metrics":{"retweet_count":3,"reply_count":1,"like_count":2,"quote_count":0},"id":"1425596657220022272","lang":"en"},{"author_id":"226338599","text":"California has experienced its most destructive #wildfire seasons in recent years. Be #SmokeReadyCA!\n\n\uD83D\uDCCD check local AQI\n\uD83D\uDD25 avoid breathing smoke\n\uD83D\uDE37 use N95 masks\n\uD83D\uDD04 use MERV 13+ air filters\n\uD83D\uDD0C use CARB-certified air cleaners\n\uD83C\uDFE0 set up clean air space\n\n➡️ https://t.co/PSHrsXzIHr https://t.co/sEw8e4OvPo","attachments":{"media_keys":["3_1425594024904204289"]},"created_at":"2021-08-11T23:14:54.000Z","public_metrics":{"retweet_count":1,"reply_count":1,"like_count":1,"quote_count":0},"id":"1425596615172100102","lang":"en"},{"author_id":"14837621","text":"Huge California #wildfire grows; Montana blaze threatens towns https://t.co/VjyYfluuDA","created_at":"2021-08-11T23:14:40.000Z","public_metrics":{"retweet_count":0,"reply_count":0,"like_count":0,"quote_count":0},"id":"1425596559027212292","lang":"en"},{"author_id":"23837283","text":"Free bus service for anyone under mandatory evacuation\n\n#DixieFire #PGEWildFire #WildFireAttorneys #DixieFireUpdate #WildFire #CalWildFire #wildfire #wildfires2021 \n\nhttps://t.co/dyNDpkGq1X","created_at":"2021-08-11T23:05:02.000Z","public_metrics":{"retweet_count":0,"reply_count":0,"like_count":0,"quote_count":0},"id":"1425594132576223232","lang":"en"},{"author_id":"2600374380","text":"14/ To help you make decisions related to #wildfire smoke episodes in your area, these are great and freely available tools. My favorite is the AirNow Smoke/Fire Map: https://t.co/njuydtIgW2.\n\nhttps://t.co/UgctXB17NH","created_at":"2021-08-11T23:04:41.000Z","public_metrics":{"retweet_count":1,"reply_count":1,"like_count":2,"quote_count":0},"id":"1425594045775052805","lang":"en"},{"author_id":"2600374380","text":"11/ So yes, high-quality (N95) masks are great against #wildfire smoke, but an imp. 1st approach is to avoid the smoke or go to a cleaner indoor environment.\n\nFor details on how to get yourself some clean air, read this by indoor air quality expert @etgall\nhttps://t.co/qrqSWG3EpK","created_at":"2021-08-11T23:04:40.000Z","public_metrics":{"retweet_count":1,"reply_count":1,"like_count":5,"quote_count":0},"id":"1425594041538809856","lang":"en"},{"author_id":"2600374380","text":"A \uD83E\uDDF5 to counter some confusing messages about masks &amp; wildfire smoke (1/x)\n\n1. High-quality masks (i.e. #N95) best for both viral aerosol + #wildfire smoke\n2. N95s readily available &amp; should be used for both\n3. But other masks can provide non-zero benefit\nhttps://t.co/mjuaocal8B","created_at":"2021-08-11T23:04:34.000Z","public_metrics":{"retweet_count":10,"reply_count":1,"like_count":19,"quote_count":2},"id":"1425594016553267202","lang":"en"},{"author_id":"300388340","text":"OMG that looks SO nasty! Thx 4 sharing gr8 vid - 3 CHEERz 4 the #Wildfire crew!! \uD83D\uDC4D https://t.co/VuEyBbtsl0","created_at":"2021-08-11T22:47:46.000Z","public_metrics":{"retweet_count":1,"reply_count":0,"like_count":1,"quote_count":0},"id":"1425589790548758529","lang":"en"},{"author_id":"2201283403","text":"\uD83C\uDDEA\uD83C\uDDFA New @CopernicusEMS activation [#EMSR534]: Fire in Calabria\n\uD83D\uDD17 https://t.co/HwFGbohVsa\n#Wildfire in #Italy - #Copernicus #CEMS #RapidMapping #EUCivPro https://t.co/Stb4ZO2C4C","attachments":{"media_keys":["3_1425589220375244811"]},"created_at":"2021-08-11T22:45:31.000Z","public_metrics":{"retweet_count":4,"reply_count":0,"like_count":16,"quote_count":0},"id":"1425589221574823937","lang":"en"},{"author_id":"1408953316566966277","text":"#DixieFire #Butte County #Plumas County #CA #USA #Wildfire #Evacuation #Warnings #Changing https://t.co/XCw7deBhu4","created_at":"2021-08-11T22:44:09.000Z","public_metrics":{"retweet_count":0,"reply_count":0,"like_count":0,"quote_count":0},"id":"1425588880128962562","lang":"en"},{"author_id":"38295621","text":"Note to those near Mount Tam today. It's a reminder about readiness. Are you prepared in case there's a  #Wildfire in your area? Check these: https://t.co/U3eaX6JAl4\nhttps://t.co/OnHyNOjxQB\nhttps://t.co/JrtGyOy7x3\nhttps://t.co/qaenWmyMsu https://t.co/P0E4QJeakP","created_at":"2021-08-11T22:39:19.000Z","public_metrics":{"retweet_count":2,"reply_count":0,"like_count":4,"quote_count":0},"id":"1425587664045056003","lang":"en"},{"author_id":"448461621","text":"#wildfire Good Fire / Bad Fire: a False Paradigm - https://t.co/uwEupdYbjf https://t.co/AU4qqpCyOw #forests #logging #clearcuts #plantations #health #safety #communities #bcpoli #cdnpoli","created_at":"2021-08-11T22:38:54.000Z","public_metrics":{"retweet_count":0,"reply_count":0,"like_count":0,"quote_count":1},"id":"1425587555735638019","lang":"en"},{"author_id":"23837283","text":"Thank you Salvation Army!\n\nSalvation Army providing 700 to 800 meals a day for Dixie Fire evacuees\n#DixieFire #PGEWildFire #WildFireAttorneys #DixieFireUpdate #WildFire #CalWildFire #wildfire #wildfires2021 \n\nhttps://t.co/D5bhXrg6r4","created_at":"2021-08-11T22:30:10.000Z","public_metrics":{"retweet_count":0,"reply_count":0,"like_count":1,"quote_count":0},"id":"1425585358545334280","lang":"en"},{"author_id":"1215290761","text":"COP26 climate change conference: Future of our planet depends on decisions made in run up to summit - #ExtremeWeather #GlobalWarming #wildfire #ClimateReport #ClimateEmergency #climatechange #COP26Glasgow #Emissions \nhttps://t.co/c5yaXijLAE","created_at":"2021-08-11T22:26:11.000Z","public_metrics":{"retweet_count":0,"reply_count":0,"like_count":0,"quote_count":0},"id":"1425584356798734340","lang":"en"},{"author_id":"498387863","text":"@iancbeavis @LemonStephen Think I may have spotted these the other day on the #Denbighshire moors(near the edge of the #wildfire scar).Is that a positive match Ian? cc @Bewickwren\uD83E\uDD14 https://t.co/iOwZsVPf1y","attachments":{"media_keys":["3_1425583838550450180","3_1425583842891546624"]},"created_at":"2021-08-11T22:24:09.000Z","public_metrics":{"retweet_count":1,"reply_count":2,"like_count":1,"quote_count":0},"id":"1425583845668163585","lang":"en"},{"author_id":"867896844852101121","text":"FutureDanger Indicator: WILDFIRES LAY WASTE\nHeatMap Column 4&gt; https://t.co/xddBncGGkR\n  #Wildfires #Wildfire #FutureDanger #HeatMap https://t.co/qWSp2IxXWb","attachments":{"media_keys":["3_1425582806017581056"]},"created_at":"2021-08-11T22:20:02.000Z","public_metrics":{"retweet_count":0,"reply_count":0,"like_count":0,"quote_count":0},"id":"1425582807657586693","lang":"en"},{"author_id":"18454808","text":"#Wildfire smoke continues to create a haze throughout the #West, but thunderstorms later in the week might push the wildfire smoke out of Summit County, #Colorado https://t.co/GIRScPyyQy","created_at":"2021-08-11T22:15:05.000Z","public_metrics":{"retweet_count":0,"reply_count":0,"like_count":1,"quote_count":0},"id":"1425581561878036480","lang":"en"},{"author_id":"314448759","text":"(2/2) Advanced wildfire-pedestrian-vehicle modelling provides insight into planning evacuation in #wildfire situations.  The approach also has potential to support incident commanders during live incidents.\nhttps://t.co/FOtrlB8YjL","created_at":"2021-08-11T22:14:52.000Z","public_metrics":{"retweet_count":0,"reply_count":0,"like_count":2,"quote_count":0},"id":"1425581507649884162","lang":"en"},{"author_id":"314448759","text":"(1/2) Evacuations premature?  Could advanced modelling of the #wildfire coupled to evacuation modelling been useful in providing advice regarding phased #evacuation? https://t.co/ncu7vUkxrX","created_at":"2021-08-11T22:14:51.000Z","public_metrics":{"retweet_count":2,"reply_count":1,"like_count":15,"quote_count":1},"id":"1425581506173587459","lang":"en"},{"author_id":"1332453464169979915","text":"We can reduce #wildfire &amp; smoke \nWhich ways seem easy to you?\n\n1 minisplit replaces gas furnace \n\n2 Heat pump water heater\nOn demand electric hot water\n\n3 air seal &amp; insulate Passiv House\n\n4 replace window sash, triple pane\nSolar tempering \n\nUse 90% less energy https://t.co/SS8k9FFfg4","created_at":"2021-08-11T22:14:27.000Z","public_metrics":{"retweet_count":0,"reply_count":0,"like_count":0,"quote_count":0},"id":"1425581406286188547","lang":"en"},{"author_id":"66325897","text":"#Wildfire in #Evia #Εύβοια overview map update by @CopernicusEMS: 50,910 ha have been affected \nhttps://t.co/oD8UJ7RRjC and https://t.co/h69fxG4C7q #φωτια_ευβοιας #GreekFires","created_at":"2021-08-11T22:11:50.000Z","public_metrics":{"retweet_count":0,"reply_count":1,"like_count":0,"quote_count":0},"id":"1425580745616199686","lang":"en"},{"author_id":"1109497800","text":"Relacja z pierwszego dnia polskich strażaków z @KGPSP na wyspie #Evia gaszących pożary #wildfire\n#Eubea #greeceisburning #Ευβοίας #Evvoías #GreeceWildFires #wieszwięcej \n@PolskaPolicja @MSWiA_GOV_PL\nGaleria foto \uD83D\uDCF8\uD83C\uDDF5\uD83C\uDDF1\uD83C\uDDEC\uD83C\uDDF7\nhttps://t.co/PQz5yxIvit","created_at":"2021-08-11T22:01:51.000Z","public_metrics":{"retweet_count":0,"reply_count":0,"like_count":1,"quote_count":0},"id":"1425578234775801858","lang":"pl"},{"author_id":"1267924155632103425","text":"#sos #wildfire #πυρκαγιά #χαλκιδική https://t.co/Bm77oOkHJW","created_at":"2021-08-11T22:01:04.000Z","public_metrics":{"retweet_count":0,"reply_count":0,"like_count":1,"quote_count":0},"id":"1425578036372647947","lang":"und"},{"author_id":"2558611388","text":"#IF #IIFF \uD83D\uDD25 #ForestFires #WildFire\nEn #Argelia... https://t.co/Q1cbaiWcDE","created_at":"2021-08-11T21:53:36.000Z","public_metrics":{"retweet_count":0,"reply_count":0,"like_count":1,"quote_count":0},"id":"1425576158750466048","lang":"und"},{"author_id":"144703320","text":"New #wildfire start\n#GabaldonFire\n08/11/2021 13:45\nNear Hyde Park and Santa Fe Ski area\nCoordinates:  35.7372, -105.8650\n#NMFire\n\uD83D\uDD25\uD83D\uDD25\uD83D\uDD25","created_at":"2021-08-11T21:52:42.000Z","public_metrics":{"retweet_count":2,"reply_count":2,"like_count":8,"quote_count":2},"id":"1425575930630598656","lang":"en"},{"author_id":"1351621359391043585","text":"Climate change and actions of change \nNew view on the old thinking \uD83E\uDD14 \nThe mind on the earth and the earth sustained MinDungeon \n#ClimateReport \n#GlobalWarming \n#IPCC \n#IPCCReport \n#Klimakatastrophe \n#Code Red for Humanity \n#Climate Change \n#wildfire","created_at":"2021-08-11T21:50:46.000Z","public_metrics":{"retweet_count":0,"reply_count":0,"like_count":1,"quote_count":0},"id":"1425575445232340992","lang":"en"},{"author_id":"1875577506","text":"Which of these #landcover classes do you think post-#flood and post-#wildfire would be considered? https://t.co/sY3LTCH7V1","attachments":{"media_keys":["3_1425574910194225160"]},"created_at":"2021-08-11T21:49:03.000Z","public_metrics":{"retweet_count":0,"reply_count":0,"like_count":0,"quote_count":0},"id":"1425575014414393344","lang":"en"},{"author_id":"15475359","text":"Mt. Tam is burning…. #wildfire #marincounty https://t.co/fy2lf8g4dP","attachments":{"media_keys":["3_1425573001957842945"]},"created_at":"2021-08-11T21:41:04.000Z","public_metrics":{"retweet_count":0,"reply_count":0,"like_count":0,"quote_count":0},"id":"1425573005279723523","lang":"en"},{"author_id":"2641874992","text":"Underground “zombie” peat fires release 100 times the carbon of wildfires - the Atomic Scientists. We ⁦@HydroNavitas⁩ supplied the product for this research and can supply around the world to help tackle #wildfire #peatfire ⁦⁦@BorisJohnson⁩  https://t.co/uMdZbfeGjk","created_at":"2021-08-11T21:39:01.000Z","public_metrics":{"retweet_count":0,"reply_count":0,"like_count":1,"quote_count":0},"id":"1425572485798547468","lang":"en"},{"author_id":"1296862654330355712","text":"The impact #forest fires have on air quality is something that affects us all. You may have noticed the change in the air quality as  #wildfire season gets an early start. \n\nLearn more about wildfires here. \nhttps://t.co/2jjscKIgT6 \n\n#STEMOregon\n@ORDeptForestry https://t.co/WfdfVxNiYs","attachments":{"media_keys":["3_1425571484408455178"]},"created_at":"2021-08-11T21:35:02.000Z","public_metrics":{"retweet_count":0,"reply_count":0,"like_count":0,"quote_count":0},"id":"1425571486207811586","lang":"en"},{"author_id":"2722503240","text":"\uD83C\uDDE9\uD83C\uDDFF\uD83D\uDD25\uD83C\uDF0D\n\nAlgeria fires: Dozens killed as wildfires hit Mediterranean region https://t.co/3hb72GXmDA via @Channel4News @JackieLongc4\n\n#AlgeriaIsBurning #Algeria #AlgeriaWildfires #wildfire #forestfires #Greece #Turkey #Tunisia #Italy #Europe #ClimateEmergency #FiresInAlgeria","created_at":"2021-08-11T21:30:49.000Z","public_metrics":{"retweet_count":0,"reply_count":0,"like_count":0,"quote_count":0},"id":"1425570422062465027","lang":"en"},{"author_id":"1425148151275589634","text":"Our thoughts are on Greece, Algeria, California, Siberia, ... Wildfires are a very important problem in our society anywhere in the world. The #Gyzmo community looks forward to helping out shortly.\n\n#wildfire #FiresInAlgeria  #Greece #California #Forest #fire #GYZ","created_at":"2021-08-11T21:30:00.000Z","public_metrics":{"retweet_count":2,"reply_count":0,"like_count":3,"quote_count":0},"id":"1425570217502072841","lang":"en"},{"author_id":"18841960","text":"Stupid question, can’t they use sand to stop the wildfires? I suppose it would be a lot of sand though… #GreeceFires #Wildfire","created_at":"2021-08-11T21:24:46.000Z","public_metrics":{"retweet_count":0,"reply_count":0,"like_count":0,"quote_count":0},"id":"1425568903212711940","lang":"en"},{"author_id":"144703320","text":"National Interagency Incident Communication Division is now #critically #low on a majority of radio communications equipment.\n#Shortage\n#Firefighting\n#wildfire\nhttps://t.co/kkDDpzs6PA","created_at":"2021-08-11T21:19:08.000Z","public_metrics":{"retweet_count":1,"reply_count":1,"like_count":1,"quote_count":0},"id":"1425567485420613636","lang":"en"},{"author_id":"3301926908","text":"Algeria declares three days of mourning as #WILDFIRE death toll reaches 69 https://t.co/QRfNNk55np  #GlobalWarming #climatechange","created_at":"2021-08-11T21:17:07.000Z","public_metrics":{"retweet_count":0,"reply_count":0,"like_count":0,"quote_count":0},"id":"1425566975317610498","lang":"en"},{"author_id":"3111226033","text":"Algeria declares three days of mourning as #WILDFIRE death toll reaches 69 https://t.co/OdMtwxGZlS #GPWX #GlobalWarming #climatechange","created_at":"2021-08-11T21:16:44.000Z","public_metrics":{"retweet_count":0,"reply_count":0,"like_count":0,"quote_count":0},"id":"1425566878995451918","lang":"en"},{"author_id":"492610670","text":"As if things weren't bad enough for us up here in the Pacific Northwest, comes a study that suggests the tiny particles released in wildfire smoke may result in less rainfall. https://t.co/tgdNjdEQpZ #wildfire #smoke #drought","created_at":"2021-08-11T21:10:39.000Z","public_metrics":{"retweet_count":0,"reply_count":0,"like_count":0,"quote_count":0},"id":"1425565347856281604","lang":"en"},{"author_id":"368754894","text":"#wildfire latest …. @KOINNews https://t.co/uweF4cF5lk","created_at":"2021-08-11T21:06:07.000Z","public_metrics":{"retweet_count":1,"reply_count":0,"like_count":3,"quote_count":0},"id":"1425564207903240194","lang":"en"},{"author_id":"18361616","text":"Heads up to those near the Middle Fork Complex and the Knoll Fire. There will be a virtual community meeting tomorrow night (8/12). LINK: https://t.co/pIUKSI3gkh #Wildfire #Oregon #MiddleForkComplex https://t.co/2dLTMJJBj9","attachments":{"media_keys":["3_1425561598291177473"]},"created_at":"2021-08-11T20:57:28.000Z","public_metrics":{"retweet_count":5,"reply_count":0,"like_count":13,"quote_count":0},"id":"1425562029176201222","lang":"en"},{"author_id":"978319386","text":"Support this great campaign:\nhttps://t.co/hBkwbSkMR0 \n\nVia @GoGetFunding.\n\nFt. @drgfragkos.\n\n#Reforestation #Wildfire https://t.co/O6gCL9jjSV","attachments":{"media_keys":["3_1425558901009883136"]},"created_at":"2021-08-11T20:45:02.000Z","public_metrics":{"retweet_count":1,"reply_count":0,"like_count":1,"quote_count":0},"id":"1425558902310060034","lang":"en"},{"author_id":"2202439596","text":"\uD83D\uDCF1 Parallel Flight Technologies building a solution for wildfire prevention: our phase 2 USDA grant \n#DronePros #Wildfire #USDA #UnitedStatesDepartmentOfAgriculture https://t.co/IFlDhE1Uji https://t.co/DrpIuuhqat","attachments":{"media_keys":["3_1425556680209846275"]},"created_at":"2021-08-11T20:36:13.000Z","public_metrics":{"retweet_count":0,"reply_count":0,"like_count":0,"quote_count":0},"id":"1425556681736531985","lang":"en"},{"author_id":"23837283","text":"#DixieFire #PGEWildFire #WildFireAttorneys #DixieFireUpdate #WildFire #CalWildFire #wildfire #wildfires2021 \n\nhttps://t.co/6mCr8TMeT1","created_at":"2021-08-11T20:30:14.000Z","public_metrics":{"retweet_count":0,"reply_count":0,"like_count":0,"quote_count":0},"id":"1425555177977880582","lang":"und"},{"author_id":"14957366","text":"Help your home survive #wildfire: \n- Careful design and maintenance of landscaping.\n- Awareness of combustible materials on the property such as leaf litter and wood piles.\n- Incorporation of #fire- and ember-resistant construction materials. More ➡️ https://t.co/dCoDn56mdX https://t.co/CbjR5Kzf0j","attachments":{"media_keys":["3_1425554143305895939"]},"created_at":"2021-08-11T20:28:49.000Z","public_metrics":{"retweet_count":3,"reply_count":0,"like_count":1,"quote_count":0},"id":"1425554820417552388","lang":"en"},{"author_id":"1327793130","text":"Protect homes from #wildfire by clearing combustible furniture, plants and debris within 5 feet of the house, says @steveq53. UC ANR advisors updated tips for designing landscapes to resist fire. Free download https://t.co/gVMpWhie2R \n\nGlad my HOA cleared this slope https://t.co/eOtkL7mfg2","attachments":{"media_keys":["3_1425552606185738243","3_1425553111318372356"]},"created_at":"2021-08-11T20:26:41.000Z","public_metrics":{"retweet_count":2,"reply_count":0,"like_count":2,"quote_count":0},"id":"1425554285933174784","lang":"en"},{"author_id":"17248121","text":"#Wildfire smoke may lead to less #rain in the western US @theAGU https://t.co/N5s36W5ea4","created_at":"2021-08-11T20:25:37.000Z","public_metrics":{"retweet_count":11,"reply_count":1,"like_count":27,"quote_count":2},"id":"1425554014129774592","lang":"en"},{"author_id":"425476514","text":"#BayArea: Air quality advisory issued for Thursday because of #wildfire smoke https://t.co/jrWVnux9Dx","created_at":"2021-08-11T20:20:53.000Z","public_metrics":{"retweet_count":0,"reply_count":0,"like_count":0,"quote_count":0},"id":"1425552822662176770","lang":"en"},{"author_id":"425476514","text":"#California: #BayArea air quality district to provide air filtration units to low-income residents impacted by #wildfire smoke\n https://t.co/DO5XvlQnRE","created_at":"2021-08-11T20:19:40.000Z","public_metrics":{"retweet_count":0,"reply_count":0,"like_count":0,"quote_count":0},"id":"1425552516251484165","lang":"en"},{"author_id":"58613026","text":"California Dixie fire growing too fast for warning systems https://t.co/MaCQ0Wjxtv #California #environment #wildfire #wildfires","created_at":"2021-08-11T20:17:30.000Z","public_metrics":{"retweet_count":5,"reply_count":1,"like_count":10,"quote_count":0},"id":"1425551974477537286","lang":"en"},{"author_id":"868211017632894977","text":"FutureDanger Indicator: WILDFIRES LAY WASTE\nHeatMap Column 4&gt; https://t.co/lN14i125gK\n  #Wildfires #Wildfire #WarnOthers #HeatMap https://t.co/gWc1yyJanW","attachments":{"media_keys":["3_1425551098656399365"]},"created_at":"2021-08-11T20:14:02.000Z","public_metrics":{"retweet_count":0,"reply_count":0,"like_count":0,"quote_count":0},"id":"1425551100011192325","lang":"en"},{"author_id":"208995765","text":"Amir Affirms Qatar's Readiness to Provide Necessary Assistance to Greece \n\n#Qatar #QatarAmir #SheikhTamim #Greece #GreeceWildfire #Wildfire #QatarNews #QatarDay\n\nhttps://t.co/rmxe0qEGQ4","created_at":"2021-08-11T20:13:40.000Z","public_metrics":{"retweet_count":0,"reply_count":0,"like_count":0,"quote_count":0},"id":"1425551009867304964","lang":"en"},{"author_id":"2201283403","text":"\uD83D\uDDFA New map: [#EMSR533] Tizi Ouzou: FEP Product, version 1, release 1, RTP Map #01 [v1, 1:160000]\n\uD83D\uDD17 https://t.co/w2TtoJiylv — #wildfire #fep in #Algeria\n#Copernicus #CEMS #RapidMapping #EUCivPro","created_at":"2021-08-11T20:10:22.000Z","public_metrics":{"retweet_count":0,"reply_count":0,"like_count":6,"quote_count":1},"id":"1425550179168628739","lang":"ht"},{"author_id":"23837283","text":"Indian Valley residents vet GoFundMe campaigns — not all legitimate — here’s where to go\n\n#DixieFire #PGEWildFire #WildFireAttorneys #DixieFireUpdate #WildFire #CalWildFire #wildfire #wildfires2021 \n\nhttps://t.co/zA0MIF3bBe","created_at":"2021-08-11T20:02:39.000Z","public_metrics":{"retweet_count":0,"reply_count":0,"like_count":1,"quote_count":0},"id":"1425548234957729800","lang":"en"},{"author_id":"710844287341170688","text":"Check the size of this #wildfire in #Turkey \n\nWOW https://t.co/FlIrWDJUHm","created_at":"2021-08-11T19:58:07.000Z","public_metrics":{"retweet_count":7,"reply_count":0,"like_count":12,"quote_count":1},"id":"1425547095843426309","lang":"en"},{"author_id":"808685023","text":"#Wildfire rips through #Algeria, killing 65 people including soldiers https://t.co/rmOTtSYMgp","created_at":"2021-08-11T19:49:58.000Z","public_metrics":{"retweet_count":0,"reply_count":0,"like_count":0,"quote_count":0},"id":"1425545042018676741","lang":"en"},{"author_id":"3693883638","text":"Correction Wildfire Science 1pm PT 4pm ET #wildfire #bcwildfires  https://t.co/95q49nUvdC","created_at":"2021-08-11T19:41:41.000Z","public_metrics":{"retweet_count":0,"reply_count":1,"like_count":0,"quote_count":0},"id":"1425542959991332868","lang":"en"},{"author_id":"1093252089441124354","text":"The wildfire has finally touched down in Africa.\nYou guys think this is a joke or something far away.\n#climatechangeisreal\n#wildfire #ClimateAction needed NOW\n#ClimateEmergency is happening NOW https://t.co/OynLCL8Mh6","created_at":"2021-08-11T19:37:48.000Z","public_metrics":{"retweet_count":0,"reply_count":0,"like_count":1,"quote_count":0},"id":"1425541981275496454","lang":"en"},{"author_id":"2870274093","text":"Relative contributions of dust and biomass burning aerosol optical depth around the Mediterannean from #SaharanDust &amp; #wildfire smoke in the #CopernicusAtmosphere Monitoring Service https://t.co/rhjAFYX4YJ global 24-h forecast from 11 August at 00 UTC https://t.co/Ik2Fakbmv3 https://t.co/bzlyUkE9OL","attachments":{"media_keys":["3_1425535003543355395","3_1425535034358996992"]},"created_at":"2021-08-11T19:29:22.000Z","public_metrics":{"retweet_count":5,"reply_count":1,"like_count":9,"quote_count":0},"id":"1425539860463501317","lang":"en"},{"author_id":"180356823","text":"#JOBS – Cabin Resource Management - Fuel Mod Technician location Central Okanagan (Kelowna/Vernon), British Columbia #Forestry #ForestryJobs #FuelModTechnician #Wildfire #Firesmart #FuelReduction #ForestFuel #FuelMods #PileBurning #ForestFire #Cabin  Visit https://t.co/fJCvmwCL6I","created_at":"2021-08-11T19:27:41.000Z","public_metrics":{"retweet_count":0,"reply_count":0,"like_count":0,"quote_count":0},"id":"1425539437660975107","lang":"en"},{"author_id":"860793936","text":"Have we deployed the national guard to help with the fires going on yet this year? We really should if we haven't. \n\nHeatwave after heatwave, severe drought, constant wildfires all summer.\n\n#wildfire","created_at":"2021-08-11T19:21:26.000Z","public_metrics":{"retweet_count":0,"reply_count":0,"like_count":0,"quote_count":0},"id":"1425537864108941312","lang":"en"},{"author_id":"293831051","text":"3 #wildfire lessons for forest towns as Dixie Fire destroys historic Greenville, California https://t.co/sUfVAj9d2D via @ConversationUS","created_at":"2021-08-11T19:18:40.000Z","public_metrics":{"retweet_count":0,"reply_count":0,"like_count":0,"quote_count":0},"id":"1425537166935871491","lang":"en"},{"author_id":"1179883844230512640","text":"Burn morels! Always a special discovery in an otherwise scorched landscape. We found these beauties yesterday while doing field work in the #CameronPeakFire burn area.\n\n#poudrecanyon #morels #poudrewatershed #wildfire #mushrooms #cameronpeakrecovery #burnmorels https://t.co/FTso8xyJ9I","attachments":{"media_keys":["3_1425536261914173442","3_1425536261893234689","3_1425536262312587267"]},"created_at":"2021-08-11T19:16:20.000Z","public_metrics":{"retweet_count":2,"reply_count":0,"like_count":3,"quote_count":0},"id":"1425536580274384901","lang":"en"},{"author_id":"1410751846264700934","text":"We are excited to have just added three more data points to the mix including:\n\uD83D\uDCCC Housing Index\n\uD83D\uDCCC Wild Fires Risk\n\uD83D\uDCCC Volcano Risk\n#Future #RealEstate #Moving #DataAnalytics #WildFire #Volcano #HousingIndex #Dwellics https://t.co/pawEY2pwb7","created_at":"2021-08-11T19:07:17.000Z","public_metrics":{"retweet_count":0,"reply_count":0,"like_count":1,"quote_count":0},"id":"1425534302087905288","lang":"en"},{"author_id":"514033223","text":"Our team of @USAID + @forestservice experts in  Albania are coordinating closely w/ @USEmbassyTirana + @USAmbAlbania on \uD83C\uDDFA\uD83C\uDDF8 support for \uD83C\uDDE6\uD83C\uDDF1 #firefighting activities. Yesterday they met w/ local officials in Pashaliman to discuss #wildfire suppression tactics &amp; humanitarian needs. https://t.co/PqP4tQ7qQO","attachments":{"media_keys":["3_1425533911506071562"]},"created_at":"2021-08-11T19:07:09.000Z","public_metrics":{"retweet_count":7,"reply_count":9,"like_count":42,"quote_count":2},"id":"1425534270639124491","lang":"en"},{"author_id":"179261808","text":"Tomorrow - #Grazing for community &amp; #wildfire #resilience \n\nhttps://t.co/2xR8MMjuI2 https://t.co/XOQU7T5rJr","attachments":{"media_keys":["3_1425532764628074511"]},"created_at":"2021-08-11T19:01:11.000Z","public_metrics":{"retweet_count":1,"reply_count":0,"like_count":0,"quote_count":0},"id":"1425532766700150787","lang":"en"},{"author_id":"19945609","text":"The systems can detect heat and flames smaller than a campfire, from miles in the air. #wildfire \nhttps://t.co/CfiFDnNOuK","created_at":"2021-08-11T19:00:02.000Z","public_metrics":{"retweet_count":0,"reply_count":0,"like_count":2,"quote_count":0},"id":"1425532476672380940","lang":"en"},{"author_id":"484265155","text":"The breaking of yet another wildfire record calls for a holistic approach to solutions now! Read what my @NFPA colleague Lucian Deaton @LucianNFPA has to say about the Dixie Fire and how to end #wildfire disasters: https://t.co/pWHL9a57fV","created_at":"2021-08-11T18:58:58.000Z","public_metrics":{"retweet_count":2,"reply_count":4,"like_count":8,"quote_count":1},"id":"1425532210501799936","lang":"en"},{"author_id":"29510806","text":"Thank you to In-N-Out Burger for your incredible donation of $5,000 for #Wildfire relief. This gift will help The Salvation Army as it continues to serve thousands of meals to #DixieFire evacuees and first responders in #Susanville. Head to https://t.co/lGRrm95MhQ to learn more! https://t.co/StpcXAmP0O","attachments":{"media_keys":["3_1425531225532416000"]},"created_at":"2021-08-11T18:55:04.000Z","public_metrics":{"retweet_count":4,"reply_count":0,"like_count":8,"quote_count":0},"id":"1425531229101826052","lang":"en"},{"author_id":"1332453464169979915","text":"Reduce GHG to reduce #wildfire &amp; #heat &amp; #drought\n\n1 sign up #Solar carport EV &amp; #Wind subscribe\n\n7,500 kWhr/year per person max\n\n2 #electrifynow\nBuy induction cooktop- bye gas\nBuy Heat pumps- Bye a/c\nBuy ebikes- Bye 12 mpg gas cars\nBuy @phmnorg condo- bye sprawl \n\n3 diet\n\n4 vote https://t.co/pWjWKNGy1T","created_at":"2021-08-11T18:46:03.000Z","public_metrics":{"retweet_count":0,"reply_count":0,"like_count":0,"quote_count":0},"id":"1425528959488430082","lang":"en"},{"author_id":"21748182","text":"46 #Brandweer voertuigen onderweg vanuit #Polen naar #Griekenland. #wildfire https://t.co/GncKJDSKJl","created_at":"2021-08-11T18:41:56.000Z","public_metrics":{"retweet_count":0,"reply_count":0,"like_count":0,"quote_count":0},"id":"1425527921226260481","lang":"nl"},{"author_id":"1730203123","text":"#Wildfire alters #snowpack processes long after the fire occurs. \n\nOur new paper in the Journal of #Hydrology shows increases in temperature and response to air temperature in the snowpack surrounding fire-affected tree stems 15-16 years post-#bushfire.\n\nhttps://t.co/AxUAt9KilD","created_at":"2021-08-11T18:36:33.000Z","public_metrics":{"retweet_count":2,"reply_count":0,"like_count":5,"quote_count":0},"id":"1425526569804595201","lang":"en"},{"author_id":"18657835","text":"The latest Fire! https://t.co/ckCqgjGCWn Thanks to @Firewise @NVFC #wildfire #outthinkwildfire","created_at":"2021-08-11T18:29:39.000Z","public_metrics":{"retweet_count":0,"reply_count":0,"like_count":0,"quote_count":0},"id":"1425524830678433796","lang":"en"},{"author_id":"3181167649","text":"While the wildfire in the Pacific Northwest is still raging, similar disasters struck the European Mediterranean coast. This has been a troublesome summer. \nhttps://t.co/MkfRSylB9W\n#Wildfire #BCwildfire #globalwarming #summer","created_at":"2021-08-11T18:23:53.000Z","public_metrics":{"retweet_count":0,"reply_count":0,"like_count":0,"quote_count":0},"id":"1425523380854214660","lang":"en"},{"author_id":"1303113148606472192","text":"I received my Fuels Friday pin from @CanadaWildfire!! Thanks to all who put this series on. One takeaway: fine fuels, downed woody debris and forest floor vegetation are important considerations for fuel continuity. #wildfire https://t.co/xRT5vXi15Y","attachments":{"media_keys":["3_1425522437920198664"]},"created_at":"2021-08-11T18:22:29.000Z","public_metrics":{"retweet_count":1,"reply_count":0,"like_count":4,"quote_count":0},"id":"1425523029308628993","lang":"en"},{"author_id":"385068086","text":"Aon’s technological evolution continues to inspire collaborations like this relationship between @zestyai and the California FAIR Plan Association who announced it has selected Z-FIRE™ as it’s #wildfire solution\n\nFind out more here: https://t.co/QfBj2n39c7 https://t.co/1wHQhtuJxE","attachments":{"media_keys":["3_1425521720207810563"]},"created_at":"2021-08-11T18:17:31.000Z","public_metrics":{"retweet_count":0,"reply_count":0,"like_count":0,"quote_count":0},"id":"1425521778294673417","lang":"en"},{"author_id":"3055481330","text":"#GreatNewMusicVideo Let @CrystalRMusic take you on a journey with new song “So High” in this dreamy animated video!\n\nOfficial Video\nhttps://t.co/he9LADh39W\n\nMusic is off Crystal’s new EP #Wildfire\nhttps://t.co/QHTQH8cQmk\n\n#NewMusicRelease #CountryMusic2021 #NewCountryMusicVideo https://t.co/dt3jAsz935","attachments":{"media_keys":["3_1425520550349217793"]},"created_at":"2021-08-11T18:12:53.000Z","public_metrics":{"retweet_count":1,"reply_count":0,"like_count":2,"quote_count":0},"id":"1425520610789117954","lang":"en"},{"author_id":"2201283403","text":"\uD83D\uDDFA New map: [#EMSR533] Aokas: FEP Product, version 1, release 1, RTP Map #01 [v1, 1:77000]\n\uD83D\uDD17 https://t.co/N97wY2ThVP — #wildfire #fep in #Algeria\n#Copernicus #CEMS #RapidMapping #EUCivPro","created_at":"2021-08-11T18:09:57.000Z","public_metrics":{"retweet_count":1,"reply_count":0,"like_count":6,"quote_count":0},"id":"1425519874307248130","lang":"ht"},{"author_id":"1122247272115388421","text":"Severe #wildfire cases everywhere. Tell me #climatechange is over emphasized. \n\nIts happening right in front of our eyes. #ActOnClimate #Futuresavers https://t.co/tIwNHPvYhy","attachments":{"media_keys":["3_1425519799145205764"]},"created_at":"2021-08-11T18:09:40.000Z","public_metrics":{"retweet_count":1,"reply_count":0,"like_count":4,"quote_count":0},"id":"1425519802861424650","lang":"en"},{"author_id":"61302536","text":"We're in the midst of #wildfire season. Learn how multimodal #MassNotification can help keep people informed: https://t.co/QLodu8o46P","created_at":"2021-08-11T18:08:51.000Z","public_metrics":{"retweet_count":0,"reply_count":0,"like_count":0,"quote_count":0},"id":"1425519595977326595","lang":"en"},{"author_id":"38921521","text":"I drove up to Oakridge this morning and officials changed the Fire Danger sign from “Very high” to “Extreme,” while I was in town.\n\nWe have Middle Fork Complex Fires updates at: https://t.co/4aFBEbKSO1\n\n@registerguard #MiddleForkComplex #oregon #wildfire https://t.co/qNKkg5LLSf","attachments":{"media_keys":["3_1425519302153621504"]},"created_at":"2021-08-11T18:07:45.000Z","public_metrics":{"retweet_count":4,"reply_count":1,"like_count":7,"quote_count":0},"id":"1425519318863732737","lang":"en"}],"includes":{"media":[{"media_key":"3_1425625591026393093","type":"photo","url":"https://pbs.twimg.com/media/E8jW6_fVoAU7tdl.png"},{"media_key":"3_1425616645289041923","type":"photo","url":"https://pbs.twimg.com/media/E8jOySBWYAMV3ZM.jpg"},{"media_key":"7_1425612959536005123","public_metrics":{"view_count":5559},"type":"video"},{"media_key":"3_1425611245978333185","type":"photo","url":"https://pbs.twimg.com/media/E8jJ4ABXMAE1MRU.jpg"},{"media_key":"3_1425611245974179845","type":"photo","url":"https://pbs.twimg.com/media/E8jJ4AAX0AU2b9D.jpg"},{"media_key":"3_1425611246108303365","type":"photo","url":"https://pbs.twimg.com/media/E8jJ4AgWYAUaStN.jpg"},{"media_key":"3_1425611246053773325","type":"photo","url":"https://pbs.twimg.com/media/E8jJ4ATWUA0YI6E.jpg"},{"media_key":"3_1425610746012991490","type":"photo","url":"https://pbs.twimg.com/media/E8jJa5gVgAI_VmK.jpg"},{"media_key":"3_1425610745597755394","type":"photo","url":"https://pbs.twimg.com/media/E8jJa39VgAIO7HF.jpg"},{"media_key":"3_1425610745123721216","type":"photo","url":"https://pbs.twimg.com/media/E8jJa2MUUAAEQHq.jpg"},{"media_key":"3_1425610746478563330","type":"photo","url":"https://pbs.twimg.com/media/E8jJa7PVkAIUFGO.jpg"},{"media_key":"3_1425610054137483265","type":"photo","url":"https://pbs.twimg.com/media/E8jIyoEXEAErCpg.jpg"},{"media_key":"3_1425600034486177797","type":"photo","url":"https://pbs.twimg.com/media/E8i_rZ9VUAUKuq7.jpg"},{"media_key":"16_1425597662666051586","type":"animated_gif"},{"media_key":"3_1425595825552461825","type":"photo","url":"https://pbs.twimg.com/media/E8i72adVkAECzOc.jpg"},{"media_key":"3_1425594024904204289","type":"photo","url":"https://pbs.twimg.com/media/E8i6NmhVoAE9Zm5.jpg"},{"media_key":"3_1425589220375244811","type":"photo","url":"https://pbs.twimg.com/media/E8i118QXsAsCNhF.jpg"},{"media_key":"3_1425583838550450180","type":"photo","url":"https://pbs.twimg.com/media/E8iw8rZWYAQ3-kT.jpg"},{"media_key":"3_1425583842891546624","type":"photo","url":"https://pbs.twimg.com/media/E8iw87kWQAAxhv5.jpg"},{"media_key":"3_1425582806017581056","type":"photo","url":"https://pbs.twimg.com/media/E8iwAk6VIAAyyoi.png"},{"media_key":"3_1425574910194225160","type":"photo","url":"https://pbs.twimg.com/media/E8io0-rWEAgixTi.png"},{"media_key":"3_1425573001957842945","type":"photo","url":"https://pbs.twimg.com/media/E8inF58VoAEtYoj.jpg"},{"media_key":"3_1425571484408455178","type":"photo","url":"https://pbs.twimg.com/media/E8iltkoXoAoHp4E.jpg"},{"media_key":"3_1425561598291177473","type":"photo","url":"https://pbs.twimg.com/media/E8icuH-VcAE3-2s.jpg"},{"media_key":"3_1425558901009883136","type":"photo","url":"https://pbs.twimg.com/media/E8iaRH0XIAAHphM.png"},{"media_key":"3_1425556680209846275","type":"photo","url":"https://pbs.twimg.com/media/E8iYP2sX0AM08pf.jpg"},{"media_key":"3_1425554143305895939","type":"photo","url":"https://pbs.twimg.com/media/E8iV8L_VkAMFT8v.png"},{"media_key":"3_1425552606185738243","type":"photo","url":"https://pbs.twimg.com/media/E8iUitxVUAMmpvJ.png"},{"media_key":"3_1425553111318372356","type":"photo","url":"https://pbs.twimg.com/media/E8iVAHiVoAQtd2R.jpg"},{"media_key":"3_1425551098656399365","type":"photo","url":"https://pbs.twimg.com/media/E8iTK9yVIAUFg67.png"},{"media_key":"3_1425535003543355395","type":"photo","url":"https://pbs.twimg.com/media/E8iEiG0WQAM23eX.jpg"},{"media_key":"3_1425535034358996992","type":"photo","url":"https://pbs.twimg.com/media/E8iEj5nXoAAEXi8.jpg"},{"media_key":"3_1425536261914173442","type":"photo","url":"https://pbs.twimg.com/media/E8iFrWnVIAIYOpd.jpg"},{"media_key":"3_1425536261893234689","type":"photo","url":"https://pbs.twimg.com/media/E8iFrWiVoAEXfix.jpg"},{"media_key":"3_1425536262312587267","type":"photo","url":"https://pbs.twimg.com/media/E8iFrYGUcAMZ_C-.jpg"},{"media_key":"3_1425533911506071562","type":"photo","url":"https://pbs.twimg.com/media/E8iDiiqXsAoU-mZ.jpg"},{"media_key":"3_1425532764628074511","type":"photo","url":"https://pbs.twimg.com/media/E8iCfyNWQA8nvSO.jpg"},{"media_key":"3_1425531225532416000","type":"photo","url":"https://pbs.twimg.com/media/E8iBGMoWQAAZXDg.jpg"},{"media_key":"3_1425522437920198664","type":"photo","url":"https://pbs.twimg.com/media/E8h5GsOVEAg2W3k.jpg"},{"media_key":"3_1425521720207810563","type":"photo","url":"https://pbs.twimg.com/media/E8h4c6iXIAMo3Id.jpg"},{"media_key":"3_1425520550349217793","type":"photo","url":"https://pbs.twimg.com/media/E8h3Y0eVoAEL5v5.jpg"},{"media_key":"3_1425519799145205764","type":"photo","url":"https://pbs.twimg.com/media/E8h2tGBWEAQuKD0.jpg"},{"media_key":"3_1425519302153621504","type":"photo","url":"https://pbs.twimg.com/media/E8h2QKlUUAAL8kV.jpg"}]},"meta":{"newest_id":"1425625592381075460","oldest_id":"1425519318863732737","result_count":100,"next_token":"b26v89c19zqg8o3fpdm8koiexnuyp44n6pscvuenwi8hp"}}