{"data":[{"id":"1424714723065483266","created_at":"2021-08-09T12:50:34.000Z","public_metrics":{"retweet_count":0,"reply_count":0,"like_count":0,"quote_count":0},"text":"California wildfire smoke can be seen from space - KFSN-TV https://t.co/uP9xc1GFGK #Heatwave #Wildfires","author_id":"40173650","lang":"en"},{"id":"1424714704081997826","created_at":"2021-08-09T12:50:30.000Z","attachments":{"media_keys":["3_1424714700634443781"]},"public_metrics":{"retweet_count":3,"reply_count":0,"like_count":3,"quote_count":1},"text":"\"A local resident gestures as he holds an empty water hose during an attempt to extinguish forest fires approaching the village of Pefki on Evia island, #Greece. Photograph: Angelos Tzortzinis/AFP/Getty Images\" #wildfires #climate https://t.co/2YT7DxE07U https://t.co/1xP1Bkw9Zp https://t.co/FyI2mKKYKh","author_id":"16797866","lang":"en"},{"id":"1424714545373790209","created_at":"2021-08-09T12:49:52.000Z","public_metrics":{"retweet_count":0,"reply_count":0,"like_count":0,"quote_count":0},"text":"Is that terrible about the #wildfires bloody terrible if there’s a “GOD” fix it @TheTweetOfGod","author_id":"407200466","lang":"en"},{"id":"1424714501555986433","created_at":"2021-08-09T12:49:41.000Z","public_metrics":{"retweet_count":0,"reply_count":0,"like_count":0,"quote_count":0},"text":"Looking forward to Claire Richards @WSUNursing coming study on health impacts from heat #wildfires &amp; power outages. \nIn our recent report #LimitsOfLivability we called for: \n+ Research, monitoring &amp; disaster response preparation to be better equipped: \nhttps://t.co/gnYqJpYEMX https://t.co/Bp9uzVcjDJ","author_id":"1673573035","lang":"en"},{"id":"1424714130984882188","created_at":"2021-08-09T12:48:13.000Z","public_metrics":{"retweet_count":1,"reply_count":0,"like_count":1,"quote_count":0},"text":"#Greece #wildfires: Wildfires are continuing to rip through the Greek island of #Evia, prompting residents to flee to safety by sea.  https://t.co/7ZnxvpWmUM","author_id":"113460088","lang":"en"},{"id":"1424714104493719552","created_at":"2021-08-09T12:48:07.000Z","attachments":{"media_keys":["3_1424713895483162631"]},"public_metrics":{"retweet_count":1,"reply_count":1,"like_count":1,"quote_count":0},"text":"6/8\uD83C\uDDEC\uD83C\uDDF7 #PhotoDuJour: A man climbs over a fence to escape the flames on the Greek island of #Evia. Thousands have been forced to flee the island as the fire rages on there and elsewhere across #Greece. #wildfires\n\n\uD83D\uDCF8Eurokinissi/ ZUMA Press Wire https://t.co/zg9Mz00kHa","author_id":"206368233","lang":"en"},{"id":"1424713991977267203","created_at":"2021-08-09T12:47:40.000Z","public_metrics":{"retweet_count":0,"reply_count":0,"like_count":0,"quote_count":0},"text":"คนหลายร้อย มองเกาะบ้านเกิดของพวกเขาถูกไฟไหม้ขณะที่พวกเขาอพยพผ่านเรือข้ามฟากขณะที่ไฟโหมกระหน่ำทั่วเกาะ Evia ของกรีซ \uD83D\uDE14\n... นี่แหละสิ่งที่เห็นหลายครั้งเช่นไฟไหม้เรือ ไฟไหม้เกาะ ทั้งๆที่มีน้ำอยู่รอบตัวเป็นล้านๆ แต่ดันเอามาใช้ประโยชน์อะไรไม่ได้ ก็เพราะมันไม่ได้คิดกันไง #wildfires https://t.co/uxv2XxcPFV","author_id":"65891900","lang":"th"},{"id":"1424713722942132225","created_at":"2021-08-09T12:46:36.000Z","public_metrics":{"retweet_count":0,"reply_count":0,"like_count":0,"quote_count":0},"text":"Perhaps hinting at @PrimeministerGR's incompetence?  @schrankartoons depicts the devastation in #Greece very effectively, but the carefree chap lying on a lilo looks suspiciously like @kmitsotakis - marvellous!\n#ClimateEmergency #ClimateReport #wildfires #wildfiresgreece https://t.co/tnNd1EAsyD","author_id":"86034144","lang":"en"},{"id":"1424713510919999491","created_at":"2021-08-09T12:45:45.000Z","attachments":{"media_keys":["3_1424713507694686210"]},"public_metrics":{"retweet_count":1,"reply_count":0,"like_count":1,"quote_count":0},"text":"Yakutia, Russia\nA calf wanders through the village of Byas-Kyuyol, which has been ravaged by a wildfire that spread to outbuildings in strong winds\nPhotograph: Semyon Ryabinin/Tass #animals #wildfires #climate #environment #wildlife #IPCC https://t.co/CgEsTIBKq6 https://t.co/dkr3JxcNR9","author_id":"16797866","lang":"en"},{"id":"1424713465726390276","created_at":"2021-08-09T12:45:34.000Z","public_metrics":{"retweet_count":1,"reply_count":1,"like_count":0,"quote_count":0},"text":"2/3 To the best of my knowledge, this is the first time that we observe such a persistent wildfire behaviour in our country.  Unfortunately we have entered a new era of #heatwaves, #droughts and #wildfires globally and regionally and these events will increase in frequency.","author_id":"1341364744960274434","lang":"en"}],"includes":{"media":[{"media_key":"3_1424714700634443781","type":"photo","url":"https://pbs.twimg.com/media/E8WaeMWX0AUoonR.jpg"},{"media_key":"3_1424713895483162631","type":"photo","url":"https://pbs.twimg.com/media/E8WZvU7WQAcAwEE.png"},{"media_key":"3_1424713507694686210","type":"photo","url":"https://pbs.twimg.com/media/E8WZYwTXsAIxV_Y.jpg"}]},"meta":{"newest_id":"1424714723065483266","oldest_id":"1424713465726390276","result_count":10,"next_token":"b26v89c19zqg8o3fpdm85n5x269j6pgujk7zz9yb1cvb1"}}