{"data":[{"created_at":"2021-08-11T18:07:29.000Z","public_metrics":{"retweet_count":0,"reply_count":0,"like_count":2,"quote_count":0},"lang":"en","id":"1425519251683745799","text":"Thank you for donating to the #Macedonia #Wildfire Relief Fund - every bit helps! #wildfires #fires","author_id":"937531525"},{"created_at":"2021-08-11T18:06:05.000Z","public_metrics":{"retweet_count":4,"reply_count":0,"like_count":8,"quote_count":1},"lang":"en","id":"1425518900893163520","text":"When preparing for a #wildfire, it can be easy to forget that our #pets need to be prepared too! After making your #emergencykit, don't forget to make one for your pets' needs too. \n\nLearn how to prepare your pets for an emergency evacuation: https://t.co/aHd0lbXpLV https://t.co/9L98IUrMfF","attachments":{"media_keys":["3_1425518895885078536"]},"author_id":"14720319"},{"created_at":"2021-08-11T18:05:03.000Z","public_metrics":{"retweet_count":0,"reply_count":0,"like_count":3,"quote_count":0},"lang":"en","id":"1425518641085308934","text":"Join us at the @HeatandFireExpo USA in Miami, February 7-8, 2022. With #wildfire season starting earlier than ever, the need for controlling wildfire loss has never been greater. \n\nHere's a preview of what you'll see in our booth: https://t.co/sI6PCpkp98\n\n#forestfires #drought","author_id":"1257742177397903360"},{"created_at":"2021-08-11T18:05:00.000Z","public_metrics":{"retweet_count":0,"reply_count":0,"like_count":0,"quote_count":1},"lang":"en","id":"1425518629664083971","text":"Current Map of Active National Wildfires, #wildfire, #CAfire  from Irwin, National Fire database. Available in new @aqispy Mobile App.  #westcoastonfire https://t.co/v34gcpcsOA","attachments":{"media_keys":["3_1425517492974231556"]},"author_id":"1425235156021874688"},{"created_at":"2021-08-11T18:02:45.000Z","public_metrics":{"retweet_count":0,"reply_count":0,"like_count":1,"quote_count":0},"lang":"en","id":"1425518061151559683","text":"After the fire ignited again, #Manavgat Mayor Şükrü #Sözen, who came to the fire area with the teams, participated in the extinguishing work together with the citizens &amp; firefighters - #WildFire  #Turkey \nhttps://t.co/EvQAkjYBPc https://t.co/Jzyj0FzRdD","attachments":{"media_keys":["7_1425517443552849926"]},"author_id":"52571677"},{"created_at":"2021-08-11T18:00:01.000Z","public_metrics":{"retweet_count":0,"reply_count":0,"like_count":1,"quote_count":0},"lang":"en","id":"1425517373591744513","text":"In the north of #Evia, #Greece's second-largest island, flare-ups remained the main problem for firefighters, who were joined by volunteers to combat the flames\n\n#Wildfire\n\nhttps://t.co/H2UOleL9GZ","author_id":"60017224"},{"created_at":"2021-08-11T17:58:38.000Z","public_metrics":{"retweet_count":0,"reply_count":1,"like_count":0,"quote_count":0},"lang":"en","id":"1425517025972166658","text":"After the fire that lasted for 10 days in #Antalya's Manavgat district, the flames that rose again caused fear. The fire between #Sarılar &amp; #Hatipler was bought under control by firefighters &amp; with the help of citizens \n #WildFire #Manavgat #Turkey \nhttps://t.co/UdtLJL74IE https://t.co/TgEZjcYvJJ","attachments":{"media_keys":["3_1425516302068822016"]},"author_id":"52571677"},{"created_at":"2021-08-11T17:57:25.000Z","public_metrics":{"retweet_count":5,"reply_count":1,"like_count":12,"quote_count":0},"lang":"en","id":"1425516721708929034","text":"And for the first time on record #wildfire #smoke has reached the North Pole. https://t.co/Lys2xGlYKy","author_id":"210141126"},{"created_at":"2021-08-11T17:52:39.000Z","public_metrics":{"retweet_count":0,"reply_count":0,"like_count":1,"quote_count":0},"lang":"en","id":"1425515521387028480","text":"@DroughtGov launches new interactive maps (one focused on #wildfire management and #drought), learn more by watching this video tutorial (3:28). https://t.co/w70blAdZbq","author_id":"321600164"},{"created_at":"2021-08-11T17:51:46.000Z","public_metrics":{"retweet_count":0,"reply_count":1,"like_count":1,"quote_count":0},"lang":"en","id":"1425515298673790983","text":"The fire in the #Hatiplar District of #Manavgat was brought under control\n\n▪️The #ForestFire, which caused fear &amp; panic with its proximity to the settlements, was completely under control after 2 hours...\n#WildFire #Turkey \nhttps://t.co/WYDOEp8r5M https://t.co/IJeQrbBe63","attachments":{"media_keys":["7_1425514764927709186"]},"author_id":"52571677"},{"created_at":"2021-08-11T17:46:30.000Z","public_metrics":{"retweet_count":3,"reply_count":0,"like_count":4,"quote_count":1},"lang":"en","id":"1425513971528847363","text":"Great opportunity for our communities and local governments to consider these sources of state funding for enhancing their resiliency efforts. #ClimateAdaptation #Wildfire https://t.co/UiwB7bNHSt","author_id":"844975619637100544"},{"created_at":"2021-08-11T17:45:00.000Z","public_metrics":{"retweet_count":0,"reply_count":0,"like_count":1,"quote_count":0},"lang":"en","id":"1425513594335244289","text":"#California’s largest single #wildfire in recorded history continued to grow after destroying nearly 550 homes while authorities in #Montana ordered evacuations as a wind-driven blaze roared toward several remote communities\n\nhttps://t.co/SSmdoGp4v6","author_id":"60017224"},{"created_at":"2021-08-11T17:44:52.000Z","public_metrics":{"retweet_count":0,"reply_count":0,"like_count":0,"quote_count":0},"lang":"en","id":"1425513561174921221","text":"Huge California fire grows; Montana blaze threatens towns https://t.co/Hera0S82js #californiawildfires #CaliforniaFires #wildfire","author_id":"2855643918"},{"created_at":"2021-08-11T17:43:49.000Z","public_metrics":{"retweet_count":10,"reply_count":1,"like_count":25,"quote_count":3},"lang":"en","id":"1425513296686366723","text":"July 2021 #wildfire \uD83D\uDD25situation as observed by @CopernicusEU #Sentinel3 \uD83D\uDEF0️#Fires product via @eumetsat PB 1.2 in fast #NRT (~2h30).\n\nWhat are the remarkable episodes? Thread \uD83D\uDC47 https://t.co/M5HNTouAm5","attachments":{"media_keys":["16_1425459239435309063"]},"author_id":"823295328082391040"},{"created_at":"2021-08-11T17:34:25.000Z","public_metrics":{"retweet_count":2,"reply_count":0,"like_count":1,"quote_count":0},"lang":"en","id":"1425510932688498690","text":"Were you affected by a recent California #wildfire? You may be able to enroll in health coverage through Covered California for the remainder of 2021. https://t.co/lq57fL3itx @CoveredCA #HealthForAll https://t.co/qyilWZqxQX","attachments":{"media_keys":["3_1425510521202036740"]},"author_id":"570317957"},{"created_at":"2021-08-11T17:30:41.000Z","public_metrics":{"retweet_count":16,"reply_count":1,"like_count":28,"quote_count":1},"lang":"en","id":"1425509993575501826","text":"#Greece's ruling right-wing government spent 20 million euros 'subsidising' private media outlets and 1,7 million on #wildfire prevention. This helps explain why so many Greek media outlets are still singing the praises of New Democracy in the face of massive public outrage. https://t.co/XSEANJXZYu","attachments":{"media_keys":["3_1425509918023487492"]},"author_id":"10257602"},{"created_at":"2021-08-11T17:24:06.000Z","public_metrics":{"retweet_count":43,"reply_count":0,"like_count":61,"quote_count":10},"lang":"en","id":"1425508336250892292","text":"#EMSR527 #Wildfire in #Evia #Εύβοια\n\nOur #RapidMappingTeam has released its 4th updated delineation product, based on VHR \uD83D\uDEF0️imagery acquired today at 9:04 UTC\n\nIt shows that \n✔the blaze has been contained\n\uD83D\uDE2250,910 ha have been affected (+453 ha vs. yesterday's image) https://t.co/xbqa9Yh256","attachments":{"media_keys":["3_1425506722714640388"]},"author_id":"2201283403"},{"created_at":"2021-08-11T17:17:02.000Z","public_metrics":{"retweet_count":1,"reply_count":0,"like_count":3,"quote_count":0},"lang":"en","id":"1425506556368539649","text":"My country is being burned y'all \uD83D\uDE2D\uD83D\uDE2D only the pics are scary imagine living it!! People dying forrests are becoming ashes ...\nWildfire is spreading everywhere about fifty person died on on the rescue process 20 of them are soliders \uD83D\uDC94\n#PrayForAlgeria #SaveAlgeria #fire #wildfire https://t.co/ndfXrbn5nF","attachments":{"media_keys":["3_1425506542292512777","3_1425506546562306056","3_1425506550727258114","3_1425506554237890565"]},"author_id":"1381263648258207750"},{"created_at":"2021-08-11T17:09:29.000Z","public_metrics":{"retweet_count":0,"reply_count":0,"like_count":0,"quote_count":0},"lang":"und","id":"1425504658571792391","text":"https://t.co/tafJlQ3LOY\n#Algeria #Algeriadeathtoll #Algeriawildfiredeathtoll #Algeriawildfires #IndianExpress #wildfire #wildfiredeathtoll #worldnews","author_id":"1312265407047163904"},{"created_at":"2021-08-11T17:08:37.000Z","public_metrics":{"retweet_count":0,"reply_count":0,"like_count":0,"quote_count":0},"lang":"en","id":"1425504439050199042","text":"@coloradobeek @daliahsinger Get an #N95-grade mask like the multiple-award-winning #Airgami with best-in-class breathability. Ordinary surgical or cloth masks won't work against #wildfire #smoke. https://t.co/AQl3SIxii1 \nMade in Denver, CO with USA-sourced filtration materials.","author_id":"1076733241715900417"},{"created_at":"2021-08-11T17:03:19.000Z","public_metrics":{"retweet_count":1,"reply_count":0,"like_count":3,"quote_count":0},"lang":"en","id":"1425503104691232782","text":".\nHow to fight #climate despair\n\nhttps://t.co/sxtbJ215aF\n\n#ClimateChange\n#heatwave #wildfire #climateaction  #renewables #netzero #RacetoZero #actonclimate #climatejustice #cop26 #ClimateEmergency #globalwarming #fridaysforfuture\n.","author_id":"1386571328912830467"},{"created_at":"2021-08-11T17:03:04.000Z","public_metrics":{"retweet_count":0,"reply_count":0,"like_count":0,"quote_count":0},"lang":"en","id":"1425503043429101576","text":"I smelled a lot of Thujene in the smoke this morning. I’m guessing that there are lots of members of the cupressaceae family burning in the forests today.\n#turpenes #wildfire #smoke","author_id":"827995219"},{"created_at":"2021-08-11T17:02:19.000Z","public_metrics":{"retweet_count":0,"reply_count":0,"like_count":0,"quote_count":0},"lang":"en","id":"1425502855054626829","text":"California&amp;#039;s largest #WILDFIRE covering 783 square miles https://t.co/vfohDstl9u","author_id":"3301926908"},{"created_at":"2021-08-11T17:01:55.000Z","public_metrics":{"retweet_count":0,"reply_count":0,"like_count":0,"quote_count":0},"lang":"en","id":"1425502753095405569","text":"California&amp;#039;s largest #WILDFIRE covering 783 square miles https://t.co/ILt3xmU0qR #GPWX","author_id":"3111226033"},{"created_at":"2021-08-11T17:00:18.000Z","public_metrics":{"retweet_count":1,"reply_count":0,"like_count":1,"quote_count":0},"lang":"en","id":"1425502346411401221","text":"As we move into the hottest and driest months of 2021, #wildfire concern continues to grow. There are three preventive activities that can have a positive impact on reducing #risk to your property #firesafety #californiafires Read more here: https://t.co/couuI02mFo https://t.co/UOq6RPIzZ3","attachments":{"media_keys":["3_1425502343567642624"]},"author_id":"192770291"},{"created_at":"2021-08-11T17:00:08.000Z","public_metrics":{"retweet_count":0,"reply_count":0,"like_count":0,"quote_count":0},"lang":"en","id":"1425502303394619397","text":"It's fire season. Take a deep dive into all aspects of wildfire, starting with embers. | #wildfire #insurance #underwriting #fireseason | https://t.co/gWrb9PFtSI https://t.co/FdvPyDS7PL","attachments":{"media_keys":["3_1425502302023135246"]},"author_id":"1205444605"},{"created_at":"2021-08-11T16:58:01.000Z","public_metrics":{"retweet_count":3,"reply_count":0,"like_count":6,"quote_count":0},"lang":"en","id":"1425501769799544837","text":"The Metropolitan Fire Chiefs Association (Metro Chiefs) unanimously approved support of Outthink Wildfire™, an NFPA initiative aimed at eliminating the destruction of communities by wildfire in 30 years. https://t.co/qcR2Si0PvR \n\n#OutthinkWildfire #firefighters #wildfire","author_id":"19215993"},{"created_at":"2021-08-11T16:55:07.000Z","public_metrics":{"retweet_count":0,"reply_count":0,"like_count":1,"quote_count":0},"lang":"en","id":"1425501040347017218","text":"Increasing avg temps do make fire seasons longer, but climate change does not start fires (humans and lightning are the two biggest culprits)  nor do they make them burn hotter. That’s fuel load and fuel loads can be reduced by work crews and a competent government. #wildfire https://t.co/m1ZcYNnlfs","author_id":"1422991930334400512"},{"created_at":"2021-08-11T16:53:23.000Z","public_metrics":{"retweet_count":0,"reply_count":0,"like_count":0,"quote_count":0},"lang":"und","id":"1425500605087457284","text":"#MusicFamily \uD83C\uDFB6\uD83C\uDFB5&gt;&gt;&gt;#PlaceAllYourEyes \uD83D\uDC40\uD83E\uDD29#Here&gt;&gt;&gt;#ShowSumBIGLuvins ❤️#To \n#WildFire @wildfiresingers \n#Nominated #JosieMusicAwards\uD83C\uDFC6#2021\n@josiemusicaward\n#Details :\nhttps://t.co/MMLMZsSqNv https://t.co/6hknY6DXe7","attachments":{"media_keys":["3_1425500577983778821"]},"author_id":"1101081968"},{"created_at":"2021-08-11T16:51:47.000Z","public_metrics":{"retweet_count":2,"reply_count":0,"like_count":4,"quote_count":0},"lang":"en","id":"1425500202794815493","text":"Here's more on EAJA abuse https://t.co/5xIwdMPik3 for those unfamiliar with how hyperlitigious green groups line their pockets while obstructing forest management actions that could mitigate #wildfire risk. \n\n#wildfires #copolitics #biggreen #publiclands #forestmanagement https://t.co/BRV3gQ3F2N","author_id":"50361094"},{"created_at":"2021-08-11T16:51:00.000Z","public_metrics":{"retweet_count":10,"reply_count":1,"like_count":10,"quote_count":0},"lang":"en","id":"1425500005918547969","text":"And this is NOT just a western thing. Great piece from @NPR showing how climate change is elevating #wildfire risk in forests across \uD83C\uDDFA\uD83C\uDDF8. @AmericanForests \nhttps://t.co/BmFOPFeFDR","author_id":"334866472"},{"created_at":"2021-08-11T16:48:12.000Z","public_metrics":{"retweet_count":0,"reply_count":0,"like_count":1,"quote_count":0},"lang":"en","id":"1425499301564780546","text":"No forest fires in pakistan, Reason no forest \uD83C\uDF33 #wildfire","author_id":"160527732"},{"created_at":"2021-08-11T16:47:03.000Z","public_metrics":{"retweet_count":0,"reply_count":0,"like_count":0,"quote_count":0},"lang":"en","id":"1425499013072175105","text":"BEFORE a #wildfire, know your community’s evacuation plan and find several ways to leave the area. Drive the evacuation routes and find shelter locations. Don't forget to have a plan for pets and livestock, too.\n\nhttps://t.co/XjCNaKzO4W via @Readygov #WildFireSafety https://t.co/TprypPLtTa","attachments":{"media_keys":["3_1425499007657422849"]},"author_id":"25153535"},{"created_at":"2021-08-11T16:44:39.000Z","public_metrics":{"retweet_count":4,"reply_count":1,"like_count":2,"quote_count":0},"lang":"en","id":"1425498408488480776","text":"Were you affected by a recent California #wildfire? You may be able to enroll in health coverage through Covered California for the remainder of 2021. Call us to learn if you’re eligible. https://t.co/N3RlRepGg8\n\n#CaliforniaWildfire #DixieFire #McFarlandFire #MonumentFire https://t.co/BhR3nkRZXa","attachments":{"media_keys":["7_1425498393686777861"]},"author_id":"915514734"},{"created_at":"2021-08-11T16:32:43.000Z","public_metrics":{"retweet_count":0,"reply_count":0,"like_count":0,"quote_count":0},"lang":"en","id":"1425495402716008455","text":"The latest The American Hispanic Journal! https://t.co/ydBdUwwHhB Thanks to @CapitolAlert #wildfire","author_id":"168346374"},{"created_at":"2021-08-11T16:30:29.000Z","public_metrics":{"retweet_count":0,"reply_count":0,"like_count":2,"quote_count":0},"lang":"en","id":"1425494840675028994","text":"Judge questions drone’s role as Dixie Fire grows to second-largest in California’s history\n\n#DixieFire #PGEWildFire #WildFireAttorneys #DixieFireUpdate #WildFire #CalWildFire #wildfire #wildfires2021 \n\nhttps://t.co/uwbnGKPRGX","author_id":"23837283"},{"created_at":"2021-08-11T16:28:48.000Z","public_metrics":{"retweet_count":0,"reply_count":0,"like_count":0,"quote_count":0},"lang":"en","id":"1425494420695261185","text":"Do not pollute  71,000,000 tons \nCO2-e Over the Max allowed in MN\nBy proceeding with Enbridge Line 3\n\nby Gov. Pawlenty’s 2005 \nNext Gen Act\n\nBurning #oil causes #heat #drought #wildfire smoke \n10 days &gt;100F becomes\n28 days &gt;100F in MN\n\nHay dead\nLivestock dead\nTrees dead\nPoverty https://t.co/wBVRbM94eZ","author_id":"1332453464169979915"},{"created_at":"2021-08-11T16:26:43.000Z","public_metrics":{"retweet_count":0,"reply_count":0,"like_count":2,"quote_count":0},"lang":"en","id":"1425493894268026884","text":"Brush fire burns 50 acres southwest of Santa Rosa https://t.co/4teYRYvmru A fire battalion chief happened to be in the vicinity of the fire when it began. He called it in and multiple firetrucks were on the scene in minutes! #goodjob #SantaRosa #wildfire","author_id":"5509672"},{"created_at":"2021-08-11T16:23:53.000Z","public_metrics":{"retweet_count":0,"reply_count":0,"like_count":0,"quote_count":0},"lang":"en","id":"1425493182670938121","text":"We need help in algeria \n#prayforalgeria\n#wildfire\n#algerie","author_id":"1286964794193596419"},{"created_at":"2021-08-11T16:20:00.000Z","public_metrics":{"retweet_count":0,"reply_count":0,"like_count":0,"quote_count":0},"lang":"en","id":"1425492203049127941","text":"#California's largest single #wildfire in recorded history continues to grow, having destroyed nearly 550 homes.\n\n#californiawildfires #DixieFire \n\nhttps://t.co/Q1ILXiqH4R","author_id":"1084518784004542464"},{"created_at":"2021-08-11T16:16:06.000Z","public_metrics":{"retweet_count":0,"reply_count":1,"like_count":5,"quote_count":0},"lang":"en","id":"1425491223410839557","text":"Cc @tnatw #IoT for #wildfire detection https://t.co/zJKDaTjdQk","author_id":"35203319"},{"created_at":"2021-08-11T16:14:02.000Z","public_metrics":{"retweet_count":7,"reply_count":1,"like_count":15,"quote_count":0},"lang":"en","id":"1425490704424480775","text":"The Metropolitan Fire Chiefs Association (Metro Chiefs) unanimously approved support of Outthink Wildfire™, an NFPA initiative aimed at eliminating the destruction of communities by wildfire in 30 years. https://t.co/wcXnvekUI0 \n\n#OutthinkWildfire #firefighters #wildfire","author_id":"15722647"},{"created_at":"2021-08-11T16:09:03.000Z","public_metrics":{"retweet_count":0,"reply_count":0,"like_count":0,"quote_count":0},"lang":"en","id":"1425489448297504780","text":"\"The 2021 fire season is 'different from any before' and posed a 'national crisis'...\" Via @latimes : https://t.co/EVD0rcwVFE.\n\n#keepwinterwild #winterwildlandsalliance #fundtheforestservice #forestservice #wildfire #publiclands #nationalforest #2021fireseason #fire","author_id":"98137398"},{"created_at":"2021-08-11T16:07:58.000Z","public_metrics":{"retweet_count":6,"reply_count":2,"like_count":10,"quote_count":0},"lang":"en","id":"1425489177676713990","text":"Completely smoked in wildfire near Vernon at La Casa. The sign actually points north  to the wildfire! #wildfire #bcwildfires @ReutersWitness @CTVVancouver @miawgordon @weathernetwork https://t.co/ih1LG8LFb9","attachments":{"media_keys":["3_1425489170114416656"]},"author_id":"3693883638"},{"created_at":"2021-08-11T16:04:59.000Z","public_metrics":{"retweet_count":0,"reply_count":0,"like_count":1,"quote_count":0},"lang":"en","id":"1425488427059974147","text":"After You, Hell Should Be Easy (The Colorado Wildfires #20)\nhttps://t.co/8QDQp7knFS\n\nGrey Cross Studios\n#art #artist #Colorado #wildfire #climatechange #climatedestruction #surrealism #surrealart https://t.co/3bZxQx9HFJ","attachments":{"media_keys":["3_1425488418742669318"]},"author_id":"20207761"},{"created_at":"2021-08-11T16:04:47.000Z","public_metrics":{"retweet_count":0,"reply_count":0,"like_count":1,"quote_count":0},"lang":"en","id":"1425488372714323968","text":"A Pony She Named Wildfire (The Colorado Wildfires #19)\nhttps://t.co/Ubp8qUNuCF\n\nGrey Cross Studios\n#art #artist #Colorado #wildfire #climatechange #climatedestruction #surrealism #surrealart https://t.co/C6FaQ7DbaX","attachments":{"media_keys":["3_1425488363126132739"]},"author_id":"20207761"},{"created_at":"2021-08-11T16:04:37.000Z","public_metrics":{"retweet_count":0,"reply_count":0,"like_count":1,"quote_count":0},"lang":"en","id":"1425488331878633475","text":"A Drop of Rain Into Hell (The Colorado Wildfires #18)\nhttps://t.co/ToAMD3h6Sq\n\nGrey Cross Studios\n#art #artist #Colorado #wildfire #climatechange #climatedestruction #surrealism #surrealart https://t.co/TYEioCVXsU","attachments":{"media_keys":["3_1425488313788608516"]},"author_id":"20207761"},{"created_at":"2021-08-11T16:04:23.000Z","public_metrics":{"retweet_count":0,"reply_count":0,"like_count":1,"quote_count":0},"lang":"en","id":"1425488275721097221","text":"Candlelight Vigil (The 2020 Colorado Wildfires #17)\nhttps://t.co/YmgjqLHxnb\n\nGrey Cross Studios\n#art #artist #Colorado #wildfire #climatechange #climatedestruction #surrealism #surrealart https://t.co/f9NQeSvLT0","attachments":{"media_keys":["3_1425488267277963268"]},"author_id":"20207761"},{"created_at":"2021-08-11T16:04:12.000Z","public_metrics":{"retweet_count":0,"reply_count":0,"like_count":1,"quote_count":0},"lang":"en","id":"1425488226991714315","text":"Man's Effect on Nature (The 2020 Colorado Wildfires #16)\nhttps://t.co/NrVFU2di4K\n\nGrey Cross Studios\n#art #artist #Colorado #wildfire #climatechange #climatedestruction #surrealism #surrealart https://t.co/rXYUI1NZv0","attachments":{"media_keys":["3_1425488219802640384"]},"author_id":"20207761"},{"created_at":"2021-08-11T16:04:02.000Z","public_metrics":{"retweet_count":0,"reply_count":0,"like_count":0,"quote_count":0},"lang":"en","id":"1425488187623886853","text":"Demons in the Flame (The 2020 Colorado Wildfires #15)\nhttps://t.co/fmncN9IWYU\n\nGrey Cross Studios\n#art #artist #Colorado #wildfire #climatechange #climatedestruction #surrealism #surrealart https://t.co/TpBwpoLMTT","attachments":{"media_keys":["3_1425488166971117573"]},"author_id":"20207761"},{"created_at":"2021-08-11T16:03:48.000Z","public_metrics":{"retweet_count":0,"reply_count":0,"like_count":1,"quote_count":0},"lang":"en","id":"1425488125321752577","text":"Not a Flight of Fancy (The 2020 Colorado Wildfires #14)\nhttps://t.co/vQNurL1QSg\n\nGrey Cross Studios\n#art #artist #Colorado #wildfire #climatechange #climatedestruction #surrealism #surrealart https://t.co/76QEsc5vED","attachments":{"media_keys":["3_1425488116043943951"]},"author_id":"20207761"},{"created_at":"2021-08-11T16:03:37.000Z","public_metrics":{"retweet_count":0,"reply_count":0,"like_count":1,"quote_count":0},"lang":"en","id":"1425488081998733317","text":"Neighborhood Watch Association (The 2020 Colorado Wildfires #13)\nhttps://t.co/tVUSwn4hmz\n\nGrey Cross Studios\n#art #artist #Colorado #wildfire #climatechange #climatedestruction #surrealism #surrealart https://t.co/VujOLkTxPF","attachments":{"media_keys":["3_1425488061845102592"]},"author_id":"20207761"},{"created_at":"2021-08-11T16:03:24.000Z","public_metrics":{"retweet_count":0,"reply_count":0,"like_count":1,"quote_count":0},"lang":"en","id":"1425488027112120328","text":"Primitive Beings Destroying Themselves (The 2020 Colorado Wildfires #12)\nhttps://t.co/dsxOX6Amso\n\nGrey Cross Studios\n#art #artist #Colorado #wildfire #climatechange #climatedestruction #surrealism #surrealart https://t.co/gtDxeiVinZ","attachments":{"media_keys":["3_1425488011526090752"]},"author_id":"20207761"},{"created_at":"2021-08-11T16:03:22.000Z","public_metrics":{"retweet_count":0,"reply_count":0,"like_count":0,"quote_count":0},"lang":"en","id":"1425488017440006144","text":"Wildfires are capable of contaminating nearby water sources with hazardous chemicals. With the ongoing drought in the West, it is wise to stay aware of the long-term dangers of these disasters. #watertreatment #wildfire #contamination https://t.co/YkXdAB8RJ7 https://t.co/7dXF8IoHiS","attachments":{"media_keys":["3_1425488012125904898"]},"author_id":"867117631396032513"},{"created_at":"2021-08-11T16:03:08.000Z","public_metrics":{"retweet_count":0,"reply_count":0,"like_count":1,"quote_count":0},"lang":"en","id":"1425487960284307456","text":"A Blood Moon Rises (The 2020 Colorado Wildfires #11)\nhttps://t.co/AfBqFUp2ty\n\nGrey Cross Studios\n#art #artist #Colorado #wildfire #climatechange #climatedestruction #surrealism #surrealart https://t.co/MBmSDOX9TS","attachments":{"media_keys":["3_1425487951501344773"]},"author_id":"20207761"},{"created_at":"2021-08-11T16:02:57.000Z","public_metrics":{"retweet_count":0,"reply_count":0,"like_count":1,"quote_count":0},"lang":"en","id":"1425487914637701131","text":"A One Way Flight (The 2020 Colorado Wildfires #10)\nhttps://t.co/D8Ah3xCrhE\n\nGrey Cross Studios\n#art #artist #Colorado #wildfire #climatechange #climatedestruction #surrealism #surrealart https://t.co/ROFthsniST","attachments":{"media_keys":["3_1425487890537226241"]},"author_id":"20207761"},{"created_at":"2021-08-11T16:02:40.000Z","public_metrics":{"retweet_count":0,"reply_count":0,"like_count":1,"quote_count":0},"lang":"en","id":"1425487843544154112","text":"The Dance (The 2020 Colorado Wildfires #9)\nhttps://t.co/EPZ9tpxqXM\n\nGrey Cross Studios\n#art #artist #Colorado #wildfire #climatechange #climatedestruction #surrealism #surrealart https://t.co/VvYdksjcpm","attachments":{"media_keys":["3_1425487835130433536"]},"author_id":"20207761"},{"created_at":"2021-08-11T16:02:35.000Z","public_metrics":{"retweet_count":0,"reply_count":0,"like_count":0,"quote_count":0},"lang":"en","id":"1425487822451101700","text":"This #wildfire season has already been devastating for many. Share these safety tips with your team and establish a relief fund to assist those in your internal community that may be impacted by these disasters: https://t.co/zn5NLNvy3v #WildfireSafety https://t.co/0d5dc7VJfb","attachments":{"media_keys":["3_1425487818592333826"]},"author_id":"710805102"},{"created_at":"2021-08-11T16:02:27.000Z","public_metrics":{"retweet_count":0,"reply_count":0,"like_count":1,"quote_count":0},"lang":"en","id":"1425487786317160448","text":"One Small Stream Against a Torrent of Fire (The 2020 Colorado Wildfires #8)\nhttps://t.co/QlWbV7jyRR\n\nGrey Cross Studios\n#art #artist #Colorado #wildfire #climatechange #climatedestruction #surrealism #surrealart https://t.co/tEVR9Vz8I8","attachments":{"media_keys":["3_1425487776179437570"]},"author_id":"20207761"},{"created_at":"2021-08-11T16:02:13.000Z","public_metrics":{"retweet_count":3,"reply_count":0,"like_count":4,"quote_count":0},"lang":"en","id":"1425487727340949506","text":"Confronting the Vipers Sting (The 2020 Colorado Wildfires #7)\nhttps://t.co/jXSkrPOoqF\n\nGrey Cross Studios\n#art #artist #Colorado #wildfire #climatechange #climatedestruction #surrealism #surrealart https://t.co/VK6mu2e4uL","attachments":{"media_keys":["3_1425487718293835782"]},"author_id":"20207761"},{"created_at":"2021-08-11T16:01:58.000Z","public_metrics":{"retweet_count":0,"reply_count":0,"like_count":0,"quote_count":0},"lang":"en","id":"1425487665722449927","text":"Now I Lay Me Down to Sleep (The 2020 Colorado Wildfires #6)\nhttps://t.co/rVTzOVoZh9\n\nGrey Cross Studios\n#art #artist #Colorado #wildfire #climatechange #climatedestruction #surrealism #surrealart https://t.co/v6ZCcUzXGH","attachments":{"media_keys":["3_1425487650333528065"]},"author_id":"20207761"},{"created_at":"2021-08-11T16:01:49.000Z","public_metrics":{"retweet_count":0,"reply_count":0,"like_count":1,"quote_count":0},"lang":"en","id":"1425487628783296512","text":"Greece is experiencing its worst heatwave since 1987, resulting in wildfires.\nhttps://t.co/ozbaIBNO6Z\n\n#travel #climatechange #nature #environment #weather #fire #greece #wildfire #firefighter #firefighters @PittockJon","author_id":"159483953"},{"created_at":"2021-08-11T16:01:42.000Z","public_metrics":{"retweet_count":0,"reply_count":0,"like_count":1,"quote_count":0},"lang":"en","id":"1425487598504583169","text":"A Spirit Rising From a Scorched Plain (The 2020 Colorado Wildfires #5)\nhttps://t.co/oUeFBn3D5L\n\nGrey Cross Studios\n#art #artist #Colorado #wildfire #climatechange #climatedestruction #surrealism #surrealart https://t.co/s6s6kZvSS9","attachments":{"media_keys":["3_1425487579034554368"]},"author_id":"20207761"},{"created_at":"2021-08-11T16:01:21.000Z","public_metrics":{"retweet_count":0,"reply_count":0,"like_count":1,"quote_count":0},"lang":"en","id":"1425487509207797764","text":"Endangered Species (The 2020 Colorado Wildfires #4)\nhttps://t.co/5zU5RDAJas\n\nGrey Cross Studios\n#art #artist #Colorado #wildfire #climatechange #climatedestruction #surrealism #surrealart https://t.co/Zqn69CylDN","attachments":{"media_keys":["3_1425487487909126146"]},"author_id":"20207761"},{"created_at":"2021-08-11T16:00:59.000Z","public_metrics":{"retweet_count":0,"reply_count":0,"like_count":2,"quote_count":0},"lang":"en","id":"1425487418766110721","text":"The Road Home (The 2020 Colorado Wildfires #3)\nhttps://t.co/K5qFm3dcCh\n\nGrey Cross Studios\n#art #artist #Colorado #wildfire #climatechange #climatedestruction #surrealism #surrealart https://t.co/QjpF4ze2fV","attachments":{"media_keys":["3_1425487405507809281"]},"author_id":"20207761"},{"created_at":"2021-08-11T16:00:41.000Z","public_metrics":{"retweet_count":0,"reply_count":0,"like_count":1,"quote_count":0},"lang":"en","id":"1425487341892816901","text":"Driving Into Hell (The 2020 Colorado Wildfires #2)\nhttps://t.co/GLS3jZYVon\n\nGrey Cross Studios\n#art #artist #Colorado #wildfire #climatechange #climatedestruction #surrealism #surrealart https://t.co/6UKImTvzST","attachments":{"media_keys":["3_1425487321957273603"]},"author_id":"20207761"},{"created_at":"2021-08-11T16:00:19.000Z","public_metrics":{"retweet_count":1,"reply_count":0,"like_count":3,"quote_count":1},"lang":"en","id":"1425487251316875267","text":"Memorial to a Burning World (The 2020 Colorado Wildfires #1)\nhttps://t.co/VfT8H1BJzE\n\nGrey Cross Studios\n#art #artist #Colorado #wildfire #climatechange #climatedestruction #surrealism #surrealart https://t.co/RP0HauFTwf","attachments":{"media_keys":["3_1425487243301511174"]},"author_id":"20207761"},{"created_at":"2021-08-11T15:57:52.000Z","public_metrics":{"retweet_count":0,"reply_count":0,"like_count":0,"quote_count":0},"lang":"en","id":"1425486632468180997","text":"The same cult that burned The cathedral in France in lighting the world on fire. The fires in Greece I saw on the news don't look very wild. There were many little blazes.\n#Wildfire #Forestfire #religion #ClimateEmergency #ClimateCrisis #ClimateAction #socialism #law #fire","author_id":"807137815356026881"},{"created_at":"2021-08-11T15:56:41.000Z","public_metrics":{"retweet_count":0,"reply_count":0,"like_count":0,"quote_count":0},"lang":"en","id":"1425486336337797128","text":"#Texas And #Florida Request #OutsideHelp Amid Covid Surges—But Still Resist Mitigation Measures - the nerve of these #covidiots calling for help for the #wildfire #epidemic they caused. #GOPStupidity  https://t.co/jzHX7gOQBh","author_id":"19006397"},{"created_at":"2021-08-11T15:55:06.000Z","public_metrics":{"retweet_count":2,"reply_count":1,"like_count":4,"quote_count":0},"lang":"en","id":"1425485935987228681","text":"A P100 respirator with fresh cartridges makes working outside safe &amp; breathing easy in these #wildfire #smoke conditions. ✔️ https://t.co/2GCFI8mLsf","attachments":{"media_keys":["3_1425485925094592512"]},"author_id":"48415432"},{"created_at":"2021-08-11T15:50:05.000Z","public_metrics":{"retweet_count":0,"reply_count":0,"like_count":0,"quote_count":0},"lang":"ro","id":"1425484674554482696","text":"Coexist or perish, #wildfire analysis says https://t.co/d6zg2XvlzP UCBerkeleyNews via @_OScience #ecology https://t.co/xSqf8jnLP8","attachments":{"media_keys":["3_530544109287911424"]},"author_id":"2395507958"},{"created_at":"2021-08-11T15:47:23.000Z","public_metrics":{"retweet_count":2,"reply_count":1,"like_count":1,"quote_count":0},"lang":"en","id":"1425483996570415108","text":"Emergency officials implored British Columbians to obey #wildfire evacuation orders, citing their growing concerns about residents refusing to leave in the face of fires, and some incidents of verbal abuse at road checkpoints. https://t.co/JF65P8rjau","author_id":"1185531782952816640"},{"created_at":"2021-08-11T15:45:00.000Z","public_metrics":{"retweet_count":6,"reply_count":0,"like_count":5,"quote_count":0},"lang":"en","id":"1425483395027570693","text":"#Wildfire isn’t unique to the West. And right now, as the risk of wildfire rises across America, more people than ever before are living in fire-prone areas. Explore this story map by @NPR to learn more:\n \nhttps://t.co/HatyUi1siL https://t.co/ZbudkHELA0","attachments":{"media_keys":["16_1425477054603173889"]},"author_id":"423665646"},{"created_at":"2021-08-11T15:38:34.000Z","public_metrics":{"retweet_count":10,"reply_count":0,"like_count":17,"quote_count":0},"lang":"en","id":"1425481777590702089","text":"Are you a journalist preparing to cover wildfires? CPJ's #wildfire safety note includes information on how to prepare and stay safe on assignment.\n\nRead, bookmark, and share ⤵️\n\n#JournalistSafety #JournoSafe #CPJEmergencies #CoveringClimate\nhttps://t.co/LjfSsRWI2N","author_id":"18650093"},{"created_at":"2021-08-11T15:37:59.000Z","public_metrics":{"retweet_count":0,"reply_count":0,"like_count":1,"quote_count":0},"lang":"en","id":"1425481632392253445","text":"Another morning, another #GOES17 loop of #wildfire \uD83D\uDD25 #smoke in northern California...  Some moisture moving in from the south.  Hopefully limited \uD83C\uDF29️associated with this! \uD83E\uDD1E #CAwx #CAfire https://t.co/jrFXMB1qUx","attachments":{"media_keys":["16_1425480443462180865"]},"author_id":"954892164583981056"},{"created_at":"2021-08-11T15:35:46.000Z","public_metrics":{"retweet_count":1,"reply_count":0,"like_count":3,"quote_count":0},"lang":"en","id":"1425481071370571777","text":"To stop forest fires: invest in a network of fire detection satellites and drones for early detection when fires are too small and manageable\n\nBuild a network of early response, even autonomous drones that immediately fly to suppress fires\n\nNo #wildfire would ever occure https://t.co/y4A9chVFS3","author_id":"47107118"},{"created_at":"2021-08-11T15:34:46.000Z","public_metrics":{"retweet_count":0,"reply_count":0,"like_count":1,"quote_count":0},"lang":"ru","id":"1425480819246776320","text":"Катаклизмы за день 11 АВГУСТА 2021! Пульс Земли! в мире событие дня #flo... https://t.co/5L2GAQub8e через @YouTube \n#катаклизмы #ураган  #Turkey #Kavala #βαβάλα #Algeria #Caracas #forestfire #ливень  #floods #wildfire #больземли #вмире #Kastamonu #пульсземли #катаклизмызадень","author_id":"1138424862307946501"},{"created_at":"2021-08-11T15:30:05.000Z","public_metrics":{"retweet_count":2,"reply_count":1,"like_count":1,"quote_count":0},"lang":"en","id":"1425479643419791365","text":"#CAFire Update: #DixieFire is 27% contained, has burned 490,205 acres &amp; more than 500 homes, making it among the most destructive fires in California’s history. https://t.co/A8HeM15cPy h/t @ByLHernandez &amp; @omarsrashad For more #wildfire updates: https://t.co/kc8iRrII77 @CAL_FIRE https://t.co/ZWJKgqmKV1","attachments":{"media_keys":["3_1425479641171742721"]},"author_id":"48817182"},{"created_at":"2021-08-11T15:25:03.000Z","public_metrics":{"retweet_count":1,"reply_count":0,"like_count":1,"quote_count":0},"lang":"en","id":"1425478375871819780","text":"We will need to adapt our homes and our forests: “controlled burns to change fuel loads often won’t protect homes on the wildland-urban interface...But they will modify the fire in ways that improve the future forest.” via @RobChaney1 #wildfire https://t.co/nqULDTeIBh https://t.co/jyVyeP38hd","attachments":{"media_keys":["3_1425478372344356876"]},"author_id":"1074627836"},{"created_at":"2021-08-11T15:24:47.000Z","public_metrics":{"retweet_count":0,"reply_count":0,"like_count":1,"quote_count":0},"lang":"en","id":"1425478308083478528","text":"\uD83D\uDDFA New map: [#EMSR527] Evia: Delineation Product, Monitoring 3, version 1, release 1, RTP Map #01 [v1, 1:84000]\n\uD83D\uDD17 https://t.co/OjFF4zLsnj — #wildfire #delineation in #Greece\n#Copernicus #CEMS #RapidMapping #EUCivPro","author_id":"2201283403"},{"created_at":"2021-08-11T15:22:39.000Z","public_metrics":{"retweet_count":1,"reply_count":0,"like_count":4,"quote_count":0},"lang":"en","id":"1425477770654621697","text":"Today's #Wildfire \uD83D\uDD25 Danger Rating for the City of #LosAngeles is VERY HIGH: https://t.co/WYtc7w1yU5\n\nPlease be #ReadyForWildfire and help #PreventWildfire: \n\n\uD83D\uDD17 https://t.co/hQXs59ITUz\n\n https://t.co/S9hfZiB1Vv","attachments":{"media_keys":["3_1186298075016417280"]},"author_id":"25144145"},{"created_at":"2021-08-11T15:20:36.000Z","public_metrics":{"retweet_count":1,"reply_count":0,"like_count":3,"quote_count":0},"lang":"en","id":"1425477255048974336","text":"The Solar Generator brings emergency power to your cell phone, home appliances, medical devices, cameras, security systems, repair tools, and so much more! \n#homepower2 #solarpower2 #seasonaldisasters #naturaldisaster #hurricane #hurricanseason #wildfire #wildfireseason https://t.co/LYt62M1I7p","attachments":{"media_keys":["3_1425477121934348288"]},"author_id":"1289312614665707520"},{"created_at":"2021-08-11T15:20:04.000Z","public_metrics":{"retweet_count":1,"reply_count":0,"like_count":4,"quote_count":0},"lang":"en","id":"1425477119635820549","text":"One function of the North Valley Community Foundation is to fill gaps. This is why our North Complex Fire Grant Program has awarded $34,500 to Butte County, so the county will waive the cost of temporary housing permits for #NorthComplex Fire survivors. #BearFire #wildfire https://t.co/gegTn6YJ8h","attachments":{"media_keys":["3_1425477116318081024"]},"author_id":"25705049"},{"created_at":"2021-08-11T15:12:03.000Z","public_metrics":{"retweet_count":0,"reply_count":0,"like_count":0,"quote_count":0},"lang":"en","id":"1425475102188081153","text":"Dixie Fire now second-largest wildfire in California State history\nHeatMap Column 4&gt; https://t.co/xddBncGGkR\n  #Wildfires #Wildfire https://t.co/QmLwhkhxrj","attachments":{"media_keys":["3_1425475099667230723"]},"author_id":"867896844852101121"},{"created_at":"2021-08-11T15:09:43.000Z","public_metrics":{"retweet_count":1,"reply_count":1,"like_count":16,"quote_count":0},"lang":"en","id":"1425474518802259969","text":"A few days ago at Ellery Lake in #Yosemite high country. Woman who took the photo told me it looks like mist, but it's smoke over the water. #wildfire #climate https://t.co/iTnFGhShhn","attachments":{"media_keys":["3_1425474062084546567"]},"author_id":"18229868"},{"created_at":"2021-08-11T15:06:20.000Z","public_metrics":{"retweet_count":0,"reply_count":0,"like_count":0,"quote_count":0},"lang":"en","id":"1425473665836060684","text":"Reduce smoke inhalation during natural disasters with help from these tips for indoor and outdoor #wildfire smoke safety. https://t.co/gNzt92T3sy","author_id":"1094659107095748613"},{"created_at":"2021-08-11T15:00:25.000Z","public_metrics":{"retweet_count":7,"reply_count":0,"like_count":9,"quote_count":1},"lang":"en","id":"1425472177302814727","text":"Know your #HomeIgnitionZone: In the Extended Zone (30-100ft from the home), the goal is to interrupt the path of #wildfire by disposing of heavy accumulations of ground litter &amp; dead debris. Learn more: https://t.co/u9cBtupajE\n\n#fireadapted #firewise #readyforwildfire https://t.co/1MUoC8mqfz","attachments":{"media_keys":["3_1425472170357141509"]},"author_id":"19215993"},{"created_at":"2021-08-11T15:00:03.000Z","public_metrics":{"retweet_count":3,"reply_count":0,"like_count":4,"quote_count":0},"lang":"en","id":"1425472082029199367","text":"Reduce smoke inhalation during natural disasters with help from these tips for indoor and outdoor #wildfire smoke safety. https://t.co/5NUsvuHPO6 https://t.co/LW93E3z0Li","attachments":{"media_keys":["3_1425472074756337667"]},"author_id":"1638843894"},{"created_at":"2021-08-11T15:00:02.000Z","public_metrics":{"retweet_count":0,"reply_count":0,"like_count":0,"quote_count":0},"lang":"en","id":"1425472080871444490","text":"FutureDanger Indicator: WILDFIRES LAY WASTE\nHeatMap Column 4&gt; https://t.co/lN14i125gK\n  #Wildfires #Wildfire #HeatMap #FutureDanger https://t.co/UZMjSGDUq9","attachments":{"media_keys":["3_1425472079487401986"]},"author_id":"868211017632894977"},{"created_at":"2021-08-11T14:55:02.000Z","public_metrics":{"retweet_count":0,"reply_count":0,"like_count":0,"quote_count":0},"lang":"en","id":"1425470822399967238","text":"Your home can survive a #wildfire \nhttps://t.co/uWe8x0PXL2\n#wildfires #fireready","author_id":"746118639091277825"},{"created_at":"2021-08-11T14:48:15.000Z","public_metrics":{"retweet_count":41,"reply_count":1,"like_count":155,"quote_count":0},"lang":"en","id":"1425469114835951619","text":"There was no war you lost, heros.\n\nWe know you from the way you bring the blazes to their knees. You never give up! We know that from planting the saplings by scraping the ashes with your hands.\n\nGreen homeland rises from the ashes as long as you love homeland.\n#wildfire\n#forest https://t.co/NsvQYSPYkb","attachments":{"media_keys":["3_1425469108271861760"]},"author_id":"1315636232278487042"},{"created_at":"2021-08-11T14:45:36.000Z","public_metrics":{"retweet_count":0,"reply_count":0,"like_count":0,"quote_count":0},"lang":"en","id":"1425468447136391173","text":"Carlos da Câmara says one problem is: population of urban areas is completely disconnected from what a #wildfire is, “they think it must always have an extraordinary cause”, such as lightning which, in fact, is less frequent cause of ignitions. https://t.co/DkUK0NvHSl","author_id":"144703320"},{"created_at":"2021-08-11T14:45:08.000Z","public_metrics":{"retweet_count":0,"reply_count":0,"like_count":0,"quote_count":0},"lang":"und","id":"1425468330165604354","text":"\uD83D\uDCF7\uD83D\uDCF7 #Repost @aaronharoldhenry\n\n#wildland #fire #wildlandfire #wildlandfirefighter #wildfire #firefighters #forestrytech https://t.co/vdzYWAB6o3","attachments":{"media_keys":["3_1425468328584286210"]},"author_id":"128128069"},{"created_at":"2021-08-11T14:40:49.000Z","public_metrics":{"retweet_count":0,"reply_count":0,"like_count":2,"quote_count":0},"lang":"en","id":"1425467245195677699","text":"Forest fires depend on meteorology (which we cannot control), the amount of dry vegetation (difficult to manage) and ignitions — and this depends almost entirely on people's action, say experts. \n#wildfire  https://t.co/DkUK0NvHSl","author_id":"144703320"},{"created_at":"2021-08-11T14:40:45.000Z","public_metrics":{"retweet_count":0,"reply_count":0,"like_count":0,"quote_count":0},"lang":"en","id":"1425467225348136966","text":"#wildfire  rips through #Algeria , killing 42 people including soldiers\n#ClimateCrisis \nhttps://t.co/C7uBWe1zn9 https://t.co/LwEW5oNusY","attachments":{"media_keys":["3_1425467217831923715","3_1425467217899134976"]},"author_id":"874300694"},{"created_at":"2021-08-11T14:38:52.000Z","public_metrics":{"retweet_count":4,"reply_count":0,"like_count":11,"quote_count":0},"lang":"en","id":"1425466751471345664","text":"Wind shifting out of the south on Thursday, which should transport more #wildfire smoke in our direction. I believe we avoid most of the smoke today in the valley. @KOINNews #orwx #wawx https://t.co/gigvZLe7rH","attachments":{"media_keys":["3_1425466420402352131","3_1425466420398149635","3_1425466420515643392","3_1425466420742086666"]},"author_id":"396361713"},{"created_at":"2021-08-11T14:38:33.000Z","public_metrics":{"retweet_count":1,"reply_count":0,"like_count":0,"quote_count":0},"lang":"en","id":"1425466673784492036","text":"Fire officials are predicting more wildfires in the West as forecasts call for dangerously high temperatures\n#Climate #Drought #Wildfire\nhttps://t.co/mTS1GEQL1A","author_id":"22653760"},{"created_at":"2021-08-11T14:37:39.000Z","public_metrics":{"retweet_count":11,"reply_count":0,"like_count":37,"quote_count":0},"lang":"en","id":"1425466447095078921","text":"The stars in the sky witnessed the suffering of trees and animals on the ground.\n\nWe promise. \n\nWith hope, the same stars will also witness the saplings when they will become green.\n\n@ogm\n#wildfire\n#forest\n#forestourhomeland\n#forestourlife\n#greenhomeland https://t.co/lvFDGUNkVR","attachments":{"media_keys":["7_1425466376240705548"]},"author_id":"1315636232278487042"},{"created_at":"2021-08-11T14:36:28.000Z","public_metrics":{"retweet_count":4,"reply_count":1,"like_count":6,"quote_count":0},"lang":"en","id":"1425466151182630913","text":"A reprieve from evictions for Paradise #wildfire victims still in RVs - w/@RyanSabalow  https://t.co/BoMZuJcNzs","author_id":"187043060"},{"created_at":"2021-08-11T14:33:59.000Z","public_metrics":{"retweet_count":2,"reply_count":0,"like_count":1,"quote_count":0},"lang":"en","id":"1425465525132357635","text":"Wildfire rips through Algeria, killing at least 65 including soldiers\n#Climate #Wildfire #Algeria\nhttps://t.co/WRC26aelrj","author_id":"22653760"}],"includes":{"media":[{"media_key":"3_1425518895885078536","type":"photo","url":"https://pbs.twimg.com/media/E8h14hHWUAghWCk.png"},{"media_key":"3_1425517492974231556","type":"photo","url":"https://pbs.twimg.com/media/E8h0m23VoAQMnRW.jpg"},{"media_key":"7_1425517443552849926","public_metrics":{"view_count":39},"type":"video"},{"media_key":"3_1425516302068822016","type":"photo","url":"https://pbs.twimg.com/media/E8hzhiZXMAAYwC2.jpg"},{"media_key":"7_1425514764927709186","public_metrics":{"view_count":63},"type":"video"},{"media_key":"16_1425459239435309063","type":"animated_gif"},{"media_key":"3_1425510521202036740","type":"photo","url":"https://pbs.twimg.com/media/E8huRC_UUAQ9lZo.jpg"},{"media_key":"3_1425509918023487492","type":"photo","url":"https://pbs.twimg.com/media/E8htt7-WEAQbrDv.jpg"},{"media_key":"3_1425506722714640388","type":"photo","url":"https://pbs.twimg.com/media/E8hqz8hWYAQRq-5.jpg"},{"media_key":"3_1425506542292512777","type":"photo","url":"https://pbs.twimg.com/media/E8hqpcZXMAkjFr4.jpg"},{"media_key":"3_1425506546562306056","type":"photo","url":"https://pbs.twimg.com/media/E8hqpsTXEAgytLV.jpg"},{"media_key":"3_1425506550727258114","type":"photo","url":"https://pbs.twimg.com/media/E8hqp70XMAI65_h.jpg"},{"media_key":"3_1425506554237890565","type":"photo","url":"https://pbs.twimg.com/media/E8hqqI5XMAUz1gC.jpg"},{"media_key":"3_1425502343567642624","type":"photo","url":"https://pbs.twimg.com/media/E8hm1C7WEAA9lFN.jpg"},{"media_key":"3_1425502302023135246","type":"photo","url":"https://pbs.twimg.com/media/E8hmyoKXMA4uj5W.jpg"},{"media_key":"3_1425500577983778821","type":"photo","url":"https://pbs.twimg.com/media/E8hlORnWUAUsVvg.jpg"},{"media_key":"3_1425499007657422849","type":"photo","url":"https://pbs.twimg.com/media/E8hjy3sXsAE_WFh.jpg"},{"media_key":"7_1425498393686777861","public_metrics":{"view_count":353},"type":"video"},{"media_key":"3_1425489170114416656","type":"photo","url":"https://pbs.twimg.com/media/E8ha2P_WEBAXoNN.jpg"},{"media_key":"3_1425488418742669318","type":"photo","url":"https://pbs.twimg.com/media/E8haKg6XEAYMswB.jpg"},{"media_key":"3_1425488363126132739","type":"photo","url":"https://pbs.twimg.com/media/E8haHRuWEAMvDHc.jpg"},{"media_key":"3_1425488313788608516","type":"photo","url":"https://pbs.twimg.com/media/E8haEZ7XMAQWRyx.jpg"},{"media_key":"3_1425488267277963268","type":"photo","url":"https://pbs.twimg.com/media/E8haBsqXEAQudDt.jpg"},{"media_key":"3_1425488219802640384","type":"photo","url":"https://pbs.twimg.com/media/E8hZ-7zXIAAXKL4.jpg"},{"media_key":"3_1425488166971117573","type":"photo","url":"https://pbs.twimg.com/media/E8hZ72_WEAUt4Ff.jpg"},{"media_key":"3_1425488116043943951","type":"photo","url":"https://pbs.twimg.com/media/E8hZ45RXEA89f1P.jpg"},{"media_key":"3_1425488061845102592","type":"photo","url":"https://pbs.twimg.com/media/E8hZ1vXWYAAhL5k.jpg"},{"media_key":"3_1425488011526090752","type":"photo","url":"https://pbs.twimg.com/media/E8hZyz6XMAAyw4I.jpg"},{"media_key":"3_1425488012125904898","type":"photo","url":"https://pbs.twimg.com/media/E8hZy2JXoAI1mW6.jpg"},{"media_key":"3_1425487951501344773","type":"photo","url":"https://pbs.twimg.com/media/E8hZvUTWQAUDvDU.jpg"},{"media_key":"3_1425487890537226241","type":"photo","url":"https://pbs.twimg.com/media/E8hZrxMXoAExlcn.jpg"},{"media_key":"3_1425487835130433536","type":"photo","url":"https://pbs.twimg.com/media/E8hZoiyXEAAFaDT.jpg"},{"media_key":"3_1425487818592333826","type":"photo","url":"https://pbs.twimg.com/media/E8hZnlLXsAI_GLK.jpg"},{"media_key":"3_1425487776179437570","type":"photo","url":"https://pbs.twimg.com/media/E8hZlHLWQAIDikF.jpg"},{"media_key":"3_1425487718293835782","type":"photo","url":"https://pbs.twimg.com/media/E8hZhviWEAY9vdO.jpg"},{"media_key":"3_1425487650333528065","type":"photo","url":"https://pbs.twimg.com/media/E8hZdyXWEAEob8e.jpg"},{"media_key":"3_1425487579034554368","type":"photo","url":"https://pbs.twimg.com/media/E8hZZowWEAArHCk.jpg"},{"media_key":"3_1425487487909126146","type":"photo","url":"https://pbs.twimg.com/media/E8hZUVSWYAIna-n.jpg"},{"media_key":"3_1425487405507809281","type":"photo","url":"https://pbs.twimg.com/media/E8hZPiUWEAELonl.jpg"},{"media_key":"3_1425487321957273603","type":"photo","url":"https://pbs.twimg.com/media/E8hZKrEWEAM1HCl.jpg"},{"media_key":"3_1425487243301511174","type":"photo","url":"https://pbs.twimg.com/media/E8hZGGDWYAYd2mc.jpg"},{"media_key":"3_1425485925094592512","type":"photo","url":"https://pbs.twimg.com/media/E8hX5XWVEAAbdzr.jpg"},{"media_key":"3_530544109287911424","type":"photo","url":"https://pbs.twimg.com/media/B1zfDnPIMAAKD0O.jpg"},{"media_key":"16_1425477054603173889","type":"animated_gif"},{"media_key":"16_1425480443462180865","type":"animated_gif"},{"media_key":"3_1425479641171742721","type":"photo","url":"https://pbs.twimg.com/media/E8hSLl6X0AEO9yJ.jpg"},{"media_key":"3_1425478372344356876","type":"photo","url":"https://pbs.twimg.com/media/E8hRBvKWYAwtKPm.jpg"},{"media_key":"3_1186298075016417280","type":"photo","url":"https://pbs.twimg.com/media/EHaT0F8VUAAXfr8.jpg"},{"media_key":"3_1425477121934348288","type":"photo","url":"https://pbs.twimg.com/media/E8hP49BX0AAyoKf.jpg"},{"media_key":"3_1425477116318081024","type":"photo","url":"https://pbs.twimg.com/media/E8hP4oGWYAAY2Qv.jpg"},{"media_key":"3_1425475099667230723","type":"photo","url":"https://pbs.twimg.com/media/E8hODPfUcAMVp7r.png"},{"media_key":"3_1425474062084546567","type":"photo","url":"https://pbs.twimg.com/media/E8hNG2MVIAcjk0q.jpg"},{"media_key":"3_1425472170357141509","type":"photo","url":"https://pbs.twimg.com/media/E8hLYu9XsAULDuC.jpg"},{"media_key":"3_1425472074756337667","type":"photo","url":"https://pbs.twimg.com/media/E8hLTK0XMAMldAh.jpg"},{"media_key":"3_1425472079487401986","type":"photo","url":"https://pbs.twimg.com/media/E8hLTccVgAIBxCa.png"},{"media_key":"3_1425469108271861760","type":"photo","url":"https://pbs.twimg.com/media/E8hImfzWUAAxw9N.jpg"},{"media_key":"3_1425468328584286210","type":"photo","url":"https://pbs.twimg.com/media/E8hH5HPWEAIbgUI.jpg"},{"media_key":"3_1425467217831923715","type":"photo","url":"https://pbs.twimg.com/media/E8hG4dXWEAMW5cc.jpg"},{"media_key":"3_1425467217899134976","type":"photo","url":"https://pbs.twimg.com/media/E8hG4dnXoAAjr3I.jpg"},{"media_key":"3_1425466420402352131","type":"photo","url":"https://pbs.twimg.com/media/E8hGKCtUcAMURHI.jpg"},{"media_key":"3_1425466420398149635","type":"photo","url":"https://pbs.twimg.com/media/E8hGKCsUUAMl78j.jpg"},{"media_key":"3_1425466420515643392","type":"photo","url":"https://pbs.twimg.com/media/E8hGKDIVIAAFvm8.jpg"},{"media_key":"3_1425466420742086666","type":"photo","url":"https://pbs.twimg.com/media/E8hGKD-UYAooSnw.jpg"},{"media_key":"7_1425466376240705548","public_metrics":{"view_count":703},"type":"video"}]},"meta":{"newest_id":"1425519251683745799","oldest_id":"1425465525132357635","result_count":100,"next_token":"b26v89c19zqg8o3fpdm8kmf6kepl47xjo2e3a66gf3q0t"}}