{"data":[{"id":"1424713463033651203","created_at":"2021-08-09T12:45:34.000Z","text":"1/3 This is the kind of #satellite data that as a researcher you wish to avoid in your life... \nThe wildfires in #Euboea island, #Greece exhibited #pyroconvection for 6 consecutive days indicating the erratic behaviour of this #wildfires which are still raging out of control. https://t.co/6lGCgV1xoK","public_metrics":{"retweet_count":1,"reply_count":1,"like_count":1,"quote_count":0},"attachments":{"media_keys":["3_1424713338085421075"]},"author_id":"1341364744960274434","lang":"en"},{"id":"1424713269231640581","created_at":"2021-08-09T12:44:47.000Z","text":"\uD83C\uDF0E\uD83D\uDD25\uD83C\uDF2B️⚠️\uD83D\uDC47\uD83C\uDFFC #California #CA #Wildfires #Smoke #Haze #BayArea #ClimateChange #ActOnClimate #ClimateCrisis #ClimateEmergency #ClimateActionNow #TakeAction #FaceTheClimateEmergency https://t.co/CPcs6xqcRI","public_metrics":{"retweet_count":0,"reply_count":0,"like_count":0,"quote_count":0},"author_id":"1477668158","lang":"und"},{"id":"1424713175006474242","created_at":"2021-08-09T12:44:25.000Z","text":"#NowWatching New IPCC report: More heat, more extreme weather events | DW News https://t.co/7r2y8OrQRd #globalwarming #heatwave #wildfires #floods","public_metrics":{"retweet_count":0,"reply_count":0,"like_count":0,"quote_count":0},"author_id":"12858672","lang":"en"},{"id":"1424713165032497165","created_at":"2021-08-09T12:44:23.000Z","text":"Turkey: Wildfires in Milas by İdil Toffolo #Turkeyisburning #wildfires  #Turkey #turkeyisonfire https://t.co/Pj0lMrraPk","public_metrics":{"retweet_count":0,"reply_count":0,"like_count":0,"quote_count":0},"attachments":{"media_keys":["3_1424713140948791300"]},"author_id":"3073807656","lang":"en"},{"id":"1424713141200564225","created_at":"2021-08-09T12:44:17.000Z","text":"The once green #Gokova bays located in Turkey's famous tourist hotspot #Bodrum turned black after being ravaged by #wildfires, as seen on Sunday.\n#dronefootage #Turkey https://t.co/9h9mWJyfk2","public_metrics":{"retweet_count":5,"reply_count":0,"like_count":2,"quote_count":2},"attachments":{"media_keys":["13_1424712409793634304"]},"author_id":"934399189","lang":"en"},{"id":"1424713029510475776","created_at":"2021-08-09T12:43:50.000Z","text":"Evia, Greece\nA woman cradles a dog as forest fires sweep towards Pefki village\nPhotograph: Angelos Tzortzinis/AFP/Getty Images #Greece #wildfires #climate #environment #wildlife #IPCC https://t.co/2YT7Dxmpgm https://t.co/kKLvfpDIE3","public_metrics":{"retweet_count":5,"reply_count":0,"like_count":4,"quote_count":0},"attachments":{"media_keys":["3_1424713026540916742"]},"author_id":"16797866","lang":"en"},{"id":"1424712545315659781","created_at":"2021-08-09T12:41:55.000Z","text":"The escalation of #wildfires in Greece,Turkey,Italy infact throughout Europe is alarming..have scientists ascertained the cause of such blazing inferno engulfing miles and miles of forests??","public_metrics":{"retweet_count":0,"reply_count":0,"like_count":0,"quote_count":0},"author_id":"3095732238","lang":"en"},{"id":"1424712383780503554","created_at":"2021-08-09T12:41:16.000Z","text":"#Greece - Dozens of Nations Send Help To Battle Fires; #GreeceFires Continue to Burn for 7th Day; Settlements, villages, and towns continue to be evacuated, via @GreekReporter https://t.co/q6gC2StN4p #Greecewildfires #wildfires #ClimateCrisis #ClimateChange #news  #PrayForGreece","public_metrics":{"retweet_count":0,"reply_count":0,"like_count":2,"quote_count":0},"author_id":"171828737","lang":"en"},{"id":"1424712315195334658","created_at":"2021-08-09T12:41:00.000Z","text":"This is an interesting contrast to earlier work @FunEcology in the same system that showed that nocturnal pollen‐transport networks had lower complexity and robustness following #wildfires than at nearby unburned sites, with much less pollen transported https://t.co/8ZON10yjoS https://t.co/g3xcZIa8Ow","public_metrics":{"retweet_count":0,"reply_count":1,"like_count":0,"quote_count":0},"author_id":"900201493","lang":"en"},{"id":"1424712304373948418","created_at":"2021-08-09T12:40:57.000Z","text":"\"At grief so deep the tongue must wag in vain; the language of our sense and memory lacks the vocabulary of such pain.\" Dante Alighieri Inferno\nPhotos from  Evia Island Greece, where the wildfires have burned to the ground 460.000 acres of land\n#greeceisburning #evoia #wildfires https://t.co/2zKcAi7zln","public_metrics":{"retweet_count":2,"reply_count":0,"like_count":2,"quote_count":1},"attachments":{"media_keys":["3_1424712298267136005","3_1424712301903552512"]},"author_id":"292906479","lang":"en"}],"includes":{"media":[{"media_key":"3_1424713338085421075","type":"photo","url":"https://pbs.twimg.com/media/E8WZO4dXsBM3fMN.jpg"},{"media_key":"3_1424713140948791300","type":"photo","url":"https://pbs.twimg.com/media/E8WZDaEVcAQTHV0.jpg"},{"media_key":"13_1424712409793634304","public_metrics":{"view_count":499},"type":"video"},{"media_key":"3_1424713026540916742","type":"photo","url":"https://pbs.twimg.com/media/E8WY8v3X0AY0yYN.jpg"},{"media_key":"3_1424712298267136005","type":"photo","url":"https://pbs.twimg.com/media/E8WYSW1X0AU_upk.jpg"},{"media_key":"3_1424712301903552512","type":"photo","url":"https://pbs.twimg.com/media/E8WYSkYXIAAuJA8.jpg"}]},"meta":{"newest_id":"1424713463033651203","oldest_id":"1424712304373948418","result_count":10,"next_token":"b26v89c19zqg8o3fpdm85n5x0nf9c7ft8ezbij4wzqa2l"}}