{"data":[{"id":"1425465077965099015","lang":"en","text":"Siberia's wildfires are bigger than all the world's other blazes\n#Climate #Wildfire #Russia\nhttps://t.co/N7Bc2XcfP1","created_at":"2021-08-11T14:32:13.000Z","author_id":"22653760","public_metrics":{"retweet_count":2,"reply_count":0,"like_count":2,"quote_count":1}},{"id":"1425464992103419905","lang":"en","text":"More than one thousand buildings destroyed by massive California fire\n#Climate #Wildfire #CA\nhttps://t.co/dSIjiLwY9d","created_at":"2021-08-11T14:31:52.000Z","author_id":"22653760","public_metrics":{"retweet_count":1,"reply_count":1,"like_count":1,"quote_count":0}},{"id":"1425464923283333125","lang":"en","text":"The devastating wildfires of 2021 are breaking records and satellites are tracking it all\n#Climate #Recordbreaking #Wildfire\nhttps://t.co/vRkarammTH","created_at":"2021-08-11T14:31:36.000Z","author_id":"22653760","public_metrics":{"retweet_count":0,"reply_count":0,"like_count":0,"quote_count":1}},{"id":"1425464871869685763","lang":"und","text":"#Algeria #Wildfire https://t.co/09h38FUKOa","created_at":"2021-08-11T14:31:23.000Z","author_id":"3236743043","public_metrics":{"retweet_count":0,"reply_count":0,"like_count":2,"quote_count":1}},{"id":"1425463316235833353","lang":"en","text":"#Wildfire response tip: Wait for the “all clear” and check with fire officials before attempting to re-enter your home. Click here for more tips: https://t.co/wVrxo1z7W1 https://t.co/x274yxf7fr","created_at":"2021-08-11T14:25:13.000Z","attachments":{"media_keys":["7_1425460643889434626"]},"author_id":"1197184906276691968","public_metrics":{"retweet_count":1,"reply_count":0,"like_count":0,"quote_count":0}},{"id":"1425463207313936390","lang":"en","text":"\uD83D\uDDFA New map: [#EMSR531] East Mani: Delineation Product, Monitoring 4, version 1, release 1, RTP Map #01 [v1, 1:40000]\n\uD83D\uDD17 https://t.co/KFl04EEE6o — #wildfire #delineation in #Greece\n#Copernicus #CEMS #RapidMapping #EUCivPro","created_at":"2021-08-11T14:24:47.000Z","author_id":"2201283403","public_metrics":{"retweet_count":3,"reply_count":0,"like_count":3,"quote_count":0}},{"id":"1425462768824639488","lang":"en","text":"65 dead due to the wildfires in Tizi Ouzou #algeria #wildfire https://t.co/3rghGUvzSc https://t.co/I3wnCAJeVC","created_at":"2021-08-11T14:23:02.000Z","attachments":{"media_keys":["3_1425462767096578058"]},"author_id":"2498765539","public_metrics":{"retweet_count":0,"reply_count":0,"like_count":1,"quote_count":0}},{"id":"1425460782435905547","lang":"en","text":"Russia \uD83C\uDDF7\uD83C\uDDFA \n\nWildfires tore through the #Siberian village of Byas-Kyuyol so fast at the weekend that people fled leaving their pets behind. Rescuers have since saved six cats who survived the blaze. #ClimateCrisis #wildfire #ClimateAction #Russia https://t.co/9MG3kZpPGE","created_at":"2021-08-11T14:15:08.000Z","attachments":{"media_keys":["7_1425460713158479882"]},"author_id":"829393917816688640","public_metrics":{"retweet_count":3,"reply_count":0,"like_count":2,"quote_count":0}},{"id":"1425458858797920256","lang":"en","text":"@RedwoodGirl Here’s an article talking about fire danger in the northern Midwest, northeast, and south; places where people typically don’t think about fire.\n\nThe quote by #Wisconsin Department of Natural Resources is telling. #Wildfire #ClimateRefugees \nhttps://t.co/xJAF4aab9D https://t.co/mEFcHJ8z8r","created_at":"2021-08-11T14:07:30.000Z","attachments":{"media_keys":["3_1425458853714415625"]},"author_id":"2909121678","public_metrics":{"retweet_count":0,"reply_count":1,"like_count":2,"quote_count":0}},{"id":"1425457501416435714","lang":"en","text":"Spain, Portugal brace for #wildfire threat as temps soar https://t.co/EKENzabNZk","created_at":"2021-08-11T14:02:06.000Z","author_id":"20513956","public_metrics":{"retweet_count":5,"reply_count":0,"like_count":6,"quote_count":0}},{"id":"1425456807452024833","lang":"en","text":"Big #wildfire north of #Yellowstone. https://t.co/0Z4mGNvUQ3","created_at":"2021-08-11T13:59:21.000Z","author_id":"274253864","public_metrics":{"retweet_count":0,"reply_count":0,"like_count":0,"quote_count":0}},{"id":"1425455021651636224","lang":"en","text":"The latest The Pub-Ed Shed! https://t.co/duO7SiYk3q Thanks to @Local1271 #recall #wildfire","created_at":"2021-08-11T13:52:15.000Z","author_id":"908799199361273856","public_metrics":{"retweet_count":0,"reply_count":0,"like_count":1,"quote_count":0}},{"id":"1425454103946268676","lang":"en","text":"The US Is Struggling To Find Enough Firefighters\n#Fire #WildFire #FireFighters #Danger #\uD835\uDC9F\uD835\uDCBE\uD835\uDC52\uD835\uDCB7\uD835\uDCAA1 #\uD835\uDC9F\uD835\uDCBE\uD835\uDC52\uD835\uDCB7\uD835\uDCAA37 \nhttps://t.co/BTUBXysK1A","created_at":"2021-08-11T13:48:36.000Z","author_id":"1218883993124425730","public_metrics":{"retweet_count":26,"reply_count":0,"like_count":29,"quote_count":0}},{"id":"1425453196609130499","lang":"en","text":"Turkey wildfire: Orange smoke clouds take over the Marmaris skies. This dramatic clip was caught on camera on July 29, 2021. \nFollow @WooGlobe for more viral content. \n\n#Turkeyfire #wildfire #Turkey #ViralVideo #WooGlobe https://t.co/gg4dSAaGCA","created_at":"2021-08-11T13:45:00.000Z","attachments":{"media_keys":["7_1425329294251855876"]},"author_id":"888124885347704832","public_metrics":{"retweet_count":0,"reply_count":0,"like_count":0,"quote_count":0}},{"id":"1425452113941893127","lang":"en","text":"\uD83D\uDDFA New map: [#EMSR532] Diabolitsi: Delineation Product, Monitoring 4, version 1, release 1, RTP Map #01 [v1, 1:48000]\n\uD83D\uDD17 https://t.co/oQNeEds38l — #wildfire #delineation in #Greece\n#Copernicus #CEMS #RapidMapping #EUCivPro","created_at":"2021-08-11T13:40:42.000Z","author_id":"2201283403","public_metrics":{"retweet_count":0,"reply_count":0,"like_count":4,"quote_count":0}},{"id":"1425451227941244935","lang":"en","text":"\uD83D\uDD25\uD83D\uDD25\uD83D\uDD25#wildfire explodes near Lame Deer, evacuating 2 towns &amp; threatening a 3rd.   https://t.co/JO8FZpmySa","created_at":"2021-08-11T13:37:11.000Z","author_id":"39177968","public_metrics":{"retweet_count":1,"reply_count":0,"like_count":0,"quote_count":0}},{"id":"1425451210862211075","lang":"en","text":"California's largest #wildfire has destroyed multiple buildings and is threatening thousands more as the battle against the blaze does not seem to stop. \uD83D\uDED1\n\nContinue reading on the latest status and check if your county is among the most affected: \uD83D\uDC47https://t.co/0jqWya3Q4w https://t.co/NNDJta8hUC","created_at":"2021-08-11T13:37:06.000Z","attachments":{"media_keys":["3_1425451207921913862"]},"author_id":"1153136724299485184","public_metrics":{"retweet_count":1,"reply_count":0,"like_count":1,"quote_count":0}},{"id":"1425450960332206084","lang":"en","text":"\uD83D\uDD25 “Following the publication of this week’s damning IPCC report, we must recognise that traditional practices like #muirburn are actually playing an increasingly pivotal role in shielding our moorlands from #wildfire risk.\" Read more below. ⬇️ @BASCnews https://t.co/anIsFbevyV","created_at":"2021-08-11T13:36:07.000Z","author_id":"1515754044","public_metrics":{"retweet_count":4,"reply_count":1,"like_count":12,"quote_count":1}},{"id":"1425450307727749124","lang":"en","text":"Good luck to the crews getting this local #wildfire under control. https://t.co/PyceV70oO1","created_at":"2021-08-11T13:33:31.000Z","author_id":"51962506","public_metrics":{"retweet_count":0,"reply_count":1,"like_count":4,"quote_count":0}},{"id":"1425449680410869762","lang":"en","text":"'Smoke from wildfires raging in Russia has reached the North Pole for the first time in recorded history'\n\nSmoke from the fires 'blankets the sky for about 2,000 miles from east to west and 2,500 miles north to south'\n\n#ClimateCrisis #wildfire  https://t.co/8D9OgXHDr7","created_at":"2021-08-11T13:31:02.000Z","author_id":"190171003","public_metrics":{"retweet_count":0,"reply_count":0,"like_count":1,"quote_count":0}},{"id":"1425449421383163914","lang":"en","text":"NOAA Satellite Captures Smoke Plumes From US Wildfires\nThe video shows wildfire smoke across the US from California's Dixie Fire and Oregon's Bootleg Fire on August 9. \n#DixieFire #BootLegFire #CaliforniaFires #oregon #wildfire \nCheck out @1weatherapp \nhttps://t.co/XqilEbJ9GJ https://t.co/RiKxHz42pr","created_at":"2021-08-11T13:30:00.000Z","attachments":{"media_keys":["7_1425397242270142470"]},"author_id":"1250113886914637831","public_metrics":{"retweet_count":0,"reply_count":0,"like_count":1,"quote_count":0}},{"id":"1425448800735346697","lang":"en","text":"3 more wildfires broke out. In Antalya people are fighting against the fires in Kaş and Manavgat. More dangerously, the wildfire in Burdur/Bucak is becoming life threatening. The minister stated that some houses are being evacuated. \n#wildfire https://t.co/uSPgPGlMGn","created_at":"2021-08-11T13:27:32.000Z","attachments":{"media_keys":["3_1425448712260759552"]},"author_id":"1421532198411423745","public_metrics":{"retweet_count":1,"reply_count":0,"like_count":2,"quote_count":0}},{"id":"1425447988277678080","lang":"fr","text":"\"La fumée des incendies de forêt qui font rage en Russie a atteint le pôle Nord pour la première fois dans l'histoire des mesures.\"\nLa fumée des incendies \"couvre le ciel sur environ 2 000 milles d'est en ouest et 2 500 milles du nord au sud\"\n#ClimateCrisis #wildfire https://t.co/A6aiYMkFHs","created_at":"2021-08-11T13:24:18.000Z","author_id":"27695747","public_metrics":{"retweet_count":0,"reply_count":0,"like_count":1,"quote_count":0}},{"id":"1425447961543196679","lang":"en","text":"#Wildfire: President of the Republic Abdelmadjid #Tebboune decrees national mourning of three days \uD83C\uDDE9\uD83C\uDDFF \n⤵️ ⤵️\nhttps://t.co/z7AOle8Kun https://t.co/9fPmV6DRZy","created_at":"2021-08-11T13:24:12.000Z","attachments":{"media_keys":["3_1425447671196753924"]},"author_id":"844621765343088641","public_metrics":{"retweet_count":0,"reply_count":0,"like_count":1,"quote_count":0}},{"id":"1425446923092340739","lang":"en","text":"Wildfire all over the world. No media coverage. But a drug addict criminal is a “hero.” \uD83E\uDD22 #Greece \n#wildfire","created_at":"2021-08-11T13:20:04.000Z","author_id":"1312732125418991616","public_metrics":{"retweet_count":3,"reply_count":0,"like_count":4,"quote_count":0}},{"id":"1425446175344312329","lang":"en","text":"More burning \uD83D\uDD25 more death \uD83D\uDC80 this is a #ClimateEmergency for the entire planet \uD83C\uDF0D https://t.co/8TtIE9Oii1 #ClimateCrisis #ClimateActionNow #wildfire","created_at":"2021-08-11T13:17:06.000Z","author_id":"352547206","public_metrics":{"retweet_count":0,"reply_count":0,"like_count":3,"quote_count":0}},{"id":"1425445918258737153","lang":"es","text":"\uD83D\uDD34\uD83C\uDDE9\uD83C\uDDFFAscienden a 65 los muertos por los incendios en Argelia.\n\n#Wildfire #IncendiosForestales\n#Mediterráneo #wildfires #Mediterranean #Algeria #Algerie\nhttps://t.co/zjoMXhCF9X","created_at":"2021-08-11T13:16:05.000Z","attachments":{"media_keys":["7_1425426047030472705"]},"author_id":"3297756640","public_metrics":{"retweet_count":2,"reply_count":1,"like_count":5,"quote_count":0}},{"id":"1425445640373342209","lang":"en","text":"A small wildfire is developing north of Dry Canyon in Orem. A few crews and trucks are arriving on the scene and can hopefully tamp it down before it gets out of control. Access to the canyon has been closed.  #fire #wildfire #drycanyonfire @Orem_City #utahfires https://t.co/Ybooyhal3j","created_at":"2021-08-11T13:14:58.000Z","attachments":{"media_keys":["3_1425445633494683653"]},"author_id":"364386891","public_metrics":{"retweet_count":0,"reply_count":0,"like_count":2,"quote_count":1}},{"id":"1425444877266034692","lang":"en","text":"Firebrands generated during a wildfire contribute to a large amount of structure ignitions in the WUI. Take a look at what we are doing @FPEUMD to understand the ignition of materials from firebrands. #wildfire #fireresearch\n\nhttps://t.co/9N44k9Inta","created_at":"2021-08-11T13:11:56.000Z","author_id":"298465131","public_metrics":{"retweet_count":4,"reply_count":1,"like_count":4,"quote_count":1}},{"id":"1425443821253394444","lang":"en","text":"It is worth finding every opportunity to cut down on air pollution when wildfire smoke is likely to just increase. Every town should have a funded sustainability plan that cuts ozone and greenhouse gas pollution. #lakewood #copolitics #wildfire\nhttps://t.co/GaEDPVAmZY","created_at":"2021-08-11T13:07:45.000Z","author_id":"877194179755085825","public_metrics":{"retweet_count":0,"reply_count":0,"like_count":1,"quote_count":0}},{"id":"1425443385016348676","lang":"en","text":"Protect your home and family from any power outage including those caused by #wildfires in California by having your very own solar energy system and backup generator.\n\n#generator #wildfire #poweroutage #generac #sustainability #sustainable #wastefree #cleaneenergy #greenenergy https://t.co/s8Q9NLqTzy","created_at":"2021-08-11T13:06:01.000Z","attachments":{"media_keys":["3_1425443382579576839"]},"author_id":"1352408334456950785","public_metrics":{"retweet_count":1,"reply_count":0,"like_count":0,"quote_count":0}},{"id":"1425443130254446594","lang":"en","text":"#Helicopter performs seeding &amp; mulching to aid in #wildfire recovery in Grand County, #Colorado last week. Amazing to watch these guys work to prevent further damage after the fires.\n\n@grandcountygov @MattMakens #EastTroublesomeFire #wildfire  #aviation #WhirlybirdWednesday #cowx https://t.co/vi0Pi2W6zE","created_at":"2021-08-11T13:05:00.000Z","attachments":{"media_keys":["3_1425418504958840836","3_1425418504963076096","3_1425418504963039243","3_1425418504954654727"]},"author_id":"2366254538","public_metrics":{"retweet_count":2,"reply_count":2,"like_count":13,"quote_count":0}},{"id":"1425442858182582273","lang":"en","text":"Let's stop the talks, policies and conferencing each an every now and then but rather take action. Time is gone and already too late.\nSee what is happening to Turkey \uD83D\uDE25\nAmazon forest\uD83D\uDE25\nTurkey you are in my prayers \uD83D\uDE4F may you get through this\n#Turkeyfire\n#wildfire\n#climatechange","created_at":"2021-08-11T13:03:55.000Z","author_id":"1337018936458612737","public_metrics":{"retweet_count":0,"reply_count":0,"like_count":1,"quote_count":0}},{"id":"1425442379025223681","lang":"en","text":"Our #wildfire monitoring service shows the fires in #Algeria \uD83C\uDDE9\uD83C\uDDFFthat have caused multiple deaths during the spread in mountainous regions and evacuations. Here we see the hotspot and cluster detections from the last 48 hours #RemoteSensing https://t.co/YKWQeZVcB4","created_at":"2021-08-11T13:02:01.000Z","attachments":{"media_keys":["3_1425440539407757318"]},"author_id":"4724995335","public_metrics":{"retweet_count":21,"reply_count":1,"like_count":29,"quote_count":4}},{"id":"1425442349245677571","lang":"en","text":"It's back again, our ever-popular Try-A-Thread bundle, this time in Black. This is a great way to try some different beading threads at special prices! \n\nGet a bundle now with 30% off!\n\n#cjbeaders #awesomeaugust #beas #beading #jewellerymaking #wildfire #miyukibeads #beadwork https://t.co/ngEkJjrPt0","created_at":"2021-08-11T13:01:54.000Z","attachments":{"media_keys":["3_1425442347513417734"]},"author_id":"59235893","public_metrics":{"retweet_count":1,"reply_count":0,"like_count":1,"quote_count":0}},{"id":"1425442064158887938","lang":"en","text":"Intelligence matters - no matter the time of day.\n\n10+ hour endurance provides situational awareness from dusk until dawn. \n\n#RPAS #BVLOS #UAS #Data #Wildfire #ABWildfire #Drone #DronesforGood https://t.co/so5pb7AZxc","created_at":"2021-08-11T13:00:46.000Z","attachments":{"media_keys":["7_1425440807897780226"]},"author_id":"4309763952","public_metrics":{"retweet_count":0,"reply_count":0,"like_count":3,"quote_count":1}},{"id":"1425441486800363526","lang":"en","text":"Congratulations to Westran Fire Protection District - Huntsville, MO on the purchase of a Danko Wildland Unit.\n\nWe appreciate your business!\n\nUnit sold by Steve Borts  of Jamestown, MO.\n\n#DankoEmergency #wildfire https://t.co/rNmU18vyFN","created_at":"2021-08-11T12:58:28.000Z","attachments":{"media_keys":["3_1425441477862252548"]},"author_id":"1227524534","public_metrics":{"retweet_count":0,"reply_count":0,"like_count":0,"quote_count":0}},{"id":"1425440625328115713","lang":"en","text":"Polish firefighters helping Greece.\n#earth #fire #wildfire #helpgreece\nhttps://t.co/DXkwIKcyTi https://t.co/t8SfFKBjIg","created_at":"2021-08-11T12:55:03.000Z","attachments":{"media_keys":["3_1425440623792959494"]},"author_id":"494814362","public_metrics":{"retweet_count":0,"reply_count":0,"like_count":1,"quote_count":0}},{"id":"1425440369341198336","lang":"en","text":"FutureDanger Indicator: WILDFIRES LAY WASTE\nHeatMap Column 4&gt; https://t.co/xddBncGGkR\n #Wildfire  #Wildfires #WarnOthers #HeatMap https://t.co/fAsBhLsPQ5","created_at":"2021-08-11T12:54:02.000Z","attachments":{"media_keys":["3_1425440367847956481"]},"author_id":"867896844852101121","public_metrics":{"retweet_count":0,"reply_count":0,"like_count":0,"quote_count":0}},{"id":"1425440197542559749","lang":"en","text":"Algeria wildfire death toll rises to 65 – state TV #Esta #Algeria #AlgeriaFires #wildfire  \n\nhttps://t.co/du8DCdXlR5","created_at":"2021-08-11T12:53:21.000Z","author_id":"1192107482036023297","public_metrics":{"retweet_count":0,"reply_count":0,"like_count":0,"quote_count":0}},{"id":"1425439057027420161","lang":"en","text":"#Wildfire-related costs manageable for #Greece but country vulnerable to #climatechange, Moody's says\n\nhttps://t.co/CYBWf9yIqN","created_at":"2021-08-11T12:48:49.000Z","author_id":"1141047558","public_metrics":{"retweet_count":1,"reply_count":0,"like_count":0,"quote_count":0}},{"id":"1425437943481741316","lang":"und","text":"#wildfire https://t.co/MMqcHknHvU","created_at":"2021-08-11T12:44:23.000Z","author_id":"3160108899","public_metrics":{"retweet_count":0,"reply_count":0,"like_count":0,"quote_count":0}},{"id":"1425436344315125763","lang":"en","text":"Reduce smoke inhalation during natural disasters with help from these tips for indoor and outdoor #wildfire smoke safety. https://t.co/kMoF71DbY2","created_at":"2021-08-11T12:38:02.000Z","author_id":"2347556246","public_metrics":{"retweet_count":0,"reply_count":0,"like_count":0,"quote_count":0}},{"id":"1425432071011459074","lang":"en","text":"From SF Bay Area: Air District To Provide Air Filtration Units To Low-Income Residents Impacted By #Wildfire #Smoke https://t.co/EY65DwVWaj via @SFGate","created_at":"2021-08-11T12:21:03.000Z","author_id":"62594694","public_metrics":{"retweet_count":0,"reply_count":0,"like_count":0,"quote_count":0}},{"id":"1425431652008878088","lang":"en","text":"Congratulations to the City of Primghar - Primghar Fire Department, IA on the purchase of a Danko Wildland Unit.\n\nWe appreciate your business!\n\nUnit sold by Monty Boeke of Hubbard, IA.\n\n#DankoEmergency #wildfire https://t.co/nwPXSIAi7N","created_at":"2021-08-11T12:19:23.000Z","attachments":{"media_keys":["3_1425431640273207296"]},"author_id":"1227524534","public_metrics":{"retweet_count":0,"reply_count":0,"like_count":0,"quote_count":0}},{"id":"1425429595499614210","lang":"en","text":"Wildfires in Algeria leave 42 dead, including 25 soldiers. In Pics \uD83D\uDCF8: https://t.co/JgknWq99cr \n\n#Algeria #Wildfire https://t.co/105t5qnQ5p","created_at":"2021-08-11T12:11:13.000Z","attachments":{"media_keys":["3_1425429392738582530","3_1425429392746971141"]},"author_id":"68927629","public_metrics":{"retweet_count":0,"reply_count":0,"like_count":17,"quote_count":0}},{"id":"1425429545688174593","lang":"es","text":"Muchos gracias amigos \uD83D\uDC99\uD83D\uDC4D\uD83C\uDFFC\n#espana #wildfire #Turkey #carsamba #bugün #today #imamhatiplerkapatilsin https://t.co/kzNMKDVwyl","created_at":"2021-08-11T12:11:01.000Z","author_id":"1404896058627534849","public_metrics":{"retweet_count":0,"reply_count":0,"like_count":0,"quote_count":0}},{"id":"1425427189240041480","lang":"en","text":"It is being reported that 2021′s wildfire season could be even more devastating to the western US than last year's record-breaker. #Wildfire #WildfirePrevention #BurnPrevention #BurnSurvivor https://t.co/GUkvS5S9Gy","created_at":"2021-08-11T12:01:39.000Z","author_id":"130898528","public_metrics":{"retweet_count":0,"reply_count":0,"like_count":0,"quote_count":0}},{"id":"1425426771864743945","lang":"en","text":"Let us be aware of our actions and ensure we are keeping our environment safe from wildfires.\n.\nhttps://t.co/AZm3Un6N8z\n.\n#wildfire #california #fire #wildfires #relocation #relocationsupportservice #relocationassistance #tenantassistance #residentrelocation #tenantrelocation https://t.co/hvaMVYWQMO","created_at":"2021-08-11T12:00:00.000Z","attachments":{"media_keys":["3_1423318464979214341"]},"author_id":"1377319870849761281","public_metrics":{"retweet_count":0,"reply_count":0,"like_count":0,"quote_count":0}},{"id":"1425425675545104387","lang":"en","text":"@KathrynABrown Thanks @KathrynABrown for an excellent thread and raising the risk of #wildfire.","created_at":"2021-08-11T11:55:38.000Z","author_id":"807693841","public_metrics":{"retweet_count":0,"reply_count":0,"like_count":1,"quote_count":0}},{"id":"1425425433588236289","lang":"en","text":"Shocking #satellite photos show how the #Dixiefire #wildfire - the largest blaze ever recorded in #California - swept through the historic town of #Greenville and obliterated it https://t.co/t1ogsjL4od","created_at":"2021-08-11T11:54:41.000Z","attachments":{"media_keys":["7_1425425278445125632"]},"author_id":"1376011723","public_metrics":{"retweet_count":1,"reply_count":0,"like_count":1,"quote_count":0}},{"id":"1425423844144189448","lang":"en","text":"\uD83C\uDDE9\uD83C\uDDFF Algeria \uD83C\uDDF9\uD83C\uDDF7 Turkey\uD83C\uDDEC\uD83C\uDDF7 Greece \nPray for them\uD83D\uDE4F\n#wildfire #PrayForAlgeria\n#PrayForTurkey #prayforGreece https://t.co/aUCkz7p8W7","created_at":"2021-08-11T11:48:22.000Z","attachments":{"media_keys":["3_1425423832895135750","3_1425423836074418181","3_1425423839123619852","3_1425423841799680001"]},"author_id":"510072687","public_metrics":{"retweet_count":1,"reply_count":0,"like_count":6,"quote_count":1}},{"id":"1425421981701214219","lang":"en","text":"Some say the world will end in fire,\nSome say in ice.\nWith #ClimateCrisis now so dire\nWe needn’t choose how we’ll expire. \n\n#poetry #wildfire #ClimateActionNow\n\nhttps://t.co/HXDzJhdF3I","created_at":"2021-08-11T11:40:58.000Z","author_id":"3359109195","public_metrics":{"retweet_count":0,"reply_count":0,"like_count":0,"quote_count":0}},{"id":"1425420407394508803","lang":"en","text":"As our @algerianred teams support people who have lost everything, we must all commit to taking action to prevent climate-related emergencies now #wildfire https://t.co/Q5kPrgg1oe","created_at":"2021-08-11T11:34:42.000Z","author_id":"160321413","public_metrics":{"retweet_count":8,"reply_count":0,"like_count":26,"quote_count":0}},{"id":"1425419411796733956","lang":"en","text":"All my condolences to the resistant Algerian people after the disaster of #wildfire  and the rise of the causalities in military and civilians.\n\n#Algeria","created_at":"2021-08-11T11:30:45.000Z","author_id":"279942689","public_metrics":{"retweet_count":0,"reply_count":0,"like_count":5,"quote_count":0}},{"id":"1425419225854877696","lang":"bn","text":"২০২০ সালের ছবিকে তুরস্কের দাবানলে সাথে জুড়ে ভুয়ো পোস্ট ভাইরাল করা হচ্ছে\n\n#breakthefake #fcfactcheck #Turkey #Wildfire\nhttps://t.co/CxZYQntZlF","created_at":"2021-08-11T11:30:01.000Z","author_id":"1337317950458458112","public_metrics":{"retweet_count":1,"reply_count":0,"like_count":1,"quote_count":0}},{"id":"1425417078421422082","lang":"en","text":"“It’s not a #wildfire season anymore. It’s a #wildfire year.”\n https://t.co/koTWC45t8L\n#FaceTheClimateEmergency","created_at":"2021-08-11T11:21:29.000Z","attachments":{"media_keys":["13_1424759640349462537"]},"author_id":"1395686719723171840","public_metrics":{"retweet_count":0,"reply_count":0,"like_count":0,"quote_count":1}},{"id":"1425416007074471945","lang":"en","text":"Reduce smoke inhalation during natural disasters with help from these tips for indoor and outdoor #wildfire smoke safety. https://t.co/yGapKqjPtm","created_at":"2021-08-11T11:17:13.000Z","author_id":"1109077952422014978","public_metrics":{"retweet_count":0,"reply_count":0,"like_count":0,"quote_count":0}},{"id":"1425415684146831362","lang":"en","text":"More that 0.5 million stremmata (decares) of forest have been lost in #Evia, #Greece. The largest #wildfire ever to be recorded in Greece. How many decades, if ever, to revert this ecological catastrophe? This can’t happen again. https://t.co/5YW48I7v5W","created_at":"2021-08-11T11:15:56.000Z","author_id":"1369583802","public_metrics":{"retweet_count":0,"reply_count":0,"like_count":0,"quote_count":0}},{"id":"1425415590227873796","lang":"en","text":"Global Warming Times: 25 soldiers die tackling wildfires in Algeria #wildfire #Algeria #heat https://t.co/YD9SkCwi3A","created_at":"2021-08-11T11:15:34.000Z","author_id":"553060761","public_metrics":{"retweet_count":1,"reply_count":0,"like_count":2,"quote_count":0}},{"id":"1425414490322096128","lang":"en","text":"Story reminder:\n#Kosovo artist raises his voice with a #classicalmusic sheet against #climate change, #environmental harm by #humans \nhttps://t.co/7z8qUUDOun \nhttps://t.co/DWVIvey1Ys\n#forestfires #wildfire #ClimateEmergency #ClimateReport #Albania #Greece #Turkey #macedonia ...","created_at":"2021-08-11T11:11:12.000Z","author_id":"2737596098","public_metrics":{"retweet_count":1,"reply_count":0,"like_count":0,"quote_count":0}},{"id":"1425413778666135552","lang":"en","text":"Here's quick video that covers the extent of #WildFire around the Globe | #4FuturesC3 https://t.co/WVcw8NmPgF","created_at":"2021-08-11T11:08:22.000Z","author_id":"226362827","public_metrics":{"retweet_count":0,"reply_count":0,"like_count":0,"quote_count":0}},{"id":"1425413634340139011","lang":"en","text":"#Kosovo artist raises his voice with a #classicalmusic sheet against #climate change, #environmental harm by #humans \nhttps://t.co/siof5Fc3TY \nhttps://t.co/bxpDmzA2RE\n#forestfires #wildfire #ClimateEmergency #ClimateReport #ClimateCrisis #Albania #Greece #Turkey #macedonia ...","created_at":"2021-08-11T11:07:47.000Z","author_id":"1223930138","public_metrics":{"retweet_count":1,"reply_count":0,"like_count":0,"quote_count":0}},{"id":"1425412741783867397","lang":"en","text":"Oh man ey! \uD83E\uDD7A#Klimakatastrophe #wildfire https://t.co/pfNihUraa2","created_at":"2021-08-11T11:04:15.000Z","author_id":"1330438584759947264","public_metrics":{"retweet_count":0,"reply_count":0,"like_count":1,"quote_count":0}},{"id":"1425411914805489664","lang":"und","text":"مذاقات البرازيل بين يديك بالرياض في وايلدفاير\n\nWILDFIRE - a taste of Brazil right here in Riyadh\n\n#وايلد_فاير #برازيلي #مطعم #الرياض #wildfire #wildfirerdc #churrasco #riyadh #brazil #steak https://t.co/L8G79lwwbL","created_at":"2021-08-11T11:00:58.000Z","attachments":{"media_keys":["3_1425411912964218885"]},"author_id":"1168556659729453063","public_metrics":{"retweet_count":0,"reply_count":0,"like_count":0,"quote_count":0}},{"id":"1425411673926475776","lang":"bn","text":"২০২০ সালের ছবিকে তুরস্কের দাবানলে সাথে জুড়ে ভুয়ো পোস্ট ভাইরাল করা হচ্ছে\nবিস্তারিতঃ https://t.co/CxZYQncnX5\n\n#breakthefake #fcfactcheck #Turkey #Wildfire https://t.co/1maMRy4gKI","created_at":"2021-08-11T11:00:00.000Z","attachments":{"media_keys":["3_1425402979775967243"]},"author_id":"1337317950458458112","public_metrics":{"retweet_count":0,"reply_count":0,"like_count":1,"quote_count":0}},{"id":"1425411673335246854","lang":"en","text":"[500 AM MDT 8/11/2021]: Extreme #dryness continues across our area. A reminder this #WeatherReady Wednesday, one spark could cause a #wildfire! Practice #fire safety! #mtwx #wywx https://t.co/GCVsXH3FGz","created_at":"2021-08-11T11:00:00.000Z","attachments":{"media_keys":["3_1420501156409724930"]},"author_id":"593949710","public_metrics":{"retweet_count":1,"reply_count":0,"like_count":7,"quote_count":0}},{"id":"1425410757131395072","lang":"en","text":"#EMSR530\n\nThe #wildfire in the Fokida region\uD83C\uDDEC\uD83C\uDDF7 has been contained and our #RapidMappingTeam has delivered the Grading Map for Tolofona\n\nThe \uD83D\uDD25 \"siege\" of #Τολοφώνας resulted in \n\uD83C\uDFE132 buildings &amp; 1,098.7 ha of vegetation destroyed\n\uD83D\uDE9341 km of roads &amp;⚡️5.8 km of power lines affected https://t.co/ql94yr7aXU","created_at":"2021-08-11T10:56:22.000Z","attachments":{"media_keys":["3_1425409258112405504"]},"author_id":"2201283403","public_metrics":{"retweet_count":16,"reply_count":0,"like_count":40,"quote_count":4}},{"id":"1425410038282264577","lang":"en","text":"Another wildfire. #anotherwildfire #climatechange #actnow #wildfire https://t.co/eOmJzSsxId","created_at":"2021-08-11T10:53:30.000Z","author_id":"93714549","public_metrics":{"retweet_count":0,"reply_count":0,"like_count":1,"quote_count":0}},{"id":"1425409376999858178","lang":"en","text":"The increase in wildfires and how they are linked to #climatechange #wildfire #anotherwildfire #actnow ⁦@BBCWorld⁩  https://t.co/lcYxmpyxTo","created_at":"2021-08-11T10:50:52.000Z","author_id":"1170837525088391168","public_metrics":{"retweet_count":0,"reply_count":0,"like_count":0,"quote_count":0}},{"id":"1425408583349391361","lang":"en","text":"A volunteer reacts as a #wildfire burns in the village of Galatsona, on the island of #Evia, #Greece. https://t.co/bZhWrOxVu6","created_at":"2021-08-11T10:47:43.000Z","attachments":{"media_keys":["3_1425408517700083712"]},"author_id":"1376011723","public_metrics":{"retweet_count":1,"reply_count":0,"like_count":1,"quote_count":0}},{"id":"1425408383209799681","lang":"en","text":"#Wildfire rips through #Algeria, killing 42 people including soldiers as thick clouds of smoke covered much of the mountainous Kabylie region east of the capital https://t.co/CNTrhwIEGp","created_at":"2021-08-11T10:46:56.000Z","attachments":{"media_keys":["3_1425408303119560706"]},"author_id":"1376011723","public_metrics":{"retweet_count":0,"reply_count":0,"like_count":0,"quote_count":0}},{"id":"1425408216016375809","lang":"en","text":"Local youths and volunteers gather in an open field and wait to support #firefighters during a #wildfire next to the village of Kamatriades, near Istiaia, northern #Evia (Euboea) island https://t.co/5tJODqs1T9","created_at":"2021-08-11T10:46:16.000Z","attachments":{"media_keys":["3_1425408116586205186"]},"author_id":"1376011723","public_metrics":{"retweet_count":0,"reply_count":0,"like_count":0,"quote_count":0}},{"id":"1425408196185890818","lang":"en","text":"@eu_echo @marchee7 @annamaria_84 Updated @CopernicusEMS overview map of the #Evia #Ευβοια #wildfire for August 10: more than 50,000 hectares have burnt so far https://t.co/gu0Ca6Nucb #φωτια_ευβοιας #GreekFires https://t.co/Qt3oQ09lV1","created_at":"2021-08-11T10:46:11.000Z","attachments":{"media_keys":["3_1425407645062729728"]},"author_id":"66325897","public_metrics":{"retweet_count":1,"reply_count":2,"like_count":3,"quote_count":0}},{"id":"1425408152388972548","lang":"ur","text":"وزیراعظم کا ترکی کے جنگلات میں آتشزدگی پر تشویش کا اظہار\n\nآفت سے نمٹنے کیلئے ترکی کے ساتھ تعاون کیلئے تیار ہیں، وزیراعظم\n\nوزیراعظم عمران خان کا دوطرفہ دفاعی تعاون پر اظہار اطمینان\n\n#DunyaUpdates #DunyaNews #Wildfire #RoznamaDunya","created_at":"2021-08-11T10:46:00.000Z","author_id":"840086576","public_metrics":{"retweet_count":1,"reply_count":1,"like_count":25,"quote_count":0}},{"id":"1425408119245582344","lang":"ur","text":"وزیراعظم کا ترکی کے جنگلات میں آتشزدگی پر تشویش کا اظہار\n\nآفت سے نمٹنے کیلئے ترکی کے ساتھ تعاون کیلئے تیار ہیں، وزیراعظم\n\nوزیراعظم عمران خان کا دوطرفہ دفاعی تعاون پر اظہار اطمینان\n\n#DunyaUpdates #DunyaNews #Wildfire","created_at":"2021-08-11T10:45:53.000Z","author_id":"99458922","public_metrics":{"retweet_count":0,"reply_count":1,"like_count":11,"quote_count":0}},{"id":"1425408116905099270","lang":"ur","text":"اسلام آباد: وزیراعظم عمران خان سے ترک وزیردفاع کی ملاقات\n\nدونوں ممالک کے درمیان منفرد باہمی تعاون اور اعتماد ہے، وزیراعظم\n\nوزیراعظم کا ترک صدر اور عوام کیلئے نیک تمناؤں کا اظہار\n\n#DunyaUpdates #DunyaNews #wildfire","created_at":"2021-08-11T10:45:52.000Z","author_id":"99458922","public_metrics":{"retweet_count":2,"reply_count":3,"like_count":28,"quote_count":0}},{"id":"1425408097363894276","lang":"ur","text":"اسلام آباد: وزیراعظم عمران خان سے ترک وزیردفاع کی ملاقات\n\nدونوں ممالک کے درمیان منفرد باہمی تعاون اور اعتماد ہے، وزیراعظم\n\nوزیراعظم کا ترک صدر اور عوام کیلئے نیک تمناؤں کا اظہار\n\n#DunyaUpdates #DunyaNews #wildfire #RoznamaDunya","created_at":"2021-08-11T10:45:47.000Z","author_id":"840086576","public_metrics":{"retweet_count":1,"reply_count":0,"like_count":5,"quote_count":0}},{"id":"1425408030556962821","lang":"en","text":"\uD83C\uDDEA\uD83C\uDDFA New @CopernicusEMS activation [#EMSR533]: Algeria Forest Fires\n\uD83D\uDD17 https://t.co/Vl8kHGRS7n\n#Wildfire in #Algeria - #Copernicus #CEMS #RapidMapping #EUCivPro https://t.co/o6mHq9XJxk","created_at":"2021-08-11T10:45:31.000Z","attachments":{"media_keys":["3_1425408029051301888"]},"author_id":"2201283403","public_metrics":{"retweet_count":5,"reply_count":1,"like_count":18,"quote_count":0}},{"id":"1425407429748088840","lang":"ur","text":"اسلام آباد: وزیراعظم عمران خان سے ترک وزیر دفاع کی ملاقات۔ باہمی تعلقات اعتماد اور برادرانہ تاریخی رشتوں پر مبنی ہیں، وزیراعظم عمران خان نے ترک صدر اور عوام کیلئے پیغام پہنچایا، وزیراعظم نے ترکی میں جنگلات میں لگنے والی آگ پر تشویش کا اظہار کیا\n#DunyaUpdates #DunyaNews #WildFire https://t.co/L4S7HkyA0l","created_at":"2021-08-11T10:43:08.000Z","attachments":{"media_keys":["13_1425406865429733383"]},"author_id":"99458922","public_metrics":{"retweet_count":1,"reply_count":2,"like_count":62,"quote_count":0}},{"id":"1425402355277864962","lang":"en","text":"Meanwhile, the church:\n#Greece\n#wildfire \n#Ευβοια https://t.co/FDNnt5JNUo","created_at":"2021-08-11T10:22:58.000Z","author_id":"260109740","public_metrics":{"retweet_count":0,"reply_count":0,"like_count":3,"quote_count":0}},{"id":"1425397586383360002","lang":"en","text":"FutureDanger Indicator: WILDFIRES LAY WASTE\nHeatMap Column 4&gt; https://t.co/lN14i125gK\n #Wildfire  #Wildfires #FutureDanger #HeatMap https://t.co/0uj9ykON4N","created_at":"2021-08-11T10:04:01.000Z","attachments":{"media_keys":["3_1425397585078984706"]},"author_id":"868211017632894977","public_metrics":{"retweet_count":0,"reply_count":0,"like_count":0,"quote_count":0}},{"id":"1425396579603677187","lang":"hi","text":"अल्जीरिया में भीषण जंगल की आग के कारण 25 सैनिकों सहित कम से कम 42 लोगों की मौत हो गई है। अल्जीरियाई अधिकारियों ने आगजनी करने वालों पर आग लगाने का आरोप लगाया।\n#Algeria #AlgeriaIsBurning #wildfire #Europe #ClimateCrisis \n\nhttps://t.co/eytbJ43zPd","created_at":"2021-08-11T10:00:01.000Z","author_id":"1395258719512907779","public_metrics":{"retweet_count":0,"reply_count":0,"like_count":3,"quote_count":0}},{"id":"1425394654153900041","lang":"en","text":"#Greece counts cost as #fires ‘slowly coming under control’ \n\nhttps://t.co/rvqtZsNQcl\n\n#TMRWorld #wildfire","created_at":"2021-08-11T09:52:22.000Z","author_id":"293590755","public_metrics":{"retweet_count":1,"reply_count":0,"like_count":1,"quote_count":0}},{"id":"1425390590968008707","lang":"en","text":"The #wildfire was surely scary and has affected many people in #Greece. Thank goodness #UAE had sent them urgent assistance. All for the best.\n\n#athenswildfire https://t.co/Oh8IDFxAYV","created_at":"2021-08-11T09:36:14.000Z","attachments":{"media_keys":["3_1425390022803410955"]},"author_id":"1275969894375284736","public_metrics":{"retweet_count":0,"reply_count":0,"like_count":0,"quote_count":0}},{"id":"1425385180869533705","lang":"en","text":"Possible #wildfire identified by #LookOut #wildfiredetection #SaaS at 01:51 PST\n@CALFIRENEU https://t.co/snvNewnkRc","created_at":"2021-08-11T09:14:44.000Z","attachments":{"media_keys":["3_1425385176415182860"]},"author_id":"1155468995539038208","public_metrics":{"retweet_count":0,"reply_count":1,"like_count":1,"quote_count":0}},{"id":"1425384152346501129","lang":"fr","text":"Possible #wildfire on camera #Axis-HowellMtn2 @nvfirecams @alertwildfire #AxisHowellMtn2 via @NVSeismoLab https://t.co/RvaxkrD313","created_at":"2021-08-11T09:10:38.000Z","attachments":{"media_keys":["3_1425384122671792128"]},"author_id":"1155468995539038208","public_metrics":{"retweet_count":0,"reply_count":1,"like_count":1,"quote_count":0}},{"id":"1425383500425932803","lang":"en","text":"Forest fire in Algeria killed 42 people including 25 soldiers deployed to help put out the blaze, the government said, a thick cloud of smoke covered much of the mountainous Kabylie region east of the capital.\n\n#venustvnewskenya\n#Wildfire\n#Algeria\n#Forestfire\n#Soldiers\n#Cabylie https://t.co/sPAqi2j0CJ","created_at":"2021-08-11T09:08:03.000Z","attachments":{"media_keys":["3_1425383497758355456"]},"author_id":"1331207212769959937","public_metrics":{"retweet_count":1,"reply_count":0,"like_count":2,"quote_count":0}},{"id":"1425383197538279430","lang":"en","text":"#UAE sends aid to #Greece from the wildfire disaster.\nI hope that things are now settled down in Greece. I am\nalso glad that UAE’s help doesn’t just stop by giving but rather providing solutions too. \n\n#wildfire \n#athensfire https://t.co/hCm7gHDbYE","created_at":"2021-08-11T09:06:51.000Z","attachments":{"media_keys":["3_1425383168052391946"]},"author_id":"1381281248367108100","public_metrics":{"retweet_count":0,"reply_count":0,"like_count":0,"quote_count":0}},{"id":"1425376511134244865","lang":"en","text":"Me trying to catch up with the fresh #IPCCReport and the #wildfire situation in Greece and elsewhere while on holidays: https://t.co/dm8QMGzL35","created_at":"2021-08-11T08:40:17.000Z","attachments":{"media_keys":["16_1425376502347091973"]},"author_id":"1105150927168782337","public_metrics":{"retweet_count":0,"reply_count":1,"like_count":7,"quote_count":0}},{"id":"1425372891009458186","lang":"en","text":"\uD83D\uDED1BREAKING #news: Thanks\uD83D\uDE4F ⁦@WashingtonPost⁩ broke TOTAL SILENCE of global #ClimateApocalypse #ClimateCrisis in #Russia \uD83D\uDC49 #SiberiaFire #wildfires are bigger than ALL other #wildfire on the Planet \uD83C\uDF0E combined.\nAdd it to #IPCC #ClimateReport &amp; #COP26 ! https://t.co/15W07mm8aR","created_at":"2021-08-11T08:25:54.000Z","author_id":"67873734","public_metrics":{"retweet_count":7,"reply_count":1,"like_count":8,"quote_count":2}},{"id":"1425371420738138115","lang":"en","text":"Global challenes due to #ClimateChange &amp; natural desasters call for fruitful partnerships for #reforestation #agroforestry #wildfire prevention &amp; to combat #desertification #forest degradation @CIFOR @REDD_Copernicus @REDD_WUR @FAOForestry @gfoi_forest @GlobalLF @WWFForestCarbon https://t.co/Ftg3ECQBSD","created_at":"2021-08-11T08:20:03.000Z","author_id":"3532585695","public_metrics":{"retweet_count":0,"reply_count":0,"like_count":0,"quote_count":0}},{"id":"1425369497326792706","lang":"en","text":"Wildfires burn 122,669 hectares of land in Mongolia\nhttps://t.co/gR02mS1jZ0\n#Wildfire #Mongolia https://t.co/IbOBptNfpM","created_at":"2021-08-11T08:12:24.000Z","attachments":{"media_keys":["3_1425369481669455877"]},"author_id":"14721839","public_metrics":{"retweet_count":1,"reply_count":0,"like_count":2,"quote_count":0}},{"id":"1425367438061973505","lang":"en","text":"2. Predicting #burnt areas during the #summer season in Portugal by combining #wildfire susceptibility and spring #meteorological conditions\n\nwith contributions from Sílvia Nunes &amp; Carlos DaCamara in collaboration with @ceg_igot \n\nhttps://t.co/fAN49nJS9w\n\n#burntareas #wildfires https://t.co/q5cz8yYSSu","created_at":"2021-08-11T08:04:13.000Z","attachments":{"media_keys":["3_1425367020544069636"]},"author_id":"1088456850125709312","public_metrics":{"retweet_count":1,"reply_count":1,"like_count":2,"quote_count":0}},{"id":"1425367431204200450","lang":"en","text":"Summer highlights: recent work by IDL researchers on #atmospheric and #climate science, particularly #extremeevents.\n\n1. Do climate #teleconnections modulate #wildfire-prone conditions over the #IberianPeninsula?\nwith contributions from Ana Russo\nhttps://t.co/2WZnC0K1vl https://t.co/VJJvf8DgLy","created_at":"2021-08-11T08:04:12.000Z","attachments":{"media_keys":["3_1425366720118759424"]},"author_id":"1088456850125709312","public_metrics":{"retweet_count":0,"reply_count":1,"like_count":7,"quote_count":0}},{"id":"1425365399990722567","lang":"en","text":"\"Make no mistake\" , #ClimateCrisis  is driving this dramatic increase in #wildfires and future #wildfire risk ... so, we can’t solve our wildfire crisis without addressing climate change . \n\"Take #URGENT action to combat \"Climate Change\" and its impacts” . https://t.co/JM5KNx6hfd","created_at":"2021-08-11T07:56:08.000Z","attachments":{"media_keys":["3_1425365361671565317"]},"author_id":"1381122907355549703","public_metrics":{"retweet_count":0,"reply_count":0,"like_count":0,"quote_count":0}},{"id":"1425363394836664324","lang":"en","text":"According to the Algerian Defence Ministry, 32 people, including 25 soldiers and seven civilians have died so far due to wildfires in different parts of the country.   \n\n#briflynews #Algeria #algerian #Defence #wildfire #forestfire \nhttps://t.co/fDdObUwb6S","created_at":"2021-08-11T07:48:09.000Z","author_id":"1257785277403115520","public_metrics":{"retweet_count":0,"reply_count":0,"like_count":0,"quote_count":0}},{"id":"1425362846154510352","lang":"en","text":"“Scientists have developed a #whitepaper describing the #wildfire crisis we face w a suggested course of action...based on decades of experience in\nwildland fire, #climatechange research, ground ops. The report on #CanadaTonight:\nhttps://t.co/zSy6hh47dh” - @JWagstaffe #BCWildfire https://t.co/kK7Z0pLiOc","created_at":"2021-08-11T07:45:59.000Z","author_id":"1031691314536935424","public_metrics":{"retweet_count":0,"reply_count":0,"like_count":0,"quote_count":0}},{"id":"1425362132758110208","lang":"en","text":"How can you protect yourself and your loved ones before, during and after a #wildfire? \uD83D\uDD25 https://t.co/B8fo5Aaj77","created_at":"2021-08-11T07:43:09.000Z","attachments":{"media_keys":["3_1425362003879661568"]},"author_id":"937963107456036865","public_metrics":{"retweet_count":21,"reply_count":2,"like_count":53,"quote_count":2}},{"id":"1425353891181379586","lang":"en","text":"In the #US one million more acres have burned than at this point in the 2020 #wildfire season, which ended as the most destructive season on record. https://t.co/Bd7CPkfn4D","created_at":"2021-08-11T07:10:24.000Z","author_id":"892728603808583681","public_metrics":{"retweet_count":0,"reply_count":0,"like_count":0,"quote_count":0}}],"includes":{"media":[{"media_key":"7_1425460643889434626","public_metrics":{"view_count":20},"type":"video"},{"media_key":"3_1425462767096578058","type":"photo","url":"https://pbs.twimg.com/media/E8hC1ZFWQAoHySf.png"},{"media_key":"7_1425460713158479882","public_metrics":{"view_count":28},"type":"video"},{"media_key":"3_1425458853714415625","type":"photo","url":"https://pbs.twimg.com/media/E8g_RmmVUAk4_q7.jpg"},{"media_key":"7_1425329294251855876","public_metrics":{"view_count":55},"type":"video"},{"media_key":"3_1425451207921913862","type":"photo","url":"https://pbs.twimg.com/media/E8g4UjzWUAYEm1S.jpg"},{"media_key":"7_1425397242270142470","public_metrics":{"view_count":294},"type":"video"},{"media_key":"3_1425448712260759552","type":"photo","url":"https://pbs.twimg.com/media/E8g2DSvXMAAw--Z.jpg"},{"media_key":"3_1425447671196753924","type":"photo","url":"https://pbs.twimg.com/media/E8g1GseXIAQ2U_6.jpg"},{"media_key":"7_1425426047030472705","public_metrics":{"view_count":9857},"type":"video"},{"media_key":"3_1425445633494683653","type":"photo","url":"https://pbs.twimg.com/media/E8gzQFcVEAUg8je.jpg"},{"media_key":"3_1425443382579576839","type":"photo","url":"https://pbs.twimg.com/media/E8gxNEIWQAcDmQm.jpg"},{"media_key":"3_1425418504958840836","type":"photo","url":"https://pbs.twimg.com/media/E8gak_xXEAQyG-q.jpg"},{"media_key":"3_1425418504963076096","type":"photo","url":"https://pbs.twimg.com/media/E8gak_yXsAAYXl2.jpg"},{"media_key":"3_1425418504963039243","type":"photo","url":"https://pbs.twimg.com/media/E8gak_yXIAsX2E2.jpg"},{"media_key":"3_1425418504954654727","type":"photo","url":"https://pbs.twimg.com/media/E8gak_wXMAcBVKa.jpg"},{"media_key":"3_1425440539407757318","type":"photo","url":"https://pbs.twimg.com/media/E8gunkfXMAYQ-QM.jpg"},{"media_key":"3_1425442347513417734","type":"photo","url":"https://pbs.twimg.com/media/E8gwQ0NWEAYW8Nc.png"},{"media_key":"7_1425440807897780226","public_metrics":{"view_count":55},"type":"video"},{"media_key":"3_1425441477862252548","type":"photo","url":"https://pbs.twimg.com/media/E8gveMgWYAQPe2I.jpg"},{"media_key":"3_1425440623792959494","type":"photo","url":"https://pbs.twimg.com/media/E8guse2XMAY8_LS.jpg"},{"media_key":"3_1425440367847956481","type":"photo","url":"https://pbs.twimg.com/media/E8gudlYUYAEkJe-.png"},{"media_key":"3_1425431640273207296","type":"photo","url":"https://pbs.twimg.com/media/E8gmhkoWQAAKd6X.jpg"},{"media_key":"3_1425429392738582530","type":"photo","url":"https://pbs.twimg.com/media/E8gkev6VgAIfZVw.jpg"},{"media_key":"3_1425429392746971141","type":"photo","url":"https://pbs.twimg.com/media/E8gkev8VgAUKZ-C.jpg"},{"media_key":"3_1423318464979214341","type":"photo","url":"https://pbs.twimg.com/media/E8CkmlNXIAUNGCe.jpg"},{"media_key":"7_1425425278445125632","public_metrics":{"view_count":265},"type":"video"},{"media_key":"3_1425423832895135750","type":"photo","url":"https://pbs.twimg.com/media/E8gfbH4XIAYITh7.jpg"},{"media_key":"3_1425423836074418181","type":"photo","url":"https://pbs.twimg.com/media/E8gfbTuXIAUwLiD.jpg"},{"media_key":"3_1425423839123619852","type":"photo","url":"https://pbs.twimg.com/media/E8gfbfFWQAwXYg8.jpg"},{"media_key":"3_1425423841799680001","type":"photo","url":"https://pbs.twimg.com/media/E8gfbpDXsAEwqZs.jpg"},{"media_key":"13_1424759640349462537","public_metrics":{"view_count":63071},"type":"video"},{"media_key":"3_1425411912964218885","type":"photo","url":"https://pbs.twimg.com/media/E8gUlSrXoAUhM_B.jpg"},{"media_key":"3_1425402979775967243","type":"photo","url":"https://pbs.twimg.com/media/E8gMdT9UcAszVxo.jpg"},{"media_key":"3_1420501156409724930","type":"photo","url":"https://pbs.twimg.com/media/E7aiRo7VUAItGye.jpg"},{"media_key":"3_1425409258112405504","type":"photo","url":"https://pbs.twimg.com/media/E8gSKwlX0AAYCq0.jpg"},{"media_key":"3_1425408517700083712","type":"photo","url":"https://pbs.twimg.com/media/E8gRfqVUYAAU1f9.jpg"},{"media_key":"3_1425408303119560706","type":"photo","url":"https://pbs.twimg.com/media/E8gRTK9VcAILj6G.jpg"},{"media_key":"3_1425408116586205186","type":"photo","url":"https://pbs.twimg.com/media/E8gRIUEUUAIOqdT.jpg"},{"media_key":"3_1425407645062729728","type":"photo","url":"https://pbs.twimg.com/media/E8gQs3gXEAABBz9.jpg"},{"media_key":"3_1425408029051301888","type":"photo","url":"https://pbs.twimg.com/media/E8gRDN-XsAAr4AP.jpg"},{"media_key":"13_1425406865429733383","public_metrics":{"view_count":1552},"type":"video"},{"media_key":"3_1425397585078984706","type":"photo","url":"https://pbs.twimg.com/media/E8gHjTJVIAI2RXh.png"},{"media_key":"3_1425390022803410955","type":"photo","url":"https://pbs.twimg.com/media/E8gArHeVUAsWNdj.jpg"},{"media_key":"3_1425385176415182860","type":"photo","url":"https://pbs.twimg.com/media/E8f8RBRVoAwy9Ah.jpg"},{"media_key":"3_1425384122671792128","type":"photo","url":"https://pbs.twimg.com/media/E8f7TrxVgAACsjA.jpg"},{"media_key":"3_1425383497758355456","type":"photo","url":"https://pbs.twimg.com/media/E8f6vTyXMAAmsuE.jpg"},{"media_key":"3_1425383168052391946","type":"photo","url":"https://pbs.twimg.com/media/E8f6cHiVcAometx.jpg"},{"media_key":"16_1425376502347091973","type":"animated_gif"},{"media_key":"3_1425369481669455877","type":"photo","url":"https://pbs.twimg.com/media/E8ft_dyXMAU5Ttn.jpg"},{"media_key":"3_1425367020544069636","type":"photo","url":"https://pbs.twimg.com/media/E8frwNYWEAQqxNP.jpg"},{"media_key":"3_1425366720118759424","type":"photo","url":"https://pbs.twimg.com/media/E8freuNXoAArjkp.jpg"},{"media_key":"3_1425365361671565317","type":"photo","url":"https://pbs.twimg.com/media/E8fqPpmUcAU5Ebx.jpg"},{"media_key":"3_1425362003879661568","type":"photo","url":"https://pbs.twimg.com/media/E8fnMM2WEAALO7Y.jpg"}]},"meta":{"newest_id":"1425465077965099015","oldest_id":"1425353891181379586","result_count":100,"next_token":"b26v89c19zqg8o3fpdm8kka5jmrxeb3lc48rpamxfdpq5"}}