{"data":[{"created_at":"2021-08-11T07:06:41.000Z","text":"Part 3\n\nPhoto:  the #DixieFire, the largest single #wildfire in #California history \n\n#2Degrees \n#KeepingParis \n#KeepItInTheGround \n#NoFossilFuels \n#RenewableEnergyNow \n#ClimateChangeIsReal \n#ClimateChangeDenialIsDeadly \n#ClimateAction https://t.co/8tF2qPTM7o","lang":"en","author_id":"17420116","attachments":{"media_keys":["3_1425352945961476100"]},"public_metrics":{"retweet_count":0,"reply_count":0,"like_count":3,"quote_count":0},"id":"1425352959009959941"},{"created_at":"2021-08-11T07:04:22.000Z","text":"With all the fires in NorCal, it can be a difficult and emotional time for some people—especially for survivors. https://t.co/yVUbz76vcV. #californiawildfires #wildfire #wildfires #ca #california #norcal #fire #fires #survivors #mentalhealth","lang":"en","author_id":"2917023865","public_metrics":{"retweet_count":0,"reply_count":0,"like_count":2,"quote_count":1},"id":"1425352373606572036"},{"created_at":"2021-08-11T07:04:11.000Z","text":"WILDFIRE MENTAL HEALTH IMPACT: With all the fires in NorCal, it can be a difficult and emotional time for some people—especially for survivors. https://t.co/0LpXSrJTPo. #californiawildfires #wildfire #wildfires #ca #california #norcal #fire #fires #survivors #mentalhealth","lang":"en","author_id":"23550121","public_metrics":{"retweet_count":0,"reply_count":0,"like_count":1,"quote_count":0},"id":"1425352329495080960"},{"created_at":"2021-08-11T06:47:32.000Z","text":"At least seven people have been killed and dozens more injured in a #wildfire in parts of #Algeria\nThe blaze has spread to almost 14 regions of the country, and the government is struggling to put out the blaze. https://t.co/tdDCHFKIuN","lang":"en","author_id":"1208710653306904577","attachments":{"media_keys":["3_1425348072423534593","3_1425348072394067971","3_1425348072427687939"]},"public_metrics":{"retweet_count":0,"reply_count":0,"like_count":0,"quote_count":0},"id":"1425348137036783622"},{"created_at":"2021-08-11T06:43:58.000Z","text":"#Researchers can now #predict the #impact of #wildfiresmoke https://t.co/14jfWSx73l? #environmentalhealth #environment #Health #Healthcare #Pollution #ClimateAction #ClimateCrisis #WildfireSmoke #wildfire #AirPollution #green #recycling #climatechange","lang":"en","author_id":"1331274208475820037","public_metrics":{"retweet_count":0,"reply_count":0,"like_count":0,"quote_count":0},"id":"1425347239984209921"},{"created_at":"2021-08-11T06:39:05.000Z","text":"They're saying the forest fires are started on purpose by privately owned fire fighting companies with the helicopters. They get paid thousands every time a helicopter is used so they make extra fires. How can we live on this planet with irresponsible asshats like that? #wildfire","lang":"en","author_id":"1665154856","public_metrics":{"retweet_count":0,"reply_count":1,"like_count":0,"quote_count":0},"id":"1425346012210728963"},{"created_at":"2021-08-11T06:22:31.000Z","text":"அமெரிக்காவில் காட்டுத் தீயில் சிக்கி முற்றிலும் அழிந்து போன கிரீன் வில்லே நகரம்!\n\n#America | #Greenville | #WildFire https://t.co/Wh8fD6ETK4","lang":"ta","author_id":"1943418931","attachments":{"media_keys":["13_1425336940589576200"]},"public_metrics":{"retweet_count":3,"reply_count":0,"like_count":47,"quote_count":0},"id":"1425341841281454080"},{"created_at":"2021-08-11T06:10:08.000Z","text":"Climate change cannot wait another minute!\nThe #Dixie fire is now the 2nd-largest #wildfire in #California history, destroying more than 400 homes and commercial buildings. Sympathy to all the affected and pray for everyone’s safety.\nhttps://t.co/7NaPNCkD7G","lang":"en","author_id":"1384089603511001092","public_metrics":{"retweet_count":0,"reply_count":0,"like_count":1,"quote_count":0},"id":"1425338724469014538"},{"created_at":"2021-08-11T06:09:29.000Z","text":"and here's the link to the #KAUSTDiscovery story about this #wildfire research from the @csgKAUST reserachers: https://t.co/UP1rvtZQ2s","lang":"en","author_id":"1379173441354543106","public_metrics":{"retweet_count":0,"reply_count":0,"like_count":1,"quote_count":0},"id":"1425338563353321474"},{"created_at":"2021-08-11T06:04:13.000Z","text":"Massive wildfire sweeps Algeria killing 42 including 25 soldiers\n\n#Algeria #Wildfire \n\nhttps://t.co/Qitl6DVb0s","lang":"en","author_id":"776063255198388226","public_metrics":{"retweet_count":1,"reply_count":0,"like_count":2,"quote_count":0},"id":"1425337235319123972"},{"created_at":"2021-08-11T06:01:22.000Z","text":"Our partner NDK provide InsightFD and LookOut #wildfire detection solutions in #Korea https://t.co/b4cbtlCfGr","lang":"en","author_id":"1155468995539038208","public_metrics":{"retweet_count":0,"reply_count":0,"like_count":0,"quote_count":0},"id":"1425336520681037825"},{"created_at":"2021-08-11T05:43:57.000Z","text":"In Algeria, 42 people, including 25 soldiers, have died in wildfires that erupted in east of the capital, Algiers. \n\n#Algeria #Wildfire #PMAymanBenabderrahmane #IndusNews @UKR_in_Algeria @Ambalgindc @USAmbtoAlgeria @unhcralgeria \n\nFull Video:\nhttps://t.co/kPBhtcfT32 https://t.co/ppatHKWi6T","lang":"en","author_id":"996321449735544832","attachments":{"media_keys":["3_1425332115974021121"]},"public_metrics":{"retweet_count":3,"reply_count":0,"like_count":2,"quote_count":0},"id":"1425332136496795652"},{"created_at":"2021-08-11T05:41:28.000Z","text":"\"The evolution of the #Evia #wildfire between 3 - 10 August, as seen by \n@CopernicusEU\" https://t.co/J5Erd46XuE","lang":"en","author_id":"14250071","public_metrics":{"retweet_count":0,"reply_count":0,"like_count":2,"quote_count":0},"id":"1425331513487470594"},{"created_at":"2021-08-11T05:30:00.000Z","text":"There are multiple organizations that have set up shelters where they are offering food, water, and a community of people offering emotional and mental support for anyone who needs help. #wildfire #wildfires \nhttps://t.co/BcNnFOZ1Y9","lang":"en","author_id":"327507749","public_metrics":{"retweet_count":1,"reply_count":0,"like_count":4,"quote_count":1},"id":"1425328626015240196"},{"created_at":"2021-08-11T05:20:34.000Z","text":"#climatefrontjammu #forestfire #wildfire #fire #forest #nature #climatechange #smoke #GlobalWarming #Turkey #Turkeyisburning #TurkeyIsOnFire #forestfires #ClimateCrisis #ClimateAction #climate #climatechange #wildfireseason #environment","lang":"und","author_id":"1260792878537687040","public_metrics":{"retweet_count":1,"reply_count":0,"like_count":0,"quote_count":0},"id":"1425326252479565826"},{"created_at":"2021-08-11T04:52:01.000Z","text":"FutureDanger Indicator: WILDFIRES LAY WASTE\nHeatMap Column 4&gt; https://t.co/lN14i125gK\n  #Wildfires #Wildfire #HeatMap #FutureDanger https://t.co/5edBZ7v5AC","lang":"en","author_id":"868211017632894977","attachments":{"media_keys":["3_1425319067225772041"]},"public_metrics":{"retweet_count":0,"reply_count":0,"like_count":0,"quote_count":0},"id":"1425319068752433159"},{"created_at":"2021-08-11T04:50:37.000Z","text":"今月の遊び枠 #NANODOGE $DOGO あとは押し目来たら  #wildfire 拾いたい","lang":"ja","author_id":"1343880004455649281","public_metrics":{"retweet_count":0,"reply_count":1,"like_count":3,"quote_count":0},"id":"1425318716921708547"},{"created_at":"2021-08-11T04:43:25.000Z","text":"കാട്ടുതീയിൽ നിന്ന്​ ഗ്രാമീണരെ രക്ഷിക്കാനുള്ള ശ്രമത്തിനിടെ അൾജീരിയയിൽ 25 സൈനികർ മരിച്ചു #wildfire #Algeria https://t.co/QpFWs3f4AD","lang":"ml","author_id":"44583496","public_metrics":{"retweet_count":0,"reply_count":0,"like_count":1,"quote_count":0},"id":"1425316905280180229"},{"created_at":"2021-08-11T04:34:15.000Z","text":"அமெரிக்காவில் காட்டுத் தீயில் சிக்கி முற்றிலும் அழிந்து போன கிரீன் வில்லே நகரம்.. | #America | #Greenville | #WildFire https://t.co/cqgij2FRKE","lang":"ta","author_id":"1943418931","public_metrics":{"retweet_count":1,"reply_count":0,"like_count":24,"quote_count":0},"id":"1425314594340233219"},{"created_at":"2021-08-11T04:32:12.000Z","text":"Earth is getting so hot that temperatures in about a decade will probably blow past a level of warming that world leaders have sought to prevent. #globalwarming #heat #earth #fire #wildfire\n\n➡️  https://t.co/wtoZcQmHT4 https://t.co/zILwnQg2jq","lang":"en","author_id":"3263450575","attachments":{"media_keys":["3_1425314076398399492"]},"public_metrics":{"retweet_count":0,"reply_count":0,"like_count":0,"quote_count":0},"id":"1425314080844308481"},{"created_at":"2021-08-11T04:29:21.000Z","text":"Now that Blackfire is here\uD83D\uDC9C\nAnd Starfire was already here \uD83D\uDC9A\nNext is time to bring WildFire❤️\n\nMaking his first on screen appearance ever\uD83D\uDC4C\uD83C\uDFFD\n\n#DCTitans #comic #DCUniverse #blackfire #Starfire #wildfire #Titans @DCTitans","lang":"en","author_id":"877170962948644867","public_metrics":{"retweet_count":0,"reply_count":0,"like_count":2,"quote_count":0},"id":"1425313363035308032"},{"created_at":"2021-08-11T04:26:58.000Z","text":"If you are smelling #wildfire #smoke in northern #NewMexico it is from the 1,233 acre #AmargoFire near Dulce. \n#NMFire\n\uD83D\uDD25\uD83D\uDD25\uD83D\uDD25 https://t.co/iQDnYemQbP","lang":"en","author_id":"144703320","attachments":{"media_keys":["3_1425312759533785095"]},"public_metrics":{"retweet_count":1,"reply_count":0,"like_count":1,"quote_count":0},"id":"1425312765225455617"},{"created_at":"2021-08-11T04:21:43.000Z","text":"The wildfires ravaging Turkey’s southern and western coastal regions have caused great damage to agricultural fields. #wildfire #bee #honey #damage #agriculture\n\n➡️  https://t.co/oQXC6Z5mHu https://t.co/dXRQGc6tKQ","lang":"en","author_id":"3263450575","attachments":{"media_keys":["3_1425311435824017409"]},"public_metrics":{"retweet_count":0,"reply_count":0,"like_count":0,"quote_count":0},"id":"1425311441532428288"},{"created_at":"2021-08-11T04:18:00.000Z","text":"'We fought a great battle': Greece defends wildfire response\n#wildfire #battle #Greece   https://t.co/Ph0hdyi2KD","lang":"en","author_id":"3306545726","public_metrics":{"retweet_count":0,"reply_count":0,"like_count":0,"quote_count":0},"id":"1425310508635234308"},{"created_at":"2021-08-11T04:15:41.000Z","text":"Wildfire Algeria : ಕಾಡ್ಗಿಚ್ಚು 25 ಸೈನಿಕರು ಸೇರಿ 42 ಮಂದಿ ಬಲಿ \n#wildfire #AlgeriaIsBurning \nhttps://t.co/74W6NOlrgT","lang":"kn","author_id":"1219661964420345856","public_metrics":{"retweet_count":1,"reply_count":0,"like_count":0,"quote_count":0},"id":"1425309923945050112"},{"created_at":"2021-08-11T04:08:53.000Z","text":"The shortage in fuel is due to several issues, 1 being a shortage of truck drivers for transportation.\nDue to high temperatures, oil refineries, for safety reasons, cannot operate at full capacity. \n#wildfire \n#shortages\nhttps://t.co/oIsZ5ZYXJ1","lang":"en","author_id":"144703320","public_metrics":{"retweet_count":0,"reply_count":0,"like_count":3,"quote_count":0},"id":"1425308213382160390"},{"created_at":"2021-08-11T04:00:05.000Z","text":"59 scenes of WORLDVIEW ingested to HDDS for event 202107_Fire_US #wildfire https://t.co/8UnMRqC22L https://t.co/iBVibKoODe","lang":"en","author_id":"958321766","attachments":{"media_keys":["3_1425305996436639748"]},"public_metrics":{"retweet_count":0,"reply_count":0,"like_count":0,"quote_count":0},"id":"1425305997510430724"},{"created_at":"2021-08-11T03:55:17.000Z","text":"A perfect storm that will get more and more perfect: Heat, drought and fire: how #climate dangers combine for a catastrophic ‘perfect storm’ #ClimateEmergency #wildfire #ClimateCrisis  https://t.co/sC9uGzMsXu","lang":"en","author_id":"352547206","public_metrics":{"retweet_count":0,"reply_count":0,"like_count":0,"quote_count":0},"id":"1425304790704263170"},{"created_at":"2021-08-11T03:45:40.000Z","text":"Burning gasoline, methane, &amp; coal-electricity makes MN #drought &amp; #heat #wildfire smoke  #flood \n\n@RepToddLippert \n@JenMcEwenMN \n10 days &gt;100F becomes\n28 days &gt;100F\n\nWhat can we do, instead of…\n\nGasoline? EV \n\nNatural gas? Heat pumps, insulate\n\nCoal-electricity? wind &amp; solar https://t.co/nXKXkWmREp","lang":"en","author_id":"1332453464169979915","public_metrics":{"retweet_count":0,"reply_count":0,"like_count":1,"quote_count":0},"id":"1425302368573444096"},{"created_at":"2021-08-11T03:43:29.000Z","text":"@Sammy_Roth @jenhab Is #wildfire risk reduction _actually_ climate or environmental, or is it just more slush money for #bigtimber?","lang":"en","author_id":"48415432","public_metrics":{"retweet_count":0,"reply_count":1,"like_count":0,"quote_count":0},"id":"1425301820058914821"},{"created_at":"2021-08-11T03:42:48.000Z","text":"#Napa County adds a locally controlled firefighting helicopter for upcoming #wildfire season  https://t.co/8l9wWcql1B","lang":"en","author_id":"425476514","public_metrics":{"retweet_count":0,"reply_count":0,"like_count":2,"quote_count":0},"id":"1425301647912148994"},{"created_at":"2021-08-11T03:40:16.000Z","text":"Satellite images show devastation of California's #Dixie #wildfire https://t.co/bspoP3FcG8 via @Reuters","lang":"en","author_id":"448993631","public_metrics":{"retweet_count":0,"reply_count":0,"like_count":0,"quote_count":0},"id":"1425301009161756672"},{"created_at":"2021-08-11T03:39:53.000Z","text":"'We fought a great battle': #Greece defends #wildfire response https://t.co/RWa7z6cU7M","lang":"en","author_id":"1149173893157888000","public_metrics":{"retweet_count":0,"reply_count":0,"like_count":0,"quote_count":0},"id":"1425300916660412416"},{"created_at":"2021-08-11T03:32:15.000Z","text":"#Wild_Fires_06\n#Wildfire\n#wildfires\n#Algeria\n#Algeria_forest_fires\nThe most dramatic event occurred in Algeria, where at least 42 people died this Tuesday, including 25 military personnel, as a result of the forest fires fueled by 46 degree temperatures.\nhttps://t.co/jfH7Aky24H","lang":"en","author_id":"1163466042435428352","public_metrics":{"retweet_count":0,"reply_count":1,"like_count":0,"quote_count":0},"id":"1425298992322203652"},{"created_at":"2021-08-11T03:30:00.000Z","text":"As wildfires consume the forests, a new airborne project team is working to find a space solution to put out fires before they spread out of control using AI.\n@UCBerkeley\n#wildfire #fire #climatechange  #satellite  #technology #machinelearning #artificialintelligence #datascience https://t.co/yRNvYrSxFI","lang":"en","author_id":"1334430406997762053","attachments":{"media_keys":["3_1425298426565218305"]},"public_metrics":{"retweet_count":3,"reply_count":0,"like_count":2,"quote_count":0},"id":"1425298428574289921"},{"created_at":"2021-08-11T03:11:39.000Z","text":"@NWSMissoula @ErinWx     Beautiful sunset in the #Missoula valley tonight! Cold front/rain &amp; wind have really helped with #wildfire smoke! Nice to see blue skies! \uD83D\uDE03 #BigSkyCountry #MTwx https://t.co/bftUtizVC7","lang":"en","author_id":"1115677981","attachments":{"media_keys":["3_1425293783197884417","3_1425293797865316359"]},"public_metrics":{"retweet_count":0,"reply_count":1,"like_count":3,"quote_count":0},"id":"1425293808581840898"},{"created_at":"2021-08-11T03:07:04.000Z","text":"#Wildfire rips #Algeria, killing 42 people including soldiers \nhttps://t.co/ihiTdrcYEe \n#Sharjah24 https://t.co/jEQxTVSgr6","lang":"en","author_id":"2896213998","attachments":{"media_keys":["3_1425292639394406405"]},"public_metrics":{"retweet_count":0,"reply_count":0,"like_count":1,"quote_count":0},"id":"1425292655295045634"},{"created_at":"2021-08-11T03:07:02.000Z","text":"This guy is delusional and losing it (and I don't just mean the recall).\n#RecallGavinNewsom #CaliforniaRecallElection #CaliforniaRecall #California #RecallNewsom #housing #homelessness #taxes #wildfire #unemployment #water #drought #Farmers #lockdown #COVID19 #LiberalLogic https://t.co/RBeDikMXgi","lang":"en","author_id":"1368455522","public_metrics":{"retweet_count":0,"reply_count":0,"like_count":0,"quote_count":0},"id":"1425292647812542467"},{"created_at":"2021-08-11T03:05:54.000Z","text":"Wildfires: అల్జీరియా దేశంలో అంటుకున్న కార్చిచ్చు..  25 మంది సైనికులతో సహా 34 మంది అహుతి!\n#Wildfire | #Algeria | #TV9\nhttps://t.co/NIYd1oIg3a","lang":"te","author_id":"145535271","public_metrics":{"retweet_count":0,"reply_count":0,"like_count":1,"quote_count":0},"id":"1425292362624901125"},{"created_at":"2021-08-11T02:58:43.000Z","text":"I don't know if it's global warming or bad luck, but these out-of-state wildfires are literally making me sick. I've dealt with more AQI advisory days over the last 5 weeks in Colorado than in 15 years in NYC. #wildfire","lang":"en","author_id":"2287381668","public_metrics":{"retweet_count":0,"reply_count":0,"like_count":0,"quote_count":0},"id":"1425290556113002502"},{"created_at":"2021-08-11T02:54:18.000Z","text":"Devastating to see people fleeing from their own land\uD83D\uDE14\uD83D\uDE14\nhttps://t.co/fre17vWNNG\n#greecefires #wildfire #forestfire #RagingFire","lang":"en","author_id":"1385546258761142272","public_metrics":{"retweet_count":0,"reply_count":0,"like_count":0,"quote_count":0},"id":"1425289443770994689"},{"created_at":"2021-08-11T02:52:10.000Z","text":"అగ్నికీలల్లో చిక్కుకుని... \n#Algeria #Wildfire #Soldiers #People\nhttps://t.co/4PrrrePTgP https://t.co/MDHD7b35up","lang":"te","author_id":"84294482","attachments":{"media_keys":["3_1425288899132223491"]},"public_metrics":{"retweet_count":0,"reply_count":0,"like_count":0,"quote_count":0},"id":"1425288905062944769"},{"created_at":"2021-08-11T02:44:13.000Z","text":"Great reminder from our partners @OSFM -- these extreme temps aren't helping the current fire situation. Thanks for helping do your part to reduce #wildfire risk and #keeporegongreen!\n#TeamOregon #Prevention #BeReady #BeSafe https://t.co/LYBSX3EsC1","lang":"en","author_id":"16034002","public_metrics":{"retweet_count":5,"reply_count":0,"like_count":10,"quote_count":0},"id":"1425286906120531969"},{"created_at":"2021-08-11T02:38:59.000Z","text":"Algeria Wildfires Kill 25 Soldiers, 7 Residents #Algeria #AlgeriaWildfires #Wildfires #Wildfire https://t.co/wpQCIpNqi6","lang":"en","author_id":"828841083257778176","public_metrics":{"retweet_count":1,"reply_count":0,"like_count":1,"quote_count":0},"id":"1425285589851512836"},{"created_at":"2021-08-11T02:31:55.000Z","text":"Hot, dry weather is hampering California firefighters' efforts to combat the Dixie blaze, which swelled over the weekend to become the second-largest in state history and is threatening to engulf a second town.\nhttps://t.co/Bdx7NAp2W6\n#wildfire #dryweather #heatwaves #DixieFire","lang":"en","author_id":"1385546258761142272","public_metrics":{"retweet_count":0,"reply_count":0,"like_count":1,"quote_count":0},"id":"1425283810170572803"},{"created_at":"2021-08-11T02:30:05.000Z","text":"அல்ஜீரியாவில் காட்டுத்தீயை அணைக்கச் சென்ற 25 வீரர்கள் உயிரிழப்பு\n\nமேலும் விவரங்களுக்கு :  https://t.co/p7JiFNBxCi\n\n#Algeria | #TiziOuzou | #WildFire https://t.co/LkxJj74bm9","lang":"ta","author_id":"1400692543403089921","attachments":{"media_keys":["3_1425283336860168197"]},"public_metrics":{"retweet_count":0,"reply_count":0,"like_count":0,"quote_count":0},"id":"1425283348809744384"},{"created_at":"2021-08-11T02:29:54.000Z","text":"Several houses were burnt as families were escaping to hotels, youth hostels and university residences, witnesses said, adding that a dense smoke hampered the visibility of fire crews.\nhttps://t.co/HaNuQgUX4b\n#wildfire #algeriawildfire #forestfire #wecanhelp","lang":"en","author_id":"1385546258761142272","public_metrics":{"retweet_count":0,"reply_count":0,"like_count":0,"quote_count":0},"id":"1425283304681459713"},{"created_at":"2021-08-11T02:27:52.000Z","text":"Please read RASTA’s Facebook post for more details \uD83D\uDE25 #Nanaimo #CowichanValley #Duncan #Chemainus #Ladysmith #Saltaire #MillBay #Youbou #Malahat #Victoria #Lantzville #Nanoose #Parksville #Qualicum #VancouverIsland #Wildfire #BCIsBurning \uD83E\uDDF5 3/3\n\nhttps://t.co/Llynn6oA91","lang":"en","author_id":"75446141","public_metrics":{"retweet_count":1,"reply_count":0,"like_count":2,"quote_count":0},"id":"1425282792699568130"},{"created_at":"2021-08-11T02:27:18.000Z","text":"By Tuesday, the Dixie Fire had torn through 487,764 acres in the sprawling Sierra Nevada, where the Maidu have lived for thousands of years.\nhttps://t.co/3s0LnBFStO\n#wildfire #DixieFire #forestfire","lang":"en","author_id":"1385546258761142272","public_metrics":{"retweet_count":0,"reply_count":0,"like_count":1,"quote_count":1},"id":"1425282649820524549"},{"created_at":"2021-08-11T02:21:49.000Z","text":"The #DixieFire is considered #California's second largest #wildfire ever as it continues to grow while the firefighters were bracing for more.\n\nUgh, wildfires these days are even hell.\nhttps://t.co/WBEftn0dMU","lang":"en","author_id":"1086163503549829121","public_metrics":{"retweet_count":0,"reply_count":0,"like_count":1,"quote_count":0},"id":"1425281267277262850"},{"created_at":"2021-08-11T02:18:28.000Z","text":"அல்ஜீரியாவில் காட்டுத்தீயை அணைக்கச் சென்ற 25 வீரர்கள் உயிரிழப்பு #Algeria | #TiziOuzou | #WildFire  https://t.co/OGNWS8RiAf","lang":"ta","author_id":"1943418931","public_metrics":{"retweet_count":8,"reply_count":1,"like_count":70,"quote_count":0},"id":"1425280425157480448"},{"created_at":"2021-08-11T02:16:28.000Z","text":"Buying a home soon in El Dorado County? It’s important to have the property you’re interested in rated for #wildfire risk before making your move! \uD83D\uDD25\n \n #CAwildfire #wildfireprotection #wildfirerisk #californiainsurance #homeinsurance #eldorado #laketahoe #norcal #realestate https://t.co/PUg5SpbAzq","lang":"en","author_id":"1064773576992088065","attachments":{"media_keys":["3_1425279899162447879"]},"public_metrics":{"retweet_count":0,"reply_count":0,"like_count":1,"quote_count":0},"id":"1425279922428207104"},{"created_at":"2021-08-11T02:11:00.000Z","text":"\uD83D\uDD25 #Wildfire season is in full force devastating communities across the west! If you're in a fire prone area, it's critical to be prepared to evacuate at a moment's notice. Get your whole family ready with our fun &amp; kid-friendly Pedro the Penguin series ▶️ https://t.co/lM7yQ2P1mi","lang":"en","author_id":"16018834","public_metrics":{"retweet_count":1,"reply_count":0,"like_count":1,"quote_count":0},"id":"1425278547061448704"},{"created_at":"2021-08-11T02:07:19.000Z","text":"Scientists have developed a #whitepaper describing the #wildfire crisis we face w a suggested course of action...based on decades of experience in\nwildland fire, #climatechange research, ground ops. The report on #CanadaTonight:\nhttps://t.co/ErnLb1Qmc6\nhttps://t.co/OIJE8gpOxR","lang":"en","author_id":"121417367","public_metrics":{"retweet_count":18,"reply_count":5,"like_count":34,"quote_count":5},"id":"1425277621131227137"},{"created_at":"2021-08-11T01:58:45.000Z","text":"Fantastic \uD83E\uDDF5 from @NathanRott summarizing the impressive amount of work he and colleagues have put in to help educate the public that #wildfire disasters are not just a western US problem, and #climatechange is making it worse.\uD83D\uDD25 https://t.co/txq6I8PXww","lang":"en","author_id":"2881465338","public_metrics":{"retweet_count":4,"reply_count":0,"like_count":13,"quote_count":1},"id":"1425275463346262017"},{"created_at":"2021-08-11T01:57:56.000Z","text":"Climate change cannot wait another minute!\nThe #Dixie fire is now the 2nd-largest #wildfire in #California history, destroying more than 400 homes and commercial buildings. Sympathy to all the affected and pray for everyone’s safety.\nhttps://t.co/4EDIEWU3QE","lang":"en","author_id":"1349252593130737664","public_metrics":{"retweet_count":1,"reply_count":0,"like_count":1,"quote_count":0},"id":"1425275258769129473"},{"created_at":"2021-08-11T01:39:11.000Z","text":"#NoFilter #sturgis2021 #Wildfire @ Iron Horse Campground https://t.co/GS7iJdM11t","lang":"en","author_id":"412541094","public_metrics":{"retweet_count":0,"reply_count":0,"like_count":0,"quote_count":0},"id":"1425270537970802693"},{"created_at":"2021-08-11T01:28:11.000Z","text":"Our hearts and prayers go to our brothers and sisters in Algeria! \uD83C\uDDF0\uD83C\uDDFC\uD83D\uDC94\uD83C\uDDE9\uD83C\uDDFF \uD83D\uDE4F\uD83C\uDFFC #wildfire\n\nاللهم احفظ الجزائر من كل مكروه https://t.co/VLcEVxt21a","lang":"und","author_id":"802006106","attachments":{"media_keys":["3_1425267767448592390","3_1425267767452786692"]},"public_metrics":{"retweet_count":0,"reply_count":0,"like_count":1,"quote_count":0},"id":"1425267771806568448"},{"created_at":"2021-08-11T01:27:26.000Z","text":"'Smoke from wildfires raging in Russia has reached the North Pole for the first time in recorded history'\n\nSmoke from the fires 'blankets the sky for about 2,000 miles from east to west and 2,500 miles north to south'\n\n#ClimateCrisis #wildfire\nhttps://t.co/dl2QCFgrDN","lang":"en","author_id":"1045360120987701248","public_metrics":{"retweet_count":46,"reply_count":4,"like_count":57,"quote_count":4},"id":"1425267582039330816"},{"created_at":"2021-08-11T01:20:18.000Z","text":"How #Wildfire Restored a #Yosemite Watershed!!\nHalf a century of allowing lightning fires to burn in Yosemite’s Illilouette Creek Basin has created a lost forest ecosystem that is far more #resilient to the impacts of drought, wildfire and climate change.\nhttps://t.co/U80tcnnRoj https://t.co/38TKGFsHS8","lang":"en","author_id":"17368287","attachments":{"media_keys":["3_1425265785489051649"]},"public_metrics":{"retweet_count":0,"reply_count":0,"like_count":0,"quote_count":0},"id":"1425265787468763139"},{"created_at":"2021-08-11T01:17:35.000Z","text":"Back 2 red\uD83D\uDD34\uD83D\uDFE1\uD83D\uDD34 #wildfire #firefighters #sunset #fireInTheSky https://t.co/zkiWJXi7dd","lang":"en","author_id":"254638362","attachments":{"media_keys":["3_1425265097556045827"]},"public_metrics":{"retweet_count":1,"reply_count":4,"like_count":24,"quote_count":0},"id":"1425265102513741828"},{"created_at":"2021-08-11T01:15:12.000Z","text":"https://t.co/veibklFfwF\n\n\"America is a fire continent. Wildfires happened frequently before European settlement.\" #wildfire","lang":"en","author_id":"3306691953","public_metrics":{"retweet_count":0,"reply_count":0,"like_count":1,"quote_count":0},"id":"1425264502489051139"},{"created_at":"2021-08-11T01:11:39.000Z","text":"Possible #wildfire identified by #LookOut wildfire detection SaaS @CALFIRENEU https://t.co/bC71iJ2mNy","lang":"en","author_id":"1155468995539038208","attachments":{"media_keys":["3_1425263604140367874"]},"public_metrics":{"retweet_count":0,"reply_count":1,"like_count":1,"quote_count":0},"id":"1425263610272522243"},{"created_at":"2021-08-11T01:08:51.000Z","text":"Quote: About half of Russia’s forests are left unprotected by regional authorities, mainly because of inadequate funding for firefighting...\n\n#wildfire \nhttps://t.co/34giRcZuh9","lang":"en","author_id":"1580152807","public_metrics":{"retweet_count":0,"reply_count":0,"like_count":0,"quote_count":0},"id":"1425262905361117187"},{"created_at":"2021-08-11T01:07:31.000Z","text":"Possible #wildfire on camera #Axis-HowellMtn2 @nvfirecams @alertwildfire #AxisHowellMtn2 via @NVSeismoLab https://t.co/vjMFbrjQAK","lang":"fr","author_id":"1155468995539038208","attachments":{"media_keys":["3_1425262561394499591"]},"public_metrics":{"retweet_count":0,"reply_count":1,"like_count":2,"quote_count":0},"id":"1425262569388797952"},{"created_at":"2021-08-11T01:03:10.000Z","text":"#Algeria forest fires: Dozens killed in Kabylie region. https://t.co/GimVhEaFHN #wildfire #forestfires","lang":"en","author_id":"559799828","public_metrics":{"retweet_count":1,"reply_count":1,"like_count":0,"quote_count":0},"id":"1425261474667274242"},{"created_at":"2021-08-11T00:59:17.000Z","text":"White Rock Lake Wildfire - August 10, 2021 - Daytime Video / photography by @Sassephoto. https://t.co/zF1yV9o8MO via @YouTube #wildfire #WhiteRockLakeWildFire #OkanaganLake #Fintry #LaCasa #VernonBC #BritishColumbia #Canada #helicopters","lang":"en","author_id":"14766035","public_metrics":{"retweet_count":0,"reply_count":0,"like_count":1,"quote_count":0},"id":"1425260499831119872"},{"created_at":"2021-08-11T00:59:03.000Z","text":"Another #Wildfire in the world.  Anyone awake yet?  That means you Mr. #Politican and Mr. #CEO. https://t.co/Zkg26TXdXH","lang":"en","author_id":"206457337","public_metrics":{"retweet_count":0,"reply_count":0,"like_count":0,"quote_count":0},"id":"1425260440280616962"},{"created_at":"2021-08-11T00:42:21.000Z","text":"Algeria #wildfire death toll rises as 25 soldiers killed https://t.co/6ul35UFGjl via @AJEnglish","lang":"en","author_id":"469634015","public_metrics":{"retweet_count":0,"reply_count":0,"like_count":0,"quote_count":0},"id":"1425256238728757254"},{"created_at":"2021-08-11T00:36:41.000Z","text":"Saskatchewan Daily Wildfire Situation Map\n\nUpdate Detected: 10 Aug 2021 06:36 PM CST\n\nMore info at: https://t.co/zOnT69VEic\n\n#sk #wildfire #skwildfire https://t.co/uP7ZWaupaJ","lang":"en","author_id":"1415349497023115265","attachments":{"media_keys":["3_1425254805581275147"]},"public_metrics":{"retweet_count":0,"reply_count":0,"like_count":0,"quote_count":0},"id":"1425254809360289792"},{"created_at":"2021-08-11T00:36:13.000Z","text":"Really thought that they were going to be left for dead #S1E5 #Wildfire #4thAugust21 @WalkingDead_AMC @disneyplus","lang":"en","author_id":"1966935864","public_metrics":{"retweet_count":0,"reply_count":0,"like_count":0,"quote_count":0},"id":"1425254694683910145"},{"created_at":"2021-08-11T00:30:02.000Z","text":"A #wildfire is burning out of control at Gortinia, #Arcadia region in the #Peloponnese, which has led to the evacuation of 12 communities there via the 112 European Emergency Number #Greece https://t.co/Wb7Vo1XvmX","lang":"en","author_id":"82347945","public_metrics":{"retweet_count":0,"reply_count":0,"like_count":0,"quote_count":0},"id":"1425253137921740803"},{"created_at":"2021-08-11T00:21:36.000Z","text":"Supervisor James Gore @gorecountry discusses #wildfire risk reduction with @UCCESonoma Director, \nDr. Stephanie Larson, and #Forestry Advisor Dr. Mike Jones @forestadvJones.  #grazing https://t.co/z8pI3t94qJ","lang":"en","author_id":"14957366","public_metrics":{"retweet_count":1,"reply_count":0,"like_count":0,"quote_count":0},"id":"1425251015071133702"},{"created_at":"2021-08-11T00:21:36.000Z","text":"/3\nInstead of expecting a \"friendly business environment\" 4 their post-rape needs in the midst of BC's [albeit predicted] worst drought/#wildfire season EVER, why don't these entitled #logging co's use their \"record profits\" to HELP the victims of the fires THEY CAUSED???\uD83E\uDD22","lang":"en","author_id":"103608780","public_metrics":{"retweet_count":0,"reply_count":1,"like_count":0,"quote_count":0},"id":"1425251013284401152"},{"created_at":"2021-08-11T00:18:59.000Z","text":"Your @BCGovFireInfo updat with #SarahHall just now on @CKNW https://t.co/nXFPodV6fx #wildfire","lang":"en","author_id":"22255244","public_metrics":{"retweet_count":1,"reply_count":0,"like_count":2,"quote_count":0},"id":"1425250354854121478"},{"created_at":"2021-08-11T00:15:39.000Z","text":"2/ #BCWildfires #TremontCreek fire is about 4 kms from #Savona. Here is the @BCGovFireInfo link last updated at 200 PM. Given the cloud formation, this #wildfire remains out of control. #Kamloops\nhttps://t.co/2MpywQRTew","lang":"en","author_id":"1064389056","public_metrics":{"retweet_count":1,"reply_count":0,"like_count":0,"quote_count":0},"id":"1425249517088108544"},{"created_at":"2021-08-11T00:11:48.000Z","text":"Large wildfires in #Algeria have killed at least 18 soldiers and injured 13..\nIsaiah 34:8 - Year of Recompenses\n#wildfire #fire https://t.co/4z0IrT1ROZ","lang":"en","author_id":"1285954032813649923","public_metrics":{"retweet_count":0,"reply_count":0,"like_count":0,"quote_count":0},"id":"1425248549978185732"},{"created_at":"2021-08-11T00:07:25.000Z","text":"LATEST #wildfire news: The latest on fires burning in Oregon, SE Washington https://t.co/X5Yjt5l89N","lang":"en","author_id":"1213212218780602368","attachments":{"media_keys":["3_1425247443780874243"]},"public_metrics":{"retweet_count":0,"reply_count":0,"like_count":1,"quote_count":0},"id":"1425247445265571844"},{"created_at":"2021-08-11T00:06:06.000Z","text":"Here are some extra precautions you should take when a #wildfire approaches your area. Remember to have your #emergencykit ready for use when the time comes for evacuation. Resources for wildfire safety can be found here: https://t.co/fWqMNPm70j https://t.co/1YtnYx97ih","lang":"en","author_id":"14720319","attachments":{"media_keys":["3_1425247092713398272"]},"public_metrics":{"retweet_count":1,"reply_count":0,"like_count":4,"quote_count":0},"id":"1425247114934771713"},{"created_at":"2021-08-11T00:06:01.000Z","text":"FutureDanger Indicator: WILDFIRES LAY WASTE\nHeatMap Column 4&gt; https://t.co/lN14i125gK\n  #Wildfires #Wildfire #FutureDanger #HeatMap https://t.co/qBBYZ4Pbez","lang":"en","author_id":"868211017632894977","attachments":{"media_keys":["3_1425247093485015042"]},"public_metrics":{"retweet_count":0,"reply_count":0,"like_count":0,"quote_count":0},"id":"1425247094814646275"},{"created_at":"2021-08-11T00:04:07.000Z","text":"#BCWildfires #TremontCreek fire is on the move. @BCGovFireInfo had been doing backburns today. Wind gusts are 20kts and likely higher near the #wildfire. #Kamloops @Kamscan https://t.co/Pphl1BrUka","lang":"en","author_id":"1064389056","public_metrics":{"retweet_count":6,"reply_count":2,"like_count":13,"quote_count":0},"id":"1425246613975408640"},{"created_at":"2021-08-11T00:00:07.000Z","text":"Good example of the real-world impact #satellite #data can provide — An instrument on the Int'l Space Station is uniquely positioned to provide #wildfire responders w/ a high-res look at fire progression: https://t.co/touRfmHBed\n\n#Wildfires #Disaster #PublicSafety #EmergingTech https://t.co/ywOczZwMrJ","lang":"en","author_id":"3060539594","attachments":{"media_keys":["3_1425245603630620673"]},"public_metrics":{"retweet_count":0,"reply_count":0,"like_count":0,"quote_count":0},"id":"1425245607472635913"},{"created_at":"2021-08-11T00:00:04.000Z","text":"@Networkinvegas this is literally CRAZY - all the dust in town plus the smoke from our California #WildFire season has everybody with a high tissue usage ... #CCSD needs new leadership!","lang":"en","author_id":"918169011602386944","public_metrics":{"retweet_count":1,"reply_count":0,"like_count":8,"quote_count":0},"id":"1425245597775192067"},{"created_at":"2021-08-10T23:55:02.000Z","text":"#Wildfire Resilience Investment Needs to Be in the Billions https://t.co/o9OQMGItbK","lang":"en","author_id":"362232060","public_metrics":{"retweet_count":0,"reply_count":0,"like_count":0,"quote_count":0},"id":"1425244329040220160"},{"created_at":"2021-08-10T23:48:18.000Z","text":"@GayPuglia \uD83D\uDD25 I once asked a police department dog catcher the most vicious type of animal he has had to deal with. Without hesitation he replied humans! As human activity intrudes more &amp; more upon natural area the danger of fire becomes more &amp; more grave. #wildfire https://t.co/I3WAq3IoxN","lang":"en","author_id":"27711852","attachments":{"media_keys":["16_1425242628057190403"]},"public_metrics":{"retweet_count":0,"reply_count":0,"like_count":0,"quote_count":0},"id":"1425242634696671241"},{"created_at":"2021-08-10T23:48:04.000Z","text":"#PrayForAlgeria #wildfire #AlgeriaIsBurning https://t.co/3P3KbkXGiY","lang":"und","author_id":"493416621","attachments":{"media_keys":["3_1425242574537826309"]},"public_metrics":{"retweet_count":1,"reply_count":0,"like_count":0,"quote_count":0},"id":"1425242577897459714"},{"created_at":"2021-08-10T23:38:21.000Z","text":"Our forests around the #world are burning. This effecting humans as well as endangered species &amp; #wildlife in #nature. \n\nPlease donate money on https://t.co/duLccbpmeq through @WWF\n\n\uD83D\uDCF7:@floweirdy1 \n\n#fashion #Flowers #wildfire #forest #forestfires #ClimateEmergency #ClimateCrisis https://t.co/U15Oo7GxIl","lang":"en","author_id":"824817493088862210","attachments":{"media_keys":["3_1425237451870810114","3_1425237451875004420"]},"public_metrics":{"retweet_count":0,"reply_count":0,"like_count":2,"quote_count":0},"id":"1425240129506009094"},{"created_at":"2021-08-10T23:37:51.000Z","text":"#CalOSHA Reminds Employers to Protect Workers from Unhealthy Air due to #Wildfire Smoke: https://t.co/z1BobOcCnk","lang":"en","author_id":"517047355","public_metrics":{"retweet_count":1,"reply_count":0,"like_count":0,"quote_count":0},"id":"1425240003970433034"},{"created_at":"2021-08-10T23:35:08.000Z","text":"There are wildfires currently burning in Algeria, Canada, Greece, Italy, Russia, Spain, Turkey and the US. #Wildfire #AlgeriaIsBurning #CanadaFires #GreeceFires","lang":"en","author_id":"366964744","public_metrics":{"retweet_count":0,"reply_count":1,"like_count":0,"quote_count":0},"id":"1425239319174860804"},{"created_at":"2021-08-10T23:23:14.000Z","text":"@eu_echo @marchee7 #Sentinel3 imagery of the #Evia #wildfire evolution (compiled by @annamaria_84): https://t.co/dO3sg5PfII #Εύβοια #φωτια_ευβοιας #GreekFires","lang":"en","author_id":"66325897","public_metrics":{"retweet_count":1,"reply_count":1,"like_count":1,"quote_count":0},"id":"1425236326702530568"},{"created_at":"2021-08-10T23:21:00.000Z","text":"Living in a burn zone after a #wildfire means dealing with increased #flood risk. Do you have a #FloodInsurance plan to protect the life you've built? Find out why you should:  https://t.co/lo3501UGcV","lang":"en","author_id":"32031158","public_metrics":{"retweet_count":0,"reply_count":0,"like_count":0,"quote_count":0},"id":"1425235763327799300"},{"created_at":"2021-08-10T23:20:44.000Z","text":"Oh Allah ..my god save My #Algeria ..#covid19 and #wildfire https://t.co/YFfNMZvHud","lang":"en","author_id":"150615614","attachments":{"media_keys":["3_1425235695715688455"]},"public_metrics":{"retweet_count":0,"reply_count":0,"like_count":1,"quote_count":0},"id":"1425235698404274177"},{"created_at":"2021-08-10T23:16:01.000Z","text":"FutureDanger Indicator: WILDFIRES LAY WASTE\nHeatMap Column 4&gt; https://t.co/xddBncGGkR\n  #Wildfires #Wildfire #SituationalAwareness https://t.co/juJnxhnOy7","lang":"en","author_id":"867896844852101121","attachments":{"media_keys":["3_1425234509948022784"]},"public_metrics":{"retweet_count":0,"reply_count":0,"like_count":0,"quote_count":0},"id":"1425234511231479812"},{"created_at":"2021-08-10T23:15:36.000Z","text":"In total, 25 firefighters, 8 engines, and two water tenders were mobilized. This is a proactive step to provide immediate response capacity. #ResponseReadyOregon #Wildfire #NeighborHelpingNeighbor","lang":"en","author_id":"18361616","public_metrics":{"retweet_count":4,"reply_count":0,"like_count":16,"quote_count":0},"id":"1425234405908381698"},{"created_at":"2021-08-10T23:15:36.000Z","text":"We mobilized two immediate response task forces from Polk and Yamhill Counties today. These crews are headed to Douglas County to help on the Skyline Ridge Complex. (\uD83D\uDCF9SW Polk County Rural Fire District) #ResponseReadyOregon #Wildfire #Oregon https://t.co/KVBztJD7Qz","lang":"en","author_id":"18361616","attachments":{"media_keys":["7_1425234348156997635"]},"public_metrics":{"retweet_count":9,"reply_count":3,"like_count":32,"quote_count":2},"id":"1425234404205469699"},{"created_at":"2021-08-10T23:10:03.000Z","text":"How can you prepare for an #airquality advisory during #wildfire season? Consider buying a portable air cleaner that uses HEPA filtration to remove smoke from indoor air. This @CDCofBC factsheet can help you find a unit suitable for your needs: https://t.co/WXdTujlBDV https://t.co/nM40CGEGJL","lang":"en","author_id":"66736063","attachments":{"media_keys":["3_1425233005505875968"]},"public_metrics":{"retweet_count":3,"reply_count":0,"like_count":3,"quote_count":0},"id":"1425233008739635201"},{"created_at":"2021-08-10T23:08:59.000Z","text":"#Wildfire response tip: Wait for the “all clear” and check with fire officials before attempting to re-enter your home. Click here for more tips: https://t.co/ZDpNQSCxIj https://t.co/U3KGfmOUsc","lang":"en","author_id":"862009537729105922","attachments":{"media_keys":["7_1425231568470257670"]},"public_metrics":{"retweet_count":0,"reply_count":0,"like_count":0,"quote_count":0},"id":"1425232738593001479"},{"created_at":"2021-08-10T23:08:52.000Z","text":"Keeping our @IAFFNewsDesk and @CAFirefighters in our thoughts as they continue to battle this massive #wildfire. https://t.co/MEAJlACMsK","lang":"en","author_id":"356290233","public_metrics":{"retweet_count":4,"reply_count":0,"like_count":22,"quote_count":0},"id":"1425232710038171654"},{"created_at":"2021-08-10T23:06:22.000Z","text":"#Dixiefire #Wildfire #WestCoast #California \n\nOne of the most dangerous and largest fires in California | August 9, 2021\nThe dixie fire has grown to consume nearly 500,000 acres, forcing 30,000 people from their homes..\nhttps://t.co/bTIbcDi8cj","lang":"en","author_id":"1422337656101429254","public_metrics":{"retweet_count":0,"reply_count":0,"like_count":0,"quote_count":0},"id":"1425232083656585223"},{"created_at":"2021-08-10T23:00:03.000Z","text":"PG&amp;E ( @PGE4Me) Proposes Investments to Reduce #Wildfire Risk, Enhance #Energy System Safety https://t.co/kQv7f2cUHx https://t.co/9pEcBnwwtJ","lang":"en","author_id":"36585292","attachments":{"media_keys":["3_1425230491041546244"]},"public_metrics":{"retweet_count":0,"reply_count":0,"like_count":1,"quote_count":0},"id":"1425230494023684101"}],"includes":{"media":[{"media_key":"3_1425352945961476100","type":"photo","url":"https://pbs.twimg.com/media/E8fe89eXIAQu6OZ.jpg"},{"media_key":"3_1425348072423534593","type":"photo","url":"https://pbs.twimg.com/media/E8fahSIXsAEa5Ax.jpg"},{"media_key":"3_1425348072394067971","type":"photo","url":"https://pbs.twimg.com/media/E8fahSBWEAMjjGf.jpg"},{"media_key":"3_1425348072427687939","type":"photo","url":"https://pbs.twimg.com/media/E8fahSJXEAM7Rcp.jpg"},{"media_key":"13_1425336940589576200","public_metrics":{"view_count":1150},"type":"video"},{"media_key":"3_1425332115974021121","type":"photo","url":"https://pbs.twimg.com/media/E8fMAfuWYAECGAU.jpg"},{"media_key":"3_1425319067225772041","type":"photo","url":"https://pbs.twimg.com/media/E8fAI9WVUAkQwmC.png"},{"media_key":"3_1425314076398399492","type":"photo","url":"https://pbs.twimg.com/media/E8e7mdEXMAQnRuT.jpg"},{"media_key":"3_1425312759533785095","type":"photo","url":"https://pbs.twimg.com/media/E8e6ZzXX0Ac3iOE.jpg"},{"media_key":"3_1425311435824017409","type":"photo","url":"https://pbs.twimg.com/media/E8e5MwKXsAETx9c.jpg"},{"media_key":"3_1425305996436639748","type":"photo","url":"https://pbs.twimg.com/media/E8e0QI3XEAQZpGR.jpg"},{"media_key":"3_1425298426565218305","type":"photo","url":"https://pbs.twimg.com/media/E8etXg5X0AEgl2-.jpg"},{"media_key":"3_1425293783197884417","type":"photo","url":"https://pbs.twimg.com/media/E8epJPAVIAE8Ng5.jpg"},{"media_key":"3_1425293797865316359","type":"photo","url":"https://pbs.twimg.com/media/E8epKFpUYAcZ2Eq.jpg"},{"media_key":"3_1425292639394406405","type":"photo","url":"https://pbs.twimg.com/media/E8eoGqAVIAUDFC-.jpg"},{"media_key":"3_1425288899132223491","type":"photo","url":"https://pbs.twimg.com/media/E8eks8cVcAMBqxT.jpg"},{"media_key":"3_1425283336860168197","type":"photo","url":"https://pbs.twimg.com/media/E8efpLXVcAUrCSn.jpg"},{"media_key":"3_1425279899162447879","type":"photo","url":"https://pbs.twimg.com/media/E8echE8VEAcTddn.jpg"},{"media_key":"3_1425267767448592390","type":"photo","url":"https://pbs.twimg.com/media/E8eRe6yWYAYu0Wl.jpg"},{"media_key":"3_1425267767452786692","type":"photo","url":"https://pbs.twimg.com/media/E8eRe6zWYAQPZln.jpg"},{"media_key":"3_1425265785489051649","type":"photo","url":"https://pbs.twimg.com/media/E8ePrjaX0AEWwkz.png"},{"media_key":"3_1425265097556045827","type":"photo","url":"https://pbs.twimg.com/media/E8ePDgqXMAMWBpV.jpg"},{"media_key":"3_1425263604140367874","type":"photo","url":"https://pbs.twimg.com/media/E8eNslQUYAImlfP.jpg"},{"media_key":"3_1425262561394499591","type":"photo","url":"https://pbs.twimg.com/media/E8eMv4uVIAclEHI.jpg"},{"media_key":"3_1425254805581275147","type":"photo","url":"https://pbs.twimg.com/media/E8eFscEXIAsOOpK.jpg"},{"media_key":"3_1425247443780874243","type":"photo","url":"https://pbs.twimg.com/media/E8d-_7OXsAMCnbM.jpg"},{"media_key":"3_1425247092713398272","type":"photo","url":"https://pbs.twimg.com/media/E8d-rfZXIAAAmaY.png"},{"media_key":"3_1425247093485015042","type":"photo","url":"https://pbs.twimg.com/media/E8d-riRVEAI1TQP.png"},{"media_key":"3_1425245603630620673","type":"photo","url":"https://pbs.twimg.com/media/E8d9U0IXIAE1znQ.jpg"},{"media_key":"16_1425242628057190403","type":"animated_gif"},{"media_key":"3_1425242574537826309","type":"photo","url":"https://pbs.twimg.com/media/E8d6kf4XIAUhWKd.jpg"},{"media_key":"3_1425237451870810114","type":"photo","url":"https://pbs.twimg.com/media/E8d16UdXsAI_BxY.jpg"},{"media_key":"3_1425237451875004420","type":"photo","url":"https://pbs.twimg.com/media/E8d16UeXsAQ4A-5.jpg"},{"media_key":"3_1425235695715688455","type":"photo","url":"https://pbs.twimg.com/media/E8d0UGRXIAceKXV.jpg"},{"media_key":"3_1425234509948022784","type":"photo","url":"https://pbs.twimg.com/media/E8dzPE8UcAAUaqS.png"},{"media_key":"7_1425234348156997635","public_metrics":{"view_count":1095},"type":"video"},{"media_key":"3_1425233005505875968","type":"photo","url":"https://pbs.twimg.com/media/E8dx3gdXEAAqAGT.png"},{"media_key":"7_1425231568470257670","public_metrics":{"view_count":3},"type":"video"},{"media_key":"3_1425230491041546244","type":"photo","url":"https://pbs.twimg.com/media/E8dvlJWWQAQRQiL.jpg"}]},"meta":{"newest_id":"1425352959009959941","oldest_id":"1425230494023684101","result_count":100,"next_token":"b26v89c19zqg8o3fpdm8ki4tovcdtktj1e9namarorn25"}}