{"data":[{"author_id":"807693841","text":"@NLandFRS_CFO @WildfireTacAd Well said @NLandFRS_CFO.\n\nFrom experience of my international #wildfire deployments its critical people are sensitive.","id":"1425230386808897536","created_at":"2021-08-10T22:59:38.000Z","public_metrics":{"retweet_count":0,"reply_count":0,"like_count":2,"quote_count":0},"lang":"en"},{"author_id":"16620646","text":"A First Nation on the edge of B.C.’s biggest #wildfire says its knowledge is crucial to the fight, but was ignored as the blaze grew. https://t.co/a4mvigFcYZ #bcwildfire #FirstNations","id":"1425229788566867969","created_at":"2021-08-10T22:57:15.000Z","public_metrics":{"retweet_count":2,"reply_count":1,"like_count":2,"quote_count":0},"lang":"en"},{"author_id":"1415349497023115265","attachments":{"media_keys":["3_1425224746577375234"]},"text":"Saskatchewan Daily Wildfire Situation Map\n\nUpdate Detected: 10 Aug 2021 04:37 PM CST\n\nMore info at: https://t.co/zOnT69VEic\n\n#sk #wildfire #skwildfire https://t.co/pWju3TUCYr","id":"1425224750675243011","created_at":"2021-08-10T22:37:14.000Z","public_metrics":{"retweet_count":0,"reply_count":0,"like_count":0,"quote_count":0},"lang":"en"},{"author_id":"287455210","text":"United States of Wildfire https://t.co/z4MigHBZLP #wildfire #USA","id":"1425224709998661635","created_at":"2021-08-10T22:37:04.000Z","public_metrics":{"retweet_count":0,"reply_count":0,"like_count":1,"quote_count":0},"lang":"en"},{"author_id":"744150373","text":"Wütende Griechen kritisieren Reaktion der Regierung nach Waldbränden\n\n#Greece #Türkei #wildfire https://t.co/1M6ytJMCu5","id":"1425222992796209156","created_at":"2021-08-10T22:30:15.000Z","public_metrics":{"retweet_count":0,"reply_count":0,"like_count":2,"quote_count":0},"lang":"de"},{"author_id":"2195032260","text":"Tomorrow (Aug 11) there will be a question-and-answer session about the BC Govt response to high temperatures and #wildfire #smoke that is affecting parts of BC, live at 1:30 pm w/ Health Minister Dix, Dr Henry &amp; Public Safety Minister Farnworth. #bcpoli  https://t.co/sO78YgVegG","id":"1425222064818909187","created_at":"2021-08-10T22:26:34.000Z","public_metrics":{"retweet_count":1,"reply_count":0,"like_count":0,"quote_count":0},"lang":"en"},{"author_id":"2737596098","attachments":{"media_keys":["3_1425216659292401675"]},"text":"Massive forest fire in #Albania under control, authorities say \n\nhttps://t.co/BCPvlEZM8c \n\n#forestfires #wildfires #wildfire https://t.co/hLcpeC2VMc","id":"1425216837420191745","created_at":"2021-08-10T22:05:47.000Z","public_metrics":{"retweet_count":0,"reply_count":0,"like_count":1,"quote_count":0},"lang":"en"},{"author_id":"881159017644654592","text":"#Wildfire smoke even thousands of miles away has long-standing and largely unknown #health effects. Tiny particulate matter PM 2.5 goes deep into organs causing inflammation. #N95Mask #HEPA filters are the answer. #ClimateCrisis https://t.co/T3USjVLNqI","id":"1425216362478194691","created_at":"2021-08-10T22:03:54.000Z","public_metrics":{"retweet_count":3,"reply_count":0,"like_count":1,"quote_count":0},"lang":"en"},{"author_id":"102129735","text":"10 tips to help businesses recover from the ravages of a #wildfire.\n\nhttps://t.co/iEb4NGvepm","id":"1425215381904535554","created_at":"2021-08-10T22:00:00.000Z","public_metrics":{"retweet_count":1,"reply_count":0,"like_count":1,"quote_count":0},"lang":"en"},{"author_id":"30313431","attachments":{"media_keys":["3_1425213807861719043"]},"text":"Winds fan #wildfire south of Billings. #mtwx #montana https://t.co/DkcGsJTgNj","id":"1425213813377302528","created_at":"2021-08-10T21:53:46.000Z","public_metrics":{"retweet_count":3,"reply_count":1,"like_count":5,"quote_count":1},"lang":"en"},{"author_id":"2822149353","text":"As #Wildfire smoke arrives in the Bay Area this week, it is more vital than ever to have a source of local, real-time #AirQuality data and know what steps to take to protect yourself when #AirPollution is high. See the article below for more: https://t.co/7EbAY0WiIL","id":"1425213493460946947","created_at":"2021-08-10T21:52:30.000Z","public_metrics":{"retweet_count":0,"reply_count":0,"like_count":1,"quote_count":0},"lang":"en"},{"author_id":"16662316","text":"The only people who should be in forests this week are #wildfire fighters.\n\nTalk about tone deaf wow. https://t.co/rKxectmEfi","id":"1425213291823915012","created_at":"2021-08-10T21:51:42.000Z","public_metrics":{"retweet_count":0,"reply_count":0,"like_count":1,"quote_count":0},"lang":"en"},{"author_id":"297106729","attachments":{"media_keys":["3_1425211361429278729"]},"text":"RT @headecon: A very important read for anyone living with #wildfire risk: Colorado wildfires threaten new homes in high-risk areas with out-of-date protection plans, via @csgazette  @EvanWyloge, @chrisosher, @maryshinn https://t.co/sENghtUF1Y https://t.co/APfBps5wSQ","id":"1425212840634470408","created_at":"2021-08-10T21:49:55.000Z","public_metrics":{"retweet_count":2,"reply_count":0,"like_count":2,"quote_count":0},"lang":"en"},{"author_id":"18454808","text":"Read the give and take between @SecDebHaaland of @Interior and @GovernorLittle @GovofCO @GovStitt @GovMLG and @DougBurgum where they discussed western land management, including #wildfire resilience, and energizing recreational economies. https://t.co/whDNTuMiuJ","id":"1425211626727354368","created_at":"2021-08-10T21:45:05.000Z","public_metrics":{"retweet_count":0,"reply_count":0,"like_count":1,"quote_count":0},"lang":"en"},{"author_id":"1074627836","attachments":{"media_keys":["3_1425211361429278729"]},"text":"A very important read for anyone living with #wildfire risk: Colorado wildfires threaten new homes in high-risk areas with out-of-date protection plans, via @csgazette  @EvanWyloge, @chrisosher, @maryshinn https://t.co/gjRfFSaykt https://t.co/umGjbp7NcN","id":"1425211364960788480","created_at":"2021-08-10T21:44:03.000Z","public_metrics":{"retweet_count":1,"reply_count":0,"like_count":0,"quote_count":0},"lang":"en"},{"author_id":"526757472","text":"Smoke from wildfires also poses potentially serious risk https://t.co/9erXPhJgDI \"Gather an emergency kit, set an evacuation plan and pay attention to nearby fires.\" #Wildfire #Tips","id":"1425209475384840194","created_at":"2021-08-10T21:36:32.000Z","public_metrics":{"retweet_count":0,"reply_count":0,"like_count":0,"quote_count":0},"lang":"en"},{"author_id":"1415349497023115265","attachments":{"media_keys":["3_1425209122845347847"]},"text":"Saskatchewan Daily Wildfire Situation Map\n\nUpdate Detected: 10 Aug 2021 03:35 PM CST\n\nMore info at: https://t.co/zOnT69VEic\n\n#sk #wildfire #skwildfire https://t.co/Zj2Sn4xmfr","id":"1425209126741856259","created_at":"2021-08-10T21:35:09.000Z","public_metrics":{"retweet_count":0,"reply_count":0,"like_count":0,"quote_count":0},"lang":"en"},{"author_id":"1312265407047163904","text":"https://t.co/7ilty3MDlE\n#Algeria #news #wildfire","id":"1425208425802125315","created_at":"2021-08-10T21:32:22.000Z","public_metrics":{"retweet_count":0,"reply_count":0,"like_count":0,"quote_count":0},"lang":"und"},{"author_id":"16662316","text":"I have had the experience of working on a wildfire break in the interior of B.C. - I can think of no more challenging, dangerous or exhausting job than those of front line #wildfire fighters.\n\nThey deserve our gratitude &amp; full ongoing support. \n\n#bcwildfires #OnlyTheBrave","id":"1425206834458071040","created_at":"2021-08-10T21:26:03.000Z","public_metrics":{"retweet_count":0,"reply_count":0,"like_count":0,"quote_count":0},"lang":"en"},{"author_id":"2201283403","text":"\uD83D\uDDFA New map: [#EMSR527] Afidnes: Grading Product, version 1, release 1, RTP Map #01 [v1, 1:10000]\n\uD83D\uDD17 https://t.co/2FwM8HaVmj — #wildfire #grading in #Greece\n#Copernicus #CEMS #RapidMapping #EUCivPro","id":"1425206368663969794","created_at":"2021-08-10T21:24:12.000Z","public_metrics":{"retweet_count":1,"reply_count":0,"like_count":3,"quote_count":0},"lang":"en"},{"author_id":"233899475","text":"அல்ஜீரியாவில் காட்டுத்தீயின் பயங்கரம்: 25 ராணுவ வீரர்கள் உள்பட 42 பேர் பலி #Algeria #wildfire \n\nhttps://t.co/zm5YW1qbLn","id":"1425203813070213126","created_at":"2021-08-10T21:14:02.000Z","public_metrics":{"retweet_count":1,"reply_count":0,"like_count":2,"quote_count":0},"lang":"ta"},{"author_id":"1213212218780602368","attachments":{"media_keys":["3_1425202133117325321"]},"text":"LATEST #wildfire news: PG&amp;E power line suspected in Dixie fire was set to be buried underground in safety move https://t.co/oTrZnyd550","id":"1425202133947850755","created_at":"2021-08-10T21:07:22.000Z","public_metrics":{"retweet_count":0,"reply_count":0,"like_count":0,"quote_count":0},"lang":"en"},{"author_id":"1379173441354543106","text":"Read the #KAUSTDiscovery story that accompanies these #wildfire simulations made by the @csgKAUST team. Read about this fascinating #KAUSTResearch on \uD83C\uDF32\uD83D\uDD25 https://t.co/1DIY38vRPc","id":"1425201898240585730","created_at":"2021-08-10T21:06:26.000Z","public_metrics":{"retweet_count":0,"reply_count":1,"like_count":3,"quote_count":0},"lang":"en"},{"author_id":"593949710","attachments":{"media_keys":["3_1425201059178323971"]},"text":"8/10 3pm: Encore #RedFlagWarning performance is scheduled for Wednesday (8/11). However this is an Off-Broadway version compared to the extreme conditions this afternoon. Please continue to do your part and not spark a #wildfire while these dangerous conditions exist. #MTwx #WYwx https://t.co/AZu6yZVpM3","id":"1425201501249544193","created_at":"2021-08-10T21:04:51.000Z","public_metrics":{"retweet_count":3,"reply_count":0,"like_count":4,"quote_count":0},"lang":"en"},{"author_id":"113165445","attachments":{"media_keys":["3_1425200234318245897"]},"text":"Standing by for imminent news from @BCGovFireInfo and other agencies with an update on the BC #wildfire situation. Join me on @bc1 immediately! https://t.co/yGMlJoLvUx","id":"1425200242190917639","created_at":"2021-08-10T20:59:51.000Z","public_metrics":{"retweet_count":0,"reply_count":0,"like_count":8,"quote_count":0},"lang":"en"},{"author_id":"1083495635561541632","text":"@SierraClub 100% Agree! #TaxTheRich and make them pay for every #Wildfire and for ongoing #Healthcare costs of those who’s suffered around the world due to #FossilFuels and greedy #Corporations, including the #Banks and #Politicians who’ve supported them. \n\n#NoMoreFossilFuels #ClimateCrisis","id":"1425199230101164038","created_at":"2021-08-10T20:55:50.000Z","public_metrics":{"retweet_count":0,"reply_count":0,"like_count":0,"quote_count":0},"lang":"en"},{"author_id":"1253364679142969346","attachments":{"media_keys":["7_1425197522310639618"]},"text":"#Wildfire response tip: Wait for the “all clear” and check with fire officials before attempting to re-enter your home. Click here for more tips: https://t.co/j1ujKFJFJD https://t.co/Tc07uGvEOH","id":"1425198763421933573","created_at":"2021-08-10T20:53:58.000Z","public_metrics":{"retweet_count":0,"reply_count":0,"like_count":0,"quote_count":0},"lang":"en"},{"author_id":"1379145843660365824","text":"Hey Twitter, what do you think are the biggest barriers to being #Wildfire prepared? #WildfireRisk #ClimateChange #WildfireRiskMitigation #ENVIR491","id":"1425197803643363330","created_at":"2021-08-10T20:50:09.000Z","public_metrics":{"retweet_count":0,"reply_count":2,"like_count":1,"quote_count":0},"lang":"en"},{"author_id":"1415349497023115265","attachments":{"media_keys":["3_1425197561439215617"]},"text":"Saskatchewan Spatial Fire Management System: Tomorrow Forecast\n\nUpdate Detected: 10 Aug 2021 02:49 PM CST\n\nMore info at: https://t.co/zOnT69VEic\n\n#sk #wildfire #skwildfire https://t.co/RGNGHCs6Ot","id":"1425197564429746183","created_at":"2021-08-10T20:49:12.000Z","public_metrics":{"retweet_count":0,"reply_count":0,"like_count":0,"quote_count":0},"lang":"en"},{"author_id":"2179224523","text":"1/2: THANK YOU firefighters for protecting our lives &amp; valued resources! @GovGianforte, what's your administration's plan to address #ClimateChange as a root cause of ⬆️#Wildfire activity across the West, as highlighted in numerous scientific studies &amp; the latest @IPCC_CH report? https://t.co/pIAZWJndzz","id":"1425196855537721344","created_at":"2021-08-10T20:46:23.000Z","public_metrics":{"retweet_count":1,"reply_count":1,"like_count":15,"quote_count":0},"lang":"en"},{"author_id":"1109497800","attachments":{"media_keys":["7_1424433025312608259"]},"text":"@aytonomos @NSPA_NATO @GreeceNATO @Hellenic_MOD @NATO @SHAPE_NATO @NATOpress @NATO_AIRCOM @EricksonInc @KGPSP You touched me \uD83D\uDC95... I'll pass words of thanks to our firefighters. I watched in horror as a #wildfire ravaged the #EviaIsland. It reminded me of scenes from Stanley Kramer's \"On the Beach / Ostatni brzeg\".\n@KGPSP @PolskaPolicja \nhttps://t.co/GHmuWusPpy https://t.co/7GMSfM2nXO","id":"1425196678588600321","created_at":"2021-08-10T20:45:41.000Z","public_metrics":{"retweet_count":0,"reply_count":0,"like_count":2,"quote_count":0},"lang":"en"},{"author_id":"1415349497023115265","attachments":{"media_keys":["3_1425196218783866881"]},"text":"Saskatchewan Daily Wildfire Situation Map\n\nUpdate Detected: 10 Aug 2021 02:43 PM CST\n\nMore info at: https://t.co/zOnT69VEic\n\n#sk #wildfire #skwildfire https://t.co/HriuUy8ZTr","id":"1425196222814564352","created_at":"2021-08-10T20:43:53.000Z","public_metrics":{"retweet_count":0,"reply_count":0,"like_count":0,"quote_count":0},"lang":"en"},{"author_id":"66496796","attachments":{"media_keys":["3_1425195493034967043"]},"text":"#FireTeam Update: we've sent a 3rd Incident Management Team to #BC + more firefighters to #MB to support ongoing #wildfire control efforts. A big thank you to everyone for all your hard work. The #ParksCanada crew is pictured with some of the @BCGovFireInfo team. ❤️ @CIFFC https://t.co/xjzaMQWjhJ","id":"1425195495237029892","created_at":"2021-08-10T20:40:59.000Z","public_metrics":{"retweet_count":5,"reply_count":0,"like_count":37,"quote_count":0},"lang":"en"},{"author_id":"884606125","text":"GETAnalysis: With the #ExtremeWeather, comes extreme #Destructive #NaturalForces like 'exploding' #fires, &amp; #floods\n\nhttps://t.co/cJcsWU1wrZ\n\n#NothernCalifornia #Wildfire #Heatwave #Arizona #Oregon #TuesdayThoughts #TuesdayReview #TuesdayMusings #TuesdayReads #TuesdayTruth","id":"1425195190629851144","created_at":"2021-08-10T20:39:46.000Z","public_metrics":{"retweet_count":2,"reply_count":0,"like_count":1,"quote_count":0},"lang":"en"},{"author_id":"2201283403","text":"\uD83D\uDDFA New map: [#EMSR530] Tolofona: Grading Product, version 1, release 1, RTP Map #01 [v1, 1:23000]\n\uD83D\uDD17 https://t.co/JLsMeCZLh8 — #wildfire #grading in #Greece\n#Copernicus #CEMS #RapidMapping #EUCivPro","id":"1425195185697341442","created_at":"2021-08-10T20:39:45.000Z","public_metrics":{"retweet_count":0,"reply_count":0,"like_count":4,"quote_count":0},"lang":"en"},{"author_id":"2201283403","text":"\uD83D\uDDFA New map: [#EMSR527] Kryoneri: Grading Product, version 1, release 1, RTP Map #01 [v1, 1:20000]\n\uD83D\uDD17 https://t.co/ijihnHhWqX — #wildfire #grading in #Greece\n#Copernicus #CEMS #RapidMapping #EUCivPro","id":"1425195133419544579","created_at":"2021-08-10T20:39:33.000Z","public_metrics":{"retweet_count":0,"reply_count":0,"like_count":4,"quote_count":0},"lang":"ht"},{"author_id":"16723274","text":"Footage of Wildfire Smoke Taking Over Vegas Valley #vegas #wildfire #vegasfire \nhttps://t.co/epXwSP0U60","id":"1425193279809855488","created_at":"2021-08-10T20:32:11.000Z","public_metrics":{"retweet_count":0,"reply_count":0,"like_count":3,"quote_count":0},"lang":"en"},{"author_id":"1169061071765852161","attachments":{"media_keys":["3_1425192754519363586"]},"text":"Gender reveal ideas that won't hurt, anyone! Check out our blog at https://t.co/Y37ITSEBZf\n\n#genderreveal #safety #wildfire #smart #riskmanagement https://t.co/ZM6a94ebki","id":"1425192756968837127","created_at":"2021-08-10T20:30:06.000Z","public_metrics":{"retweet_count":0,"reply_count":0,"like_count":0,"quote_count":0},"lang":"en"},{"author_id":"1357381260939849729","text":"\uD83D\uDC81‍♂️Our partner @defi_11 is making waves in the #DeFi industry.\uD83C\uDF0A\n\nTheir recent #Airdrop program is spreading like a #WildFire.\uD83D\uDD25\n\n✨Participate now &amp; be among the 1000 winners to earn 35K $D11 #tokens.\uD83D\uDCB0\n\nGet more details here\uD83D\uDC47\n\n$ETH #BSC #Crypto #Cryptocurrency #SheeshaPartners https://t.co/rtiT2hlHGI","id":"1425192731249238017","created_at":"2021-08-10T20:30:00.000Z","public_metrics":{"retweet_count":5,"reply_count":2,"like_count":12,"quote_count":0},"lang":"en"},{"author_id":"2169571746","attachments":{"media_keys":["3_1425101501060497417"]},"text":"As #wildfire season begins, be prepared to change your behavior to minimize the amount of inhaled wildfire smoke, &amp; use a mask.\n\nBut we must do our part to reduce our carbon footprint, which then reduces changes to the #climate &amp; the threat of wildfires.\n\nhttps://t.co/WTCrFz31JG https://t.co/Z7bgZesgwp","id":"1425191974726868992","created_at":"2021-08-10T20:27:00.000Z","public_metrics":{"retweet_count":2,"reply_count":0,"like_count":4,"quote_count":0},"lang":"en"},{"author_id":"1380374445953519617","text":"North Evia Fires Relief Fund https://t.co/eBeU9XOxIz\n#Evia #wildfire #Ευβοια #Πυρκαγια #ΠυρκαγιαΕυβοια #greeceisburning #πυρκαγιες","id":"1425191969496649728","created_at":"2021-08-10T20:26:58.000Z","public_metrics":{"retweet_count":2,"reply_count":0,"like_count":4,"quote_count":0},"lang":"en"},{"author_id":"433070655","text":"So, the #DixieFire has now become the largest #WildFire in #California history. This is just the beginning if #Congress, and state &amp; local government doesn't do something to mitigate the #ClimateEmergency, because #ClimateChange is here, now. https://t.co/UWeegkoj2Z","id":"1425191669037604864","created_at":"2021-08-10T20:25:47.000Z","public_metrics":{"retweet_count":0,"reply_count":2,"like_count":5,"quote_count":0},"lang":"en"},{"author_id":"44419331","text":"To date, more than 60k acres have burned in the Methow Valley, WA #wildfire—our team &amp; @NationalForests witnessed the start on the ground during a restoration project on the First Butte lookout tower. Learn how you can help #support those affected. https://t.co/IT2KYqJ39I","id":"1425191126445613077","created_at":"2021-08-10T20:23:37.000Z","public_metrics":{"retweet_count":4,"reply_count":0,"like_count":10,"quote_count":0},"lang":"en"},{"author_id":"1379145843660365824","text":"@NathanRott a reporter for @NPR  has been covering the west coast #FireSeason this year. Follow him to see his coverage on #EnvironmentalIssues and #ClimateChange in the West and check out his article covering climate change and #Wildfire. https://t.co/d17oRK1mIc\n#ENVIR491","id":"1425190778184212483","created_at":"2021-08-10T20:22:14.000Z","public_metrics":{"retweet_count":0,"reply_count":0,"like_count":1,"quote_count":0},"lang":"en"},{"author_id":"448461621","text":"@GeorgeHeyman Of all the @bcndp MLAs you are my biggest disappointment: #siteC continuation; #ClimateChange mitigation; #OldGrowth conservation; #carbon pollution from #fracking, #LNG, #logging &amp; #wildfire; #SpeciesAtRisk legislation; and community  health &amp; safety. #CleanBC does not cut it.","id":"1425189680228847630","created_at":"2021-08-10T20:17:53.000Z","public_metrics":{"retweet_count":3,"reply_count":0,"like_count":7,"quote_count":0},"lang":"en"},{"author_id":"1585404372","attachments":{"media_keys":["3_1425187400414900232"]},"text":"In the nearly +1:30 hours, the helicopter makes at least 12 laps from the lake to the fire and back, over and over again. No room for major errors. #Evia #wildfire\n@flightradar24 https://t.co/R2lhn12e9L","id":"1425188538119856128","created_at":"2021-08-10T20:13:20.000Z","public_metrics":{"retweet_count":1,"reply_count":0,"like_count":7,"quote_count":0},"lang":"en"},{"author_id":"382878093","attachments":{"media_keys":["7_1425186464804085761"]},"text":"Yep, video: #mnfire #drought #wildfire https://t.co/EbEweHpqUX","id":"1425186569225445385","created_at":"2021-08-10T20:05:31.000Z","public_metrics":{"retweet_count":0,"reply_count":0,"like_count":1,"quote_count":0},"lang":"en"},{"author_id":"1334640686285598724","attachments":{"media_keys":["7_1425186419035840513"]},"text":"Algeria is on fire! Huge wildfires in the city oh Kabylia\nhttps://t.co/XsyXQ3M3SA\n\n#Algeria #Fire #Kabylia #forestfires #disaster #wildfire https://t.co/P52I78ZWMG","id":"1425186459435380738","created_at":"2021-08-10T20:05:05.000Z","public_metrics":{"retweet_count":2,"reply_count":0,"like_count":2,"quote_count":0},"lang":"en"},{"author_id":"1334640686285598724","attachments":{"media_keys":["7_1425186392229957649"]},"text":"Algeria is on fire! Huge wildfires in the city oh Kabylia\nhttps://t.co/XsyXQ3M3SA\n\n#Algeria #Fire #Kabylia #forestfires #disaster #wildfire https://t.co/N3Bvk2Mnhx","id":"1425186430477815812","created_at":"2021-08-10T20:04:58.000Z","public_metrics":{"retweet_count":0,"reply_count":0,"like_count":4,"quote_count":1},"lang":"en"},{"author_id":"1334640686285598724","attachments":{"media_keys":["7_1425186315486826510"]},"text":"Algeria is on fire! Huge wildfires in the city oh Kabylia\nhttps://t.co/XsyXQ3M3SA\n\n#Algeria #Fire #Kabylia #forestfires #disaster #wildfire https://t.co/86yOQOhqlc","id":"1425186335762046977","created_at":"2021-08-10T20:04:35.000Z","public_metrics":{"retweet_count":1,"reply_count":0,"like_count":2,"quote_count":1},"lang":"en"},{"author_id":"4040390534","attachments":{"media_keys":["3_1425186328363274243"]},"text":"North America is on fire. \n\nCheck out our latest blog post for 5 things you can do to keep you and your family safe this #WildfireSeason \uD83D\uDD25 \n\nRead more here \uD83D\uDC49 https://t.co/4JfrsQIfAp \n\n#wildfire #wildfires #staysafe #howtostaysafe #wildfireprevention #wildfirepreparedness #wynd https://t.co/SfEU7NMRdO","id":"1425186333153128448","created_at":"2021-08-10T20:04:35.000Z","public_metrics":{"retweet_count":1,"reply_count":0,"like_count":0,"quote_count":0},"lang":"en"},{"author_id":"763336831295328256","attachments":{"media_keys":["3_1425185414697177092"]},"text":"Shoutout to CLOVR Records for adding our song \"Rose Colored Glasses\" to their Spotify playlist.  To check out the playlist, CLICK HERE:  https://t.co/1dqYkcqor7\n#clovrrecords #wildfire #rosecoloredglasses #spotifyartist #spotifyplaylist #spotify #spotifymusic #playlistspotify https://t.co/mKBWHFMgwq","id":"1425185473987760128","created_at":"2021-08-10T20:01:10.000Z","public_metrics":{"retweet_count":4,"reply_count":3,"like_count":33,"quote_count":0},"lang":"en"},{"author_id":"1163466042435428352","text":"#HumanRights_06\n#Wild_Fires_06\n#Wildfire\n#wildfires\n#ClimateEmergency\nWho Gets To Save the World?\n\nAs floods in #Europe and wildfires in the #USA and #Russia dominate global news cycles, it seems that the #conversation on climate change is moving forward.\nhttps://t.co/JlTUWjSI1k","id":"1425184875640987658","created_at":"2021-08-10T19:58:47.000Z","public_metrics":{"retweet_count":0,"reply_count":1,"like_count":0,"quote_count":0},"lang":"en"},{"author_id":"1585404372","attachments":{"media_keys":["3_1425180744528371714"]},"text":"The Sikorsky firefighting helicopter \uD83D\uDE81 extracted the discharge water from lake #Papastratis (no seawater)\nThe dots are from the helicopter (Aug. 10), the #Sentinel2 image is from 8th of Aug. #EarthEngine #Evia #wildfire #eochat @flightradar24 \nSee how the\uD83D\uDD25has moved in 2 days. https://t.co/m4vI7PbU4T https://t.co/8bQE8pUfRr","id":"1425184445448003592","created_at":"2021-08-10T19:57:05.000Z","public_metrics":{"retweet_count":7,"reply_count":1,"like_count":15,"quote_count":0},"lang":"en"},{"author_id":"922902086194311168","text":"Check out our latest @DisasterHow podcast on centralizing and implementing indigenous land management with the amazing due of Marko Bey &amp; Belinda Brown of Lomakatsi Forest Restoration Project. \n@JenGrayThompson \n#forestmanagement #ClimateEmergency #tribalpartnerships #wildfire https://t.co/w0nSFQzKFB","id":"1425184225414709250","created_at":"2021-08-10T19:56:12.000Z","public_metrics":{"retweet_count":1,"reply_count":0,"like_count":2,"quote_count":0},"lang":"en"},{"author_id":"3352909649","text":"This is the SMARTEST idea. I never would have thought of it. But could use dry bags and weight to sink non waterproof stuff as well. STAY SAFE PNW folks! Wildfire season is insane already! #wildfire #staysafe #pnw https://t.co/do0NIrJKTH","id":"1425184136336191489","created_at":"2021-08-10T19:55:51.000Z","public_metrics":{"retweet_count":0,"reply_count":0,"like_count":0,"quote_count":0},"lang":"en"},{"author_id":"2201283403","text":"\uD83D\uDDFA New map: [#EMSR529] Pehtchevo: Grading Product, version 1, release 1, RTP Map #01 [v1, 1:35000]\n\uD83D\uDD17 https://t.co/fT6tXI6moC — #wildfire #grading in #NorthMacedonia\n#Copernicus #CEMS #RapidMapping #EUCivPro","id":"1425183755166158854","created_at":"2021-08-10T19:54:20.000Z","public_metrics":{"retweet_count":0,"reply_count":0,"like_count":4,"quote_count":0},"lang":"ht"},{"author_id":"193044306","text":"Co-leading my neighborhood's #eastbay #wildfire preparation work w/ another neighbor and have a few tips we've learned to pass along to others who might be in a high fire zone in California. #thread","id":"1425183305436000257","created_at":"2021-08-10T19:52:33.000Z","public_metrics":{"retweet_count":0,"reply_count":2,"like_count":2,"quote_count":1},"lang":"en"},{"author_id":"2321580518","attachments":{"media_keys":["3_1425182797304631298"]},"text":"Inhaling #wildfire smoke is like smoking few packs of cigarettes/day. #Smog outside is a chemical soup of carcinogenic toxins. \uD83E\uDD2E\uD83D\uDE2E\n#FireYear2021 #DixieFire \nNext day + free shipping. https://t.co/AlOs3vrOlY https://t.co/5dxq66AGmk","id":"1425182799678615555","created_at":"2021-08-10T19:50:32.000Z","public_metrics":{"retweet_count":0,"reply_count":1,"like_count":1,"quote_count":0},"lang":"en"},{"author_id":"2881465338","text":"Transportation security consequence of #wildfire disasters: major US railroad is re-routing by thousands of miles bc their track was consumed. Transportation, energy, water, food, air quality...living with #wildfires under #climatechange is a National Security concern. https://t.co/kR9WBCeN2A","id":"1425182662260445186","created_at":"2021-08-10T19:49:59.000Z","public_metrics":{"retweet_count":7,"reply_count":0,"like_count":12,"quote_count":0},"lang":"en"},{"author_id":"44684439","attachments":{"media_keys":["3_1425181869990109194"]},"text":"Task Force 35 left this morning (Aug. 10) for the #MiddleForkComplex fire in Lane County, near Oakridge. They will be working for the @OSFM. #Wildfire #Oregon #ResponseReadyOregon @SandyFireDist @CanbyFire @LakeOswegoFire @HoodlandFire https://t.co/wk5QDHUWAn","id":"1425181871894302726","created_at":"2021-08-10T19:46:51.000Z","public_metrics":{"retweet_count":2,"reply_count":1,"like_count":32,"quote_count":0},"lang":"en"},{"author_id":"1318251661073186817","text":"With all the stuff happening in the world (#COVID19nsw, #Flood, #wildfire, and #Death), lets take a moment in this holy month of #Muharram and reflect on the history of this month. \n#Iran #ایران #محرم #محرم_١٤٤٣ #يااااااحسين https://t.co/f49O80lQu0","id":"1425181187086106626","created_at":"2021-08-10T19:44:08.000Z","public_metrics":{"retweet_count":0,"reply_count":0,"like_count":0,"quote_count":0},"lang":"en"},{"author_id":"868211017632894977","attachments":{"media_keys":["3_1425181158657060865"]},"text":"FutureDanger Indicator: WILDFIRES LAY WASTE\nHeatMap Column 4&gt; https://t.co/lN14i125gK\n #Wildfire  #Wildfires #HeatMap #WarnOthers https://t.co/lXqU68P17M","id":"1425181160133447681","created_at":"2021-08-10T19:44:01.000Z","public_metrics":{"retweet_count":0,"reply_count":0,"like_count":0,"quote_count":0},"lang":"en"},{"author_id":"1187187418321084418","attachments":{"media_keys":["3_1425181088478019586"]},"text":"@trumptoons123\nClimate Report by Steve Breen \uD83D\uDE14\uD83C\uDF0E\uD83D\uDD25 #politics #art #drawing #cartoon #artist #humor #wildfire #comics #covid #sketch #foxnews #weather #follow4followback #globalwarming #maga #marshmallow #smores #hurricane #biden #earth #flood #storm #tuckercarlson #climatechange https://t.co/sgGaWERozn","id":"1425181090050871299","created_at":"2021-08-10T19:43:45.000Z","public_metrics":{"retweet_count":0,"reply_count":0,"like_count":2,"quote_count":0},"lang":"en"},{"author_id":"25144145","attachments":{"media_keys":["3_1186298075016417280"]},"text":"Today's #Wildfire \uD83D\uDD25 Danger Rating for the City of #LosAngeles is VERY HIGH: https://t.co/WYtc7w1yU5\n\nPlease be #ReadyForWildfire and help #PreventWildfire: \n\n\uD83D\uDD17 https://t.co/hQXs59ITUz\n\n https://t.co/S9hfZiB1Vv","id":"1425178267573579777","created_at":"2021-08-10T19:32:32.000Z","public_metrics":{"retweet_count":6,"reply_count":0,"like_count":7,"quote_count":0},"lang":"en"},{"author_id":"2179224523","text":"Thanks @SusanPrichard10, K. Hagmann, &amp; P. Hessburg for this timely piece in @ConversationUS &amp; (linked) articles in @ESAApplications! #Wildfire #ForestManagment #ClimateChange\nHow years of fighting every wildfire helped fuel the Western megafires of today https://t.co/62SKkyS9Sa","id":"1425176954794172417","created_at":"2021-08-10T19:27:19.000Z","public_metrics":{"retweet_count":12,"reply_count":0,"like_count":27,"quote_count":0},"lang":"en"},{"author_id":"957596443342262272","text":"#indiedevs have showered us with many #indiegame keys over the past days. However, we've reached the point that we have waaay more keys than donations. As such, we no longer accept keys. Please RT to get as many #donations as possible!\n#giveaway #wildfire\nhttps://t.co/vRa9gzxlQ1","id":"1425174200696856582","created_at":"2021-08-10T19:16:22.000Z","public_metrics":{"retweet_count":1,"reply_count":0,"like_count":5,"quote_count":1},"lang":"en"},{"author_id":"61309973","attachments":{"media_keys":["3_1425173171209179137"]},"text":"On Thursday 8/12, join @EPRINews @SCE &amp; @Pano_AI as they discuss #wildfire mitigation planning &amp; priorities; rethinking grid resiliency &amp; #safety in an era of wildfires; plus solutions to enable customer #resilience. \n\nREGISTER: https://t.co/F70ptcJQWr https://t.co/TLmfkpNTIY","id":"1425173329086984192","created_at":"2021-08-10T19:12:54.000Z","public_metrics":{"retweet_count":2,"reply_count":0,"like_count":6,"quote_count":0},"lang":"en"},{"author_id":"772682287","attachments":{"media_keys":["7_1425171519542599681"]},"text":"#Wildfire response tip: Wait for the “all clear” and check with fire officials before attempting to re-enter your home. Click here for more tips: https://t.co/Sx1kbd90Ut https://t.co/Hr17BsPbKa","id":"1425172372072566785","created_at":"2021-08-10T19:09:06.000Z","public_metrics":{"retweet_count":0,"reply_count":0,"like_count":0,"quote_count":0},"lang":"en"},{"author_id":"33118217","attachments":{"media_keys":["7_1425171508947685378"]},"text":"#Wildfire response tip: Wait for the “all clear” and check with fire officials before attempting to re-enter your home. Click here for more tips: https://t.co/5x04FbXzzn https://t.co/qAnrD1NLBh","id":"1425172364057264129","created_at":"2021-08-10T19:09:04.000Z","public_metrics":{"retweet_count":0,"reply_count":0,"like_count":0,"quote_count":0},"lang":"en"},{"author_id":"3655850053","attachments":{"media_keys":["7_1425171479071764480"]},"text":"#Wildfire response tip: Wait for the “all clear” and check with fire officials before attempting to re-enter your home. Click here for more tips: https://t.co/yP70uujaXJ https://t.co/yeuRIU1FOy","id":"1425172348588773387","created_at":"2021-08-10T19:09:00.000Z","public_metrics":{"retweet_count":0,"reply_count":0,"like_count":0,"quote_count":0},"lang":"en"},{"author_id":"819075563528720384","attachments":{"media_keys":["7_1425171467856072706"]},"text":"#Wildfire response tip: Wait for the “all clear” and check with fire officials before attempting to re-enter your home. Click here for more tips: https://t.co/XaJlVuUwVa https://t.co/wHxrwc8F0l","id":"1425172341420613642","created_at":"2021-08-10T19:08:59.000Z","public_metrics":{"retweet_count":0,"reply_count":0,"like_count":0,"quote_count":0},"lang":"en"},{"author_id":"593823956","text":"#Wildfire smoke in Siberia is found for the first time in the North Pole! #ClimateCrisis \n\nhttps://t.co/CUjYKRomg9","id":"1425170862299361284","created_at":"2021-08-10T19:03:06.000Z","public_metrics":{"retweet_count":0,"reply_count":0,"like_count":0,"quote_count":0},"lang":"en"},{"author_id":"246423499","attachments":{"media_keys":["3_1425170165302546435"]},"text":"It's been a busy #wildfire season here in #sask. Red Cross has assisted more than 2,100 people evacuated from seven communities so far. \n\nWe're doing this work in support of the communities, which are leading the responses, and their respective Tribal Councils. https://t.co/Gh0uqw7Kba","id":"1425170166548140041","created_at":"2021-08-10T19:00:20.000Z","public_metrics":{"retweet_count":0,"reply_count":0,"like_count":2,"quote_count":1},"lang":"en"},{"author_id":"1089306632016654336","text":"Another reminder that you can still register for our cohort 3 webinar later tonight! To register just fill out the form at the link here: https://t.co/hAXC7HVZT6 #secondchances #wildfire","id":"1425170087401623555","created_at":"2021-08-10T19:00:01.000Z","public_metrics":{"retweet_count":0,"reply_count":0,"like_count":0,"quote_count":0},"lang":"en"},{"author_id":"2179224523","text":"1/n Journalists on #Wildfire #CliamteChange #ForestManagment beat, pls. considering contacting any signatory &amp; covering this issue. The directive reflects the myopic, reactive approach to \uD83D\uDD25 that has failed us for &gt;100 yr. It postpones &amp; magnifies risks. \nhttps://t.co/ZWIgLeHWRD","id":"1425170048037974018","created_at":"2021-08-10T18:59:52.000Z","public_metrics":{"retweet_count":15,"reply_count":1,"like_count":53,"quote_count":3},"lang":"en"},{"author_id":"15147301","attachments":{"media_keys":["3_1425168271003820039"]},"text":"\uD83D\uDFE0 Big #fire\uD83D\uDD25 55 kilometers NW of #Yakutsk in the #SakhaRepublic, #Siberia, #Russia\uD83C\uDDF7\uD83C\uDDFA 10 August 2021 #Copernicus\uD83C\uDDEA\uD83C\uDDFA #Sentinel-2\uD83D\uDEF0️ Full-size ➡️ https://t.co/4bAx0XDmBy #OpenData #scicomm #wildfire #СибирьГорит https://t.co/viWw3yD6i6","id":"1425170044280086530","created_at":"2021-08-10T18:59:51.000Z","public_metrics":{"retweet_count":41,"reply_count":6,"like_count":72,"quote_count":3},"lang":"en"},{"author_id":"1058741373476564992","attachments":{"media_keys":["3_1419728619862052874"]},"text":"Roy Wright of @DisasterSafety explains to the @mercnews how #wildfire mitigation is difficult to quantify.\nhttps://t.co/Rl1dBdtmrp https://t.co/Dn9MzqKwbt","id":"1425169074313695237","created_at":"2021-08-10T18:56:00.000Z","public_metrics":{"retweet_count":0,"reply_count":0,"like_count":1,"quote_count":0},"lang":"en"},{"author_id":"1216086449390383104","attachments":{"media_keys":["3_1425168774580391938"]},"text":"@JZThinAir @PeachlandView #wildfire The unmentioned defects of forest management activity-do clear cuts fuel wildfires? https://t.co/eyT9nKt2aT via \n@peachlandview\n\n #watersheds #water #logging #clearcutting #plantations #forests #bcpoli #cdnpoli https://t.co/zqKi4eb9oE","id":"1425168800434081805","created_at":"2021-08-10T18:54:55.000Z","public_metrics":{"retweet_count":1,"reply_count":0,"like_count":2,"quote_count":0},"lang":"en"},{"author_id":"859766681945743360","text":"UF-led team receives Keck grant to study fungal infections spread by #wildfire smoke https://t.co/cPXM9dq6i5. Congrats to our co-founder @ForestPathology who is leading the team!","id":"1425168128481251329","created_at":"2021-08-10T18:52:14.000Z","public_metrics":{"retweet_count":2,"reply_count":1,"like_count":3,"quote_count":0},"lang":"en"},{"author_id":"1216086449390383104","attachments":{"media_keys":["3_1425167733751173120"]},"text":"#wildfire The unmentioned defects of forest management activity-do clear cuts fuel wildfires? https://t.co/eyT9nKt2aT via \n@peachlandview\n #watersheds #water #logging #clearcutting #plantations #forests #bcpoli #cdnpoli https://t.co/eAULEexaEw","id":"1425167853758689282","created_at":"2021-08-10T18:51:09.000Z","public_metrics":{"retweet_count":2,"reply_count":0,"like_count":1,"quote_count":0},"lang":"en"},{"author_id":"3365706737","attachments":{"media_keys":["3_1425167126021746695"]},"text":"#Algerie #Tizi_Ouzou #feuxDeForet #wildfire #PrayForAlgeria https://t.co/E709h8AkiJ","id":"1425167152039014404","created_at":"2021-08-10T18:48:22.000Z","public_metrics":{"retweet_count":0,"reply_count":0,"like_count":0,"quote_count":0},"lang":"und"},{"author_id":"1216086449390383104","text":"@forestproud BC residents tired of evacuations ask how clear cut logging practices have caused more intense fires. #wildfire Logging industry complicit https://t.co/GSdpDYtcu4 via \n@peachlandview\n\n  #watersheds #water #logging #clearcutting #plantations #forests #bcpoli #cdnpoli","id":"1425166966621417482","created_at":"2021-08-10T18:47:37.000Z","public_metrics":{"retweet_count":0,"reply_count":0,"like_count":0,"quote_count":0},"lang":"en"},{"author_id":"1216086449390383104","text":"@ThomasforBC BC residents tired of evacuations ask how clear cut login practices have caused more intense fires. #wildfire Logging industry complicit https://t.co/GSdpDYtcu4 via \n@peachlandview\n\n  #watersheds #water #logging #clearcutting #plantations #forests #bcpoli #cdnpoli","id":"1425166727181123585","created_at":"2021-08-10T18:46:40.000Z","public_metrics":{"retweet_count":0,"reply_count":0,"like_count":0,"quote_count":0},"lang":"en"},{"author_id":"1216086449390383104","text":"@ubcnews @forestrydean @ubcforestry @VIAwesome BC residents tired of evacuations ask how clear cut login practices have caused more intense fires. #wildfire Logging industry complicit https://t.co/GSdpDYtcu4 via \n@peachlandview\n\n  #watersheds #water #logging #clearcutting #plantations #forests #bcpoli #cdnpoli","id":"1425166565222363140","created_at":"2021-08-10T18:46:02.000Z","public_metrics":{"retweet_count":0,"reply_count":0,"like_count":0,"quote_count":0},"lang":"en"},{"author_id":"1216086449390383104","text":"@bcforestsafety BC residents tired of evacuations ask how clear cut login practices have caused more intense fires. #wildfire Logging industry complicit https://t.co/GSdpDYtcu4 via \n@peachlandview\n\n  #watersheds #water #logging #clearcutting #plantations #forests #bcpoli #cdnpoli","id":"1425166334393004033","created_at":"2021-08-10T18:45:07.000Z","public_metrics":{"retweet_count":0,"reply_count":0,"like_count":0,"quote_count":0},"lang":"en"},{"author_id":"1216086449390383104","text":"@BC_CFA BC residents tired of evacuations ask how clear cut login practices have caused more intense fires. #wildfire Logging industry complicit https://t.co/GSdpDYtcu4 via \n@peachlandview\n\n  #watersheds #water #logging #clearcutting #plantations #forests #bcpoli #cdnpoli","id":"1425166232026763270","created_at":"2021-08-10T18:44:42.000Z","public_metrics":{"retweet_count":0,"reply_count":0,"like_count":0,"quote_count":0},"lang":"en"},{"author_id":"1216086449390383104","text":"@COFI_INFO BC residents tired of evacuations ask how clear cut login practices have caused more intense fires. #wildfire Logging industry complicit https://t.co/GSdpDYtcu4 via \n@peachlandview\n\n  #watersheds #water #logging #clearcutting #plantations #forests #bcpoli #cdnpoli","id":"1425166086849368064","created_at":"2021-08-10T18:44:08.000Z","public_metrics":{"retweet_count":0,"reply_count":0,"like_count":0,"quote_count":0},"lang":"en"},{"author_id":"1216086449390383104","text":"@stopthespraybc @KatrineConroy BC residents tired of evacuations ask how clear cut login practices have caused more intense fires. #wildfire Logging industry complicit https://t.co/GSdpDYtcu4 via \n@peachlandview\n\n  #watersheds #water #logging #clearcutting #plantations #forests #bcpoli #cdnpoli","id":"1425165911988842496","created_at":"2021-08-10T18:43:26.000Z","public_metrics":{"retweet_count":0,"reply_count":0,"like_count":1,"quote_count":0},"lang":"en"},{"author_id":"1216086449390383104","text":"@JZThinAir BC residents tired of evacuations ask how clear cut login practices have caused more intense fires. #wildfire Logging industry complicit https://t.co/GSdpDYtcu4 via \n@peachlandview\n\n  #watersheds #water #logging #clearcutting #plantations #forests #bcpoli #cdnpoli","id":"1425165802479755272","created_at":"2021-08-10T18:43:00.000Z","public_metrics":{"retweet_count":0,"reply_count":1,"like_count":1,"quote_count":0},"lang":"en"},{"author_id":"1216086449390383104","text":"@WCELaw BC residents tired of evacuations ask how clear cut login practices have caused more intense fires. #wildfire Logging industry complicit https://t.co/GSdpDYtcu4 via \n@peachlandview\n\n  #watersheds #water #logging #clearcutting #plantations #forests #bcpoli #cdnpoli","id":"1425165687090257921","created_at":"2021-08-10T18:42:32.000Z","public_metrics":{"retweet_count":0,"reply_count":0,"like_count":0,"quote_count":0},"lang":"en"},{"author_id":"67120962","attachments":{"media_keys":["3_1425165560460021763"]},"text":"It looks like Mars but it’s CAlifornia…like 2019. #LosAngeles #California #wildfire #DixieFire #GodBlessAmerica https://t.co/FpYMNCdGee","id":"1425165567107993601","created_at":"2021-08-10T18:42:04.000Z","public_metrics":{"retweet_count":0,"reply_count":1,"like_count":1,"quote_count":0},"lang":"en"},{"author_id":"2432287297","text":"Helicopter extinguishing #wildfire in south-east #Bosnia https://t.co/ScLhHgWFWm","id":"1425165429882904576","created_at":"2021-08-10T18:41:31.000Z","public_metrics":{"retweet_count":0,"reply_count":0,"like_count":0,"quote_count":0},"lang":"en"},{"author_id":"1216086449390383104","text":"@KatrineConroy BC residents tired of evacuations ask how clear cut login practices have caused more intense fires. #wildfire Logging industry complicit https://t.co/GSdpDYtcu4 via \n@peachlandview\n\n  #watersheds #water #logging #clearcutting #plantations #forests #bcpoli #cdnpoli","id":"1425165407242031106","created_at":"2021-08-10T18:41:26.000Z","public_metrics":{"retweet_count":0,"reply_count":0,"like_count":0,"quote_count":0},"lang":"en"},{"author_id":"518929719","attachments":{"media_keys":["3_1425161345868001282"]},"text":"ENGLISH: Today, DEQ &amp; its partners called an #airquality advisory for S. Oregon, Eastern Lane &amp; Linn Counties thru Fri. due to #wildfire smoke.\n\nPhoto: Rough Patch Complex Fire 1/4 https://t.co/WOs4sptczy","id":"1425165275108839426","created_at":"2021-08-10T18:40:54.000Z","public_metrics":{"retweet_count":10,"reply_count":1,"like_count":14,"quote_count":2},"lang":"en"},{"author_id":"1391168043087060996","text":"The Algerian Presidency announced that 25 soldiers who participated in the rescue efforts for civilians in the forest fires in the country lost their lives.\n\n#wildfire #Algeria","id":"1425164484012871684","created_at":"2021-08-10T18:37:45.000Z","public_metrics":{"retweet_count":0,"reply_count":0,"like_count":8,"quote_count":2},"lang":"en"},{"author_id":"1961660839","text":"TY @UCBerkeley for being a policy leader in changing the conversation around \uD83D\uDD25 suppression &amp; the critical need for controlled burns &amp; responsible forest thinning in forests. GO \uD83D\uDC3B!!#wildfire #environment #california https://t.co/o1VkKUFT3Q","id":"1425163921837629441","created_at":"2021-08-10T18:35:31.000Z","public_metrics":{"retweet_count":0,"reply_count":0,"like_count":1,"quote_count":0},"lang":"en"},{"author_id":"48415432","text":"Good concise Tuesday morning 8/10/2021 briefing on the #MiddleForkComplex #wildfire. \n\n‘Resources are limited due to competition with so many other fires up and down the west.’\n\nhttps://t.co/DfmMY0kuKm","id":"1425163703733813248","created_at":"2021-08-10T18:34:39.000Z","public_metrics":{"retweet_count":1,"reply_count":0,"like_count":0,"quote_count":0},"lang":"en"},{"author_id":"2690505836","text":"It’s #wildfire season but also #climatechange is making it worse. These fires affect air pollution, increasing poor #airquality. https://t.co/db07NuU4uj","id":"1425163533759782914","created_at":"2021-08-10T18:33:59.000Z","public_metrics":{"retweet_count":0,"reply_count":0,"like_count":0,"quote_count":0},"lang":"en"},{"author_id":"191564258","text":".@iiiorg explores how insurance and evacuation plans are key for #wildfire safety: https://t.co/TxlK7X4NsO","id":"1425162036217061377","created_at":"2021-08-10T18:28:02.000Z","public_metrics":{"retweet_count":0,"reply_count":0,"like_count":0,"quote_count":0},"lang":"en"}],"includes":{"media":[{"media_key":"3_1425224746577375234","type":"photo","url":"https://pbs.twimg.com/media/E8dqWxjXMAI4_oV.jpg"},{"media_key":"3_1425216659292401675","type":"photo","url":"https://pbs.twimg.com/media/E8djACEXsAsLQq0.png"},{"media_key":"3_1425213807861719043","type":"photo","url":"https://pbs.twimg.com/media/E8dgaDqUYAMVm7r.jpg"},{"media_key":"3_1425211361429278729","type":"photo","url":"https://pbs.twimg.com/media/E8deLp_X0Ak_KCo.jpg"},{"media_key":"3_1425209122845347847","type":"photo","url":"https://pbs.twimg.com/media/E8dcJWnX0Ac9JqD.jpg"},{"media_key":"3_1425202133117325321","type":"photo","url":"https://pbs.twimg.com/media/E8dVyf2WUAk53Fx.png"},{"media_key":"3_1425201059178323971","type":"photo","url":"https://pbs.twimg.com/media/E8dUz_HVoAMoWRE.jpg"},{"media_key":"3_1425200234318245897","type":"photo","url":"https://pbs.twimg.com/media/E8dUD-RXsAkYfgy.jpg"},{"media_key":"7_1425197522310639618","public_metrics":{"view_count":5},"type":"video"},{"media_key":"3_1425197561439215617","type":"photo","url":"https://pbs.twimg.com/media/E8dRoZBWYAEHs-c.jpg"},{"media_key":"7_1424433025312608259","public_metrics":{"view_count":493},"type":"video"},{"media_key":"3_1425196218783866881","type":"photo","url":"https://pbs.twimg.com/media/E8dQaPPXoAEepkn.jpg"},{"media_key":"3_1425195493034967043","type":"photo","url":"https://pbs.twimg.com/media/E8dPv_nWQAMOisw.jpg"},{"media_key":"3_1425192754519363586","type":"photo","url":"https://pbs.twimg.com/media/E8dNQl2WUAIrBDU.jpg"},{"media_key":"3_1425101501060497417","type":"photo","url":"https://pbs.twimg.com/media/E8b6Q8OWQAkBOau.png"},{"media_key":"3_1425187400414900232","type":"photo","url":"https://pbs.twimg.com/media/E8dIY8QXsAgQLLL.jpg"},{"media_key":"7_1425186464804085761","public_metrics":{"view_count":20},"type":"video"},{"media_key":"7_1425186419035840513","public_metrics":{"view_count":79},"type":"video"},{"media_key":"7_1425186392229957649","public_metrics":{"view_count":73},"type":"video"},{"media_key":"7_1425186315486826510","public_metrics":{"view_count":1590},"type":"video"},{"media_key":"3_1425186328363274243","type":"photo","url":"https://pbs.twimg.com/media/E8dHaijWEAMwd6h.jpg"},{"media_key":"3_1425185414697177092","type":"photo","url":"https://pbs.twimg.com/media/E8dGlW4X0AQgXe7.jpg"},{"media_key":"3_1425180744528371714","type":"photo","url":"https://pbs.twimg.com/media/E8dCVhJXIAIEm8h.jpg"},{"media_key":"3_1425182797304631298","type":"photo","url":"https://pbs.twimg.com/media/E8dENAVXEAIcaJb.jpg"},{"media_key":"3_1425181869990109194","type":"photo","url":"https://pbs.twimg.com/media/E8dDXB0WYAo2eQm.jpg"},{"media_key":"3_1425181158657060865","type":"photo","url":"https://pbs.twimg.com/media/E8dCtn5VcAEW_cB.png"},{"media_key":"3_1425181088478019586","type":"photo","url":"https://pbs.twimg.com/media/E8dCpidWQAIKmKH.jpg"},{"media_key":"3_1186298075016417280","type":"photo","url":"https://pbs.twimg.com/media/EHaT0F8VUAAXfr8.jpg"},{"media_key":"3_1425173171209179137","type":"photo","url":"https://pbs.twimg.com/media/E8c7csVXEAEgKiZ.jpg"},{"media_key":"7_1425171519542599681","public_metrics":{"view_count":1},"type":"video"},{"media_key":"7_1425171508947685378","public_metrics":{"view_count":0},"type":"video"},{"media_key":"7_1425171479071764480","public_metrics":{"view_count":0},"type":"video"},{"media_key":"7_1425171467856072706","public_metrics":{"view_count":1},"type":"video"},{"media_key":"3_1425170165302546435","type":"photo","url":"https://pbs.twimg.com/media/E8c4tudX0AM87-X.jpg"},{"media_key":"3_1425168271003820039","type":"photo","url":"https://pbs.twimg.com/media/E8c2_dpXIAcg1Cj.jpg"},{"media_key":"3_1419728619862052874","type":"photo","url":"https://pbs.twimg.com/media/E7PjqGBVUAoWaHE.jpg"},{"media_key":"3_1425168774580391938","type":"photo","url":"https://pbs.twimg.com/media/E8c3cxnX0AIsrlJ.jpg"},{"media_key":"3_1425167733751173120","type":"photo","url":"https://pbs.twimg.com/media/E8c2gMOWUAAZR-d.jpg"},{"media_key":"3_1425167126021746695","type":"photo","url":"https://pbs.twimg.com/media/E8c180QXMAci3xU.jpg"},{"media_key":"3_1425165560460021763","type":"photo","url":"https://pbs.twimg.com/media/E8c0hsFXEAMsBtn.jpg"},{"media_key":"3_1425161345868001282","type":"photo","url":"https://pbs.twimg.com/media/E8cwsXgUcAIZzRk.jpg"}]},"meta":{"newest_id":"1425230386808897536","oldest_id":"1425162036217061377","result_count":100,"next_token":"b26v89c19zqg8o3fpdm8kg0zztw6y3z8in1hir3b16gsd"}}