{"data":[{"id":"1425160936105578502","public_metrics":{"retweet_count":1,"reply_count":0,"like_count":0,"quote_count":0},"created_at":"2021-08-10T18:23:40.000Z","text":"Keep an eye on road and wilderness closures near Central Oregon due to #wildfire. \n\nMt. Washington, Santiam Pass, and McKenzie Pass are affected.  \n\nhttps://t.co/blqeNT1K62","lang":"en","author_id":"156387265"},{"id":"1425160625676824577","public_metrics":{"retweet_count":0,"reply_count":0,"like_count":1,"quote_count":0},"created_at":"2021-08-10T18:22:26.000Z","text":"One of the biggest challenges businesses faces during a wildfire is employee #communication. \n\nRead our blog post for the top strategies you need to know to keep your people and your business safe during #wildfire season.  https://t.co/5S4nUqBVXN","lang":"en","author_id":"1616132466"},{"id":"1425157762699431939","public_metrics":{"retweet_count":0,"reply_count":0,"like_count":0,"quote_count":0},"attachments":{"media_keys":["3_1425157754377940997"]},"created_at":"2021-08-10T18:11:03.000Z","text":"The Triple I Insurance Blog (@iiiorg) reviews California's efforts to combat wildfire risk asking an important question. Is the state of California taking #wildfire #risks seriously enough? \n\nRead the full publication: https://t.co/VYbUvYGXR7 https://t.co/0ZR61euFgR","lang":"en","author_id":"2421061867"},{"id":"1425157410944061445","public_metrics":{"retweet_count":1,"reply_count":0,"like_count":0,"quote_count":0},"created_at":"2021-08-10T18:09:39.000Z","text":"Greek PM approves 500 mln euro budget for wildfire relief, reforestation        \nhttps://t.co/putSKG021k\n#Greek #PM #Budget #Wildfire #Reforestation\n@Vastuullisuus","lang":"en","author_id":"3130745716"},{"id":"1425157282430607365","public_metrics":{"retweet_count":0,"reply_count":0,"like_count":4,"quote_count":0},"created_at":"2021-08-10T18:09:08.000Z","text":"\uD83D\uDDFA New map: [#EMSR529] Gradmantsi: Delineation Product, version 1, release 1, RTP Map #01 [v1, 1:11000]\n\uD83D\uDD17 https://t.co/5Hkw4bCGrz — #wildfire #delineation in #NorthMacedonia\n#Copernicus #CEMS #RapidMapping #EUCivPro","lang":"en","author_id":"2201283403"},{"id":"1425156536595226629","public_metrics":{"retweet_count":3,"reply_count":0,"like_count":8,"quote_count":1},"created_at":"2021-08-10T18:06:11.000Z","text":"With strategic grazing \uD83D\uDC02\uD83D\uDC0F\uD83D\uDC10 can reduce \"ladder fuels\" and help to create defensible space to protect against #wildfire. As droughts worsen due to #climatechange ruminants deployed through @ucanr match.graze are yet another tool.\nhttps://t.co/TD8bRRmgDu","lang":"en","author_id":"1169024439935275008"},{"id":"1425156266851278852","public_metrics":{"retweet_count":3,"reply_count":0,"like_count":3,"quote_count":0},"attachments":{"media_keys":["3_1425156262325637123"]},"created_at":"2021-08-10T18:05:06.000Z","text":"Join us on August 11 for a virtual event featuring the film, \"The West is Burning\" and a panel discussion on solutions to fix our #wildfire crisis in the Western U.S. https://t.co/6Cs0awY7wI https://t.co/7OMGQBG3K8","lang":"en","author_id":"87985449"},{"id":"1425156068141842435","public_metrics":{"retweet_count":29,"reply_count":1,"like_count":43,"quote_count":8},"attachments":{"media_keys":["16_1425154779077087233"]},"created_at":"2021-08-10T18:04:19.000Z","text":"The evolution of the #Evia #wildfire between 3 - 10 August, as seen by @CopernicusEU #Sentinel3 \uD83D\uDEF0️\n\nImages processed in @sentinel_hub \n\n#φωτια_ευβοιας #φωτια_βαρυμπομπη  \n\ncc @EEAthina @GSCP_GR @amna_news @nikosaliagas @dgatopoulos @ElenaBec https://t.co/a1tLuQQG89","lang":"en","author_id":"185144870"},{"id":"1425155759118196740","public_metrics":{"retweet_count":0,"reply_count":0,"like_count":0,"quote_count":0},"attachments":{"media_keys":["3_1425155356880252932"]},"created_at":"2021-08-10T18:03:05.000Z","text":"BC residents tired of evacuations ask how clear cut login practices have caused more intense fires. #wildfire Logging industry complicit https://t.co/GSdpDYtcu4 via \n@peachlandview\n  #watersheds #water #logging #clearcutting #plantations #forests #bcpoli #cdnpoli https://t.co/By3DwmPsmT","lang":"en","author_id":"1216086449390383104"},{"id":"1425155048934363136","public_metrics":{"retweet_count":0,"reply_count":0,"like_count":1,"quote_count":0},"created_at":"2021-08-10T18:00:16.000Z","text":"There have been &gt; 39,000 wildfires in the US this year.\n\nUtility equipment failure &amp; poor vegetation management is a major cause of these deadly events.\n\nRead how Utility orgs are curbing their impact on #wildfire ignition &amp; how #dataintegration can help.\nhttps://t.co/cH2EbZmYU8","lang":"en","author_id":"116789903"},{"id":"1425153252845309955","public_metrics":{"retweet_count":0,"reply_count":0,"like_count":0,"quote_count":0},"attachments":{"media_keys":["7_1425150944707235850"]},"created_at":"2021-08-10T17:53:08.000Z","text":"#Wildfire response tip: Wait for the “all clear” and check with fire officials before attempting to re-enter your home. Click here for more tips: https://t.co/aZISS0eQsq https://t.co/LhesYqiQyI","lang":"en","author_id":"772682287"},{"id":"1425153201112813569","public_metrics":{"retweet_count":0,"reply_count":0,"like_count":0,"quote_count":0},"attachments":{"media_keys":["7_1425150868442255367"]},"created_at":"2021-08-10T17:52:55.000Z","text":"#Wildfire response tip: Wait for the “all clear” and check with fire officials before attempting to re-enter your home. Click here for more tips: https://t.co/i6IS9ZSrAp https://t.co/8jenQxasry","lang":"en","author_id":"2374521529"},{"id":"1425153193026064386","public_metrics":{"retweet_count":0,"reply_count":0,"like_count":0,"quote_count":0},"attachments":{"media_keys":["7_1425150857109143552"]},"created_at":"2021-08-10T17:52:53.000Z","text":"#Wildfire response tip: Wait for the “all clear” and check with fire officials before attempting to re-enter your home. Click here for more tips: https://t.co/O3X0FQj0kU https://t.co/XBbzNkGUEA","lang":"en","author_id":"2156071736"},{"id":"1425153149942312960","public_metrics":{"retweet_count":0,"reply_count":0,"like_count":0,"quote_count":0},"attachments":{"media_keys":["7_1425150775336919045"]},"created_at":"2021-08-10T17:52:43.000Z","text":"#Wildfire response tip: Wait for the “all clear” and check with fire officials before attempting to re-enter your home. Click here for more tips: https://t.co/CgvJaxkbP9 https://t.co/IcpBtxsrGc","lang":"en","author_id":"3946850842"},{"id":"1425153131810365444","public_metrics":{"retweet_count":0,"reply_count":0,"like_count":0,"quote_count":0},"attachments":{"media_keys":["7_1425150753392431113"]},"created_at":"2021-08-10T17:52:39.000Z","text":"#Wildfire response tip: Wait for the “all clear” and check with fire officials before attempting to re-enter your home. Click here for more tips: https://t.co/lGDSaPjuAc https://t.co/3fX1Jc791R","lang":"en","author_id":"4017306670"},{"id":"1425153123870560268","public_metrics":{"retweet_count":0,"reply_count":0,"like_count":0,"quote_count":0},"attachments":{"media_keys":["7_1425150741908541449"]},"created_at":"2021-08-10T17:52:37.000Z","text":"#Wildfire response tip: Wait for the “all clear” and check with fire officials before attempting to re-enter your home. Click here for more tips: https://t.co/2LhcalRh8y https://t.co/Lbv0h2TS2c","lang":"en","author_id":"301840888"},{"id":"1425153115779526656","public_metrics":{"retweet_count":0,"reply_count":0,"like_count":0,"quote_count":0},"attachments":{"media_keys":["7_1425150729350680577"]},"created_at":"2021-08-10T17:52:35.000Z","text":"#Wildfire response tip: Wait for the “all clear” and check with fire officials before attempting to re-enter your home. Click here for more tips: https://t.co/e3j0JtDNu0 https://t.co/rBF6zmBpW6","lang":"en","author_id":"142846865"},{"id":"1425153090479484928","public_metrics":{"retweet_count":0,"reply_count":0,"like_count":0,"quote_count":0},"attachments":{"media_keys":["7_1425150658915840000"]},"created_at":"2021-08-10T17:52:29.000Z","text":"#Wildfire response tip: Wait for the “all clear” and check with fire officials before attempting to re-enter your home. Click here for more tips: https://t.co/OrHXeiFw0s https://t.co/C2KwJewWvV","lang":"en","author_id":"1961018220"},{"id":"1425153075204005897","public_metrics":{"retweet_count":0,"reply_count":0,"like_count":0,"quote_count":0},"attachments":{"media_keys":["7_1425150637298311171"]},"created_at":"2021-08-10T17:52:25.000Z","text":"#Wildfire response tip: Wait for the “all clear” and check with fire officials before attempting to re-enter your home. Click here for more tips: https://t.co/vXze6dEuQc https://t.co/xdgJ5J3iHi","lang":"en","author_id":"305620915"},{"id":"1425153070355333128","public_metrics":{"retweet_count":0,"reply_count":1,"like_count":2,"quote_count":0},"attachments":{"media_keys":["3_1425153055738245126"]},"created_at":"2021-08-10T17:52:24.000Z","text":"This small donation of Personal Protective Equipment has already gone a long way keeping my crew safe while working #Wildfire We thank you so much, tiniki https://t.co/oJduVez8Kn","lang":"en","author_id":"1099830565"},{"id":"1425153067746357255","public_metrics":{"retweet_count":0,"reply_count":0,"like_count":0,"quote_count":0},"attachments":{"media_keys":["7_1425150626896531458"]},"created_at":"2021-08-10T17:52:24.000Z","text":"#Wildfire response tip: Wait for the “all clear” and check with fire officials before attempting to re-enter your home. Click here for more tips: https://t.co/jJCaaR3Fzu https://t.co/ZWIXiVi2gU","lang":"en","author_id":"1083414887877926912"},{"id":"1425153059240484871","public_metrics":{"retweet_count":0,"reply_count":0,"like_count":0,"quote_count":0},"attachments":{"media_keys":["7_1425150615873785860"]},"created_at":"2021-08-10T17:52:22.000Z","text":"#Wildfire response tip: Wait for the “all clear” and check with fire officials before attempting to re-enter your home. Click here for more tips: https://t.co/CjdlLKYcCU https://t.co/KBwrMDnZGA","lang":"en","author_id":"521972865"},{"id":"1425153049736237058","public_metrics":{"retweet_count":0,"reply_count":0,"like_count":0,"quote_count":0},"attachments":{"media_keys":["7_1425150605174185987"]},"created_at":"2021-08-10T17:52:19.000Z","text":"#Wildfire response tip: Wait for the “all clear” and check with fire officials before attempting to re-enter your home. Click here for more tips: https://t.co/CBlqeILcvg https://t.co/j2gkJhIgHN","lang":"en","author_id":"24203850"},{"id":"1425153042190458892","public_metrics":{"retweet_count":0,"reply_count":0,"like_count":0,"quote_count":0},"attachments":{"media_keys":["7_1425150595011203074"]},"created_at":"2021-08-10T17:52:17.000Z","text":"#Wildfire response tip: Wait for the “all clear” and check with fire officials before attempting to re-enter your home. Click here for more tips: https://t.co/dmMyma8fR1 https://t.co/taXWXn0Ndn","lang":"en","author_id":"773924129607127041"},{"id":"1425153034087190531","public_metrics":{"retweet_count":0,"reply_count":0,"like_count":0,"quote_count":0},"attachments":{"media_keys":["7_1425150583334477827"]},"created_at":"2021-08-10T17:52:16.000Z","text":"#Wildfire response tip: Wait for the “all clear” and check with fire officials before attempting to re-enter your home. Click here for more tips: https://t.co/wSxe6lsS1S https://t.co/6rl3EBgFM8","lang":"en","author_id":"929879836503535616"},{"id":"1425151393787170825","public_metrics":{"retweet_count":0,"reply_count":0,"like_count":4,"quote_count":0},"attachments":{"media_keys":["3_1425151318939811845"]},"created_at":"2021-08-10T17:45:44.000Z","text":"Η πυρόπληκτη περιοχή στην Αττική (δεδομένα 02-09.08.2021) \nΕπεξεργασία δορυφορικών δεδομένων από Planetscope με τη χρήση του δείκτη NVDI από την ερευνητική ομάδα του Τμήματος Γεωγραφίας, Χαροκόπειο Πανεπιστήμιο\n#wildfire #πυρκαγιά #Αττική #Attica https://t.co/cBz89x8tG4","lang":"el","author_id":"865467705209442304"},{"id":"1425150576178892800","public_metrics":{"retweet_count":0,"reply_count":0,"like_count":0,"quote_count":0},"attachments":{"media_keys":["7_1425149586318925829"]},"created_at":"2021-08-10T17:42:30.000Z","text":"#Wildfire response tip: Wait for the “all clear” and check with fire officials before attempting to re-enter your home. Click here for more tips: https://t.co/FQgjIzUwac https://t.co/AxkPuIROzj","lang":"en","author_id":"2401840819"},{"id":"1425150564992569346","public_metrics":{"retweet_count":0,"reply_count":0,"like_count":0,"quote_count":0},"attachments":{"media_keys":["7_1425149573539016706"]},"created_at":"2021-08-10T17:42:27.000Z","text":"#Wildfire response tip: Wait for the “all clear” and check with fire officials before attempting to re-enter your home. Click here for more tips: https://t.co/lot6pDp6dV https://t.co/FTSZOFeYW8","lang":"en","author_id":"133086374"},{"id":"1425149545609105414","public_metrics":{"retweet_count":0,"reply_count":0,"like_count":0,"quote_count":0},"attachments":{"media_keys":["7_1425146131546316804"]},"created_at":"2021-08-10T17:38:24.000Z","text":"#Wildfire response tip: Wait for the “all clear” and check with fire officials before attempting to re-enter your home. Click here for more tips: https://t.co/Bu7RhXyGVI https://t.co/LDCWtEr7Xj","lang":"en","author_id":"1009108540600881152"},{"id":"1425149518757068800","public_metrics":{"retweet_count":0,"reply_count":0,"like_count":0,"quote_count":0},"attachments":{"media_keys":["7_1425146090085437440"]},"created_at":"2021-08-10T17:38:17.000Z","text":"#Wildfire response tip: Wait for the “all clear” and check with fire officials before attempting to re-enter your home. Click here for more tips: https://t.co/x0lga7sV17 https://t.co/Pdp9zZOrqZ","lang":"en","author_id":"1227639467030106115"},{"id":"1425149471369924608","public_metrics":{"retweet_count":0,"reply_count":0,"like_count":0,"quote_count":0},"attachments":{"media_keys":["7_1425146020619456512"]},"created_at":"2021-08-10T17:38:06.000Z","text":"#Wildfire response tip: Wait for the “all clear” and check with fire officials before attempting to re-enter your home. Click here for more tips: https://t.co/blTWKz0PIY https://t.co/Z3ORKh94jG","lang":"en","author_id":"3196767097"},{"id":"1425149463610511367","public_metrics":{"retweet_count":0,"reply_count":0,"like_count":0,"quote_count":0},"attachments":{"media_keys":["7_1425146008716156929"]},"created_at":"2021-08-10T17:38:04.000Z","text":"#Wildfire response tip: Wait for the “all clear” and check with fire officials before attempting to re-enter your home. Click here for more tips: https://t.co/zCiA7IrBGZ https://t.co/cAV8H036R5","lang":"en","author_id":"15999107"},{"id":"1425149439228801032","public_metrics":{"retweet_count":0,"reply_count":0,"like_count":0,"quote_count":0},"attachments":{"media_keys":["7_1425145963539226624"]},"created_at":"2021-08-10T17:37:58.000Z","text":"#Wildfire response tip: Wait for the “all clear” and check with fire officials before attempting to re-enter your home. Click here for more tips: https://t.co/6gfJCH12hl https://t.co/pY8lEFwDHs","lang":"en","author_id":"785301931610681344"},{"id":"1425149431624572931","public_metrics":{"retweet_count":0,"reply_count":0,"like_count":0,"quote_count":0},"attachments":{"media_keys":["7_1425145951732310017"]},"created_at":"2021-08-10T17:37:57.000Z","text":"#Wildfire response tip: Wait for the “all clear” and check with fire officials before attempting to re-enter your home. Click here for more tips: https://t.co/NXfbP1XjOe https://t.co/OkRuyVOeyh","lang":"en","author_id":"105586732"},{"id":"1425149423688896515","public_metrics":{"retweet_count":0,"reply_count":0,"like_count":0,"quote_count":0},"attachments":{"media_keys":["7_1425145941334675457"]},"created_at":"2021-08-10T17:37:55.000Z","text":"#Wildfire response tip: Wait for the “all clear” and check with fire officials before attempting to re-enter your home. Click here for more tips: https://t.co/mvGW6fhuYm https://t.co/Q18HgL66ZU","lang":"en","author_id":"2918918156"},{"id":"1425149406173532163","public_metrics":{"retweet_count":0,"reply_count":0,"like_count":0,"quote_count":0},"attachments":{"media_keys":["7_1425145919268397067"]},"created_at":"2021-08-10T17:37:51.000Z","text":"#Wildfire response tip: Wait for the “all clear” and check with fire officials before attempting to re-enter your home. Click here for more tips: https://t.co/k8S6ODrr9g https://t.co/3wn7eVDqTj","lang":"en","author_id":"1126890876267945985"},{"id":"1425149390654672898","public_metrics":{"retweet_count":0,"reply_count":0,"like_count":0,"quote_count":0},"attachments":{"media_keys":["7_1425145896933675010"]},"created_at":"2021-08-10T17:37:47.000Z","text":"#Wildfire response tip: Wait for the “all clear” and check with fire officials before attempting to re-enter your home. Click here for more tips: https://t.co/FNweZsxWfo https://t.co/1cp7XupfkI","lang":"en","author_id":"3369760450"},{"id":"1425149374070497281","public_metrics":{"retweet_count":0,"reply_count":0,"like_count":0,"quote_count":0},"attachments":{"media_keys":["7_1425145875903430661"]},"created_at":"2021-08-10T17:37:43.000Z","text":"#Wildfire response tip: Wait for the “all clear” and check with fire officials before attempting to re-enter your home. Click here for more tips: https://t.co/cuBHLsPcJA https://t.co/ueGqQJ715A","lang":"en","author_id":"1138164828764119040"},{"id":"1425149366604419074","public_metrics":{"retweet_count":0,"reply_count":0,"like_count":0,"quote_count":0},"attachments":{"media_keys":["7_1425145865556144136"]},"created_at":"2021-08-10T17:37:41.000Z","text":"#Wildfire response tip: Wait for the “all clear” and check with fire officials before attempting to re-enter your home. Click here for more tips: https://t.co/rtBKBbiqRP https://t.co/Yh6DVrwUfe","lang":"en","author_id":"770711044104871936"},{"id":"1425149359193161729","public_metrics":{"retweet_count":0,"reply_count":0,"like_count":0,"quote_count":0},"attachments":{"media_keys":["7_1425145854613147648"]},"created_at":"2021-08-10T17:37:39.000Z","text":"#Wildfire response tip: Wait for the “all clear” and check with fire officials before attempting to re-enter your home. Click here for more tips: https://t.co/QNXuum7CHZ https://t.co/K9z7DjZ179","lang":"en","author_id":"3419591434"},{"id":"1425149353388298241","public_metrics":{"retweet_count":0,"reply_count":0,"like_count":0,"quote_count":0},"attachments":{"media_keys":["3_1425149349781245952"]},"created_at":"2021-08-10T17:37:38.000Z","text":"Saskatchewan Daily Wildfire Situation Map\n\nUpdate Detected: 10 Aug 2021 11:37 AM CST\n\nMore info at: https://t.co/zOnT69VEic\n\n#sk #wildfire #skwildfire https://t.co/wHAoDvPs9E","lang":"en","author_id":"1415349497023115265"},{"id":"1425149351450587140","public_metrics":{"retweet_count":0,"reply_count":0,"like_count":0,"quote_count":0},"attachments":{"media_keys":["7_1425145843607166979"]},"created_at":"2021-08-10T17:37:38.000Z","text":"#Wildfire response tip: Wait for the “all clear” and check with fire officials before attempting to re-enter your home. Click here for more tips: https://t.co/nsys60MCER https://t.co/h2DgWF5YnX","lang":"en","author_id":"1215359614067380224"},{"id":"1425149328721653763","public_metrics":{"retweet_count":0,"reply_count":0,"like_count":0,"quote_count":0},"attachments":{"media_keys":["7_1425145809062948871"]},"created_at":"2021-08-10T17:37:32.000Z","text":"#Wildfire response tip: Wait for the “all clear” and check with fire officials before attempting to re-enter your home. Click here for more tips: https://t.co/42D9uvhivH https://t.co/0dPngroatE","lang":"en","author_id":"1367896298137919488"},{"id":"1425149298057093124","public_metrics":{"retweet_count":0,"reply_count":0,"like_count":0,"quote_count":0},"attachments":{"media_keys":["7_1425145763584036879"]},"created_at":"2021-08-10T17:37:25.000Z","text":"#Wildfire response tip: Wait for the “all clear” and check with fire officials before attempting to re-enter your home. Click here for more tips: https://t.co/zT54IB4eTP https://t.co/Qeatzjc9Bc","lang":"en","author_id":"901175976909971457"},{"id":"1425149290544975872","public_metrics":{"retweet_count":0,"reply_count":0,"like_count":0,"quote_count":0},"attachments":{"media_keys":["7_1425145748786761728"]},"created_at":"2021-08-10T17:37:23.000Z","text":"#Wildfire response tip: Wait for the “all clear” and check with fire officials before attempting to re-enter your home. Click here for more tips: https://t.co/oMR7DR5kml https://t.co/pkmuEMet5C","lang":"en","author_id":"605757361"},{"id":"1425149282101780480","public_metrics":{"retweet_count":0,"reply_count":0,"like_count":0,"quote_count":0},"attachments":{"media_keys":["7_1425145737818542083"]},"created_at":"2021-08-10T17:37:21.000Z","text":"#Wildfire response tip: Wait for the “all clear” and check with fire officials before attempting to re-enter your home. Click here for more tips: https://t.co/QWXtyDcS8C https://t.co/4FOTCVPzth","lang":"en","author_id":"1359181364352798720"},{"id":"1425149266759241731","public_metrics":{"retweet_count":0,"reply_count":0,"like_count":0,"quote_count":0},"attachments":{"media_keys":["7_1425145705455362052"]},"created_at":"2021-08-10T17:37:17.000Z","text":"#Wildfire response tip: Wait for the “all clear” and check with fire officials before attempting to re-enter your home. Click here for more tips: https://t.co/cy4k8HYSfT https://t.co/7gKh0PEbq1","lang":"en","author_id":"1371890900008243202"},{"id":"1425149228398129159","public_metrics":{"retweet_count":0,"reply_count":0,"like_count":0,"quote_count":0},"attachments":{"media_keys":["7_1425145647003578369"]},"created_at":"2021-08-10T17:37:08.000Z","text":"#Wildfire response tip: Wait for the “all clear” and check with fire officials before attempting to re-enter your home. Click here for more tips: https://t.co/HNYIix46uu https://t.co/AraLPeCwUo","lang":"en","author_id":"1363226494705618946"},{"id":"1425149205119520772","public_metrics":{"retweet_count":0,"reply_count":0,"like_count":0,"quote_count":0},"attachments":{"media_keys":["7_1425145606016847874"]},"created_at":"2021-08-10T17:37:03.000Z","text":"#Wildfire response tip: Wait for the “all clear” and check with fire officials before attempting to re-enter your home. Click here for more tips: https://t.co/I0PHaebhId https://t.co/hZHYa3sc1a","lang":"en","author_id":"58840192"},{"id":"1425148777564835841","public_metrics":{"retweet_count":0,"reply_count":0,"like_count":1,"quote_count":0},"created_at":"2021-08-10T17:35:21.000Z","text":"\"UC Cooperative Extension is our science arm,\" says @gorecountry. \"We're using science to inform our decisions.\" \n\nSupervisor Gore discusses #wildfire and forest management with @forestadvjones &amp; Stephanie Larson @UCCESonoma https://t.co/3okjJK5P2t","lang":"en","author_id":"1327793130"},{"id":"1425148166857502721","public_metrics":{"retweet_count":2,"reply_count":0,"like_count":1,"quote_count":0},"attachments":{"media_keys":["3_1425147891593752578"]},"created_at":"2021-08-10T17:32:55.000Z","text":"Do you have an emergency plan in place in the event of a #wildfire occurring nearby? It’s the key to staying safe during the #BC wildfire season.\nTips --&gt; https://t.co/5nc5mQ1dwp https://t.co/BFdo2ZDyzL","lang":"en","author_id":"104586757"},{"id":"1425146661408583680","public_metrics":{"retweet_count":1,"reply_count":0,"like_count":0,"quote_count":0},"created_at":"2021-08-10T17:26:56.000Z","text":"This New Democracy MEP complaining those who insult a government responsible for letting #wildfire burn 10 million burn to the ground are 'cowards'. #Greece's ruling conservatives seem incapable of reading the room. A side-effects of privilege is tone-deafness https://t.co/JGAVlZZkhR","lang":"en","author_id":"10257602"},{"id":"1425146088974000131","public_metrics":{"retweet_count":0,"reply_count":0,"like_count":0,"quote_count":0},"created_at":"2021-08-10T17:24:40.000Z","text":"@TaylorLorenz By \"least likely to be affected,\" what do you mean?\n\nLeast likely to be completely burned down in a #Wildfire? Or least likely to be flattened by a #Hurricane? Or least likely to be #Flooded?\n\nAll those events affect our food supply. Which city can best live without food?","lang":"en","author_id":"1092242415790899200"},{"id":"1425146010779668486","public_metrics":{"retweet_count":0,"reply_count":0,"like_count":5,"quote_count":0},"created_at":"2021-08-10T17:24:21.000Z","text":"\uD83D\uDDFA New map: [#EMSR527] Evia: Delineation Product, Monitoring 2, version 1, release 1, RTP Map #01 [v1, 1:84000]\n\uD83D\uDD17 https://t.co/4z0mZyhhoc — #wildfire #delineation in #Greece\n#Copernicus #CEMS #RapidMapping #EUCivPro","lang":"en","author_id":"2201283403"},{"id":"1425145429352534016","public_metrics":{"retweet_count":0,"reply_count":0,"like_count":0,"quote_count":0},"created_at":"2021-08-10T17:22:02.000Z","text":"@Caitlyn_Jenner @Caitlyn_Jenner Are you going to visit the #California #Wildfire victims?","lang":"en","author_id":"1205708677933453312"},{"id":"1425143852336226304","public_metrics":{"retweet_count":5,"reply_count":1,"like_count":25,"quote_count":0},"created_at":"2021-08-10T17:15:46.000Z","text":"In total, we have mobilized 54 firefighters, 16 engines, \n and four water tenders. These firefighters will be on the ground to help protect life, homes, and other buildings. #Wildfire #Oregon #ReponseReadyOregon","lang":"en","author_id":"18361616"},{"id":"1425143851027554308","public_metrics":{"retweet_count":8,"reply_count":2,"like_count":41,"quote_count":1},"attachments":{"media_keys":["3_1425142137583136772"]},"created_at":"2021-08-10T17:15:46.000Z","text":"Our office has mobilized four structural task forces and our Red Incident Management Team to the #MiddleForkComplex in Lane County. These task forces are from Clackamas, Lane, Linn, and Marion Counties. (\uD83D\uDCF8 Tangent Fire) #Wildfire #Oregon https://t.co/EIxhj9jpAV","lang":"en","author_id":"18361616"},{"id":"1425142823205019648","public_metrics":{"retweet_count":0,"reply_count":0,"like_count":0,"quote_count":0},"created_at":"2021-08-10T17:11:41.000Z","text":"Current #SJ #AirQualityIndex=52/moderate. The #ashes &amp; #micropollutants from #CA's largest ever #wildfire, current #DixieFire blew/is blowing particles all over patio items. Also my voice=hoarse from #pollutants. Awful.\nhttps://t.co/g6rayNiNgv","lang":"en","author_id":"40695891"},{"id":"1425141815649325060","public_metrics":{"retweet_count":0,"reply_count":0,"like_count":1,"quote_count":0},"created_at":"2021-08-10T17:07:41.000Z","text":"United States of #Wildfire\n\nThere’s a forgotten history that should serve as a warning — wildfire isn’t unique to the West.\n\nNow the warming climate is increasing the risk of major #wildfires across America. \n\nhttps://t.co/l7MCGlAhXv","lang":"en","author_id":"1351243951559229440"},{"id":"1425141388048470017","public_metrics":{"retweet_count":40,"reply_count":4,"like_count":82,"quote_count":4},"attachments":{"media_keys":["3_1425137872949202944","3_1425137890573668355","3_1425137910047707142"]},"created_at":"2021-08-10T17:05:59.000Z","text":"Updated monitoring data shows relentless increase in #wildfire emissions from Sakha Republic, Russia through early August - 2021 close to being more than double the 2020 JJA total (&amp; on course to double the annual total) in #CopernicusAtmosphere GFAS dataset #wildfires2021Russia https://t.co/ZM3ocDAX3V https://t.co/e7SsgNSbzB","lang":"en","author_id":"2870274093"},{"id":"1425140877622751246","public_metrics":{"retweet_count":0,"reply_count":0,"like_count":0,"quote_count":0},"attachments":{"media_keys":["3_1425140875005399040"]},"created_at":"2021-08-10T17:03:57.000Z","text":"Saskatchewan Spatial Fire Management System: Tomorrow Forecast\n\nUpdate Detected: 10 Aug 2021 11:03 AM CST\n\nMore info at: https://t.co/zOnT69VEic\n\n#sk #wildfire #skwildfire https://t.co/OSoZObucwz","lang":"en","author_id":"1415349497023115265"},{"id":"1425140510684073986","public_metrics":{"retweet_count":1,"reply_count":0,"like_count":1,"quote_count":0},"attachments":{"media_keys":["3_1425139985850699778"]},"created_at":"2021-08-10T17:02:30.000Z","text":"3 Reasons the Generark Solar Generator Is the Most Reliable &amp; Safest on the Market Today:\nIndustry-Leading Battery Management System\n52 Reliability &amp; Safety Tests\nUnmatched 5-Year Warranty\n#homepower2 #solarpower2 #naturaldisaster #hurricane #wildfire #tip #tiptuesday #blog https://t.co/XZe03RVanv","lang":"en","author_id":"1289312614665707520"},{"id":"1425140091849265156","public_metrics":{"retweet_count":0,"reply_count":0,"like_count":0,"quote_count":0},"attachments":{"media_keys":["3_1425140089118760966"]},"created_at":"2021-08-10T17:00:50.000Z","text":"Saskatchewan Fire Ban Map\n\nUpdate Detected: 10 Aug 2021 11:00 AM CST\n\nMore info at: https://t.co/zOnT69VEic\n\n#sk #wildfire #skwildfire https://t.co/M8X6ZZxFvg","lang":"en","author_id":"1415349497023115265"},{"id":"1425140043363065856","public_metrics":{"retweet_count":25,"reply_count":1,"like_count":42,"quote_count":5},"attachments":{"media_keys":["7_1425139773241450498"]},"created_at":"2021-08-10T17:00:38.000Z","text":"Area of thick #smoke from the Siberian #wildfires is now (10 Aug 2021) larger than 14 million km² (≈5.5 million sq. miles)!\nThat is almost twice the area of Australia, or almost half the area of Africa! #Siberia #Russia #wildfire https://t.co/TcWKW1yMQV","lang":"en","author_id":"716576919328841728"},{"id":"1425139897606750209","public_metrics":{"retweet_count":0,"reply_count":0,"like_count":0,"quote_count":0},"created_at":"2021-08-10T17:00:04.000Z","text":"Insurers: Do you need a better way to measure and manage your wildfire risk concentration? We can help you make more-informed decisions in less time. | #wildfire #risksaturation #riskconcentration #underwriting | https://t.co/bQOaVzMdk2","lang":"en","author_id":"1343649067662884864"},{"id":"1425139877528674308","public_metrics":{"retweet_count":0,"reply_count":0,"like_count":0,"quote_count":0},"created_at":"2021-08-10T16:59:59.000Z","text":"With wildfires devastating and even destroying towns, take a moment to learn about some of the main reasons wildfires are increasingly destructive. | #wildfire #prescribedfire #preventwildfires | https://t.co/En1z7tXxHE","lang":"en","author_id":"1205444605"},{"id":"1425139625387982849","public_metrics":{"retweet_count":2,"reply_count":0,"like_count":1,"quote_count":1},"created_at":"2021-08-10T16:58:59.000Z","text":"Listen to Earth Lab's @DrFireScience discuss #wildfire resilience vs suppression in this CU On the Air Podcast! https://t.co/Q98sK1jMzn @CUSystem","lang":"en","author_id":"775785252786544641"},{"id":"1425139569683574785","public_metrics":{"retweet_count":0,"reply_count":0,"like_count":0,"quote_count":0},"attachments":{"media_keys":["3_1425139565598232587"]},"created_at":"2021-08-10T16:58:45.000Z","text":"Saskatchewan Daily Wildfire Situation Map\n\nUpdate Detected: 10 Aug 2021 10:58 AM CST\n\nMore info at: https://t.co/zOnT69VEic\n\n#sk #wildfire #skwildfire https://t.co/JYXcYUcVAn","lang":"en","author_id":"1415349497023115265"},{"id":"1425138468234088449","public_metrics":{"retweet_count":4,"reply_count":0,"like_count":3,"quote_count":0},"created_at":"2021-08-10T16:54:23.000Z","text":"\uD83D\uDDFA New map: [#EMSR532] Diabolitsi: Delineation Product, Monitoring 3, version 1, release 1, RTP Map #01 [v1, 1:48000]\n\uD83D\uDD17 https://t.co/TjBHDmI8kF — #wildfire #delineation in #Greece\n#Copernicus #CEMS #RapidMapping #EUCivPro","lang":"en","author_id":"2201283403"},{"id":"1425137730682425348","public_metrics":{"retweet_count":1,"reply_count":1,"like_count":0,"quote_count":0},"attachments":{"media_keys":["3_1425137726274244614","3_1425137726274240517"]},"created_at":"2021-08-10T16:51:27.000Z","text":"#California ‘s largest #Wildfire map images #DixieFire per @NASA #FIRMS #MODIS #VIIRS #Fire Map #FireMappers - NASA | LANCE | FIRMS https://t.co/9iGtHPQD5s","lang":"tl","author_id":"1205708677933453312"},{"id":"1425137714022821900","public_metrics":{"retweet_count":4,"reply_count":0,"like_count":4,"quote_count":1},"attachments":{"media_keys":["7_1425137440390586372"]},"created_at":"2021-08-10T16:51:23.000Z","text":"FIRESMART DISCIPLINE #5: Interagency Cooperation\nA successful neighbourhood #FireSmart program requires engagement and strong partnerships across the whole community. \nLearn more about interagency cooperation https://t.co/ZU4bwkBe4W\n\n#IAmFireSmart #wildfire https://t.co/aTeyrHiPOl","lang":"en","author_id":"575585763"},{"id":"1425137377476026373","public_metrics":{"retweet_count":0,"reply_count":1,"like_count":1,"quote_count":1},"attachments":{"media_keys":["3_1425137374841999360"]},"created_at":"2021-08-10T16:50:03.000Z","text":"#CAFire Update: #DixieFire, now California's 2nd largest #wildfire in history, has burned 487,764 acres &amp; is 25% contained. https://t.co/Ykqodq7Odl h/t @SarRavani For more updates on #wildfires, check @CAL_FIRE's incident map: https://t.co/kc8iRrII77 #RiverFire #MonumentFire https://t.co/xKxtegWeW8","lang":"en","author_id":"48817182"},{"id":"1425137273192910848","public_metrics":{"retweet_count":0,"reply_count":0,"like_count":0,"quote_count":0},"created_at":"2021-08-10T16:49:38.000Z","text":"#California ‘s largest #Wildfire interactive map #DixieFire per @NASA #FIRMS #MODIS #VIIRS #Fire Map #FireMappers - NASA | LANCE | FIRMS https://t.co/1ayjO8lESf","lang":"tl","author_id":"1205708677933453312"},{"id":"1425136683369041925","public_metrics":{"retweet_count":0,"reply_count":0,"like_count":0,"quote_count":0},"created_at":"2021-08-10T16:47:17.000Z","text":"Some evacuation orders, alerts near massive B.C. #WILDFIRE downgraded https://t.co/5Y8WimtivN","lang":"en","author_id":"3301926908"},{"id":"1425136590037336067","public_metrics":{"retweet_count":0,"reply_count":0,"like_count":0,"quote_count":0},"created_at":"2021-08-10T16:46:55.000Z","text":"Some evacuation orders, alerts near massive B.C. #WILDFIRE downgraded https://t.co/QSzfLyGO7Q #GPWX","lang":"en","author_id":"3111226033"},{"id":"1425135504622686210","public_metrics":{"retweet_count":2,"reply_count":0,"like_count":1,"quote_count":0},"created_at":"2021-08-10T16:42:36.000Z","text":"Check out these great tips from our Accredited Business @JackNovicioIns to protect your home from a potential #wildfire \uD83D\uDD25 \uD83C\uDF33 \uD83C\uDF32\uD83D\uDD25 https://t.co/6Mkb2i3Ufi","lang":"en","author_id":"222269702"},{"id":"1425134709500219394","public_metrics":{"retweet_count":5,"reply_count":0,"like_count":7,"quote_count":0},"created_at":"2021-08-10T16:39:27.000Z","text":"\uD83D\uDDFA New map: [#EMSR528] Ancient Olympia: Delineation Product, Monitoring 4, version 1, release 1, RTP Map #01 [v1, 1:75000]\n\uD83D\uDD17 https://t.co/KkgxIdW0mC — #wildfire #delineation in #Greece\n#Copernicus #CEMS #RapidMapping #EUCivPro","lang":"en","author_id":"2201283403"},{"id":"1425134480834977803","public_metrics":{"retweet_count":0,"reply_count":0,"like_count":0,"quote_count":0},"created_at":"2021-08-10T16:38:32.000Z","text":"\"It's not just the cabin and financial loss. It's a way of life that's being challenged and interrupted.\" Barks is one of the northern trappers in SK contending with a lack of information on #wildfire threats to his property. https://t.co/nqKEaisSUx","lang":"en","author_id":"1185531782952816640"},{"id":"1425134210604490753","public_metrics":{"retweet_count":0,"reply_count":0,"like_count":0,"quote_count":0},"created_at":"2021-08-10T16:37:28.000Z","text":"Wildfire season is upon us and will surely lead to another challenging quarter for California property insurance renewals. #wildfire #property #propertyinsurance #california #wildfirerisk #fire #perils #insurance #insurancetrends #trends #liability  https://t.co/jNgIKqiRgp?","lang":"en","author_id":"1278103250420424704"},{"id":"1425134020975865858","public_metrics":{"retweet_count":1,"reply_count":0,"like_count":1,"quote_count":0},"attachments":{"media_keys":["3_1425125164895854592","3_1425125164908417024","3_1425125164816162823"]},"created_at":"2021-08-10T16:36:42.000Z","text":"#RT @NWSSanDiego: RT @SouthCoastAQMD: Ready your family to take action during #wildfire season with an emergency preparedness plan. Follow these tips to help plan ahead and come up with a game plan before, during and after wildfire smoke events: … https://t.co/DoDgIVQ4ZG","lang":"en","author_id":"25550058"},{"id":"1425133852729675781","public_metrics":{"retweet_count":1,"reply_count":0,"like_count":1,"quote_count":0},"created_at":"2021-08-10T16:36:02.000Z","text":"Be #SmokeReady by learning the Air Quality Index (AQI) colors. During #Wildfire events, tiny particles in the air can enter your lungs and make you sick. This video explains how to use the AQI to stay informed &amp; healthy, even when smoke levels are high. \nhttps://t.co/S5keeLQSUk","lang":"en","author_id":"409381673"},{"id":"1425132288988356610","public_metrics":{"retweet_count":0,"reply_count":0,"like_count":1,"quote_count":0},"attachments":{"media_keys":["3_1425132145065041920"]},"created_at":"2021-08-10T16:29:50.000Z","text":"Active Fires in Greece.\nhttps://t.co/Ot1Kp1f8bR #Copernicus #MODIS #Wildfire #Greece https://t.co/uRdIECZvVu","lang":"en","author_id":"872318773"},{"id":"1425132041482346496","public_metrics":{"retweet_count":1,"reply_count":0,"like_count":2,"quote_count":0},"created_at":"2021-08-10T16:28:51.000Z","text":"Brilliant and fascinating piece - thank you @npr et al. @ai6yrham @firebobbc @firechiefanf @LukasClimate @JaredDahlAldern #wildfire https://t.co/7TA0Dehlmj","lang":"en","author_id":"147672166"},{"id":"1425131525205491713","public_metrics":{"retweet_count":0,"reply_count":0,"like_count":1,"quote_count":0},"created_at":"2021-08-10T16:26:47.000Z","text":".@SenatorTester and @SteveDaines , the bipartisan infrastructure deal is a start, but it doesn’t go far enough to correct environmental injustice or solve the #ClimateCrisis. Moms urge you to #ACTNow and pass a bold companion budget that centers climate. #wildfire #drought","lang":"en","author_id":"3374679244"},{"id":"1425131500446617602","public_metrics":{"retweet_count":0,"reply_count":0,"like_count":0,"quote_count":0},"created_at":"2021-08-10T16:26:42.000Z","text":"Want to track the impacts of #wildfire smoke in your area? Check out this great list of apps and tools: https://t.co/ZzG7UTjHpr","lang":"en","author_id":"1262287806"},{"id":"1425130712944975877","public_metrics":{"retweet_count":0,"reply_count":0,"like_count":0,"quote_count":0},"attachments":{"media_keys":["3_1425130711363641347"]},"created_at":"2021-08-10T16:23:34.000Z","text":"Join 14 people right now at \"The One That Nearly Got Us: Creating in Fear of an Oncoming Wildfire\" #cheers #cameras #photography #technology #petapixel #wildfire #oncoming #creating #nearly #fear https://t.co/bLzk6PQJs3 https://t.co/k6L83gdjaY","lang":"en","author_id":"167166182"},{"id":"1425130692514664450","public_metrics":{"retweet_count":0,"reply_count":0,"like_count":0,"quote_count":0},"attachments":{"media_keys":["3_1425130690962771970"]},"created_at":"2021-08-10T16:23:29.000Z","text":"#US scientists have reported an outbreak of “smoke thunderclouds,” which are a result of #wildfire smoke. \n\nSmoke thunderclouds produce lightning rather than rain and are particularly dangerous because of their ability to spark new wildfires as they move. https://t.co/LlkrIdVs3f https://t.co/uSXVuJZQML","lang":"en","author_id":"1166109789111427072"},{"id":"1425130305908887558","public_metrics":{"retweet_count":0,"reply_count":0,"like_count":1,"quote_count":0},"created_at":"2021-08-10T16:21:57.000Z","text":"El #Dixiefire , ahora el segundo más grande #wildfire en #California historia del estado, ha quemado más de 463,000 acres y destruido más de 400 edificios.\n\n Las autoridades advierten que podrían pasar varias semanas más para contener el monstruoso incendio. https://t.co/Y7PeloQ208","lang":"es","author_id":"1037876178"},{"id":"1425129815422668803","public_metrics":{"retweet_count":15,"reply_count":1,"like_count":28,"quote_count":1},"attachments":{"media_keys":["7_1425125753104977930"]},"created_at":"2021-08-10T16:20:00.000Z","text":"The #Dixiefire, now the second-largest #wildfire in #California state history, has burned more than 463,000 acres and destroyed more than 400 buildings. \n\nOfficials are warning that it could take several more weeks to contain the monstrous blaze.\n\nMore at https://t.co/lrDM5SFOjo https://t.co/Bnzt63Edx0","lang":"en","author_id":"16664681"},{"id":"1425129148834533378","public_metrics":{"retweet_count":0,"reply_count":0,"like_count":0,"quote_count":0},"created_at":"2021-08-10T16:17:21.000Z","text":"Climate change cannot wait another minute!\nThe #Dixie fire is now the 2nd-largest #wildfire in #California history, destroying more than 400 homes and commercial buildings. Sympathy to all the affected and pray for everyone’s safety.\nhttps://t.co/xcbEyMtPd9","lang":"en","author_id":"1420408757859782657"},{"id":"1425128650840629252","public_metrics":{"retweet_count":3,"reply_count":0,"like_count":2,"quote_count":2},"created_at":"2021-08-10T16:15:22.000Z","text":"Supervisor Gore visited with UCCE Sonoma Director, Dr. Stephanie Larson, and #Forestry Advisor Dr. Mike Jones to discuss #wildfire risk reduction through healthy vegetation management. #grazing #foresthealth\nhttps://t.co/C3SAArY7YZ","lang":"en","author_id":"1209379410"},{"id":"1425127729695891460","public_metrics":{"retweet_count":0,"reply_count":0,"like_count":0,"quote_count":0},"attachments":{"media_keys":["3_1425126649943654400","3_1425126649956233222","3_1425126649952038916","3_1425126649952047104"]},"created_at":"2021-08-10T16:11:43.000Z","text":"#InPics | The Dixie wildfire has become the second-largest wildfire in the history of California state and the largest wildfire currently burning in the United States. \n\n#DixieWildfire #California #largest #UnitedStates #wildfire #history #Greenvillie #ClimateChange https://t.co/53IVOYIG7R","lang":"en","author_id":"1084518784004542464"},{"id":"1425127047253434370","public_metrics":{"retweet_count":0,"reply_count":0,"like_count":0,"quote_count":0},"attachments":{"media_keys":["7_1425125964699348993"]},"created_at":"2021-08-10T16:09:00.000Z","text":"#Wildfire response tip: Wait for the “all clear” and check with fire officials before attempting to re-enter your home. Click here for more tips: https://t.co/VliQTmHmme https://t.co/tO4xeqD0PU","lang":"en","author_id":"2589854822"},{"id":"1425125488859697154","public_metrics":{"retweet_count":0,"reply_count":0,"like_count":0,"quote_count":0},"attachments":{"media_keys":["3_1425125248425472010"]},"created_at":"2021-08-10T16:02:48.000Z","text":"In today's top story from our daily newsletter (https://t.co/bTcmSgu539) — we address renewed questions about Canada’s climate plan\n#greece #wildfire #wildfires #apphoto #smoke #fossilfuels #wildfirebc #wildfireseason #wildfireprevention #climatechange #UNreport #canadiannews https://t.co/8nDMGCULbr","lang":"en","author_id":"1146790976263983104"},{"id":"1425125357007642632","public_metrics":{"retweet_count":0,"reply_count":0,"like_count":0,"quote_count":0},"created_at":"2021-08-10T16:02:17.000Z","text":"Wyden asks White House for details on jet fuel shortage amid #WILDFIRE season https://t.co/s0ducllsOM","lang":"en","author_id":"3301926908"},{"id":"1425125250996523008","public_metrics":{"retweet_count":0,"reply_count":0,"like_count":0,"quote_count":0},"created_at":"2021-08-10T16:01:52.000Z","text":"Wyden asks White House for details on jet fuel shortage amid #WILDFIRE season https://t.co/KoYAgxjLT3 #GPWX","lang":"en","author_id":"3111226033"},{"id":"1425125167936774150","public_metrics":{"retweet_count":8,"reply_count":0,"like_count":13,"quote_count":0},"attachments":{"media_keys":["3_1425125164895854592","3_1425125164908417024","3_1425125164816162823"]},"created_at":"2021-08-10T16:01:32.000Z","text":"Ready your family to take action during #wildfire season with an emergency preparedness plan. Follow these tips to help plan ahead and come up with a game plan before, during and after wildfire smoke events: https://t.co/Ek1ASIkQdL https://t.co/QsisKYrkIP","lang":"en","author_id":"171722417"},{"id":"1425125146021478401","public_metrics":{"retweet_count":19,"reply_count":1,"like_count":85,"quote_count":0},"attachments":{"media_keys":["3_1425125129324056576"]},"created_at":"2021-08-10T16:01:27.000Z","text":"ترکی نے جنگلات میں لگی آگ سے ہونے والے نقصانات کی کچھ تفصیلات جاری کر دی ہیں\nمکمل رپورٹ دیکھیں ترکی اردو کے یوٹیوب چینل پر اس لنک میں\n\uD83D\uDC47\uD83C\uDFFB\uD83D\uDC47\uD83C\uDFFB\uD83D\uDC47\uD83C\uDFFB\uD83D\uDC47\uD83C\uDFFB\uD83D\uDC47\uD83C\uDFFB\nhttps://t.co/aJar0UESpJ\n\n#Turkeyfire #TurkeyBurning #TurkeyIsOnFire #wildfire #RiverFire https://t.co/AgVFmPITDW","lang":"ur","author_id":"1123565206871973893"},{"id":"1425124789753102344","public_metrics":{"retweet_count":0,"reply_count":0,"like_count":0,"quote_count":0},"created_at":"2021-08-10T16:00:02.000Z","text":"It still not to late for sign up for our cohort 3 info webinar tonight at 7. All you need to register is to fill out this form: https://t.co/hAXC7HVZT6 #secondchances #wildfire","lang":"en","author_id":"1089306632016654336"},{"id":"1425122987708096514","public_metrics":{"retweet_count":112,"reply_count":58,"like_count":346,"quote_count":15},"created_at":"2021-08-10T15:52:52.000Z","text":".@GavinNewsom lies about fire prevention on an epic scale, then shortly thereafter California gets the largest #wildfire in state history. This isn’t climate change, this is incompetence, deception, and an inability to govern. #RecallNewsom https://t.co/sojy8CBk0c","lang":"en","author_id":"113783763"}],"includes":{"media":[{"media_key":"3_1425157754377940997","type":"photo","url":"https://pbs.twimg.com/media/E8ctbUKXMAU9Uic.jpg"},{"media_key":"3_1425156262325637123","type":"photo","url":"https://pbs.twimg.com/media/E8csEd1X0AM_N4r.jpg"},{"media_key":"16_1425154779077087233","type":"animated_gif"},{"media_key":"3_1425155356880252932","type":"photo","url":"https://pbs.twimg.com/media/E8crPwyXsAQfrXM.jpg"},{"media_key":"7_1425150944707235850","public_metrics":{"view_count":1},"type":"video"},{"media_key":"7_1425150868442255367","public_metrics":{"view_count":2},"type":"video"},{"media_key":"7_1425150857109143552","public_metrics":{"view_count":0},"type":"video"},{"media_key":"7_1425150775336919045","public_metrics":{"view_count":3},"type":"video"},{"media_key":"7_1425150753392431113","public_metrics":{"view_count":1},"type":"video"},{"media_key":"7_1425150741908541449","public_metrics":{"view_count":0},"type":"video"},{"media_key":"7_1425150729350680577","public_metrics":{"view_count":1},"type":"video"},{"media_key":"7_1425150658915840000","public_metrics":{"view_count":2},"type":"video"},{"media_key":"7_1425150637298311171","public_metrics":{"view_count":1},"type":"video"},{"media_key":"3_1425153055738245126","type":"photo","url":"https://pbs.twimg.com/media/E8cpJ0XXMAYBSiJ.jpg"},{"media_key":"7_1425150626896531458","public_metrics":{"view_count":0},"type":"video"},{"media_key":"7_1425150615873785860","public_metrics":{"view_count":0},"type":"video"},{"media_key":"7_1425150605174185987","public_metrics":{"view_count":5},"type":"video"},{"media_key":"7_1425150595011203074","public_metrics":{"view_count":0},"type":"video"},{"media_key":"7_1425150583334477827","public_metrics":{"view_count":1},"type":"video"},{"media_key":"3_1425151318939811845","type":"photo","url":"https://pbs.twimg.com/media/E8cnkuSWQAUWTuP.jpg"},{"media_key":"7_1425149586318925829","public_metrics":{"view_count":0},"type":"video"},{"media_key":"7_1425149573539016706","public_metrics":{"view_count":4},"type":"video"},{"media_key":"7_1425146131546316804","public_metrics":{"view_count":0},"type":"video"},{"media_key":"7_1425146090085437440","public_metrics":{"view_count":0},"type":"video"},{"media_key":"7_1425146020619456512","public_metrics":{"view_count":1},"type":"video"},{"media_key":"7_1425146008716156929","public_metrics":{"view_count":0},"type":"video"},{"media_key":"7_1425145963539226624","public_metrics":{"view_count":0},"type":"video"},{"media_key":"7_1425145951732310017","public_metrics":{"view_count":0},"type":"video"},{"media_key":"7_1425145941334675457","public_metrics":{"view_count":0},"type":"video"},{"media_key":"7_1425145919268397067","public_metrics":{"view_count":0},"type":"video"},{"media_key":"7_1425145896933675010","public_metrics":{"view_count":0},"type":"video"},{"media_key":"7_1425145875903430661","public_metrics":{"view_count":0},"type":"video"},{"media_key":"7_1425145865556144136","public_metrics":{"view_count":0},"type":"video"},{"media_key":"7_1425145854613147648","public_metrics":{"view_count":2},"type":"video"},{"media_key":"3_1425149349781245952","type":"photo","url":"https://pbs.twimg.com/media/E8clyGmXEAAGx9b.jpg"},{"media_key":"7_1425145843607166979","public_metrics":{"view_count":0},"type":"video"},{"media_key":"7_1425145809062948871","public_metrics":{"view_count":0},"type":"video"},{"media_key":"7_1425145763584036879","public_metrics":{"view_count":0},"type":"video"},{"media_key":"7_1425145748786761728","public_metrics":{"view_count":0},"type":"video"},{"media_key":"7_1425145737818542083","public_metrics":{"view_count":9},"type":"video"},{"media_key":"7_1425145705455362052","public_metrics":{"view_count":0},"type":"video"},{"media_key":"7_1425145647003578369","public_metrics":{"view_count":0},"type":"video"},{"media_key":"7_1425145606016847874","public_metrics":{"view_count":1},"type":"video"},{"media_key":"3_1425147891593752578","type":"photo","url":"https://pbs.twimg.com/media/E8ckdObXsAISqGN.png"},{"media_key":"3_1425142137583136772","type":"photo","url":"https://pbs.twimg.com/media/E8cfOTEVcAQB1Xq.jpg"},{"media_key":"3_1425137872949202944","type":"photo","url":"https://pbs.twimg.com/media/E8cbWEEX0AAiZXo.png"},{"media_key":"3_1425137890573668355","type":"photo","url":"https://pbs.twimg.com/media/E8cbXFuX0AMc2AH.png"},{"media_key":"3_1425137910047707142","type":"photo","url":"https://pbs.twimg.com/media/E8cbYORWEAYeNT-.png"},{"media_key":"3_1425140875005399040","type":"photo","url":"https://pbs.twimg.com/media/E8ceEzmWEAAhk3j.jpg"},{"media_key":"3_1425139985850699778","type":"photo","url":"https://pbs.twimg.com/media/E8cdRDPWEAIFI9d.jpg"},{"media_key":"3_1425140089118760966","type":"photo","url":"https://pbs.twimg.com/media/E8cdXD8XoAY_RjJ.jpg"},{"media_key":"7_1425139773241450498","public_metrics":{"view_count":2463},"type":"video"},{"media_key":"3_1425139565598232587","type":"photo","url":"https://pbs.twimg.com/media/E8cc4lrWUAsNbMz.jpg"},{"media_key":"3_1425137726274244614","type":"photo","url":"https://pbs.twimg.com/media/E8cbNhqVkAYylbO.jpg"},{"media_key":"3_1425137726274240517","type":"photo","url":"https://pbs.twimg.com/media/E8cbNhqVgAUZGpv.jpg"},{"media_key":"7_1425137440390586372","public_metrics":{"view_count":80},"type":"video"},{"media_key":"3_1425137374841999360","type":"photo","url":"https://pbs.twimg.com/media/E8ca5EeXEAAVR7F.jpg"},{"media_key":"3_1425125164895854592","type":"photo","url":"https://pbs.twimg.com/media/E8cPyW4WYAA-NZH.png"},{"media_key":"3_1425125164908417024","type":"photo","url":"https://pbs.twimg.com/media/E8cPyW7WEAAcExK.png"},{"media_key":"3_1425125164816162823","type":"photo","url":"https://pbs.twimg.com/media/E8cPyWlWYAcw8Gr.png"},{"media_key":"3_1425132145065041920","type":"photo","url":"https://pbs.twimg.com/media/E8cWIqCXoAAR3Id.jpg"},{"media_key":"3_1425130711363641347","type":"photo","url":"https://pbs.twimg.com/media/E8cU1NFUYAM43rV.jpg"},{"media_key":"3_1425130690962771970","type":"photo","url":"https://pbs.twimg.com/media/E8cU0BFX0AIZxtF.jpg"},{"media_key":"7_1425125753104977930","public_metrics":{"view_count":2362},"type":"video"},{"media_key":"3_1425126649943654400","type":"photo","url":"https://pbs.twimg.com/media/E8cRIzHVgAAL1Cl.jpg"},{"media_key":"3_1425126649956233222","type":"photo","url":"https://pbs.twimg.com/media/E8cRIzKVcAYWhTk.jpg"},{"media_key":"3_1425126649952038916","type":"photo","url":"https://pbs.twimg.com/media/E8cRIzJVcAQSRuO.jpg"},{"media_key":"3_1425126649952047104","type":"photo","url":"https://pbs.twimg.com/media/E8cRIzJVkAA-YHQ.jpg"},{"media_key":"7_1425125964699348993","public_metrics":{"view_count":3},"type":"video"},{"media_key":"3_1425125248425472010","type":"photo","url":"https://pbs.twimg.com/media/E8cP3ODXMAoJKSg.jpg"},{"media_key":"3_1425125129324056576","type":"photo","url":"https://pbs.twimg.com/media/E8cPwSXX0AA8MgU.jpg"}]},"meta":{"newest_id":"1425160936105578502","oldest_id":"1425122987708096514","result_count":100,"next_token":"b26v89c19zqg8o3fpdm8kfzsu6bhvtsap6sx0izq8gm7x"}}