{"data":[{"lang":"en","created_at":"2021-08-09T13:17:26.000Z","id":"1424721485256544261","text":"UN report on #climate warming: Blistering heat waves, floods, #wildfires, but that's only the beginning. We've waited too long to stop it. https://t.co/kPeccaJQ0a","public_metrics":{"retweet_count":0,"reply_count":0,"like_count":0,"quote_count":0},"author_id":"18229868"},{"lang":"en","created_at":"2021-08-09T13:17:23.000Z","id":"1424721470593380353","text":"Scicamous, #BritishColumbia - Volunteer evacuating #horses, cows, donkeys, minis, lots other livestock from #NkMipfires #WhiteRockLake fires appeals for support after truck damaged, @SicamousEagle https://t.co/0xPrMStjAt #bcfire #Okanagan #wildfires #animals #pets #AnimalRights","public_metrics":{"retweet_count":0,"reply_count":0,"like_count":0,"quote_count":0},"author_id":"171828737"},{"lang":"en","created_at":"2021-08-09T13:16:24.000Z","id":"1424721225801109506","text":"Latest info about California #wildfires \n#update coming in a couple of hours https://t.co/KQB2Jx0yeL","attachments":{"media_keys":["3_1424721033173426177","3_1424721045181779970"]},"public_metrics":{"retweet_count":0,"reply_count":0,"like_count":0,"quote_count":0},"author_id":"258857757"},{"lang":"en","created_at":"2021-08-09T13:15:32.000Z","id":"1424721004564254723","text":"A new part of our reality??!!\nTHIS IS RIDICULOUS!!!\n\"Never normalise what is not normal,\" says our king. And I agree with him.\nNobody wants this 'new reality'!\n#Wildfires #ClimateCrisis  #ClimateReport #IPCC \nhttps://t.co/HlB9kHBLqX","public_metrics":{"retweet_count":0,"reply_count":0,"like_count":1,"quote_count":0},"author_id":"256716733"},{"lang":"en","created_at":"2021-08-09T13:14:00.000Z","id":"1424720617987887116","text":"\"Photos show devastating wildfires in Greece\" https://t.co/310xziSPIC #wildfires #Greece #photos","public_metrics":{"retweet_count":0,"reply_count":0,"like_count":0,"quote_count":0},"author_id":"282716700"},{"lang":"en","created_at":"2021-08-09T13:12:00.000Z","id":"1424720115610705925","text":"Up next: Michelle McQuigge of the Canadian Press gives us a Weekend News Recap. Tune in as she discusses the wildfires in the west and reflects on the Tokyo 2020 Olympics. Listen live here: https://t.co/wtp4yuApv9 #NOWDB #Wildfires #Olympics @mich_mcq https://t.co/4lPikGuepw","attachments":{"media_keys":["3_1424716608992387081"]},"public_metrics":{"retweet_count":0,"reply_count":0,"like_count":0,"quote_count":0},"author_id":"3235957923"},{"lang":"en","created_at":"2021-08-09T13:11:03.000Z","id":"1424719876862717957","text":"Thank you, Europe, for the help! It's tragic, but YOU are our ONLY hope. #φωτιές #Wildfires #WildfiresGreece #Europe https://t.co/PLlyGKP1Jm","public_metrics":{"retweet_count":0,"reply_count":0,"like_count":0,"quote_count":0},"author_id":"217068839"},{"lang":"en","created_at":"2021-08-09T13:11:00.000Z","id":"1424719863474425856","text":"Thanks @lorakolodny for featuring BreezoMeter in this important article on tracking #airpollution while on the move during wildfire season: https://t.co/1HYA8FqIV6\n#wildfires #airquality","public_metrics":{"retweet_count":0,"reply_count":0,"like_count":0,"quote_count":0},"author_id":"2371842847"},{"lang":"en","created_at":"2021-08-09T13:10:36.000Z","id":"1424719763159277569","text":"#Dronefootage shows devastation after #wildfires ravage #Turkey's pine forests https://t.co/BCezbC8ZD9","public_metrics":{"retweet_count":0,"reply_count":0,"like_count":0,"quote_count":0},"author_id":"1398608126"},{"lang":"en","created_at":"2021-08-09T13:08:05.000Z","id":"1424719129026703365","text":"Smoke forecast and air quality, August 8, 2021 - Wildfire Today https://t.co/5g8OWJCym5 #Heatwave #Wildfires","public_metrics":{"retweet_count":0,"reply_count":0,"like_count":0,"quote_count":0},"author_id":"40173650"}],"includes":{"media":[{"media_key":"3_1424721033173426177","type":"photo","url":"https://pbs.twimg.com/media/E8WgOy5UYAE74BO.png"},{"media_key":"3_1424721045181779970","type":"photo","url":"https://pbs.twimg.com/media/E8WgPfoVUAIUx7a.png"},{"media_key":"3_1424716608992387081","type":"photo","url":"https://pbs.twimg.com/media/E8WcNRiXIAkWPbZ.jpg"}]},"meta":{"newest_id":"1424721485256544261","oldest_id":"1424719129026703365","result_count":10,"next_token":"b26v89c19zqg8o3fpdm85n5xb9cub9ykiiw60auo2zed9"}}