{"data":[{"lang":"en","created_at":"2021-08-13T12:07:35.000Z","author_id":"1424701699386757124","public_metrics":{"retweet_count":0,"reply_count":0,"like_count":0,"quote_count":0},"text":"@rosellacottage 'scam' like the fires that are destroying California, Algeria, Greece and Turkey?","id":"1426153458562998272"},{"lang":"en","created_at":"2021-08-13T12:06:34.000Z","author_id":"283604227","public_metrics":{"retweet_count":0,"reply_count":0,"like_count":0,"quote_count":0},"text":"Greece brings ‘mega fires’ under control as more blazes threaten southern Europe https://t.co/zLoMpOJmLq https://t.co/PI2Wrpr3o9","attachments":{"media_keys":["3_1426153197467365377"]},"id":"1426153199870693390"},{"lang":"en","created_at":"2021-08-13T12:05:52.000Z","author_id":"14737705","public_metrics":{"retweet_count":0,"reply_count":0,"like_count":0,"quote_count":0},"text":"Trying to find a fire here that will help us understand fires in Greece relatively but it's hard because they all merged; closest was Clyde Mountain but distinct from Currowan. Who would know that fire boundary?","id":"1426153024167190547"},{"lang":"en","created_at":"2021-08-13T12:05:33.000Z","author_id":"1370269173436317697","public_metrics":{"retweet_count":0,"reply_count":0,"like_count":0,"quote_count":0},"text":"Greece brings ‘mega fires’ under control as more blazes threaten southern Europe #Europe Source @FRANCE24 VIA @headlines24_7","id":"1426152944777404422"},{"lang":"en","created_at":"2021-08-13T12:05:33.000Z","author_id":"2543982944","public_metrics":{"retweet_count":0,"reply_count":0,"like_count":0,"quote_count":0},"text":"Greece brings ‘mega fires’ under control as more blazes threaten southern Europe https://t.co/YEyns956Bi","id":"1426152944756355072"},{"lang":"en","created_at":"2021-08-13T12:05:07.000Z","author_id":"25049056","public_metrics":{"retweet_count":2,"reply_count":0,"like_count":5,"quote_count":0},"text":"Greece brings ‘mega fires’ under control as more blazes threaten southern Europe https://t.co/7OAzq6QARe https://t.co/dR9hTZ7snH","attachments":{"media_keys":["3_1426152834551013378"]},"id":"1426152836572717062"},{"lang":"en","created_at":"2021-08-13T12:04:49.000Z","author_id":"1021361523589984256","public_metrics":{"retweet_count":0,"reply_count":0,"like_count":0,"quote_count":0},"text":"Greece fire from Space\nhttps://t.co/peuEUjv1xe","id":"1426152762820239368"},{"lang":"en","created_at":"2021-08-13T12:04:48.000Z","author_id":"768306271858503681","public_metrics":{"retweet_count":0,"reply_count":0,"like_count":0,"quote_count":0},"text":"@taoquei1 @GretaThunberg aren’t you going to speak out about the fires in Greece? Is only Brazil your point of concern? This is so insane and strange \uD83D\uDE44","id":"1426152756088295424"},{"lang":"en","created_at":"2021-08-13T12:03:56.000Z","author_id":"280978159","public_metrics":{"retweet_count":0,"reply_count":0,"like_count":2,"quote_count":0},"text":"As soon as crisis with fires in #Greece deteriorated #Armenia did contact our Greek partners&amp;offered help to the brotherly Greek people, which in case of necessity will be repeated @Vahan_Hunanyan. @GreeceMFA @NikosDendias @armembgr #StrongerTogether\nhttps://t.co/kKPcJQ3sYH","id":"1426152539746152457"},{"lang":"und","created_at":"2021-08-13T12:03:49.000Z","author_id":"1413216955121680385","public_metrics":{"retweet_count":0,"reply_count":0,"like_count":0,"quote_count":0},"text":"https://t.co/hcOmE4yseM","id":"1426152509270372360"},{"lang":"en","created_at":"2021-08-13T12:02:54.000Z","author_id":"20583561","public_metrics":{"retweet_count":1,"reply_count":0,"like_count":1,"quote_count":0},"text":"ATHENS: Greece breathed a sigh of relief Friday after \"mega fires\" that have ravaged much of the country were brought under control, but firefighters elsewhere in southern Europe braced for fresh outbreaks. #BangkokPost #World https://t.co/B2SbJpD8x1","id":"1426152278281449487"},{"lang":"en","created_at":"2021-08-13T12:00:33.000Z","author_id":"714185653","public_metrics":{"retweet_count":0,"reply_count":0,"like_count":0,"quote_count":0},"text":"Greece brings ‘mega fires’ under control as more blazes threaten southern Europe https://t.co/eIruR0bSmj https://t.co/nKScqEFzbI","attachments":{"media_keys":["3_1426151687144673284"]},"id":"1426151689019478025"},{"lang":"en","created_at":"2021-08-13T12:00:07.000Z","author_id":"1140334423","public_metrics":{"retweet_count":0,"reply_count":0,"like_count":0,"quote_count":0},"text":"EVIA FIRE: GREECE RELIEF FUND https://t.co/yQrxbmf56b","id":"1426151580081049602"},{"lang":"en","created_at":"2021-08-13T11:59:18.000Z","author_id":"1047792604379795456","public_metrics":{"retweet_count":0,"reply_count":0,"like_count":2,"quote_count":0},"text":"The Metropolis of Austria and the Exarchate of Hungary expressed support for the fire victims in Greece\n#orthodox_times https://t.co/lYwcggApUJ","id":"1426151373452759042"},{"lang":"en","created_at":"2021-08-13T11:58:37.000Z","author_id":"1424316707422801923","public_metrics":{"retweet_count":0,"reply_count":0,"like_count":0,"quote_count":0},"text":"Photograph of  3 helicopters getting water to dump on fires  as fires spread and threaten lives in Greece  followb&amp; RT https://t.co/WbWbwVGGPU","id":"1426151202149044224"},{"lang":"en","created_at":"2021-08-13T11:56:42.000Z","author_id":"166274733","public_metrics":{"retweet_count":0,"reply_count":0,"like_count":0,"quote_count":0},"text":"Fires: How much costs to Greece buy the Russian fire monsters Beriev and Ilyusin \uD83D\uDC47 https://t.co/Oy8DJlhpD0","id":"1426150718390538242"},{"lang":"en","created_at":"2021-08-13T11:55:48.000Z","author_id":"1129642171420688384","public_metrics":{"retweet_count":0,"reply_count":0,"like_count":0,"quote_count":0},"text":"Greek wildfires: New blaze breaks out on Evia island https://t.co/2K5MPa8AsJ Greece's fire department said four water-dropping aircraft and six helicopters were sent to control the new fire in central Evia, along with 23 firefighters and 10 vehicles. Th… https://t.co/CDBn6HDZWp","id":"1426150490702860296"},{"lang":"en","created_at":"2021-08-13T11:54:54.000Z","author_id":"797729205320613888","public_metrics":{"retweet_count":0,"reply_count":1,"like_count":0,"quote_count":0},"text":"@_2nd_Opinion @NovaShpakova As a resident of Russia, I will be the last to think about some regions of the world, including Canada. The fact is that Putin is sending firefighters to Turkey and Greece, completely oblivious to the fact that his own house is on fire.","id":"1426150266441805830"},{"lang":"en","created_at":"2021-08-13T11:54:15.000Z","author_id":"80653307","public_metrics":{"retweet_count":8,"reply_count":1,"like_count":10,"quote_count":0},"text":"Indeed, while record fires are blazing through the Yakutia Republic in Russia, Putin helps Turkey and Greece instead. https://t.co/jmOsFvPGCP","attachments":{"media_keys":["7_1426150030168178690"]},"id":"1426150101240668160"},{"lang":"en","created_at":"2021-08-13T11:53:44.000Z","author_id":"62774102","public_metrics":{"retweet_count":0,"reply_count":0,"like_count":0,"quote_count":0},"text":"Greece fires under control as reconstruction begins [no climate change propaganda in the aftermath of this carbon belching inferno?] - Breitbart https://t.co/yWPoYE0SPA","id":"1426149971812921344"},{"lang":"en","created_at":"2021-08-13T11:53:10.000Z","author_id":"186933748","public_metrics":{"retweet_count":0,"reply_count":0,"like_count":0,"quote_count":0},"text":"Wildfires that have ravaged Greece for over two weeks have been brought under control but the risk of fires remains very high in four regions - Greek wildfires under control as rainfall helps firefighters https://t.co/VbLM05cYve #Greece #Wildfires #φωτιες #Πυρκαγια https://t.co/Ttg7gMGSja","attachments":{"media_keys":["3_1426149825070968833"]},"id":"1426149829248487426"},{"lang":"en","created_at":"2021-08-13T11:52:36.000Z","author_id":"1416466801983057920","public_metrics":{"retweet_count":0,"reply_count":0,"like_count":0,"quote_count":0},"text":"301_AD: \uD83C\uDDE6\uD83C\uDDF2 MFA Spox Vahan Hunanyan: we contacted our Greek partners and offered help. Greece expressed gratitude to Armenia for the offered assistance, notified that the situation with fires had passed from a crisis to a milder stage, there was no need f… https://t.co/AtexWbGKWv","attachments":{"media_keys":["3_1426144855823093763"]},"id":"1426149685220229120"},{"lang":"en","created_at":"2021-08-13T11:51:49.000Z","author_id":"1366458373919637505","public_metrics":{"retweet_count":0,"reply_count":0,"like_count":0,"quote_count":0},"text":"\uD83C\uDDEC\uD83C\uDDF7 - Fires burning for more than a week that caused #Greece's worst ecological disaster in decades were finally brought under control on Friday, the fire department said, as the #government raced to fund reconstruction amid mounting anger. (AFP) https://t.co/Oy8FPiQQOc","attachments":{"media_keys":["3_1426149294839681025"]},"id":"1426149488004149258"},{"lang":"en","created_at":"2021-08-13T11:51:03.000Z","author_id":"714185653","public_metrics":{"retweet_count":0,"reply_count":0,"like_count":0,"quote_count":0},"text":"Greece fires 'largely contained' as reconstruction begins https://t.co/SFibV0mu7L https://t.co/L92oBDmb3C","attachments":{"media_keys":["3_1426149296299151365"]},"id":"1426149298274590725"},{"lang":"cs","created_at":"2021-08-13T11:49:31.000Z","author_id":"1241399309360402432","public_metrics":{"retweet_count":1,"reply_count":1,"like_count":37,"quote_count":0},"text":"Hasíme, chráníme, lezeme, řežeme, kácíme...už pátým dnem v Řecku. #CeskoPomaha #Greece\n\nWe're extinguishing fires, climbing, felling trees and of course protecting... For five days in a row so far. In Greece.\n\n@vnitro\n@CzechMFA\n@mzvcr\n@jhamacek\n@eu_echo\n@NikosDendias https://t.co/PHBgPCzpYG","attachments":{"media_keys":["13_1426143996607352833"]},"id":"1426148911870357504"},{"lang":"en","created_at":"2021-08-13T11:47:05.000Z","author_id":"3370003504","public_metrics":{"retweet_count":0,"reply_count":0,"like_count":1,"quote_count":0},"text":"@Tony__Heller @michaelstjames I am in Europe and have had fantastic 85 degrees days in South Spain, while the MSM was hammering us with \"no one is safe\" about fires in Greece, floods in Turkey, and a heat wave in Sicily. Met people from England who said this was their first warm sunny day in almost 2 years.","id":"1426148297014644737"},{"lang":"en","created_at":"2021-08-13T11:42:47.000Z","author_id":"222727022","public_metrics":{"retweet_count":0,"reply_count":0,"like_count":0,"quote_count":0},"text":"In a #funky mood. \n\nGreetings from Greece where fires are still burning, sadly... https://t.co/TYZdVqZdnJ","attachments":{"media_keys":["7_1426147115294679040"]},"id":"1426147217908379651"},{"lang":"el","created_at":"2021-08-13T11:41:03.000Z","author_id":"748835671","public_metrics":{"retweet_count":0,"reply_count":0,"like_count":2,"quote_count":0},"text":"Αποχαιρέτησαν με συρτάκι τους Γάλλους Πυροσβέστες στο Καλλιάνι Αρκαδίας (Βίντεο) | Fire Fighting Greece https://t.co/khe6TrORb9","id":"1426146781612625923"},{"lang":"en","created_at":"2021-08-13T11:40:07.000Z","author_id":"479401446","public_metrics":{"retweet_count":0,"reply_count":0,"like_count":0,"quote_count":0},"text":"European solidarity with Italy, Greece, Albania and North Macedonia,  fighting against devastating fires.\n\nCyprus, Czechia, France, Slovenia &amp; the Netherlands are deploying firefighting airplanes, helicopters, firefighters through the #EUCivPro Mechanism https://t.co/94jzI2Fa26","id":"1426146545834024963"},{"lang":"en","created_at":"2021-08-13T11:40:07.000Z","author_id":"1960905264","public_metrics":{"retweet_count":0,"reply_count":0,"like_count":0,"quote_count":0},"text":"How many more Natural Disasters will it take before the ignorant will heed the scientists?\n\nGlobal Heating is getting worse and we MUST STOP what we're doing that's making it worse!\n\n‘Apocalyptic’ scenes hit Greece as Athens besieged by fire.\n https://t.co/LdUMFqT8Zc","id":"1426146545183821826"},{"lang":"en","created_at":"2021-08-13T11:39:32.000Z","author_id":"1250437428667535365","public_metrics":{"retweet_count":2,"reply_count":0,"like_count":2,"quote_count":0},"text":"\"Urgent Support For The Fire-Stricken Areas In Greece\" was created to gather an amount of money via a music compilation of songs by  +50 artists worldwide. All income from digital sales will be directly transferred to the Hellenic Red Cross. Read more:\nhttps://t.co/4J3MFuGSOY https://t.co/jxx6GP4RPO","attachments":{"media_keys":["7_1426146359942471682"]},"id":"1426146399238950918"},{"lang":"en","created_at":"2021-08-13T11:38:33.000Z","author_id":"718030614","public_metrics":{"retweet_count":1,"reply_count":0,"like_count":4,"quote_count":0},"text":"The blaze on #Evia, #Greece’s second-largest island, is one of the worst hit with fires having burned down large forested areas, homes and businesses – forcing thousands to evacuate by sea to save their lives.\n#Copernicus #Sentinel2 of 11 August. \nRead: https://t.co/ZJyueBgA1j https://t.co/dOaT3111v3","attachments":{"media_keys":["3_1426144311364759554"]},"id":"1426146150302855174"},{"lang":"ja","created_at":"2021-08-13T11:38:12.000Z","author_id":"1282843260117901313","public_metrics":{"retweet_count":0,"reply_count":0,"like_count":0,"quote_count":0},"text":"ギリシアの大規模な山火事の煙を宇宙からとらえた https://t.co/IgauxSrvMq","id":"1426146064340381696"},{"lang":"en","created_at":"2021-08-13T11:33:25.000Z","author_id":"1238611254522019844","public_metrics":{"retweet_count":0,"reply_count":2,"like_count":8,"quote_count":0},"text":"\uD83C\uDDE6\uD83C\uDDF2 MFA Spox Vahan Hunanyan: we contacted our Greek partners and offered help. Greece expressed gratitude to Armenia for the offered assistance, notified that the situation with fires had passed from a crisis to a milder stage, there was no need for additional assistance yet. https://t.co/Uq5HJp2ePc https://t.co/SKglEKx6iu","attachments":{"media_keys":["3_1426144855823093763"]},"id":"1426144860948598787"},{"lang":"en","created_at":"2021-08-13T11:30:26.000Z","author_id":"1231328761695625218","public_metrics":{"retweet_count":0,"reply_count":0,"like_count":0,"quote_count":0},"text":"Greece fires under control as reconstruction begins \n \n... https://t.co/GnBjVVg7Y4 #html #mediterranean #SpyrosGeorgiou https://t.co/z75gz8gtB3","attachments":{"media_keys":["3_1426144102979153920"]},"id":"1426144107240493056"},{"lang":"en","created_at":"2021-08-13T11:30:00.000Z","author_id":"793388868","public_metrics":{"retweet_count":0,"reply_count":0,"like_count":1,"quote_count":0},"text":"Greece sees partial Cabinet reshuffle amid forest fires\nhttps://t.co/nsEI9Pv3yH https://t.co/yWoTCe8Gb6","attachments":{"media_keys":["3_1426120774352527365"]},"id":"1426144000893931522"},{"lang":"en","created_at":"2021-08-13T11:30:00.000Z","author_id":"1361912386089705474","public_metrics":{"retweet_count":0,"reply_count":0,"like_count":6,"quote_count":0},"text":"\"POSTHUMAN / NEXDITE\" @SkinnerCreative\n\nBig fan of Skinners work - Post Humans is an epic series. Nexdite is up for grabs today, with the proceeds going directly to support those impacted by the fires in Greece. \uD83D\uDC40\uD83D\uDC47\n\nhttps://t.co/Om8qKWuycg\n\n#NFTs #NFTcollectors #NFTart https://t.co/mHyfQhCALd","attachments":{"media_keys":["3_1426123148693413892"]},"id":"1426143998868168707"},{"lang":"en","created_at":"2021-08-13T11:29:09.000Z","author_id":"1123907142426222595","public_metrics":{"retweet_count":0,"reply_count":1,"like_count":4,"quote_count":0},"text":"It's nice to know that my house in Greece is not on fire and it's actually very pretty https://t.co/0mEnse1Cjo","attachments":{"media_keys":["3_1426143613893976067"]},"id":"1426143785004806145"},{"lang":"en","created_at":"2021-08-13T11:28:01.000Z","author_id":"1176748527428493312","public_metrics":{"retweet_count":0,"reply_count":0,"like_count":0,"quote_count":0},"text":"What is causing/caused wild fires in #Greece #Algeria #Turkey and now #Siberia Besides the soaring temperatures, it could be there is a human angle to it.","id":"1426143498223374337"},{"lang":"en","created_at":"2021-08-13T11:25:57.000Z","author_id":"260478229","public_metrics":{"retweet_count":15,"reply_count":0,"like_count":23,"quote_count":1},"text":"“In Greece, firefighters continued to battle what the prime minister Kyriakos Mitsotakis described on Thursday as the country’s ‘greatest ecological disaster in decades.’” https://t.co/8fu8NBmf7Z","id":"1426142979279007748"},{"lang":"en","created_at":"2021-08-13T11:24:41.000Z","author_id":"448259967","public_metrics":{"retweet_count":20,"reply_count":13,"like_count":154,"quote_count":2},"text":"It takes the earth catching forest fires to realize that climate change is real and threatening life as we know it.\nMy heart breaks for Algeria, Tunisia, Turkey, Greece, Italy, Russia, Canada and the U.S. .","id":"1426142659400413188"},{"lang":"en","created_at":"2021-08-13T11:21:53.000Z","author_id":"3413139779","public_metrics":{"retweet_count":0,"reply_count":0,"like_count":0,"quote_count":0},"text":"Greek wildfires: New blaze breaks out on Evia island (Washington Post)\n\nATHENS, Greece - A new fire broke out Friday on Greece's island of Evia but south from the a...\n\nAdd your highlights:\nhttps://t.co/BOnRjKJb1w\n #Europe #news #euro...","id":"1426141956791422979"},{"lang":"en","created_at":"2021-08-13T11:21:50.000Z","author_id":"254944386","public_metrics":{"retweet_count":0,"reply_count":1,"like_count":4,"quote_count":0},"text":"So, what is the part of the IPCC report that Norwegian universities did not get? Just read an e-mail sent to faculty employees inviting them to a 'writing week' in Greece....in Greece (remember the fires?)....did we not have 'amazing landscapes' in Norway? https://t.co/3dv5NqhL09","attachments":{"media_keys":["3_1426141792425156613"]},"id":"1426141943520714755"},{"lang":"en","created_at":"2021-08-13T11:20:17.000Z","author_id":"728352151","public_metrics":{"retweet_count":0,"reply_count":0,"like_count":0,"quote_count":0},"text":"‘Apocalyptic’ scenes hit Greece as Athens besieged by fire https://t.co/rLqP4B71AE","id":"1426141552120942597"},{"lang":"en","created_at":"2021-08-13T11:19:43.000Z","author_id":"205770556","public_metrics":{"retweet_count":0,"reply_count":1,"like_count":0,"quote_count":0},"text":"\uD83D\uDD34Also, from the i…\n\nGreece fires: How to donate and help victims of the wildfires spreading in Turkey, Algeria, Italy and beyond - @the__chez \n\nhttps://t.co/JV0BoVEr7R","id":"1426141411204902915"},{"lang":"en","created_at":"2021-08-13T11:19:36.000Z","author_id":"1370438040364060673","public_metrics":{"retweet_count":0,"reply_count":0,"like_count":0,"quote_count":0},"text":"The fires are finally brought under control in Greece https://t.co/GfmGZuSm9t","id":"1426141383031726081"},{"lang":"en","created_at":"2021-08-13T11:17:24.000Z","author_id":"340921032","public_metrics":{"retweet_count":0,"reply_count":0,"like_count":0,"quote_count":0},"text":"Such a shame to read: https://t.co/WszzZcgIgx Just think about all the events that happened during its livespan.","id":"1426140826787270657"},{"lang":"en","created_at":"2021-08-13T11:15:29.000Z","author_id":"1370169205903998977","public_metrics":{"retweet_count":0,"reply_count":0,"like_count":0,"quote_count":0},"text":".\n\nHow can this come as a surprise?.\nAlready back in 2018, a FATWA to firebomb Europe was issued from muslim scholars from the Middle East.\n\nLink: https://t.co/mhWqgsDsqt\n\nhttps://t.co/IfJhr9wJjy #krimpol #svpol #migpol #Sweden #Sverigebilden","id":"1426140344350126085"},{"lang":"und","created_at":"2021-08-13T11:15:00.000Z","author_id":"18224069","public_metrics":{"retweet_count":1,"reply_count":1,"like_count":0,"quote_count":0},"text":"https://t.co/fpSlvuEbEw","id":"1426140224137093123"},{"lang":"en","created_at":"2021-08-13T11:13:33.000Z","author_id":"2183877523","public_metrics":{"retweet_count":0,"reply_count":0,"like_count":0,"quote_count":0},"text":"Greece Fires Continue in Peloponnese; 287,049 Acres Burned in 2021 https://t.co/4ZIk3PsGmO","id":"1426139859089903619"},{"lang":"en","created_at":"2021-08-13T11:12:32.000Z","author_id":"196508393","public_metrics":{"retweet_count":0,"reply_count":0,"like_count":0,"quote_count":0},"text":"After a week of fighting wildfires that turned #Greece into an inferno, the Cypriot fire-relief mission returned home, welcomed by @NourisNicos @SDracou \nhttps://t.co/MWnWdLDft3","id":"1426139603594104844"},{"lang":"en","created_at":"2021-08-13T11:12:27.000Z","author_id":"1353027797976051714","public_metrics":{"retweet_count":0,"reply_count":0,"like_count":0,"quote_count":0},"text":"@PrimeministerGR EU countries showed their solidarity to Greek people  that’s why they sent help to Greece during the fires crisis. However EU countries know that your government party is as criminal organization, controls judicial system,mass media, has debt of 350 million €","id":"1426139582446309378"},{"lang":"en","created_at":"2021-08-13T11:12:03.000Z","author_id":"714513438836441089","public_metrics":{"retweet_count":0,"reply_count":0,"like_count":0,"quote_count":0},"text":"Greece fires under control as reconstruction begins https://t.co/qgTWVbi3p2","id":"1426139482240294914"},{"lang":"en","created_at":"2021-08-13T11:11:30.000Z","author_id":"1308299409822752769","public_metrics":{"retweet_count":6,"reply_count":2,"like_count":16,"quote_count":3},"text":"I'm happy to present my artwork 'Herakles Vs Hydra' as a guest artist with the @BBStudiosGuild\nThis is part of the @pranksyNFT palooza exhibition on the 16th aug!\nAll profits from my auction will go to the aid of those affected by the fires in Greece @kalamint_io @nftsmart https://t.co/OH8VgnXrzH","attachments":{"media_keys":["3_1426139340816662531"]},"id":"1426139343786319873"},{"lang":"en","created_at":"2021-08-13T11:09:27.000Z","author_id":"907921818","public_metrics":{"retweet_count":0,"reply_count":0,"like_count":0,"quote_count":0},"text":"#Wildfires burning for over a week that caused #Greece's worst ecological disaster in decades were finally placed under control Friday, the fire dept said. Rain and falling temperatures helped, but crews remain on alert for possible flare-ups on #Evia and in the Arcadia reg. https://t.co/YyuuZzo22z","attachments":{"media_keys":["3_1426138801710288898"]},"id":"1426138828037922818"},{"lang":"en","created_at":"2021-08-13T11:04:41.000Z","author_id":"1391343465108180992","public_metrics":{"retweet_count":0,"reply_count":0,"like_count":0,"quote_count":0},"text":"Greece fires under control as reconstruction begins https://t.co/qbmW7vQaUt","id":"1426137627040829442"},{"lang":"en","created_at":"2021-08-13T10:58:07.000Z","author_id":"636229582","public_metrics":{"retweet_count":6,"reply_count":0,"like_count":18,"quote_count":0},"text":"Look at the local Russian news. THEY SILENT ABOUT FIRES IN YAKUTIA. They don’t fcking care. All the news in Russian TV is about how Russia Helps Turkey and how Greece have fires. But hey, where is all this energy to your own people ? Why you ignoring us.","id":"1426135974136926209"},{"lang":"en","created_at":"2021-08-13T10:56:36.000Z","author_id":"1410952311619338241","public_metrics":{"retweet_count":0,"reply_count":0,"like_count":0,"quote_count":0},"text":"Well to me #OlympicFlame means a flame forever burning for Olympia! the flame reflect the sun's rays! I love #Greece for their authenticity ! A pity they have fires now, that's just bc the weather has been so extreme this year? Oil polluters like #Shell they are the culprits! https://t.co/80suLsYtp0","id":"1426135592182628354"},{"lang":"en","created_at":"2021-08-13T10:52:10.000Z","author_id":"929457256156090368","public_metrics":{"retweet_count":0,"reply_count":0,"like_count":0,"quote_count":0},"text":"@disclosetv @DarrenPlymouth Three arsonists responsible for devastating fires in Greece arrested on Friday. https://t.co/cYudAPTtYm via @greekcitytimes","id":"1426134476267130881"},{"lang":"en","created_at":"2021-08-13T10:51:47.000Z","author_id":"125322431","public_metrics":{"retweet_count":0,"reply_count":0,"like_count":0,"quote_count":0},"text":"UPDATE....\n\nFires in Greece... https://t.co/7aG3kpmBIx","id":"1426134379923902473"},{"lang":"en","created_at":"2021-08-13T10:51:29.000Z","author_id":"935147383285010432","public_metrics":{"retweet_count":0,"reply_count":0,"like_count":0,"quote_count":0},"text":"The violent fires finally brought under control in Greece https://t.co/QQa0YzEnog","id":"1426134307513507847"},{"lang":"en","created_at":"2021-08-13T10:50:27.000Z","author_id":"247218370","public_metrics":{"retweet_count":0,"reply_count":0,"like_count":1,"quote_count":0},"text":"Summer of fire: blazes burn across Mediterranean with more extreme weather. #climatechanged\nGreece, Turkey and Italy have borne the brunt of wildfires, while parts of Spain and France are on alert for very high temperatures.\nhttps://t.co/g8LVC4UQw4","id":"1426134045390512135"},{"lang":"en","created_at":"2021-08-13T10:50:00.000Z","author_id":"794499251950718977","public_metrics":{"retweet_count":2,"reply_count":0,"like_count":6,"quote_count":0},"text":"'There are two things necessary for the maintenance of life in Ireland, as in every other country. They are land and labour.'\n\nJames Connolly, Erin's Hope\nhttps://t.co/HB7vLF3nks\n\nImage: Recent fires in Evia, Greece https://t.co/AX3IeENZ4s","attachments":{"media_keys":["3_1425425318374936576"]},"id":"1426133931661742086"},{"lang":"en","created_at":"2021-08-13T10:44:53.000Z","author_id":"750299424513990656","public_metrics":{"retweet_count":5,"reply_count":1,"like_count":4,"quote_count":0},"text":"Climate alarmists are lying about the fires in Greece all being due to climate change. \nThis is what the Greek media says. A fourth arsonist, an Afghani asylum seeker, has also been arrested, acc to reports. \n#ClimateHoax\nhttps://t.co/PzGQu8jY0y","id":"1426132644476166144"},{"lang":"en","created_at":"2021-08-13T10:39:01.000Z","author_id":"1310685942353735683","public_metrics":{"retweet_count":0,"reply_count":1,"like_count":0,"quote_count":0},"text":"@ancap102 @infofoundationx It’s a tactic to put out fires…a fire needs fuel to burn..if you burn the fuel in front of it (in a controlled way) the main fire runs out of fuel and dies..we do this in wales and I read there are welsh firefighters in Greece helping","id":"1426131169725362178"},{"lang":"en","created_at":"2021-08-13T10:38:52.000Z","author_id":"14076534","public_metrics":{"retweet_count":0,"reply_count":0,"like_count":0,"quote_count":0},"text":"Greece fires under control as reconstruction begins https://t.co/no01fLg65P @FRANCE24から","id":"1426131129698947077"},{"lang":"en","created_at":"2021-08-13T10:33:42.000Z","author_id":"241407707","public_metrics":{"retweet_count":0,"reply_count":0,"like_count":0,"quote_count":0},"text":"Wow didn’t know Greece was on fire \uD83D\uDE2D\uD83D\uDE2D","id":"1426129829712306176"},{"lang":"en","created_at":"2021-08-13T10:33:05.000Z","author_id":"2217449063","public_metrics":{"retweet_count":0,"reply_count":1,"like_count":2,"quote_count":0},"text":"@petedjackson @infofoundationx Not in August in Greece. Fire is a nightmare there.\nWater planes doused my home to keep it from \uD83D\uDD25","id":"1426129674065874946"},{"lang":"und","created_at":"2021-08-13T10:26:12.000Z","author_id":"70028330","public_metrics":{"retweet_count":0,"reply_count":0,"like_count":0,"quote_count":0},"text":"#ClimateAction #ScientistsAsLeaders  #GreenHouseGases #ManMadeClimateChange #ClimateTrials #ClimateCriminals #ClimateEmegency #ClimateCrisis #ClimateChangeIsReal \n@GretaThunberg\nhttps://t.co/IN6pgpW61G","id":"1426127943902789632"},{"lang":"en","created_at":"2021-08-13T10:24:18.000Z","author_id":"135221641","public_metrics":{"retweet_count":0,"reply_count":0,"like_count":0,"quote_count":0},"text":"Perspective | The photos of Greece on fire are shocking. But shock doesn’t always lead to change. https://t.co/Onp7BKF16Y","id":"1426127463826984961"},{"lang":"en","created_at":"2021-08-13T10:23:47.000Z","author_id":"1047792604379795456","public_metrics":{"retweet_count":1,"reply_count":0,"like_count":4,"quote_count":0},"text":"\"I am certain that all of you will respond to this appeal of our Church for the aid towards our fatherland Greece,\" said Archbishop Sotirios\n#orthodox_times\n\nhttps://t.co/Ga8hWD1nYS","id":"1426127333770080256"},{"lang":"en","created_at":"2021-08-13T10:13:33.000Z","author_id":"38090709","public_metrics":{"retweet_count":0,"reply_count":0,"like_count":4,"quote_count":0},"text":"#Greece #Fires Continue in Peloponnese; 287,049 Acres Burned in 2021 https://t.co/ALKuN4boJq","id":"1426124759855603716"},{"lang":"en","created_at":"2021-08-13T10:13:08.000Z","author_id":"210376076","public_metrics":{"retweet_count":0,"reply_count":0,"like_count":0,"quote_count":0},"text":"26% increase of fires in Greece, 450% increase of burned areas https://t.co/IlxZ6YCx0o","id":"1426124654503239681"},{"lang":"en","created_at":"2021-08-13T10:12:59.000Z","author_id":"89479585","public_metrics":{"retweet_count":0,"reply_count":0,"like_count":1,"quote_count":0},"text":"We love Greece and our G.O and G.E teams have been helping those affected by the terrible fires. Our generous customers have also raised almost €5000 for those working hard to save lives and property. You can donate to the Greek Hellenic Red Cross here: https://t.co/dCggLJXYJ0 https://t.co/300ombr7vw","attachments":{"media_keys":["3_1426123685514121217"]},"id":"1426124618620878851"},{"lang":"en","created_at":"2021-08-13T10:09:55.000Z","author_id":"1057396515474493441","public_metrics":{"retweet_count":0,"reply_count":0,"like_count":0,"quote_count":0},"text":"@Roshan_Rinaldi We humans are deviated from the ancient knowledge that we once had. Fires in Siberia, Greece,California, Bolivia show the devastation we have done to this beautiful Garden of Eden that we were given  the 7 deadly sins seem to rule from Ethiopia famines to killings in Afghanistan","id":"1426123846424403973"},{"lang":"en","created_at":"2021-08-13T10:08:16.000Z","author_id":"240265305","public_metrics":{"retweet_count":1,"reply_count":0,"like_count":4,"quote_count":0},"text":"Greek Prime Minister Kyriakos Mitsotakis carried out a partial reshuffle of his Cabinet \nhttps://t.co/BA1mSl4qDp https://t.co/LVeG8c7WH4","attachments":{"media_keys":["3_1426123426440351744"]},"id":"1426123429506334722"},{"lang":"en","created_at":"2021-08-13T10:08:00.000Z","author_id":"21303464","public_metrics":{"retweet_count":0,"reply_count":0,"like_count":0,"quote_count":0},"text":"When I was growing up in the 1980s, there were fires in Greece every August, and one became used to the blend of beauty and danger: the sound of cicadas and endless blue of the Aegean mingling with arson and natural disasters.  @FT\nhttps://t.co/0gi4enJfyI\nhttps://t.co/p2U0M7ejGJ","id":"1426123362024181764"},{"lang":"en","created_at":"2021-08-13T10:07:59.000Z","author_id":"996321449735544832","public_metrics":{"retweet_count":0,"reply_count":0,"like_count":0,"quote_count":0},"text":"In Greece, fire fighters continue to tackle blazes in northern Evia Island where over 50,000 hectares have been damaged.\n\nDetails:\nhttps://t.co/Rb6J5nC472\n\n#Wildfires #GreeceFires #Siberiafires #algeriafires #boliviafires #italyfires #FiresInAlgeria #fires #wildfires2021Russia https://t.co/xZdSIjuXCq","attachments":{"media_keys":["3_1426123340935274512"]},"id":"1426123359390248960"},{"lang":"en","created_at":"2021-08-13T10:06:03.000Z","author_id":"756991376","public_metrics":{"retweet_count":0,"reply_count":0,"like_count":1,"quote_count":0},"text":"HUMAN FIRE TRAGEDIES IN GREECE AND TURKEY | Free Crowdfunding Page with GoGetFunding https://t.co/KGMokGvMWH via @GoGetFunding","id":"1426122872385425408"},{"lang":"en","created_at":"2021-08-13T10:04:28.000Z","author_id":"775446016833294336","public_metrics":{"retweet_count":0,"reply_count":0,"like_count":1,"quote_count":0},"text":"they raised 1 billion for a cathedral on fire but not one cent is put to help the people in #Algeria and #Tunisia and #Greece who are losing their homes or/and dying","id":"1426122475734245380"},{"lang":"en","created_at":"2021-08-13T10:03:54.000Z","author_id":"1413421411989958658","public_metrics":{"retweet_count":1,"reply_count":1,"like_count":5,"quote_count":0},"text":"@TheInsiderPaper Whats the betting that these 'arsonists' were paid off by globalist financed sources to set these fires intentionally to feed the fake climate hoax 'emergency' narrative? Same thing will be happening in Greece &amp; Turkey as well. Zero doubt.","id":"1426122329625698306"},{"lang":"en","created_at":"2021-08-13T10:01:20.000Z","author_id":"1413421411989958658","public_metrics":{"retweet_count":0,"reply_count":0,"like_count":2,"quote_count":0},"text":"@disclosetv Whats the betting that these 'criminals' were paid off by globalist financed sources to set these fires intentionally to feed the fake climate hoax 'emergency' narrative? Same thing will be happening in Greece &amp; Turkey as well.","id":"1426121683312709632"},{"lang":"en","created_at":"2021-08-13T10:01:05.000Z","author_id":"25067168","public_metrics":{"retweet_count":6,"reply_count":2,"like_count":13,"quote_count":0},"text":"Wildfires that have ravaged Greece for over two weeks have been brought under control but the risk of fires remains very high in four regions.  https://t.co/PC7Kf6EpoH","id":"1426121622797393921"},{"lang":"en","created_at":"2021-08-13T09:56:34.000Z","author_id":"1410714192945033225","public_metrics":{"retweet_count":0,"reply_count":0,"like_count":0,"quote_count":0},"text":"@saoirse_mchugh Climate scientists are dishonest. They think the recent fires were down to climate when they were down to arson. Add these arrests to the arrests in Greece and it tells the true story\nhttps://t.co/UUwEQk4d7r","id":"1426120484043755520"},{"lang":"en","created_at":"2021-08-13T09:54:45.000Z","author_id":"1410714192945033225","public_metrics":{"retweet_count":0,"reply_count":0,"like_count":2,"quote_count":1},"text":"More fires caused by arson. Add the 22 in Algeria arrested to the 10+ arrested in Greece. But the climate fear porn story has already been sold to the public https://t.co/UUwEQk4d7r","id":"1426120029368721410"},{"lang":"en","created_at":"2021-08-13T09:53:01.000Z","author_id":"527906538","public_metrics":{"retweet_count":0,"reply_count":2,"like_count":0,"quote_count":0},"text":"@PAOKGATE45 @akdenizpolitik Stupid Greek, the planes we send to Greece are Russian fire planes, we pay for it.","id":"1426119591617515520"},{"lang":"en","created_at":"2021-08-13T09:50:44.000Z","author_id":"258822479","public_metrics":{"retweet_count":0,"reply_count":0,"like_count":0,"quote_count":0},"text":"In Media-World, people are blaming climate change, because if the world was a degree cooler, the fires would put themselves out or something. Who knows?\n\n « JoNova https://t.co/STGDF0jG3r a través de @JoanneNova","id":"1426119018369404930"},{"lang":"en","created_at":"2021-08-13T09:50:23.000Z","author_id":"1314550424461021187","public_metrics":{"retweet_count":0,"reply_count":0,"like_count":0,"quote_count":0},"text":"@MailOnline Turkey said these fires could be arson by the Kurds on the day the fires started it was 36c Turkey as been up to 47c many times so I would go for arson Greece funny how they are trying to stop illegals coming in &amp; they go on fire so does Italy another port of call for migrants","id":"1426118931387932672"},{"lang":"en","created_at":"2021-08-13T09:50:10.000Z","author_id":"1856512344","public_metrics":{"retweet_count":0,"reply_count":0,"like_count":0,"quote_count":0},"text":"After impact of fires, Greek PM tweaks team, with focus on communication https://t.co/BQ6avTufjy #Greece #politics","id":"1426118875817598976"},{"lang":"en","created_at":"2021-08-13T09:50:04.000Z","author_id":"989225094571593728","public_metrics":{"retweet_count":0,"reply_count":1,"like_count":0,"quote_count":0},"text":"@cfc_couch Yeah I've seen some of them. Like criticising Charles for flying to Greece for a holiday when he wasn't even in an area effected by forest fires?\n\nIt's like criticising someone for going on holiday to Florida and not speaking about forest fires in California whilst they're there.","id":"1426118848231661569"},{"lang":"en","created_at":"2021-08-13T09:49:41.000Z","author_id":"740283451983548416","public_metrics":{"retweet_count":0,"reply_count":1,"like_count":2,"quote_count":0},"text":"@MarianneSansum These arsonists if caught in the act, should be SHOT ON SIGHT. Many fires in Greece, Israel &amp; others are also deliberate.","id":"1426118753859907588"},{"lang":"en","created_at":"2021-08-13T09:47:18.000Z","author_id":"1346861474749292547","public_metrics":{"retweet_count":0,"reply_count":0,"like_count":1,"quote_count":0},"text":"To help all you need to do is apologize. Know that nothing related to entertainment should be promoted to something serious like fires. People in Turkey, Greece and many more places are suffering. I hope you understand. https://t.co/dlzBfKOVAe","id":"1426118155441778690"},{"lang":"en","created_at":"2021-08-13T09:43:54.000Z","author_id":"273522924","public_metrics":{"retweet_count":0,"reply_count":0,"like_count":0,"quote_count":0},"text":"@ClimateEnvoy @IPCC_CH You mean like the fires in greece all on purpose","id":"1426117297392033796"},{"lang":"en","created_at":"2021-08-13T09:42:22.000Z","author_id":"1253256321794703360","public_metrics":{"retweet_count":0,"reply_count":0,"like_count":4,"quote_count":0},"text":"The fires in Greece are one of the greatest ecological catastrophes that Europe has seen! We must take action if we want to prevent climate disasters such as these becoming the norm in the future‼️\uD83C\uDF0D\n\n#climate #greece #europe #climatecrisis #climatechange #eu #cofoe #ctoe https://t.co/veMxnVcpTw","attachments":{"media_keys":["3_1426116888757669889"]},"id":"1426116913176920064"},{"lang":"en","created_at":"2021-08-13T09:42:19.000Z","author_id":"194526166","public_metrics":{"retweet_count":3,"reply_count":0,"like_count":3,"quote_count":0},"text":"State Aid Account for the support of the fire-affected areas\nBank of Greece\nIBAN: GR 9501000230000002341227461\nIn this crucial battle we can all assist! The resources will be allocated, with full transparency and accountability, to the reinforcement of the victims of fires. https://t.co/jeO5afW99W","attachments":{"media_keys":["3_1426116533915471878"]},"id":"1426116899356782596"},{"lang":"en","created_at":"2021-08-13T09:40:50.000Z","author_id":"1395950989518295041","public_metrics":{"retweet_count":0,"reply_count":0,"like_count":0,"quote_count":0},"text":"@just9n i would humbly ask you if you could somehow help Greece we got over 100 wild fires and many people lost their homes we got fires 7 days straight if you could donate or help somehow \n\nGreek Red Cross\nhttps://t.co/pmCe9DLMWW","id":"1426116524704681984"},{"lang":"en","created_at":"2021-08-13T09:39:08.000Z","author_id":"352299942","public_metrics":{"retweet_count":8,"reply_count":0,"like_count":13,"quote_count":3},"text":"New forest fire breaks out on #Evia island, further south from the massive one that broke out Aug. 3 and is still smouldering.\nFire dept says 6 helicopters, 4 planes, 23 firefighters with 10 vehicles, are fighting the new blaze. \n\n#Greece #GreeceFires","id":"1426116098819248134"},{"lang":"en","created_at":"2021-08-13T09:38:35.000Z","author_id":"1395950989518295041","public_metrics":{"retweet_count":0,"reply_count":0,"like_count":0,"quote_count":0},"text":"@tarik i would humbly ask you if you could somehow help Greece we got over 100 wild fires and many people lost their homes we got fires 7 days straight if you could donate or help somehow \n\nGreek Red Cross\nhttps://t.co/pmCe9DLMWW","id":"1426115961535467520"},{"lang":"en","created_at":"2021-08-13T09:35:14.000Z","author_id":"895137210","public_metrics":{"retweet_count":6,"reply_count":1,"like_count":10,"quote_count":0},"text":"\uD83D\uDEA8@Waxbones is selling this amazing 10 edition illustration as a part of an effort to raise money for the victims of the devastating fires in Greece!\n\nMore than happy to add one to my collection and contribute to such a noble cause! Thank you so much Wax\uD83D\uDE4F https://t.co/gr3ML7h9rN https://t.co/EylSu9FUy3","attachments":{"media_keys":["3_1426113975792640004"]},"id":"1426115118719504386"},{"lang":"en","created_at":"2021-08-13T09:31:53.000Z","author_id":"742506240","public_metrics":{"retweet_count":0,"reply_count":0,"like_count":1,"quote_count":0},"text":"One of the fires in northeast Siberia is bigger than Greece's, Turkey's, Italy's and North America's *COMBINED*\n\n#forestfire #Siberia #Yakutsk https://t.co/iVPMZvVi3H","id":"1426114274175422464"}],"includes":{"media":[{"media_key":"3_1426153197467365377","type":"photo","url":"https://pbs.twimg.com/media/E8q2xupUcAElUjZ.jpg"},{"media_key":"3_1426152834551013378","type":"photo","url":"https://pbs.twimg.com/media/E8q2cmrUYAIGXRF.jpg"},{"media_key":"3_1426151687144673284","type":"photo","url":"https://pbs.twimg.com/media/E8q1Z0QVEAQI-O5.jpg"},{"media_key":"7_1426150030168178690","public_metrics":{"view_count":315},"type":"video"},{"media_key":"3_1426149825070968833","type":"photo","url":"https://pbs.twimg.com/media/E8qztbfXMAEJSG7.jpg"},{"media_key":"3_1426144855823093763","type":"photo","url":"https://pbs.twimg.com/media/E8qvMLmWEAMumOP.jpg"},{"media_key":"3_1426149294839681025","type":"photo","url":"https://pbs.twimg.com/media/E8qzOkOX0AEExH2.jpg"},{"media_key":"3_1426149296299151365","type":"photo","url":"https://pbs.twimg.com/media/E8qzOpqVkAUVqZZ.jpg"},{"media_key":"13_1426143996607352833","public_metrics":{"view_count":419},"type":"video"},{"media_key":"7_1426147115294679040","public_metrics":{"view_count":12},"type":"video"},{"media_key":"7_1426146359942471682","public_metrics":{"view_count":8},"type":"video"},{"media_key":"3_1426144311364759554","type":"photo","url":"https://pbs.twimg.com/media/E8qusfVXMAIxyMA.jpg"},{"media_key":"3_1426144102979153920","type":"photo","url":"https://pbs.twimg.com/media/E8qugXCXMAAEqTF.jpg"},{"media_key":"3_1426120774352527365","type":"photo","url":"https://pbs.twimg.com/media/E8qZSdIWYAUuA0t.jpg"},{"media_key":"3_1426123148693413892","type":"photo","url":"https://pbs.twimg.com/media/E8qbcqPVIAQFQNp.jpg"},{"media_key":"3_1426143613893976067","type":"photo","url":"https://pbs.twimg.com/media/E8quD5DXoAMLM5p.jpg"},{"media_key":"3_1426141792425156613","type":"photo","url":"https://pbs.twimg.com/media/E8qsZ3jXIAUSzxx.jpg"},{"media_key":"3_1426139340816662531","type":"photo","url":"https://pbs.twimg.com/media/E8qqLKmWQAMzIpk.jpg"},{"media_key":"3_1426138801710288898","type":"photo","url":"https://pbs.twimg.com/media/E8qpryRX0AIOTju.png"},{"media_key":"3_1425425318374936576","type":"photo","url":"https://pbs.twimg.com/media/E8ggxluWEAAmYgs.jpg"},{"media_key":"3_1426123685514121217","type":"photo","url":"https://pbs.twimg.com/media/E8qb76DXEAEaOAX.jpg"},{"media_key":"3_1426123426440351744","type":"photo","url":"https://pbs.twimg.com/media/E8qbs07XEAA16q6.jpg"},{"media_key":"3_1426123340935274512","type":"photo","url":"https://pbs.twimg.com/media/E8qbn2ZXIBADrrq.jpg"},{"media_key":"3_1426116888757669889","type":"photo","url":"https://pbs.twimg.com/media/E8qVwSKWEAEyPdR.jpg"},{"media_key":"3_1426116533915471878","type":"photo","url":"https://pbs.twimg.com/media/E8qVboRX0AYV5Z-.png"},{"media_key":"3_1426113975792640004","type":"photo","url":"https://pbs.twimg.com/media/E8qTGuhXIAQkdqb.jpg"}]},"meta":{"newest_id":"1426153458562998272","oldest_id":"1426114274175422464","result_count":100,"next_token":"b26v89c19zqg8o3fpdm8zllg1sp04ptrouq5r2yvqvf5p"}}