{"data":[{"public_metrics":{"retweet_count":14,"reply_count":0,"like_count":32,"quote_count":0},"id":"1425779285403516930","text":"Sicily reported temperatures of \uD835\uDFF0\uD835\uDFF4.\uD835\uDFF4\uD835\uDDD6 (\uD835\uDFED\uD835\uDFED\uD835\uDFF5.\uD835\uDFF4\uD835\uDDD9) as wildfires rage – levels scientists believe could be the highest in Europe's history.\n\nIt comes amid a heatwave that has also fed huge wildfires across Greece, Algeria &amp; Turkey. \nhttps://t.co/DVpbYTAxmz via @AJEnglish","created_at":"2021-08-12T11:20:45.000Z","author_id":"259952696","lang":"en"},{"public_metrics":{"retweet_count":0,"reply_count":0,"like_count":0,"quote_count":0},"id":"1425778816723603456","text":"Fire Consumes Large Swaths of Greece https://t.co/wQadlOHeRb","created_at":"2021-08-12T11:18:54.000Z","author_id":"2807987515","lang":"en"},{"public_metrics":{"retweet_count":7,"reply_count":1,"like_count":10,"quote_count":2},"id":"1425777290697486336","text":"\uD83D\uDCF9| People in town of Mati, Attica run into sea to escape wildfires\n\n▪️More than 500 #fires have been burning across #Greece, forcing the evacuation of dozens of villages and thousands of people.\n▪️65,000 hectares are estimated to have been burned in Attica, Evia and Peloponnese. https://t.co/84rcYJLkwL","created_at":"2021-08-12T11:12:50.000Z","author_id":"803648695660986369","lang":"en","attachments":{"media_keys":["7_1425777055023652868"]}},{"public_metrics":{"retweet_count":48,"reply_count":2,"like_count":22,"quote_count":2},"id":"1425777081263312904","text":"The wildfires burning in Siberia right now are bigger than all the world’s other fires COMBINED multiple times bigger than the historic wildfires devastating California, Canada, Greece and Turkey put together\n\nhttps://t.co/SyWCjZfC1e","created_at":"2021-08-12T11:12:00.000Z","author_id":"80963391","lang":"en","attachments":{"media_keys":["13_1425603983935168517"]}},{"public_metrics":{"retweet_count":0,"reply_count":0,"like_count":0,"quote_count":0},"id":"1425776293405241347","text":"@ImSpeaking13 @atlm_founder It kept coming up I checked, my buttons unchanged. Everything is coming unglued is this discussion comic relief? Mississippi will be 100% out of hospital space by Sunday. Montana is on fire, Greece is ablaze, School starts on Monday. FOLLOW is black?? Whole world is black! \uD83D\uDE1EDot","created_at":"2021-08-12T11:08:52.000Z","author_id":"947581815199490048","lang":"en"},{"public_metrics":{"retweet_count":3,"reply_count":5,"like_count":5,"quote_count":0},"id":"1425775447837659142","text":"According to Greta Thunberg and leading scientists, without climate change crisis action, European fires will continue to burn more easily, especially with arsonists bent on destruction. That fire terrorism should be a powerful enough motivator for change.\nhttps://t.co/k0gigZGAmq","created_at":"2021-08-12T11:05:31.000Z","author_id":"16117029","lang":"en"},{"public_metrics":{"retweet_count":0,"reply_count":0,"like_count":0,"quote_count":0},"id":"1425774943921336322","text":"Pray for #Italy, #Sicily, #Tunisia, #Turkey, #Greece \uD83D\uDE4F\n   ❛ The god of the earth!  I hope the temperature will drop.  May the forest fire be extinguished.  please!  ❜\n#Lifeimprovement #Globalenvironment \uD83C\uDF10 #Sustainable #Eco #Tothefuture #Thankyou #Pray\uD83D\uDE4F\uD83D\uDE4F\uD83D\uDE4F","created_at":"2021-08-12T11:03:30.000Z","author_id":"1262351847353794560","lang":"en"},{"public_metrics":{"retweet_count":0,"reply_count":0,"like_count":0,"quote_count":0},"id":"1425773597822435331","text":"@taoquei1 Where is f**k is the idiotic @GretaThunberg in the Greece and California fires? It’s only about Brazil? Does anyone believe she is here for the cause, or in the name of Europe’s Agribusiness? Stupid people that trusts her.","created_at":"2021-08-12T10:58:09.000Z","author_id":"595174947","lang":"en"},{"public_metrics":{"retweet_count":0,"reply_count":0,"like_count":0,"quote_count":0},"id":"1425773403773050882","text":"Global #wildfires: the common feature this year is unusual heatwaves and dryer surface conditions, which means the fire risk is high. #Siberia #California #Turkey #Greece #Algeria #climatechange #globalwarming #UN  https://t.co/MGR9gQ7gre","created_at":"2021-08-12T10:57:23.000Z","author_id":"1290326413","lang":"en"},{"public_metrics":{"retweet_count":0,"reply_count":0,"like_count":0,"quote_count":0},"id":"1425773233492697093","text":"2,500-Year-Old Ancient Olive Tree Burned Down in Evia Fires in Greece https://t.co/U4Na3lsja5 via @greekreporter","created_at":"2021-08-12T10:56:43.000Z","author_id":"1153604071636570114","lang":"en"},{"public_metrics":{"retweet_count":5,"reply_count":0,"like_count":17,"quote_count":0},"id":"1425773213565468674","text":"The gluttonous American lifestyle of dryers, ice cube machines, freezer-like AC settings and millions of tons of throwaway crap consumed every year have lit a global inferno.\n\nClimate change is no longer a prospect. The fires are here.\n\nBy @arisroussinos\n\nhttps://t.co/WDcIBP29SD https://t.co/0srvb563PB","created_at":"2021-08-12T10:56:38.000Z","author_id":"394593711","lang":"en","attachments":{"media_keys":["3_1425764606778163207","3_1425765110442860544"]}},{"public_metrics":{"retweet_count":8,"reply_count":1,"like_count":20,"quote_count":0},"id":"1425773122041663491","text":"More than 247,000 acres burned in Greek fires, according to EU data, as Greece experiences the most intense and protracted heatwave in around 30 years https://t.co/st9FsmIM7K","created_at":"2021-08-12T10:56:16.000Z","author_id":"804605049859145728","lang":"en","attachments":{"media_keys":["3_1425773021491568641","3_1425773038633684995","3_1425773059210981380"]}},{"public_metrics":{"retweet_count":1,"reply_count":0,"like_count":1,"quote_count":0},"id":"1425772603608768517","text":"Italy, Greece, Turkey, South Africa, California and SE Australia are among the most fire prone in the World and have been forever\nThat is why these Countries have aerial firefighting contracts with the likes of @EricksonInc\nThey follow the seasons\nNothing new here #qanda","created_at":"2021-08-12T10:54:12.000Z","author_id":"4885305738","lang":"en"},{"public_metrics":{"retweet_count":1,"reply_count":0,"like_count":2,"quote_count":0},"id":"1425772138946957321","text":"Greece, Algeria, Siberia, Canada experiencing unprecedented fires. Australia set to have far worsening fire scenarios. \n\nJobs? Renewable energy, regenerative farming, education, health care, emergency services, retrofitting efficiency into housing, and more. #qanda","created_at":"2021-08-12T10:52:22.000Z","author_id":"2761684692","lang":"en"},{"public_metrics":{"retweet_count":6,"reply_count":0,"like_count":10,"quote_count":0},"id":"1425771543817121793","text":"As fires continue to burn in Greece, anger is simmering too https://t.co/AuXR10GfcV https://t.co/90DMTEUKeP","created_at":"2021-08-12T10:50:00.000Z","author_id":"26003862","lang":"en","attachments":{"media_keys":["3_1425550374681841674","3_1425550390406402053","3_1425550390406357008"]}},{"public_metrics":{"retweet_count":0,"reply_count":0,"like_count":0,"quote_count":0},"id":"1425771505808330753","text":"Tell it to Greece that is currently on fire, as we were in 2019. #qanda","created_at":"2021-08-12T10:49:51.000Z","author_id":"27842273","lang":"en"},{"public_metrics":{"retweet_count":5,"reply_count":1,"like_count":10,"quote_count":1},"id":"1425770578737254400","text":"@mattuthompson @LBC @ExtinctionR Does she believe Londoners support this then \uD83D\uDC47\uD83D\uDC47\uD83D\uDC47\uD83D\uDD25\uD83D\uDD25\uD83D\uDD25 I think you’ll find the majority support tackling climate change as a priority. We need  @XRebellionUK , what we don’t need is heavy handed disproportionate policing, protecting power not people! \n\nhttps://t.co/lr4HLEVM92","created_at":"2021-08-12T10:46:10.000Z","author_id":"1122445870463684608","lang":"en"},{"public_metrics":{"retweet_count":7,"reply_count":0,"like_count":26,"quote_count":0},"id":"1425770360146903050","text":"Greek Archdiocese raising funds to help Greek fire victims (+VIDEO)\nhttps://t.co/9SFa7cGxiQ\n\nAs wildfires continue to spread and wreak havoc in Greece, the Greek Orthodox Archdiocese of America has launched a donation campaign to support the suffering victims. https://t.co/YiOBRim9pR","created_at":"2021-08-12T10:45:18.000Z","author_id":"1133687823025016832","lang":"en","attachments":{"media_keys":["3_1425770358695682051"]}},{"public_metrics":{"retweet_count":4,"reply_count":3,"like_count":7,"quote_count":0},"id":"1425770206266265605","text":"Arsonists elsewhere blamed for most fires in Greece, Macedonia, Turkey.  \n\nWith dry and hot weather conditions, deliberately set fires quickly consume extremely flammable forests. \n\nhttps://t.co/IzBtqDphQ6","created_at":"2021-08-12T10:44:41.000Z","author_id":"16117029","lang":"en"},{"public_metrics":{"retweet_count":0,"reply_count":1,"like_count":1,"quote_count":0},"id":"1425769760273440769","text":"@loveariiiharder No honestly, I went to a party and now I am grounded because I drank some alchohol and I am not even 14. I know i made a mistake. With all of that in mind there is fires going on near my grandparents house. I live in Greece and the whole country burning\nMy mental health is trash.","created_at":"2021-08-12T10:42:55.000Z","author_id":"1420696102051921925","lang":"en"},{"public_metrics":{"retweet_count":0,"reply_count":2,"like_count":1,"quote_count":0},"id":"1425769551086727170","text":"@Chazelena A trip to the mediterranian must be Lively this time of the year... \n\nhttps://t.co/UqjGOC55fE","created_at":"2021-08-12T10:42:05.000Z","author_id":"1095077950775611392","lang":"en"},{"public_metrics":{"retweet_count":1,"reply_count":0,"like_count":1,"quote_count":0},"id":"1425769423432949767","text":"Greece MEP warns 'no solution' to climate change as phenomena 'too big' for world to solve https://t.co/oSNBkmA8II #SmartNews  Finally, somebody recognized  that mankind cannot fix or control the climate . Please visit https://t.co/11yTCUNcyr. .Watch \" Is the World About to End?\"","created_at":"2021-08-12T10:41:34.000Z","author_id":"752100387402973184","lang":"en"},{"public_metrics":{"retweet_count":1,"reply_count":1,"like_count":1,"quote_count":0},"id":"1425769116477136898","text":"How do you “rake the forest” in Greek?\n\n“The fires, fueled by a record-breaking heat wave that has touched temperatures of up 115°F, have caused political recriminations, economic disaster and biblical scenes of destruction”\nhttps://t.co/zGN7IjSePp","created_at":"2021-08-12T10:40:21.000Z","author_id":"14570525","lang":"en"},{"public_metrics":{"retweet_count":0,"reply_count":0,"like_count":1,"quote_count":0},"id":"1425769035317366785","text":"@rtenews Fires are down in Spain and Portugal...Up in Turkey..Greece and Italy......Bad year for fires.... https://t.co/5ZQuNpwNti","created_at":"2021-08-12T10:40:02.000Z","author_id":"33682290","lang":"en","attachments":{"media_keys":["3_1425769033392082945"]}},{"public_metrics":{"retweet_count":1,"reply_count":0,"like_count":4,"quote_count":0},"id":"1425768921232195593","text":"“So climate is changing and we need to learn and get ahead of that, and that’s what I hope my legacy in the fire service is - to make it better for future firefighters combatting things like climate change.” @wildfire_craig \nhttps://t.co/1pP6b65svk","created_at":"2021-08-12T10:39:34.000Z","author_id":"986882671027654657","lang":"en"},{"public_metrics":{"retweet_count":0,"reply_count":2,"like_count":2,"quote_count":0},"id":"1425768843696349184","text":"@AliIsBk1 @Maddy_MFS95 there s plenty of fires on going here in italy, and greece as well...\nbishes who dont believe in global warming can like fuck themselves...because we're melting round here","created_at":"2021-08-12T10:39:16.000Z","author_id":"828740017132539904","lang":"en"},{"public_metrics":{"retweet_count":0,"reply_count":0,"like_count":0,"quote_count":0},"id":"1425768181952512006","text":"I’m hearing about fires in Greece and didn’t know the fires in CA were this bad. https://t.co/1KHBH7laZI","created_at":"2021-08-12T10:36:38.000Z","author_id":"42251693","lang":"en"},{"public_metrics":{"retweet_count":10,"reply_count":1,"like_count":13,"quote_count":1},"id":"1425768029015715841","text":"The fires around Evia, Greece’s second-largest island, have destroyed more than 120,000 acres of pine forest, razed homes and displaced hundreds. \n\nPrime Minister Kyriakos Mitsotakis declared the blazes “a natural disaster of unprecedented dimensions.” https://t.co/3zl6WgN8oX","created_at":"2021-08-12T10:36:02.000Z","author_id":"1877831","lang":"en"},{"public_metrics":{"retweet_count":0,"reply_count":0,"like_count":0,"quote_count":0},"id":"1425767971516002307","text":"In the wake of the #IPCCReport and the #fires in #Greece #California and #Turkey, the #ClimateCrisis is NOT one of the top concerns of #Toryvoters.\n\n#Immigration is.\n\nThere is so much work to be done &amp; we are running out of time.\n\nStop #ToryLies &amp; unite in what really matters. https://t.co/KVS2lYH22u","created_at":"2021-08-12T10:35:48.000Z","author_id":"1011331316","lang":"en"},{"public_metrics":{"retweet_count":1,"reply_count":0,"like_count":0,"quote_count":0},"id":"1425767894886064131","text":"EU_Commission: We are providing more aid to fight forest fires.\n\nFrance mobilised 5 aircrafts to help Italy and Algeria after a new request for assistance via #EUCivPro.\n\nWe also continue the firefighting operations in Greece, Albania and North Macedonia… https://t.co/C1zq1OrZBh","created_at":"2021-08-12T10:35:30.000Z","author_id":"1305958646455644160","lang":"en","attachments":{"media_keys":["3_1425762254646034434"]}},{"public_metrics":{"retweet_count":0,"reply_count":1,"like_count":0,"quote_count":0},"id":"1425767869715992582","text":"@labeauregard was this picture taken in Greece ? cause i've seen it many times in tweets and posts concerning the fires in Algeria","created_at":"2021-08-12T10:35:24.000Z","author_id":"932948884552343552","lang":"en"},{"public_metrics":{"retweet_count":0,"reply_count":0,"like_count":0,"quote_count":0},"id":"1425767445890048006","text":"Greece: Fires everywhere! - https://t.co/2hl72XNWkL https://t.co/XSgVNVpgJy","created_at":"2021-08-12T10:33:43.000Z","author_id":"3347340383","lang":"en","attachments":{"media_keys":["3_1425767443851583490"]}},{"public_metrics":{"retweet_count":0,"reply_count":0,"like_count":0,"quote_count":0},"id":"1425767445848068096","text":"Greece: Fires everywhere! - https://t.co/2hl72XNWkL https://t.co/Ekz4ghT4gu","created_at":"2021-08-12T10:33:43.000Z","author_id":"3347340383","lang":"en","attachments":{"media_keys":["3_1425767443553787906"]}},{"public_metrics":{"retweet_count":0,"reply_count":1,"like_count":0,"quote_count":0},"id":"1425766664042434564","text":"@MaMatigari The whole medeteranian is having a bad heat wave and fire outbreaks. We're used to heat waves and fires happening every summer but it's getting worse. Turkey, Greece, Italy and Algeria are having the worst fire outbreaks. Over 100 Algerians died these days https://t.co/eS3CADtRob","created_at":"2021-08-12T10:30:36.000Z","author_id":"1239316943238283269","lang":"en"},{"public_metrics":{"retweet_count":0,"reply_count":0,"like_count":0,"quote_count":0},"id":"1425766573869084677","text":"Anglicans ‘ready to help’ after devastating fires in Greece via #SocialBee \uD83D\uDC1D https://t.co/bMg832wkQ6","created_at":"2021-08-12T10:30:15.000Z","author_id":"20301034","lang":"en"},{"public_metrics":{"retweet_count":0,"reply_count":0,"like_count":0,"quote_count":0},"id":"1425766148436463617","text":"Who set Greece on fire? @UnHerd https://t.co/t8bPYW0Vt5 Well worth a read.","created_at":"2021-08-12T10:28:33.000Z","author_id":"194980454","lang":"en"},{"public_metrics":{"retweet_count":2,"reply_count":1,"like_count":6,"quote_count":0},"id":"1425765832534208513","text":"@kinimatini @YiannisBab always a hidden agenda, of not so hidden, behind fires. cover greece in wind farms and solar panels for investors. sickening.","created_at":"2021-08-12T10:27:18.000Z","author_id":"885353300","lang":"en"},{"public_metrics":{"retweet_count":0,"reply_count":2,"like_count":8,"quote_count":0},"id":"1425765807313797121","text":"\"Not all forests are of the same ecologic importance\"\nThe PM about the fires in Greece, that have burned down 12% of forests https://t.co/gBoyKn1bA7","created_at":"2021-08-12T10:27:12.000Z","author_id":"1857714415","lang":"en"},{"public_metrics":{"retweet_count":0,"reply_count":0,"like_count":0,"quote_count":0},"id":"1425765181381136385","text":"Many normal people, in their rush to escape, havn't heard about carbon offsetting. \n\nThey don't do this for high-carbon air travel. \n\nThey've also not thought about it for low-carbon travel either. \n\nThey've also not heard of the IPCC report. \n\nBut they do see FIRE IN GREECE.","created_at":"2021-08-12T10:24:43.000Z","author_id":"2194378567","lang":"en"},{"public_metrics":{"retweet_count":0,"reply_count":0,"like_count":0,"quote_count":0},"id":"1425764571734843397","text":"I’m pledging all the income from my book sales during 2021 to victims of the Fires in Greece. Get it now to help those left homeless. https://t.co/mkuWhMFMzr https://t.co/ZnWSS7l5Uk","created_at":"2021-08-12T10:22:17.000Z","author_id":"1245983947206639616","lang":"en","attachments":{"media_keys":["3_1425764422505713669"]}},{"public_metrics":{"retweet_count":0,"reply_count":0,"like_count":1,"quote_count":0},"id":"1425764015704354817","text":"Praying for Greece and those affected by the fires.","created_at":"2021-08-12T10:20:05.000Z","author_id":"900751511566811136","lang":"en"},{"public_metrics":{"retweet_count":2,"reply_count":0,"like_count":3,"quote_count":1},"id":"1425763801207541760","text":"Greece is still burning.\nAnd we need all the help we can get.\n\nThrough The Fire And The Flames but it is an acoustic ballad. Made by yours truly.\nYou can find ways you can help, in the comments of the video.\n\nhttps://t.co/4mU5r4t1Va\n\n#PrayForGreece #greeceisburning","created_at":"2021-08-12T10:19:14.000Z","author_id":"1376260181898694666","lang":"en"},{"public_metrics":{"retweet_count":73,"reply_count":15,"like_count":202,"quote_count":7},"id":"1425763401511354369","text":"We are providing more aid to fight forest fires.\n\nFrance mobilised 5 aircrafts to help Italy and Algeria after a new request for assistance via #EUCivPro.\n\nWe also continue the firefighting operations in Greece, Albania and North Macedonia.\n\nMore: https://t.co/tKG5fx8dnn #RescEU https://t.co/qni5luHCnp","created_at":"2021-08-12T10:17:38.000Z","author_id":"157981564","lang":"en","attachments":{"media_keys":["3_1425762254646034434"]}},{"public_metrics":{"retweet_count":0,"reply_count":0,"like_count":0,"quote_count":0},"id":"1425763314768961536","text":"My interview to the Portuguese radio station Antena1 about the fires in Greece \nGrécia. Planos para manifestação perante revolta com vaga de incêndios https://t.co/mKEEBNGeOU","created_at":"2021-08-12T10:17:18.000Z","author_id":"1423940832671961096","lang":"pt"},{"public_metrics":{"retweet_count":0,"reply_count":0,"like_count":0,"quote_count":0},"id":"1425762892494819328","text":"@GeorgeMonbiot It is crazy, it’s like a news tit bit, “ooo there’s a fire in Greece” but misssing the and and and..... it must be  that we’re scared of loosing all we have. #keepcalmandcarryon","created_at":"2021-08-12T10:15:37.000Z","author_id":"331748270","lang":"en"},{"public_metrics":{"retweet_count":1,"reply_count":0,"like_count":0,"quote_count":0},"id":"1425762246240604161","text":"Those who intervened late in the fire in Greece, who were inadequate, resign and apologize. It doesn't disturb us. Each of them is an immovable cultural and natural property! Customizing wildfire extinguishing is this: Fire-guaranteed tender!  https://t.co/M2gGN76Qvk","created_at":"2021-08-12T10:13:03.000Z","author_id":"2928016519","lang":"en"},{"public_metrics":{"retweet_count":0,"reply_count":0,"like_count":0,"quote_count":0},"id":"1425762204192845829","text":"NEW ORDER OF THINGS,bowed primeminister of GREECE,kyriakos mitsotakis,is accused by authoritative infirmation to be behind ARSON-FIRES,to facilitate so called&lt;GREEN BUSINESS&gt;he had signed with NEO-NAZI GERMAN merkel,before he came to power.IMMEDIATELY LAW AUTHORITIES WHEVEVER.... https://t.co/kkhQrfCaKo","created_at":"2021-08-12T10:12:53.000Z","author_id":"2585353879","lang":"en","attachments":{"media_keys":["16_1425762198442348544"]}},{"public_metrics":{"retweet_count":2,"reply_count":0,"like_count":2,"quote_count":0},"id":"1425762064946057216","text":"WOW, even Australia will send Helicopters to Greece to help in the fight against the fires. https://t.co/oWaJGEpMZV","created_at":"2021-08-12T10:12:20.000Z","author_id":"1270494296173613061","lang":"en"},{"public_metrics":{"retweet_count":8,"reply_count":0,"like_count":14,"quote_count":2},"id":"1425761937674153985","text":"\uD83D\uDC47Post debunking widely-shared rumor about Greece fires\n\nDEBUNKED rumor was that Romanian firefighters helping \uD83C\uDDEC\uD83C\uDDF7 claimed fire was intentionally neglected &amp; left to spread\n\nOne of many conspiracy theories, rumors &amp; misinfo abt fires cause &amp; response spreading online &amp; offline https://t.co/GbO0JC5XzB","created_at":"2021-08-12T10:11:49.000Z","author_id":"1193332831","lang":"en"},{"public_metrics":{"retweet_count":1,"reply_count":0,"like_count":5,"quote_count":0},"id":"1425761627345932288","text":"2/2\n2000 years ago. It endured the passing of countless ages, but perished in August 2021.\n\nSadly greedy capitalists have a history of starting fires. Olive groves are protected in Greece, once gone the land can be developed commercially.\n\nVery symbolic of our rotten, dying era. https://t.co/bJKfgdtbZY","created_at":"2021-08-12T10:10:35.000Z","author_id":"1315571084066983937","lang":"en","attachments":{"media_keys":["3_1425761622375735299"]}},{"public_metrics":{"retweet_count":0,"reply_count":1,"like_count":0,"quote_count":0},"id":"1425760752380563456","text":"@GerryCarrollPBP 3/ https://t.co/LuKe3nQpDy","created_at":"2021-08-12T10:07:07.000Z","author_id":"1410714192945033225","lang":"und"},{"public_metrics":{"retweet_count":0,"reply_count":1,"like_count":0,"quote_count":0},"id":"1425760708696977408","text":"@GerryCarrollPBP 2/ The causes of the blazes are as yet undetermined, though several people have been arrested for alleged arson. Greece’s top prosecutor has ordered an investigation into whether the high number of fires could be linked to criminal activity.\nhttps://t.co/lEnYXpPg1M","created_at":"2021-08-12T10:06:56.000Z","author_id":"1410714192945033225","lang":"en"},{"public_metrics":{"retweet_count":0,"reply_count":0,"like_count":0,"quote_count":0},"id":"1425760640807940098","text":"Fires Continue to Ravage Greece Amid Europe’s Protracted Heat Wave\nhttps://t.co/1FSJwrnPUN","created_at":"2021-08-12T10:06:40.000Z","author_id":"1194158179887845376","lang":"en"},{"public_metrics":{"retweet_count":0,"reply_count":0,"like_count":1,"quote_count":0},"id":"1425760261479223297","text":"@MrReallyWhite1 @another_brum Ladies and gents its standard heat in Cyprus right now as normal. 44°c + in the town centre with the old houses with no breeze can be hotter. It's always been that way since I was a kid. \nFires that started few years ago in Greece were man made","created_at":"2021-08-12T10:05:10.000Z","author_id":"1116648667073716224","lang":"en"},{"public_metrics":{"retweet_count":0,"reply_count":0,"like_count":0,"quote_count":0},"id":"1425759727200448515","text":"Right now a lot of elderly people in Greece are becoming homeless without support. Please give what you can even a little bit will help a lot.\nAll funds will go to Hellenic Red Cross Financial Support for people affected by the fires in Greece.\nhttps://t.co/yfdcKMgZlr","created_at":"2021-08-12T10:03:02.000Z","author_id":"49666883","lang":"en"},{"public_metrics":{"retweet_count":164,"reply_count":19,"like_count":930,"quote_count":13},"id":"1425759540281282567","text":"A French team of firefighting pilots \uD83D\uDEE9 is leaving Greece after successfully completing their mission. We are glad to hear that the forest fire situation in the country has improved. https://t.co/M4C10cOtoD","created_at":"2021-08-12T10:02:18.000Z","author_id":"470099591","lang":"en","attachments":{"media_keys":["3_1425758428027396100"]}},{"public_metrics":{"retweet_count":0,"reply_count":1,"like_count":1,"quote_count":0},"id":"1425759344897974273","text":"@Damage_13 I tried to find a time series chart of wildfires in Greece to see how frequent tbey are. I couldn't find one but my hunch was that they aren't way up over the one term trend.\n\nAlso, regardless of what caused the fires, response needs to be capable. Climate change is a cop out.","created_at":"2021-08-12T10:01:31.000Z","author_id":"2322188892","lang":"en"},{"public_metrics":{"retweet_count":1,"reply_count":0,"like_count":1,"quote_count":1},"id":"1425759141084098564","text":"Moody’s: Greece vulnerable to climate change, even if cost from fires manageable - Wildfire-related costs from the catastrophic wildfires will be manageable for Greece, but they highlight the country’s vulnerability to climate change, while... https://t.co/5VXvcuC1DO","created_at":"2021-08-12T10:00:43.000Z","author_id":"2295779661","lang":"en"},{"public_metrics":{"retweet_count":4,"reply_count":0,"like_count":23,"quote_count":2},"id":"1425758979871940610","text":"BBC News films with our National Resilience deployment currently in Greece. Featuring the team of 21 firefighters deployed to help fight the wildfires, looking at the challenges they are currently facing - and the scale of the fires devastating Greece.   \n\nhttps://t.co/Uaz41RfjbQ","created_at":"2021-08-12T10:00:04.000Z","author_id":"819500973232164868","lang":"en"},{"public_metrics":{"retweet_count":0,"reply_count":0,"like_count":0,"quote_count":0},"id":"1425758782555033604","text":"#Greece_Is_Burning \n#Greece_In_Fire \n\nThe Island of #Evia between August 1 and August 11, 2021 ⤵️ https://t.co/272PrZVKm6","created_at":"2021-08-12T09:59:17.000Z","author_id":"1199659388799205382","lang":"en","attachments":{"media_keys":["3_1425758766801240066"]}},{"public_metrics":{"retweet_count":0,"reply_count":1,"like_count":1,"quote_count":0},"id":"1425758751517249543","text":"@AniYordanova5 it finally rained yesterday in Greece but that was not enough for all the fires to stop","created_at":"2021-08-12T09:59:10.000Z","author_id":"1245636034810875905","lang":"en"},{"public_metrics":{"retweet_count":1,"reply_count":1,"like_count":3,"quote_count":0},"id":"1425758697184137222","text":"@mez_spy @Fourthleft Agree not last 2 years  but have been to Greek Isles and Greece 14 times,  fires over there are terrifying. Have been  also here in one when a kid on a farm,  the family fought with wet Hessian bags, equally horrifying.","created_at":"2021-08-12T09:58:57.000Z","author_id":"384233102","lang":"en"},{"public_metrics":{"retweet_count":0,"reply_count":0,"like_count":0,"quote_count":0},"id":"1425758566875545608","text":"@UlyaEhsen @ReutersWorld @Reuters through northern Algeria. The flames have been stoked by sweltering temperatures that have also exacerbated fires in Greece and Italy https://t.co/aeyTLPtjB1 \n\nShare your thoughts \n\no \n\nIII \n\nO \n\n&lt;","created_at":"2021-08-12T09:58:26.000Z","author_id":"1264369368386826240","lang":"en"},{"public_metrics":{"retweet_count":0,"reply_count":1,"like_count":0,"quote_count":0},"id":"1425758566242299904","text":"@UlyaEhsen @ReutersWorld fires have spread to Greece, as thousands of people have had to evacuate in recent days. The wildfires are also affecting nearby Mediterranean countries Lebanon, Syria, Italy and Cyprus. \n\nREUTERS \n\nReuters @Reuters · 14m At least 65 people have been killed in fires raging","created_at":"2021-08-12T09:58:26.000Z","author_id":"1264369368386826240","lang":"en"},{"public_metrics":{"retweet_count":1,"reply_count":0,"like_count":2,"quote_count":0},"id":"1425758470830182402","text":"A prayer for those suffering in the wild fires in Greece \uD83D\uDE4F #prayforgreece #greeceisburning https://t.co/jfctCflGeu","created_at":"2021-08-12T09:58:03.000Z","author_id":"1224709059363983360","lang":"en","attachments":{"media_keys":["3_1425758076637007881"]}},{"public_metrics":{"retweet_count":0,"reply_count":0,"like_count":2,"quote_count":0},"id":"1425758163828187140","text":"Please keep Tunisia, Algeria, Turkey, Greece and all those affected by the fires in your prayers","created_at":"2021-08-12T09:56:50.000Z","author_id":"1063779956117946369","lang":"en"},{"public_metrics":{"retweet_count":1,"reply_count":1,"like_count":1,"quote_count":0},"id":"1425757661451194371","text":"Apocalyptic views from fires in Algeria, Greece, and Turkey. Climate change must be taken seriously and dealt urgently. Mere talks aren't doing much. https://t.co/oiDukxxLpp","created_at":"2021-08-12T09:54:50.000Z","author_id":"1563075384","lang":"en","attachments":{"media_keys":["3_1425757659014307840"]}},{"public_metrics":{"retweet_count":1059,"reply_count":40,"like_count":1116,"quote_count":147},"id":"1425757436414201860","text":"The wildfires burning in Siberia right now are bigger than all the world’s other fires COMBINED — multiple times bigger than the historic wildfires devastating California, Canada, Greece and Turkey put together. By @Reevellp @tanyastukalova \n\nhttps://t.co/E1alnqhkES","created_at":"2021-08-12T09:53:56.000Z","author_id":"20159596","lang":"en","attachments":{"media_keys":["13_1425603983935168517"]}},{"public_metrics":{"retweet_count":0,"reply_count":0,"like_count":1,"quote_count":0},"id":"1425757398208327680","text":"@w_stronge I was thinking the same in response to the plans for compensation due to fire damage in Greece. These address mainly property loss (although there is also rent support and tax relief), but a broader approach is needed to address economic harm to non property owning residents.","created_at":"2021-08-12T09:53:47.000Z","author_id":"598283696","lang":"en"},{"public_metrics":{"retweet_count":0,"reply_count":0,"like_count":0,"quote_count":0},"id":"1425757217626673152","text":"@BernieSanders Greece fires are really hard to put out","created_at":"2021-08-12T09:53:04.000Z","author_id":"955818522512326656","lang":"en"},{"public_metrics":{"retweet_count":0,"reply_count":0,"like_count":0,"quote_count":0},"id":"1425756747189440516","text":"@saoirse_mchugh 'The causes of the blazes are as yet undetermined, though several people have been arrested for alleged arson. Greece’s top prosecutor has ordered an investigation into whether the high number of fires could be linked to criminal activity.'\nhttps://t.co/lEnYXpPg1M","created_at":"2021-08-12T09:51:12.000Z","author_id":"1410714192945033225","lang":"en"},{"public_metrics":{"retweet_count":0,"reply_count":1,"like_count":1,"quote_count":0},"id":"1425756603698057217","text":"@carriecookie2 @NinoPossy I think Algeria, Sicilia, Greece who suffer of Huge fires need of more help  but maybe Sam has a solution because he is smart \uD83D\uDC4D I hope this hell heatwave will stop for Nino and all countries suffering. We must be thankful to not have this weather \uD83D\uDE4F https://t.co/5mPAf9fVDT","created_at":"2021-08-12T09:50:38.000Z","author_id":"1510467566","lang":"en","attachments":{"media_keys":["16_1425756589882028032"]}},{"public_metrics":{"retweet_count":0,"reply_count":0,"like_count":1,"quote_count":0},"id":"1425756602188144640","text":"@JavouTV Wow, congrats bro! \uD83D\uDE4C Looking forward to seeing you back in action. Meanwhile, I hope you enjoy your time in Greece and I hope you haven't been affected by the fires \uD83D\uDE4F Much love \uD83D\uDC4A","created_at":"2021-08-12T09:50:37.000Z","author_id":"1118208276825608194","lang":"en"},{"public_metrics":{"retweet_count":0,"reply_count":0,"like_count":0,"quote_count":0},"id":"1425756506918637573","text":"As wildfires devastate its vineyards, Greece's wine renaissance can point the way for others to deal with climate change &gt; Fires Threaten Greek Wine Revival | Wine-Searcher News &amp; Features #wine #winelovers  https://t.co/i3yexRG5eA","created_at":"2021-08-12T09:50:15.000Z","author_id":"1091730841666027528","lang":"en"},{"public_metrics":{"retweet_count":1,"reply_count":0,"like_count":2,"quote_count":0},"id":"1425755940955979780","text":"\"Given that California wildfires have burned all the way into November in recent years, I'm afraid that we might be set up for another record-breaking fire season.\"\n- @SusanPrichard10 \n\n#Greece #wildfires https://t.co/fgDiogLfnp","created_at":"2021-08-12T09:48:00.000Z","author_id":"466466267","lang":"en"},{"public_metrics":{"retweet_count":0,"reply_count":0,"like_count":0,"quote_count":0},"id":"1425755790493818882","text":"REGIONAL UNIT OF KEFALONIA - ITHACA SUPPORTING COLLECTION FOR PEOPLE IMPACTED BY FIRES IN GREECE - The Kefalonia Pulse https://t.co/blIYD7pSK7","created_at":"2021-08-12T09:47:24.000Z","author_id":"125931683","lang":"en"},{"public_metrics":{"retweet_count":0,"reply_count":0,"like_count":0,"quote_count":0},"id":"1425755527645122564","text":"The nightmare of Greece's Evia, an island devoured by flames\n\nhttps://t.co/EooHuG3x0b","created_at":"2021-08-12T09:46:21.000Z","author_id":"2909756630","lang":"en"},{"public_metrics":{"retweet_count":2,"reply_count":0,"like_count":14,"quote_count":1},"id":"1425755344823889923","text":"#Greece PM on \uD83D\uDD25 \"Next year we'll be better.\" - Note: Fire season ends in Oct.","created_at":"2021-08-12T09:45:38.000Z","author_id":"158044902","lang":"en"},{"public_metrics":{"retweet_count":48,"reply_count":1,"like_count":175,"quote_count":2},"id":"1425755297394614274","text":"On their way home after helping fight the ravaging forest fires in #Greece, 3 Canadairs from #France are re-deployed to #Italy through the EU Civil Protection Mechanism to meet urgent needs there. Merci @SecCivileFrance ! \uD83C\uDDE8\uD83C\uDDF5\uD83C\uDDEA\uD83C\uDDFA\uD83C\uDDEE\uD83C\uDDF9\n\n#EUCivPro #EUsolidarity https://t.co/zvP5kI07Lk","created_at":"2021-08-12T09:45:26.000Z","author_id":"1171334091637235714","lang":"en","attachments":{"media_keys":["3_1425755271322820608","3_1425755284337741824","3_1425755287546368013"]}},{"public_metrics":{"retweet_count":0,"reply_count":0,"like_count":0,"quote_count":0},"id":"1425754744572817408","text":"After Greece, Turkey, Siberia and many other regions, Algeria is being hit by terrible fires. Fires that where reportedly started by criminals but amplified by droughts and heatwaves. Climate action is now! \n#ClimateCrisis #ClimateEmergency #wildfire #AlgeriaIsBurning","created_at":"2021-08-12T09:43:15.000Z","author_id":"1090142810509062144","lang":"en"},{"public_metrics":{"retweet_count":190,"reply_count":8,"like_count":166,"quote_count":30},"id":"1425754584312594435","text":"https://t.co/7tvVsPT7nN\n\nOne of the fires currently burning in Yakutsk in northeast Siberia is \"impossible to contain\" and set to become the largest in human history.\n\nAltogether, the region's fires are bigger than Greece's, Turkey's, Italy's and North America's *combined*,","created_at":"2021-08-12T09:42:36.000Z","author_id":"1912180616","lang":"en"},{"public_metrics":{"retweet_count":1,"reply_count":0,"like_count":1,"quote_count":0},"id":"1425754163028320258","text":"tremendous fires all over the country! More than 65 diedWhat pisses me off is as if Africa is not part of this world,when Greece/ Spain / turkey Australia were burning everyone was supporting and shouting out for international organisations to help, but when it’s us,let them burn","created_at":"2021-08-12T09:40:56.000Z","author_id":"1239858895943798784","lang":"en"},{"public_metrics":{"retweet_count":0,"reply_count":0,"like_count":2,"quote_count":0},"id":"1425753743904051202","text":"Watching Greece fires is very worrying, and our thoughts go out for those people.\nIt also makes us think about how our summer is going to look in that regard. We need to keep #ClimateCrisis in the news and have people talking about necessary action. https://t.co/2TVQHoN4Fx","created_at":"2021-08-12T09:39:16.000Z","author_id":"1054870982458920960","lang":"en"},{"public_metrics":{"retweet_count":0,"reply_count":0,"like_count":0,"quote_count":0},"id":"1425753406677848068","text":"Donate: Greece is on fire https://t.co/8O53Yeti17","created_at":"2021-08-12T09:37:56.000Z","author_id":"441927169","lang":"en"},{"public_metrics":{"retweet_count":4,"reply_count":3,"like_count":71,"quote_count":0},"id":"1425753378378948613","text":"German Firefighters now also helping out with the fires in Greece. \uD83D\uDE4C\n\nSame goes for Romania, Ukraine, Serbia, Switzerland, Israel and the UK.\n\uD83E\uDD1D https://t.co/OUdDhIaoi6","created_at":"2021-08-12T09:37:49.000Z","author_id":"940255882151120897","lang":"en","attachments":{"media_keys":["3_1425753373249245187","3_1425753376260771849"]}},{"public_metrics":{"retweet_count":10,"reply_count":3,"like_count":43,"quote_count":0},"id":"1425753335253004296","text":"This morning, a 2nd #UAE plane left for Greece, carrying nutritional supplements for children,firefighting clothes and water hoses to fight fires,there is an Emirati helicopter participating in firefighting operations already. #Greece deserves our help. Friendly nation\uD83C\uDDEC\uD83C\uDDF7❤️‍\uD83E\uDE79\uD83C\uDDE6\uD83C\uDDEA https://t.co/jdd2rLAHjs","created_at":"2021-08-12T09:37:38.000Z","author_id":"242066040","lang":"en"},{"public_metrics":{"retweet_count":0,"reply_count":0,"like_count":0,"quote_count":0},"id":"1425753005823971337","text":"The bone headed obstinacy of the federal LNP govt on CC is criminal.....\n2,500-Year-Old Ancient Olive Tree Burned Down in Evia Fires in Greece https://t.co/EQgLUgPxI1 via @greekreporter","created_at":"2021-08-12T09:36:20.000Z","author_id":"608883817","lang":"en"},{"public_metrics":{"retweet_count":0,"reply_count":0,"like_count":0,"quote_count":0},"id":"1425752601946120193","text":"#Algeria yesterday rented 2 #Helicopters frm the #EU to help fight the #Wildfires tearing through its forest in the north of the country,the govt said yesterday.The govt said in a statement that the 2 helicopters have recently helped fight fires in #Greece https://t.co/LQVcA1yHi6","created_at":"2021-08-12T09:34:44.000Z","author_id":"28776859","lang":"en"},{"public_metrics":{"retweet_count":0,"reply_count":0,"like_count":1,"quote_count":0},"id":"1425752244130045953","text":"At least 65 people in Algeria have been killed in fires as record heatwave conditions spread to other countries across the Mediterranean. In Greece, reinforcements from other countries have arrived to relieve exhausted Greek firefighters. https://t.co/LwSWaPB3iu via @YouTube","created_at":"2021-08-12T09:33:18.000Z","author_id":"4187960985","lang":"en"},{"public_metrics":{"retweet_count":0,"reply_count":0,"like_count":0,"quote_count":0},"id":"1425751417474670596","text":"#WhatTheFAQ: A #wildfire, bushfire, wildland #fire or rural fire is an unplanned, unwanted, uncontrolled fire in an area of combustible #vegetation\n#Greece #Algeria #wildlife \n\nRead the report here https://t.co/1wCNeFqBjG \uD83D\uDC48","created_at":"2021-08-12T09:30:01.000Z","author_id":"728025157","lang":"en"},{"public_metrics":{"retweet_count":0,"reply_count":0,"like_count":0,"quote_count":0},"id":"1425750688127234051","text":"2,500-Year-Old Ancient Olive Tree Burned Down in Evia Fires in Greece https://t.co/M2DvlLwDGR via @greekreporter","created_at":"2021-08-12T09:27:07.000Z","author_id":"727316106843574272","lang":"en"},{"public_metrics":{"retweet_count":0,"reply_count":0,"like_count":1,"quote_count":0},"id":"1425750079487492099","text":"Greece Fires: Foreign Assistance Surpasses All Expectations https://t.co/M76zam8Crv via @greekreporter","created_at":"2021-08-12T09:24:42.000Z","author_id":"4091223046","lang":"en"},{"public_metrics":{"retweet_count":0,"reply_count":0,"like_count":0,"quote_count":0},"id":"1425749186386042885","text":"GREECE IS ON FIRE\n\nExtinction Rebellion UK\n\nhttps://t.co/Pt8AYABGFc\n\n@FT \n@thetimes \n@guardiannews \n@BBCNews\n@RTUKNews\n@talkRADIO\n@Telegraph \n@DailyMailUK \n@Daily_Express \n@TheSun\n@SkyNews\n@Channel4News\n\n#Conservative\n#Conservatives\n#Labour\n#greenparty","created_at":"2021-08-12T09:21:09.000Z","author_id":"856131906","lang":"en"},{"public_metrics":{"retweet_count":0,"reply_count":0,"like_count":2,"quote_count":0},"id":"1425749172058198021","text":"⚫ Day to day leaves us, and more so in summer time, catastrophes like the one Greece is facing being devoured by flames. \n\uD83D\uDCA6From here, we send all our support to #Greece, and we encourage awareness about many applications of our #TOM # pipes is the construction of #fires #fires https://t.co/DIMzHmuUN4","created_at":"2021-08-12T09:21:06.000Z","author_id":"368290835","lang":"en","attachments":{"media_keys":["3_1425749160502956036"]}},{"public_metrics":{"retweet_count":0,"reply_count":1,"like_count":0,"quote_count":0},"id":"1425749105242894341","text":"@mark28cullen @wightspirit @Jade_Tiger62 Whole you sent me this tweet I was busy watching Greece on fire… And hell, the rest of the Mediterranean is on fire. fires in the USA and Canada.  Record temperatures in North America. But, yeah call it  something else.","created_at":"2021-08-12T09:20:50.000Z","author_id":"991213990427615232","lang":"en"},{"public_metrics":{"retweet_count":0,"reply_count":0,"like_count":2,"quote_count":0},"id":"1425749070560247809","text":"\"If Dante had filmed the Inferno on his iPhone, it would look like this \"\n\n #Ευβοια  #πυρκαγιες   #evia #Euboea #φωτιες #φωτια_ευβοια #fires \n\nhttps://t.co/mb8nCoBW7e","created_at":"2021-08-12T09:20:42.000Z","author_id":"67664108","lang":"en"},{"public_metrics":{"retweet_count":1,"reply_count":1,"like_count":4,"quote_count":0},"id":"1425748852670349313","text":"@ZaffranRiver @LizWebsterLD @JoRichardsKent @BionicBirdAnna @JeanneBartram @JohnWest_JAWS Perhaps Jo Biden should invite them all out to California or to Greece to hold their feet to the fire(s)\n\n@TheRynheart @DoctorRobin @Beany_1 @ElenaKSays @StillShielding  @JonathanBuckn13 @kmqkatie @JoRichardsKent","created_at":"2021-08-12T09:19:50.000Z","author_id":"3110077936","lang":"en"},{"public_metrics":{"retweet_count":0,"reply_count":1,"like_count":1,"quote_count":0},"id":"1425748850933895168","text":"I am really glad that Slovakia has decided to help to Greece with 75 firefighters and 30 fire trucks during these cruel times. Fingers crossed to get the fire under control as soon as possible! https://t.co/QjF5dKLCDX","created_at":"2021-08-12T09:19:49.000Z","author_id":"721582020565065728","lang":"en"},{"public_metrics":{"retweet_count":3,"reply_count":1,"like_count":4,"quote_count":0},"id":"1425748496112566275","text":"The crisis does not only affect Greece, he says, citing rising temperatures and fire destruction in Sicily, Turkey and Algeria.","created_at":"2021-08-12T09:18:25.000Z","author_id":"394659559","lang":"en"},{"public_metrics":{"retweet_count":0,"reply_count":0,"like_count":0,"quote_count":0},"id":"1425748473652129797","text":"Fires Threaten Greek #Wine Revival #VitaBellaWine #heatwave\n#climate #Greece https://t.co/0Urb6N7SvC","created_at":"2021-08-12T09:18:19.000Z","author_id":"111587145","lang":"en"}],"includes":{"media":[{"media_key":"7_1425777055023652868","public_metrics":{"view_count":321},"type":"video"},{"media_key":"13_1425603983935168517","public_metrics":{"view_count":169768},"type":"video"},{"media_key":"3_1425764606778163207","type":"photo","url":"https://pbs.twimg.com/media/E8lVWxhWQAcPWcb.png"},{"media_key":"3_1425765110442860544","type":"photo","url":"https://pbs.twimg.com/media/E8lV0F0XoAAHhA9.png"},{"media_key":"3_1425773021491568641","type":"photo","url":"https://pbs.twimg.com/media/E8ldAkxXIAElHHf.jpg"},{"media_key":"3_1425773038633684995","type":"photo","url":"https://pbs.twimg.com/media/E8ldBkoXEAM7duM.jpg"},{"media_key":"3_1425773059210981380","type":"photo","url":"https://pbs.twimg.com/media/E8ldCxSXsAQIlQP.jpg"},{"media_key":"3_1425550374681841674","type":"photo","url":"https://pbs.twimg.com/media/E8iSg0xWEAo-eQh.jpg"},{"media_key":"3_1425550390406402053","type":"photo","url":"https://pbs.twimg.com/media/E8iShvWX0AUSmGn.jpg"},{"media_key":"3_1425550390406357008","type":"photo","url":"https://pbs.twimg.com/media/E8iShvWXIBAYU5T.jpg"},{"media_key":"3_1425770358695682051","type":"photo","url":"https://pbs.twimg.com/media/E8lallFWYAMbUME.jpg"},{"media_key":"3_1425769033392082945","type":"photo","url":"https://pbs.twimg.com/media/E8lZYb8WUAEJZNy.jpg"},{"media_key":"3_1425762254646034434","type":"photo","url":"https://pbs.twimg.com/media/E8lTN3JWQAIu628.jpg"},{"media_key":"3_1425767443851583490","type":"photo","url":"https://pbs.twimg.com/media/E8lX76cXIAIeb9k.png"},{"media_key":"3_1425767443553787906","type":"photo","url":"https://pbs.twimg.com/media/E8lX75VXIAI5ZwF.png"},{"media_key":"3_1425764422505713669","type":"photo","url":"https://pbs.twimg.com/media/E8lVMDDX0AUGH8n.jpg"},{"media_key":"16_1425762198442348544","type":"animated_gif"},{"media_key":"3_1425761622375735299","type":"photo","url":"https://pbs.twimg.com/media/E8lSpDwXIAMk5wr.jpg"},{"media_key":"3_1425758428027396100","type":"photo","url":"https://pbs.twimg.com/media/E8lPvH4XoAQnjQo.jpg"},{"media_key":"3_1425758766801240066","type":"photo","url":"https://pbs.twimg.com/media/E8lQC16WQAIbXF0.jpg"},{"media_key":"3_1425758076637007881","type":"photo","url":"https://pbs.twimg.com/media/E8lPaq2X0Aki17V.jpg"},{"media_key":"3_1425757659014307840","type":"photo","url":"https://pbs.twimg.com/media/E8lPCXFXIAAOSNR.jpg"},{"media_key":"16_1425756589882028032","type":"animated_gif"},{"media_key":"3_1425755271322820608","type":"photo","url":"https://pbs.twimg.com/media/E8lM3YPWYAAJI0I.jpg"},{"media_key":"3_1425755284337741824","type":"photo","url":"https://pbs.twimg.com/media/E8lM4IuWUAAmTCP.jpg"},{"media_key":"3_1425755287546368013","type":"photo","url":"https://pbs.twimg.com/media/E8lM4UrWEA0buGn.jpg"},{"media_key":"3_1425753373249245187","type":"photo","url":"https://pbs.twimg.com/media/E8lLI5XWEAM8fNG.jpg"},{"media_key":"3_1425753376260771849","type":"photo","url":"https://pbs.twimg.com/media/E8lLJElWUAkX0-n.jpg"},{"media_key":"3_1425749160502956036","type":"photo","url":"https://pbs.twimg.com/media/E8lHTrqXEAQ9yHT.jpg"}]},"meta":{"newest_id":"1425779285403516930","oldest_id":"1425748473652129797","result_count":100,"next_token":"b26v89c19zqg8o3fpdm8kssrk3i2zz1b6mpc5pvcl4eil"}}