{"data":[{"created_at":"2021-08-12T09:16:00.000Z","author_id":"923204079475740673","lang":"en","public_metrics":{"retweet_count":0,"reply_count":0,"like_count":0,"quote_count":0},"id":"1425747890958389248","text":"@GretaThunberg Greta is silent. Greece is on fire but Greta doesn't speak a word. came from the future to make politics in the present! his big mouth only works to talk about Brazil. Will Greta do me a favor? go back to your place and don't be a pain in the ass here in the world!"},{"created_at":"2021-08-12T09:14:08.000Z","author_id":"394659559","lang":"en","public_metrics":{"retweet_count":12,"reply_count":2,"like_count":19,"quote_count":0},"attachments":{"media_keys":["3_1425747414510616578"]},"id":"1425747421129289730","text":"“The climate crisis is here,” Greece’s PM @PrimeministerGR tells a new conference, adding that “everything needs to change” in preventing and responding to forest fires from the operation of the state to citizens’ behavior to the environment. #GreeceFires https://t.co/SvSXI5nKXH"},{"created_at":"2021-08-12T09:13:03.000Z","author_id":"1217230814536175617","lang":"en","public_metrics":{"retweet_count":0,"reply_count":0,"like_count":2,"quote_count":0},"id":"1425747144963764230","text":"@tome_impala Same thing happening in Greece. Devastating \uD83D\uDE13 Hope they can put out those fires soon …."},{"created_at":"2021-08-12T09:12:49.000Z","author_id":"210376076","lang":"en","public_metrics":{"retweet_count":0,"reply_count":0,"like_count":0,"quote_count":0},"id":"1425747088688750595","text":"Moody’s: Greece vulnerable to climate change, even if cost from fires manageable https://t.co/JmzXqHL6xx"},{"created_at":"2021-08-12T09:11:27.000Z","author_id":"1233708421263822849","lang":"en","public_metrics":{"retweet_count":1,"reply_count":0,"like_count":2,"quote_count":0},"attachments":{"media_keys":["3_1425746737038233606"]},"id":"1425746744260841472","text":"Thinking of all the people in Greece as they continue to fight devastating fires. https://t.co/4LL4EZtLwL"},{"created_at":"2021-08-12T09:10:54.000Z","author_id":"718030614","lang":"en","public_metrics":{"retweet_count":0,"reply_count":0,"like_count":1,"quote_count":0},"attachments":{"media_keys":["3_1425744042743193601"]},"id":"1425746607224627200","text":"This #Sentinel3 image acquired on30/07/2021 shows us smoke billowing from several fires along the southern coast of #TurkeyFires have also been raging inSpain Italy and Greece some of which have led to the #Copernicus #Emergency Service being triggered\nSee https://t.co/lvOCdoH4vV https://t.co/vjkV3UYM6N"},{"created_at":"2021-08-12T09:10:51.000Z","author_id":"400254236","lang":"en","public_metrics":{"retweet_count":0,"reply_count":0,"like_count":0,"quote_count":0},"id":"1425746593211424773","text":"So a greek priest said in a \"message of love\" that the fault for those fires in Greece are gay people https://t.co/YmxwmPaAju"},{"created_at":"2021-08-12T09:10:00.000Z","author_id":"2722503240","lang":"en","public_metrics":{"retweet_count":0,"reply_count":0,"like_count":0,"quote_count":0},"id":"1425746377804374020","text":"\uD83C\uDDE9\uD83C\uDDFF\uD83D\uDD25\uD83C\uDF0D\n\nAlgeria fires: Dozens killed as wildfires hit Mediterranean region https://t.co/3hb72GFLf0 via @Channel4News @JackieLongc4\n\n#AlgeriaIsBurning #Algeria #AlgeriaWildfires #wildfire #forestfires #Greece #Turkey #Tunisia #Italy #Europe #ClimateEmergency #FiresInAlgeria"},{"created_at":"2021-08-12T09:08:30.000Z","author_id":"32340937","lang":"en","public_metrics":{"retweet_count":0,"reply_count":1,"like_count":0,"quote_count":0},"id":"1425746001705328642","text":"OPINION ⁦@FrancineProse⁩ “The ferry video is a vision of hell. It’s as if Dante filmed the Inferno on his iPhone.” Greek island Evia aflame. #climatechange #fires  https://t.co/h1KsefEtc7"},{"created_at":"2021-08-12T09:06:15.000Z","author_id":"1047792604379795456","lang":"en","public_metrics":{"retweet_count":1,"reply_count":0,"like_count":1,"quote_count":0},"id":"1425745436678230017","text":"According to the announcement, the amount that will be collected will be delivered directly to the Holy Metropolises of the Church of Greece, which were severely affected by the deadly wildfires\n#orthodox_times #FiresGreece  https://t.co/egdD7kIhBM"},{"created_at":"2021-08-12T09:06:14.000Z","author_id":"519653886","lang":"en","public_metrics":{"retweet_count":0,"reply_count":1,"like_count":0,"quote_count":0},"id":"1425745432513220611","text":"@CNN Unfortunately, Greece is on fire every year…..  and mostly not by accidents \uD83D\uDE14"},{"created_at":"2021-08-12T09:05:38.000Z","author_id":"889039269637091330","lang":"en","public_metrics":{"retweet_count":1,"reply_count":0,"like_count":4,"quote_count":0},"id":"1425745280838811648","text":"Sending planes to Greece while people all over Russia are choking on smoke from Yakutia's fires hasn't done much for Putin's popularity. Repeating his sham vaccine diplomacy was a mistake. Tomorrow's Russia Report is for paying subscribers only. Subscribe! https://t.co/B79kxkLcpy"},{"created_at":"2021-08-12T09:04:52.000Z","author_id":"3061311382","lang":"en","public_metrics":{"retweet_count":6,"reply_count":0,"like_count":15,"quote_count":0},"id":"1425745088135811075","text":"Sending planes to Greece while people all over Russia are choking on smoke from Yakutia's fires hasn't done much for Putin's popularity. Repeating his sham vaccine diplomacy was a mistake. Tomorrow's Russia Report is for paying subscribers only. Subscribe!\nhttps://t.co/3GLrRyKmtV"},{"created_at":"2021-08-12T09:04:19.000Z","author_id":"156254884","lang":"en","public_metrics":{"retweet_count":0,"reply_count":0,"like_count":0,"quote_count":0},"attachments":{"media_keys":["3_1425744944321400840"]},"id":"1425744950222901249","text":"@uksciencechief @metoffice @DefraChiefScien @DefraGovUK @psmonks @beisgovuk @tradegovuk @FCDOGovUK You lie and lie , you are soulless Everyone knows that miletrey lit the fires in Greece . Photos every where on utube Twitter etc. Your doing it to control the masses . You are a NWO globalist https://t.co/W1ZGmsuQDJ"},{"created_at":"2021-08-12T09:03:40.000Z","author_id":"186933748","lang":"en","public_metrics":{"retweet_count":1,"reply_count":1,"like_count":0,"quote_count":0},"attachments":{"media_keys":["7_1425744531744559107"]},"id":"1425744784161972225","text":"#Wildfires in #Greece leave livestock herds &amp; beehives decimated. Nearly 100,000 hectares of forestry &amp; farmland have burned in less than two weeks, in the worst wave of wildfires since 2007, according to the European Forest Fire Information System (EFFIS) #φωτιες #Πυρκαγια https://t.co/a8XLvatFLH"},{"created_at":"2021-08-12T09:02:36.000Z","author_id":"289107102","lang":"en","public_metrics":{"retweet_count":0,"reply_count":0,"like_count":1,"quote_count":0},"id":"1425744516196171784","text":"Those Claiming #ClimateEmergency Started The Greece Wild Fires\nhttps://t.co/fiG0fo6WQD https://t.co/2qTWsUrChE"},{"created_at":"2021-08-12T08:59:13.000Z","author_id":"3165903396","lang":"en","public_metrics":{"retweet_count":4,"reply_count":2,"like_count":9,"quote_count":0},"id":"1425743663821320203","text":"@SDHamiltonVIC @HollyStearnes @TimBuckleyIEEFA 2,500 year old olive tree burns in Greece. Nope, no global warming. #auspol    https://t.co/Sjytgt6cUu"},{"created_at":"2021-08-12T08:59:02.000Z","author_id":"306197611","lang":"en","public_metrics":{"retweet_count":8,"reply_count":1,"like_count":8,"quote_count":0},"id":"1425743617923162118","text":"\uD83D\uDD34 Welsh fire fighters are using their experience from a wildfire near Newport to help counterparts in Greece \nhttps://t.co/tUU2y0LAZG"},{"created_at":"2021-08-12T08:58:14.000Z","author_id":"983056560292319232","lang":"en","public_metrics":{"retweet_count":1,"reply_count":1,"like_count":2,"quote_count":0},"id":"1425743416206544901","text":"@DonCryptoDraper @inversebrah Greece is now on fire. Definitely choose it…\uD83D\uDE05"},{"created_at":"2021-08-12T08:57:58.000Z","author_id":"635750362","lang":"en","public_metrics":{"retweet_count":0,"reply_count":0,"like_count":1,"quote_count":0},"id":"1425743352360747015","text":"Floods in Germany, extreme heat waves in British Columbia rainfall in London, flood-triggered landslides in Maharashtra &amp; forest fires in Greece. Each region has been taken by surprise.The world has been slapped around by climate crisis. ⁦@Bharati09⁩ https://t.co/LzALgrSkJy"},{"created_at":"2021-08-12T08:55:46.000Z","author_id":"131091099","lang":"en","public_metrics":{"retweet_count":37,"reply_count":4,"like_count":76,"quote_count":0},"id":"1425742796707803137","text":"German media are so proud that #Germany has send a few fire fighters and equipment to fight the #wildfires in #Greece. They don't report that Germany was one of the players that forced massive cuts of Greek firebrigades during the #troika years. Hypocrisy... #antireport"},{"created_at":"2021-08-12T08:55:35.000Z","author_id":"1307748390676172802","lang":"en","public_metrics":{"retweet_count":0,"reply_count":0,"like_count":0,"quote_count":0},"id":"1425742751090581506","text":"@IanDunt 3 arrested for starting fire in Greece. Same as fires in Cali and amazon. Man made fires."},{"created_at":"2021-08-12T08:55:14.000Z","author_id":"550948797","lang":"en","public_metrics":{"retweet_count":0,"reply_count":2,"like_count":1,"quote_count":0},"id":"1425742664692031491","text":"@TheMooseOfTruth @toadmeister Its not completely certain the Greece fires were down to climate change: \"A judicial investigation is under way into the causes of the fires, including any links to criminal activity. Several arson suspects have been arrested.\"\n...."},{"created_at":"2021-08-12T08:53:29.000Z","author_id":"570927672","lang":"en","public_metrics":{"retweet_count":0,"reply_count":0,"like_count":0,"quote_count":0},"attachments":{"media_keys":["13_1425729351946055680"]},"id":"1425742222721359879","text":"VIDEO: In the United States, Greece, Turkey and even Russia’s Siberia massive fires have ravaged forests and razed homes.\nHigher temperatures and prolonged droughts in many parts of the world are contributing to making the fires harder to extinguish https://t.co/I6152QABDV"},{"created_at":"2021-08-12T08:53:04.000Z","author_id":"862826271016931331","lang":"en","public_metrics":{"retweet_count":1,"reply_count":1,"like_count":5,"quote_count":0},"id":"1425742118283358211","text":"@fragkos1 Hello Stavros! How are you doing? How is Greece? Wishing you a day of restoration and joy as much as I wish for relief from the fires in Greece. Blessings my friend. \uD83C\uDF39\uD83E\uDD17\uD83D\uDC95\uD83D\uDE4F"},{"created_at":"2021-08-12T08:52:30.000Z","author_id":"1962868621","lang":"en","public_metrics":{"retweet_count":1,"reply_count":0,"like_count":0,"quote_count":0},"attachments":{"media_keys":["3_1425741883817566212"]},"id":"1425741975068753921","text":"Sicily may have recorded a new European record high temperature - as fires burn across the Italian island, as well as parts of the mainland. The heatwave has also brought blazes to Greece, Turkey and Algeria. Our report \uD83D\uDD0A: https://t.co/23ue5Cd46M https://t.co/W4mHLaVfrN"},{"created_at":"2021-08-12T08:51:04.000Z","author_id":"158044902","lang":"en","public_metrics":{"retweet_count":0,"reply_count":0,"like_count":2,"quote_count":2},"id":"1425741612215308292","text":"Moody’s: #Greece vulnerable to climate change, even if cost from fires manageable https://t.co/OmQHz40iV2"},{"created_at":"2021-08-12T08:50:40.000Z","author_id":"1410495200854745089","lang":"en","public_metrics":{"retweet_count":0,"reply_count":0,"like_count":0,"quote_count":0},"attachments":{"media_keys":["13_1425729351946055680"]},"id":"1425741513938583553","text":": In the United States, Greece, Turkey and even Russia’s Siberia massive fires have ravaged forests and razed homes.\nHigher temperatures and prolonged droughts in many parts of the world are contributing to making the fires harder to extinguish https://t.co/rEksa5tkOH\n\n#BREAKING"},{"created_at":"2021-08-12T08:50:00.000Z","author_id":"380648579","lang":"en","public_metrics":{"retweet_count":50,"reply_count":3,"like_count":69,"quote_count":7},"attachments":{"media_keys":["13_1425729351946055680"]},"id":"1425741344715153409","text":"VIDEO: In the United States, Greece, Turkey and even Russia’s Siberia massive fires have ravaged forests and razed homes.\nHigher temperatures and prolonged droughts in many parts of the world are contributing to making the fires harder to extinguish https://t.co/SHFa5Auk9J"},{"created_at":"2021-08-12T08:48:28.000Z","author_id":"186933748","lang":"en","public_metrics":{"retweet_count":0,"reply_count":1,"like_count":2,"quote_count":0},"attachments":{"media_keys":["3_1425740957564219395"]},"id":"1425740960970035206","text":"The nightmare of Evia, an island devoured by flames - At times it feels like the air itself is burning here on Evia. The smell and taste of smoke is ever-present; ash falls from the sky like sinister confetti. https://t.co/96iKHiLUNK #Greece #Wildfires #φωτιες #Πυρκαγια #Εύβοια https://t.co/5I6BDCHA4e"},{"created_at":"2021-08-12T08:43:38.000Z","author_id":"388766055","lang":"en","public_metrics":{"retweet_count":0,"reply_count":0,"like_count":4,"quote_count":1},"attachments":{"media_keys":["3_1425739731745349635"]},"id":"1425739742063255558","text":"@defis_eu @eu_echo @GSCP_GR @WMO @m_parrington @severeweatherEU Reports suggest 20% of Greece's honey output comes from this part of Evia.\n\nAlso the @CopernicusECMWF Fire Weather Index shows very extreme danger conditions across many parts of Med - this from #EFFIS \uD83D\uDE2C https://t.co/F9RvUrUuZx"},{"created_at":"2021-08-12T08:43:29.000Z","author_id":"1257286783823343619","lang":"ja","public_metrics":{"retweet_count":1,"reply_count":0,"like_count":1,"quote_count":0},"id":"1425739706403229696","text":"ギリシャで今でも、数百人の消防士が大規模な火災に対処しており、何千人もの人々が家を追われ、何十もの建物が破壊されています。アテネの北東に位置するエビア島は、1週間前から炎上しており、今も濃い煙が立ち込めています。#火事 #ギリシャ #アテネ #人災 #環境問題　https://t.co/q66APlygtJ"},{"created_at":"2021-08-12T08:43:15.000Z","author_id":"776444786727198720","lang":"en","public_metrics":{"retweet_count":0,"reply_count":0,"like_count":0,"quote_count":0},"id":"1425739645829144577","text":"\uD83D\uDC99\uD83D\uDC9B❤ FATHER PLEASE !!RAINING IN GREECE...AMIN...STOP FIRE...AMEN!!!https://t.co/Pvh4Vyg7dg"},{"created_at":"2021-08-12T08:40:56.000Z","author_id":"466466267","lang":"en","public_metrics":{"retweet_count":3,"reply_count":0,"like_count":10,"quote_count":0},"id":"1425739063328452611","text":"Storm over Evia, but just south of main area hit by fires. \n\n#Greece #wildfires https://t.co/tbA616KHPq"},{"created_at":"2021-08-12T08:40:38.000Z","author_id":"262569741","lang":"en","public_metrics":{"retweet_count":0,"reply_count":0,"like_count":1,"quote_count":0},"attachments":{"media_keys":["3_1425738834474672131"]},"id":"1425738986581004288","text":"#Wildfires are causing serious damage in #Algeria #Greece and #Canada. \uD83D\uDE22  \nWildfires are unplanned fires that burn in natural areas like forests and grasslands. The fires get out of control and can burn for days or even weeks. https://t.co/DJ3JEw0vz6"},{"created_at":"2021-08-12T08:40:35.000Z","author_id":"29038457","lang":"en","public_metrics":{"retweet_count":1,"reply_count":0,"like_count":1,"quote_count":0},"id":"1425738976590245889","text":"2,500-Year-Old Ancient Olive Tree Burned Down in Evia Fires in #Greece\n\n\"The ancient tree was located in the olive grove of Rovia, &amp; was such an enduring symbol of the landscape that the ancient geographer &amp; philosopher Strabo featured it in his writings.\"\nhttps://t.co/5PX8DPcN7N"},{"created_at":"2021-08-12T08:38:14.000Z","author_id":"1039903207","lang":"en","public_metrics":{"retweet_count":0,"reply_count":0,"like_count":0,"quote_count":0},"attachments":{"media_keys":["13_1425714081571368965"]},"id":"1425738384555888645","text":"At least 65 people have been killed in fires raging through northern Algeria. The flames have been stoked by sweltering temperatures that have also exacerbated fires in Greece and Italy https://t.co/7ZT6onaK9y https://t.co/CXU06QIMQ7"},{"created_at":"2021-08-12T08:35:30.000Z","author_id":"163774609","lang":"en","public_metrics":{"retweet_count":0,"reply_count":0,"like_count":0,"quote_count":0},"id":"1425737697067470849","text":"CNN: As fires continue to burn in Greece, anger is simmering too https://t.co/A7n5T7Vt3B (via https://t.co/lgfjwGPwdG )"},{"created_at":"2021-08-12T08:32:17.000Z","author_id":"1659823890","lang":"en","public_metrics":{"retweet_count":0,"reply_count":0,"like_count":0,"quote_count":0},"id":"1425736886904147971","text":"If Dante had filmed the Inferno on his iPhone, it would look like this https://t.co/mlfDImkha7"},{"created_at":"2021-08-12T08:32:00.000Z","author_id":"38490297","lang":"en","public_metrics":{"retweet_count":0,"reply_count":0,"like_count":1,"quote_count":0},"id":"1425736815198318594","text":"@GideonvMeijeren @bpoc2020 @SenHawleyPress  People arrested for Arson all over the Globe, that is not climate change, IMO, \nwho pays them to do that suddenly as it looks organized is my Q! https://t.co/lRZCSJ65xx https://t.co/uzWg04c2hu"},{"created_at":"2021-08-12T08:31:03.000Z","author_id":"18378334","lang":"en","public_metrics":{"retweet_count":1,"reply_count":0,"like_count":0,"quote_count":0},"attachments":{"media_keys":["3_1425736577410506752"]},"id":"1425736579012694021","text":"The nightmare of Greece's Evia, an island devoured by flames - CNN https://t.co/QOkZYocC7J https://t.co/WaJFfYsRO1"},{"created_at":"2021-08-12T08:26:42.000Z","author_id":"2324954208","lang":"en","public_metrics":{"retweet_count":0,"reply_count":0,"like_count":2,"quote_count":0},"id":"1425735484257406977","text":"realising there's fires in italy, greece, turkey and lebanon, climate change is scary:))"},{"created_at":"2021-08-12T08:26:06.000Z","author_id":"603770837","lang":"en","public_metrics":{"retweet_count":0,"reply_count":0,"like_count":0,"quote_count":0},"id":"1425735331983372290","text":"Cool. Also, can he use 0.1% of that jersey price to help homeless people + those now without homes due to current #fires in #Turkey, #Greece, #Algeria or elsewhere? Talk about #priorities in life \uD83E\uDD37‍♂️ https://t.co/wRXuxdiSW8"},{"created_at":"2021-08-12T08:25:57.000Z","author_id":"1889784728","lang":"en","public_metrics":{"retweet_count":1,"reply_count":0,"like_count":1,"quote_count":0},"id":"1425735292997312512","text":"Climate change is real, Wildfires now bringing almost everything down In Algeria #PrayForAlgeria \nTurkey is struggling with floods, China,Germany, Belgium suffered the same, \nGreece, Italy,Turkey, Siberia, Tunisia, and some parts of Europe battling fires due to high temperatures"},{"created_at":"2021-08-12T08:23:12.000Z","author_id":"2606904724","lang":"en","public_metrics":{"retweet_count":0,"reply_count":1,"like_count":0,"quote_count":1},"attachments":{"media_keys":["3_1425734599594979332"]},"id":"1425734602061225986","text":"You've heard about the fires in America. You've heard about the fires in Greece. You've posted calling for action. But have you done anything for Turkey? More than 7 states have been dealing with unmanageable fires for weeks with hundreds of helpless people and animals dying. https://t.co/VyKncIne3f"},{"created_at":"2021-08-12T08:22:28.000Z","author_id":"599613363","lang":"en","public_metrics":{"retweet_count":0,"reply_count":0,"like_count":2,"quote_count":0},"id":"1425734417025282049","text":"Europe's heatwave continues - referred to here as a summer of calamity. Greece is the new epicentre with fires raging and ferry ships enlisted to rescue locals from beaches. \n\n#ExtremeWeather #Europe \n\nhttps://t.co/mpElb5MVpa"},{"created_at":"2021-08-12T08:21:01.000Z","author_id":"1236679124632002561","lang":"en","public_metrics":{"retweet_count":0,"reply_count":0,"like_count":0,"quote_count":0},"id":"1425734052179496960","text":"As fires continue to burn in Greece, anger is simmering too https://t.co/Gp8v9b6Kne"},{"created_at":"2021-08-12T08:20:19.000Z","author_id":"1596922814","lang":"en","public_metrics":{"retweet_count":0,"reply_count":0,"like_count":0,"quote_count":0},"id":"1425733877453234179","text":"#mapping the #fire damages in #Evia #Greece \uD83D\uDE22 https://t.co/ARl9CA8pMW"},{"created_at":"2021-08-12T08:20:00.000Z","author_id":"380648579","lang":"en","public_metrics":{"retweet_count":47,"reply_count":2,"like_count":41,"quote_count":5},"attachments":{"media_keys":["13_1425729370568658946"]},"id":"1425733795051884544","text":"VIDEO: Wildfires in Greece leave livestock herds and beehives decimated. Nearly 100,000 hectares of forestry and farmland have burned in less than two weeks in Greece in the worst wave of wildfires since 2007, according to the European Forest Fire Information System (EFFIS) https://t.co/k7RnJiwZb8"},{"created_at":"2021-08-12T08:19:14.000Z","author_id":"1393103917819564032","lang":"en","public_metrics":{"retweet_count":0,"reply_count":2,"like_count":6,"quote_count":0},"id":"1425733601883303939","text":"It's so sad seeing so many beautiful places and vast woods burning right now all over the Balkans and in other places. Bulgaria is on fire, Turkey, Greece, Russia...we haven't had rain in a while and it is so hot here. And some people still say there are no climate changes.\uD83E\uDD37\uD83D\uDE44"},{"created_at":"2021-08-12T08:17:26.000Z","author_id":"288431571","lang":"en","public_metrics":{"retweet_count":0,"reply_count":1,"like_count":6,"quote_count":0},"id":"1425733148877459460","text":"@CamJ1994 @TheRstott @RoboScorpion @GMB @KerryKatona7 I mean if you take things literally like that then no. Although large parts of the world have been having very bad fires, look at Greece recently, north America, Siberia etc etc. It's not scaremongering."},{"created_at":"2021-08-12T08:17:14.000Z","author_id":"1372530334714183680","lang":"en","public_metrics":{"retweet_count":0,"reply_count":1,"like_count":0,"quote_count":0},"id":"1425733099829268485","text":"@CamJ1994 @RoboScorpion @GMB @KerryKatona7 Those arsonists arrested in Greece are not being mentioned much in the VERY SAME media that was blaming for those fires climate change a week or so back."},{"created_at":"2021-08-12T08:15:56.000Z","author_id":"1274500625917792259","lang":"en","public_metrics":{"retweet_count":0,"reply_count":0,"like_count":0,"quote_count":0},"id":"1425732774087086080","text":"I hope all those firefighters from around the world that are rushing to help with Greek wildfires brought chemicals extinguishers and not just hoses: You never use water on a Greece fire. (thanks Clay_Pigeon from Reddit dadjokes)"},{"created_at":"2021-08-12T08:14:14.000Z","author_id":"772902210204233733","lang":"en","public_metrics":{"retweet_count":0,"reply_count":1,"like_count":2,"quote_count":0},"id":"1425732343986331649","text":"Greece, Turkey, Algeria - Is there a country in this region that is NOT currently on fire? https://t.co/J9KH5Ual7J"},{"created_at":"2021-08-12T08:12:31.000Z","author_id":"884346472917086209","lang":"en","public_metrics":{"retweet_count":0,"reply_count":0,"like_count":0,"quote_count":0},"id":"1425731911603953672","text":"Who set Greece on fire? @UnHerd https://t.co/2krmDinw33 \n\nInt. article about how richest 10% of global elite emit more than half of the globes emissions.....&amp; want the rest of us to cut emissions and eat insects - so that they can carry of their profligate ways\n@JuliaHB1 @Iromg"},{"created_at":"2021-08-12T08:11:51.000Z","author_id":"558094857","lang":"en","public_metrics":{"retweet_count":1,"reply_count":0,"like_count":0,"quote_count":0},"id":"1425731744326692864","text":"Algeria is on fire\nGreece is on fire\nTurkey is underwater \nAnd Italy is recording its highest temperatures \n\nThis is just going to get worse and worse https://t.co/56mvmr1WW2"},{"created_at":"2021-08-12T08:10:55.000Z","author_id":"1249617497239826433","lang":"en","public_metrics":{"retweet_count":0,"reply_count":0,"like_count":0,"quote_count":0},"id":"1425731509776961536","text":"Multiple Fires in Greece Linked to Arson, Suspects Arrested https://t.co/RdPJvDwPGB via @greekreporter"},{"created_at":"2021-08-12T08:10:08.000Z","author_id":"45835391","lang":"en","public_metrics":{"retweet_count":0,"reply_count":1,"like_count":3,"quote_count":0},"id":"1425731311487098886","text":"Although Climate Change is real, don't forget some complete PRAT is responsible for starting the fires across Greece and Turkey (people have been arrested). Similarly fires in Australia. For the most part they are started by people - very few started by lightning/pole strikes"},{"created_at":"2021-08-12T08:08:01.000Z","author_id":"537272001","lang":"en","public_metrics":{"retweet_count":1,"reply_count":0,"like_count":2,"quote_count":0},"attachments":{"media_keys":["3_1425730779666173955"]},"id":"1425730780983136263","text":"#BBCnews is in Greece covering the fires https://t.co/W8bYvdkVjc"},{"created_at":"2021-08-12T08:06:56.000Z","author_id":"22356887","lang":"en","public_metrics":{"retweet_count":13,"reply_count":3,"like_count":108,"quote_count":0},"id":"1425730507942342659","text":"How bad was the heatwave and fires, you ask?\nToday is rainy and windy with 29°C and it feels cold enough to wear a jumper while clearing ash from the outdoor furniture. \n#Greece #TheEndIsNigh #EndOfDays #29CIsNotColdFFS"},{"created_at":"2021-08-12T08:05:17.000Z","author_id":"2789527352","lang":"en","public_metrics":{"retweet_count":6,"reply_count":1,"like_count":11,"quote_count":0},"id":"1425730091703848960","text":"#UAE continues to operate relief air bridge to help those affected by fires in #Greece\n#GreeceFires \n#WamNews \nhttps://t.co/EJT4Nwccdm"},{"created_at":"2021-08-12T08:05:16.000Z","author_id":"896877581940781056","lang":"en","public_metrics":{"retweet_count":0,"reply_count":0,"like_count":0,"quote_count":0},"id":"1425730089308676101","text":"https://t.co/IErRZNkBEW  \n  Blackened with soot, their breath rasping from days of exposure to smoke and flames, they looked forlorn."},{"created_at":"2021-08-12T08:04:31.000Z","author_id":"896877581940781056","lang":"en","public_metrics":{"retweet_count":0,"reply_count":0,"like_count":0,"quote_count":0},"id":"1425729901471043585","text":"https://t.co/IErRZNkBEW  \n  Eight days of flames ripping through these virgin forests have left behind nothing but blackened branches and ashen ground."},{"created_at":"2021-08-12T08:03:46.000Z","author_id":"896877581940781056","lang":"en","public_metrics":{"retweet_count":0,"reply_count":0,"like_count":0,"quote_count":0},"id":"1425729711141920770","text":"https://t.co/IErRZNkBEW  \n  As the forests continue to burn, anger is simmering too."},{"created_at":"2021-08-12T08:03:16.000Z","author_id":"65019787","lang":"en","public_metrics":{"retweet_count":0,"reply_count":0,"like_count":1,"quote_count":0},"id":"1425729585006657539","text":"Greece and Turkey is burning.. \n\nis the world ending via fire?"},{"created_at":"2021-08-12T08:03:07.000Z","author_id":"896877581940781056","lang":"en","public_metrics":{"retweet_count":0,"reply_count":0,"like_count":0,"quote_count":0},"id":"1425729545802448897","text":"https://t.co/IErRZNkBEW  \n  At the edge of the forests, being devoured by flames as tall as the trees themselves, exhausted firefighters mingle with desperate villagers."},{"created_at":"2021-08-12T08:02:31.000Z","author_id":"965220690076012546","lang":"en","public_metrics":{"retweet_count":0,"reply_count":0,"like_count":1,"quote_count":0},"id":"1425729395621253121","text":"Aww!!!! As fires continue to burn in Greece, anger is simmering too https://t.co/InMa3dgp5t\n#Reuters\n#greeceisburning\n#GreeceFires\n#Greece\n#Turkey"},{"created_at":"2021-08-12T08:02:14.000Z","author_id":"896877581940781056","lang":"en","public_metrics":{"retweet_count":0,"reply_count":4,"like_count":0,"quote_count":0},"id":"1425729323542085635","text":"https://t.co/IErRZNkBEW  \n  The nightmare of Greece's Evia, an island devoured by flames - CNN."},{"created_at":"2021-08-12T08:02:08.000Z","author_id":"727431343240400896","lang":"en","public_metrics":{"retweet_count":1,"reply_count":0,"like_count":8,"quote_count":0},"attachments":{"media_keys":["3_1425729296698466306"]},"id":"1425729298372038658","text":"Former Royal Estate of Tatoi saved from devastating forest fires https://t.co/Ph5rl4nkGp\n#greece #greek #greekcitytimes https://t.co/R5vZPeJAz9"},{"created_at":"2021-08-12T08:00:41.000Z","author_id":"1524819096","lang":"en","public_metrics":{"retweet_count":0,"reply_count":0,"like_count":3,"quote_count":0},"id":"1425728932888862732","text":"@MctinIvor Just google Fires Greece Arrested or arson and count them in the several articles with the mentioned regions. It’s more than 10 btw…"},{"created_at":"2021-08-12T08:00:01.000Z","author_id":"603126005","lang":"en","public_metrics":{"retweet_count":7,"reply_count":1,"like_count":27,"quote_count":2},"id":"1425728768593833986","text":"Unidentified royal artefacts burnt in fire at Tatoi Palace https://t.co/kgzVt262Gi"},{"created_at":"2021-08-12T07:59:58.000Z","author_id":"1398351149221224453","lang":"en","public_metrics":{"retweet_count":0,"reply_count":0,"like_count":0,"quote_count":0},"id":"1425728753209065472","text":"As wildfires continue, anger is simmering on the Greek island devoured by flames by José Luis Emilio Velutini https://t.co/D4cg2Uuhsf At times it feels like the air itself is burning here on Evia. The smell and taste of smoke is ever-present; ash falls from the sky like siniste…"},{"created_at":"2021-08-12T07:59:13.000Z","author_id":"14149346","lang":"und","public_metrics":{"retweet_count":0,"reply_count":0,"like_count":0,"quote_count":0},"id":"1425728564222210051","text":"@leftISbest99 @JamesJa58943186 @mrow84 @AaronBastani https://t.co/zjBJFsMGDK"},{"created_at":"2021-08-12T07:58:51.000Z","author_id":"124672114","lang":"en","public_metrics":{"retweet_count":0,"reply_count":0,"like_count":0,"quote_count":0},"id":"1425728475277709315","text":"TIME \"\"Unprecedented.\" Massive forest fire ravages Greece's second largest island\nhttps://t.co/YkyrQWRhhQ\""},{"created_at":"2021-08-12T07:58:13.000Z","author_id":"800683138720501760","lang":"en","public_metrics":{"retweet_count":1,"reply_count":0,"like_count":0,"quote_count":0},"id":"1425728314216521729","text":"Record number of wildfires burn large swaths of Siberia https://t.co/jWDc455gTx The wildfires in Russia are larger than all the other large wildfires currently burning in Greece, Turkey, Italy, Canada and the United States, combined."},{"created_at":"2021-08-12T07:57:24.000Z","author_id":"1299292119706734592","lang":"en","public_metrics":{"retweet_count":0,"reply_count":0,"like_count":0,"quote_count":0},"id":"1425728109144428546","text":"'Unprecedented.' Massive Forest Fire Ravages Greece's Second Largest Island"},{"created_at":"2021-08-12T07:57:09.000Z","author_id":"155556580","lang":"en","public_metrics":{"retweet_count":0,"reply_count":0,"like_count":0,"quote_count":0},"id":"1425728044078141440","text":"Solidarity with the Greek people for the fires by the Palestinian ambassador in Athens https://t.co/wmkbacXZkp"},{"created_at":"2021-08-12T07:56:16.000Z","author_id":"1541369246","lang":"en","public_metrics":{"retweet_count":0,"reply_count":0,"like_count":0,"quote_count":0},"id":"1425727822866362371","text":"The nightmare of Greece's Evia, an island devoured by flames - CNN https://t.co/HTuTikRjSJ"},{"created_at":"2021-08-12T07:53:44.000Z","author_id":"315250462","lang":"en","public_metrics":{"retweet_count":1,"reply_count":1,"like_count":2,"quote_count":0},"id":"1425727185239875585","text":"@Annanewsi @theodoraaigina Rain at last\nI hope it's enough to put out all the fires and that the Govt can help those effected by this disaster to be rehoused etc...\nMy prayers to all in Greece and other areas effected by the fires"},{"created_at":"2021-08-12T07:53:30.000Z","author_id":"2974445129","lang":"en","public_metrics":{"retweet_count":2,"reply_count":0,"like_count":10,"quote_count":3},"attachments":{"media_keys":["3_1425727123814223873"]},"id":"1425727127379496962","text":"United in delivering hope for the future.\n€15 million emergency grant from the Stavros Niarchos Foundation (SNF) responds to fire crisis in Greece.\nRead more: https://t.co/ssrxvOksGi https://t.co/ll0wTL2PZX"},{"created_at":"2021-08-12T07:51:52.000Z","author_id":"847176420","lang":"es","public_metrics":{"retweet_count":0,"reply_count":0,"like_count":0,"quote_count":0},"id":"1425726715171647497","text":"Vía @Ciencia1com Alerta: Green forest fire alert in Greece https://t.co/aE8tX7sTS6"},{"created_at":"2021-08-12T07:46:29.000Z","author_id":"1342689364199919617","lang":"en","public_metrics":{"retweet_count":0,"reply_count":0,"like_count":0,"quote_count":0},"id":"1425725359320875008","text":"The nightmare of Greece's Evia, an island devoured by flames - CNN https://t.co/eQK8x5s1Gl"},{"created_at":"2021-08-12T07:46:22.000Z","author_id":"126042283","lang":"en","public_metrics":{"retweet_count":1,"reply_count":0,"like_count":4,"quote_count":0},"id":"1425725331445624832","text":"Great story from @AymanOghanna on the Greece fires, for @BBCNewsnight. Watch it!\nhttps://t.co/rz0cV80rIF"},{"created_at":"2021-08-12T07:46:19.000Z","author_id":"761808029352390656","lang":"en","public_metrics":{"retweet_count":0,"reply_count":0,"like_count":0,"quote_count":0},"id":"1425725319416274944","text":"The nightmare of Greece's Evia, an island devoured by flames - CNN https://t.co/4DgUBEKtOI"},{"created_at":"2021-08-12T07:45:00.000Z","author_id":"1652541","lang":"en","public_metrics":{"retweet_count":622,"reply_count":42,"like_count":780,"quote_count":75},"attachments":{"media_keys":["13_1425714081571368965"]},"id":"1425724986854191107","text":"At least 65 people have been killed in fires raging through northern Algeria. The flames have been stoked by sweltering temperatures that have also exacerbated fires in Greece and Italy https://t.co/PfOZmuAcxb https://t.co/Xe7eLVF1cb"},{"created_at":"2021-08-12T07:44:44.000Z","author_id":"724310822","lang":"en","public_metrics":{"retweet_count":0,"reply_count":0,"like_count":0,"quote_count":0},"id":"1425724919879544832","text":"Global wildfires: Greece surveys damage from fires of \"exceptional magnitude\" https://t.co/dogilQw23G"},{"created_at":"2021-08-12T07:43:26.000Z","author_id":"105265349","lang":"en","public_metrics":{"retweet_count":0,"reply_count":0,"like_count":0,"quote_count":0},"id":"1425724595638870017","text":"Someone please point out to Kerry fish have no portaloos, then go back and ask her opinion. Also, would someone ask her how the people are who have been displaced by the fires in Turkey and Greece? https://t.co/Quc4Q8KECi"},{"created_at":"2021-08-12T07:42:57.000Z","author_id":"3178936596","lang":"en","public_metrics":{"retweet_count":0,"reply_count":0,"like_count":0,"quote_count":0},"id":"1425724473374875651","text":"The nightmare of Greece's Evia, an island devoured by flames - CNN https://t.co/JnDsyJyEdA"},{"created_at":"2021-08-12T07:42:37.000Z","author_id":"2999078306","lang":"en","public_metrics":{"retweet_count":0,"reply_count":0,"like_count":1,"quote_count":0},"id":"1425724387110555648","text":"Solidarity of the highest levels! \uD83D\uDE4F\uD83C\uDFFDGreece Fires: Foreign Assistance Surpasses All Expectations https://t.co/la2xdwGuCw via @greekreporter #GreeceFires @defis_eu @eu_echo"},{"created_at":"2021-08-12T07:41:17.000Z","author_id":"582220312","lang":"en","public_metrics":{"retweet_count":0,"reply_count":0,"like_count":1,"quote_count":1},"id":"1425724053877362688","text":"@retailmentoring Exactly. There’s so, so much more to be done. These poor people with their fire ravaged lands. I saw a scene from a ferry boat in Greece with people looking towards the fires on land—like something out of War of the Worlds."},{"created_at":"2021-08-12T07:38:17.000Z","author_id":"919957288252780544","lang":"en","public_metrics":{"retweet_count":0,"reply_count":0,"like_count":4,"quote_count":0},"id":"1425723297916981249","text":"Turkey, Greece and now Algeria. Last month it was Floods.\nThis month it is Fire."},{"created_at":"2021-08-12T07:38:10.000Z","author_id":"3479763028","lang":"en","public_metrics":{"retweet_count":0,"reply_count":0,"like_count":0,"quote_count":0},"id":"1425723268590411781","text":"Cost from the fires that hit #Greece  this month is manageable, says credit ratings agency Moody’s, but events highlight the country’s elevated exposure to environmental risks, particularly those stemming from climate change. #environment #Forestfires \n\nhttps://t.co/lv68fbmaBL"},{"created_at":"2021-08-12T07:37:58.000Z","author_id":"104761748","lang":"en","public_metrics":{"retweet_count":1,"reply_count":0,"like_count":0,"quote_count":0},"id":"1425723219760369667","text":"Just in the last 10 days, the second largest wildfire in California (Dixie), 190 in Siberia, around 600 in Greece, more than 200 in Turkey, close to 500 in Italy..all forest fires.. numbers tell the story https://t.co/CXaO4kwRlj"},{"created_at":"2021-08-12T07:37:44.000Z","author_id":"30593431","lang":"en","public_metrics":{"retweet_count":0,"reply_count":0,"like_count":0,"quote_count":0},"id":"1425723159718895617","text":"Wildfires: why are there so many this year?\n\nIn the United States, Greece, Turkey and Siberia massive fires have ravaged forests... [ https://t.co/hxQyeFLL2F ]"},{"created_at":"2021-08-12T07:37:23.000Z","author_id":"39844441","lang":"en","public_metrics":{"retweet_count":0,"reply_count":0,"like_count":0,"quote_count":0},"id":"1425723070476550144","text":"GREECE IS ON FIRE | Extinction Rebellion UK https://t.co/0qktg1oAwf #SiX #MonthsToSaveEarth #Love #Life Dedicate 140 min/day to fight the climate change monster heatwaves, floods, fires and hurricanes. https://t.co/cF1TV3qGap"},{"created_at":"2021-08-12T07:36:31.000Z","author_id":"1103063180","lang":"en","public_metrics":{"retweet_count":0,"reply_count":0,"like_count":2,"quote_count":0},"attachments":{"media_keys":["3_1425722814200483840","3_1425722823494995968","3_1425722833162981379","3_1425722848618979330"]},"id":"1425722851642982402","text":"Many thanks again for all the rainy and kind wishes and to the amazing fire fighters from other countries like Romania and the Ukraine who so valiantly are helping Greece. Before dawn I could see the stars in the clear sky and now more rain clouds are appearing. https://t.co/FvmIPsCwzm"},{"created_at":"2021-08-12T07:34:24.000Z","author_id":"1287330760534429696","lang":"en","public_metrics":{"retweet_count":0,"reply_count":0,"like_count":0,"quote_count":0},"id":"1425722318848937987","text":"As fires continue to burn in Greece, anger is simmering too https://t.co/tQ8MYuXrjv"},{"created_at":"2021-08-12T07:34:14.000Z","author_id":"14293301","lang":"en","public_metrics":{"retweet_count":0,"reply_count":0,"like_count":3,"quote_count":0},"id":"1425722276901801993","text":"Greece fires: Welsh firefighters help battle wildfires - well done Craig Hope and team. https://t.co/33bM0anecQ"},{"created_at":"2021-08-12T07:31:27.000Z","author_id":"49990050","lang":"en","public_metrics":{"retweet_count":0,"reply_count":0,"like_count":0,"quote_count":0},"id":"1425721579581935618","text":"GREECE ON FIRE: Lighting strikes ignite new fires west of Athens https://t.co/qHh0744AeB via @greekcitytimes"},{"created_at":"2021-08-12T07:31:04.000Z","author_id":"759251","lang":"en","public_metrics":{"retweet_count":70,"reply_count":19,"like_count":231,"quote_count":4},"id":"1425721482030764034","text":"As fires continue to burn in Greece, anger is simmering too https://t.co/YVk9XDP4MH"}],"includes":{"media":[{"media_key":"3_1425747414510616578","type":"photo","url":"https://pbs.twimg.com/media/E8lFuDVWQAIiPR_.jpg"},{"media_key":"3_1425746737038233606","type":"photo","url":"https://pbs.twimg.com/media/E8lFGnjWEAYKh5M.jpg"},{"media_key":"3_1425744042743193601","type":"photo","url":"https://pbs.twimg.com/media/E8lCpyhWYAEhEuS.jpg"},{"media_key":"3_1425744944321400840","type":"photo","url":"https://pbs.twimg.com/media/E8lDeRKWEAgsp0N.jpg"},{"media_key":"7_1425744531744559107","public_metrics":{"view_count":90},"type":"video"},{"media_key":"13_1425729351946055680","public_metrics":{"view_count":4308},"type":"video"},{"media_key":"3_1425741883817566212","type":"photo","url":"https://pbs.twimg.com/media/E8lAsH5XoAQ2PMr.jpg"},{"media_key":"3_1425740957564219395","type":"photo","url":"https://pbs.twimg.com/media/E8k_2NVXMAMS0yN.jpg"},{"media_key":"3_1425739731745349635","type":"photo","url":"https://pbs.twimg.com/media/E8k-u2zXoAMNwMM.jpg"},{"media_key":"3_1425738834474672131","type":"photo","url":"https://pbs.twimg.com/media/E8k96oNXoAMjvdh.jpg"},{"media_key":"13_1425714081571368965","public_metrics":{"view_count":53229},"type":"video"},{"media_key":"3_1425736577410506752","type":"photo","url":"https://pbs.twimg.com/media/E8k73P_VoAAD88d.jpg"},{"media_key":"3_1425734599594979332","type":"photo","url":"https://pbs.twimg.com/media/E8k6EIDXsAQQ_uW.jpg"},{"media_key":"13_1425729370568658946","public_metrics":{"view_count":4268},"type":"video"},{"media_key":"3_1425730779666173955","type":"photo","url":"https://pbs.twimg.com/media/E8k2lxtX0AMozEm.jpg"},{"media_key":"3_1425729296698466306","type":"photo","url":"https://pbs.twimg.com/media/E8k1PdOUYAIPM8M.jpg"},{"media_key":"3_1425727123814223873","type":"photo","url":"https://pbs.twimg.com/media/E8kzQ-mWEAEEuvQ.jpg"},{"media_key":"3_1425722814200483840","type":"photo","url":"https://pbs.twimg.com/media/E8kvWICXEAA6GX3.jpg"},{"media_key":"3_1425722823494995968","type":"photo","url":"https://pbs.twimg.com/media/E8kvWqqWEAAmmqo.jpg"},{"media_key":"3_1425722833162981379","type":"photo","url":"https://pbs.twimg.com/media/E8kvXOrX0AMvT4z.jpg"},{"media_key":"3_1425722848618979330","type":"photo","url":"https://pbs.twimg.com/media/E8kvYIQXoAIwbWA.jpg"}]},"meta":{"newest_id":"1425747890958389248","oldest_id":"1425721482030764034","result_count":100,"next_token":"b26v89c19zqg8o3fpdm8kss5ome8mhcmo6lftt46b9r3x"}}