{"data":[{"lang":"en","author_id":"1284890693907951618","attachments":{"media_keys":["3_1425721058460581892"]},"created_at":"2021-08-12T07:29:25.000Z","public_metrics":{"retweet_count":2,"reply_count":0,"like_count":8,"quote_count":0},"text":"\uD83C\uDDEC\uD83C\uDDF7\uD83E\uDD1D\uD83C\uDDEE\uD83C\uDDF1 Israel sent two more firefighting planes to Greece.\n\nAs it became known, Israeli Prime Minister Naftali Bennett called Greek Prime Minister Kiriakos Mitsotakis to express his solidarity and support for Greece, which is facing large-scale fires. https://t.co/874qtJ7u7H","id":"1425721065616154628"},{"lang":"en","author_id":"599488426","created_at":"2021-08-12T07:29:00.000Z","public_metrics":{"retweet_count":0,"reply_count":0,"like_count":5,"quote_count":0},"text":"Because that’s what they do for extreme weather situations. Flooding in Germany, Greece on fire, 48 degrees in Sicily… and then as a footnote “thought to be caused by climate change”. MAKE CLIMATE CHANGE THE HEADLINE. (2/2)","id":"1425720962553614336"},{"lang":"en","author_id":"1047792604379795456","created_at":"2021-08-12T07:27:47.000Z","public_metrics":{"retweet_count":1,"reply_count":0,"like_count":1,"quote_count":0},"text":"Archbishop @Elpidophoros of America​ announced the creation of a special portal on the Archdiocese’s website, where one can make a direct donation for this cause\n#orthodox_times https://t.co/AroQBVdbKn","id":"1425720657225175042"},{"lang":"en","author_id":"352299942","created_at":"2021-08-12T07:27:11.000Z","public_metrics":{"retweet_count":4,"reply_count":0,"like_count":8,"quote_count":0},"text":"Yesterday's @CopernicusEMS mapping of the forest fire in Evia shows the extent of the devastation. More than 50,900 hectares have been destroyed by the blaze that began Aug. 3.\n\n#Greece #GreeceFires #Forestfires https://t.co/ku2pOhiqia","id":"1425720503218622465"},{"lang":"en","author_id":"143785615","attachments":{"media_keys":["3_1425719163281084418","3_1425719163302129668","3_1425719163306262528"]},"created_at":"2021-08-12T07:21:53.000Z","public_metrics":{"retweet_count":1,"reply_count":0,"like_count":0,"quote_count":0},"text":"So we’ve heard a lot about the fires in California, and in Europe - Turkey, Greece, Italy etc.\n\nBut why is no-one talking about Africa - Angola, Zambia, Tanzania, the DRC?!\n\nSee pics for comparisons, taken from @Windycom app.\n\n#Africaisburning\n#ClimateCrisis \n#ClimateEmergency https://t.co/jSfMHV6Kfb","id":"1425719168805056513"},{"lang":"en","author_id":"358087483","created_at":"2021-08-12T07:20:24.000Z","public_metrics":{"retweet_count":0,"reply_count":0,"like_count":0,"quote_count":0},"text":"Green forest fire alert in Greece https://t.co/nPcUBjlPHO","id":"1425718798900994049"},{"lang":"en","author_id":"184614892","created_at":"2021-08-12T07:20:23.000Z","public_metrics":{"retweet_count":0,"reply_count":1,"like_count":1,"quote_count":0},"text":"@Asfandiyarshah1 This video is from 28. July 2021, and ended the very same week. I guess you’ve slept on it. Welcome back to Twitter! Please create awareness of the raging fire in Algeria and Greece right now. They need help","id":"1425718794836643840"},{"lang":"en","author_id":"36933344","created_at":"2021-08-12T07:19:12.000Z","public_metrics":{"retweet_count":0,"reply_count":0,"like_count":0,"quote_count":0},"text":"All the news is talking about is Greece.\n\nBut look at where the fires are raging. https://t.co/UQ601HjkJw","id":"1425718493304049670"},{"lang":"en","author_id":"16141692","created_at":"2021-08-12T07:18:35.000Z","public_metrics":{"retweet_count":2,"reply_count":0,"like_count":4,"quote_count":0},"text":"In one month, Russian fires emitted carbon equal to Sweden’s total CO2 emissions for the year. The fires raging in Siberia are bigger than fires in Greece, Turkey, Italy, the United States and Canada combined https://t.co/jru5WF6mc1","id":"1425718340983554055"},{"lang":"en","author_id":"1265307238425669633","created_at":"2021-08-12T07:17:56.000Z","public_metrics":{"retweet_count":2,"reply_count":5,"like_count":48,"quote_count":0},"text":"Good morning ☺\nThe big fire in Greece is finally put out and a little more rain is expected today \uD83C\uDF27️\uD83D\uDE4C\uD83C\uDFFB","id":"1425718176176816128"},{"lang":"en","author_id":"1423733996052226052","created_at":"2021-08-12T07:14:14.000Z","public_metrics":{"retweet_count":0,"reply_count":0,"like_count":4,"quote_count":0},"text":"Canada, Greece and Tunisia are fighting fire. Belgium, Germany, China and North Korea have had severe weather. There is almost no North Pole anymore, and the earth's thermostat will soon be broken, what are we waiting for? For it to be too late?","id":"1425717247071428610"},{"lang":"en","author_id":"1339949024955281409","created_at":"2021-08-12T07:13:52.000Z","public_metrics":{"retweet_count":0,"reply_count":1,"like_count":0,"quote_count":0},"text":"@son_of_kernow @iancrichton4 @damienXTR @quasirob @rec777777 @DarrylRichard12 @SmackWhiskey @andyfarnell07 @RichardSweeney2 @JenniferCoogan1 @Stoneybe1 @judger62 @Gareth16840733 @Schofield7Pete @8981914be0b1438 @greyson_ian @PetrasPics66 @Bellagio_bound @cozz007 @ClareAdams @Stephen1010102 @robertsessford1 @LynnWal12343534 @ShearerRab @RevengeofShino1 @PieroTi1971 @eaglewolfuk @barry_halverson @travellersuzy @SimonTemplarGB @BorisJohnson @Keir_Starmer @BBCNews @Channel4News Complete drivel from Rejoin as usual.\n\nThe video was from 2019 and was refugees starting fires in Greece, completely in context, and how could it be misunderstood?  Refugees starting fires in Greece, its exactly what it says on the tin.","id":"1425717151818817537"},{"lang":"en","author_id":"3374384854","created_at":"2021-08-12T07:12:09.000Z","public_metrics":{"retweet_count":0,"reply_count":0,"like_count":0,"quote_count":0},"text":"UAE continues to operate relief air bridge to help those affected by fires in Greece https://t.co/oThllDHDWp","id":"1425716720107458562"},{"lang":"en","author_id":"1328609899211796480","created_at":"2021-08-12T07:12:06.000Z","public_metrics":{"retweet_count":0,"reply_count":0,"like_count":0,"quote_count":0},"text":"UAE continues to operate relief air bridge to help those affected by fires in Greece https://t.co/n7B4YZLpqe","id":"1425716708241821700"},{"lang":"en","author_id":"1257209060782297088","created_at":"2021-08-12T07:10:27.000Z","public_metrics":{"retweet_count":0,"reply_count":0,"like_count":0,"quote_count":0},"text":"UAE continues to operate relief air bridge to help those affected by fires in Greece https://t.co/gyHjtLD2wI","id":"1425716292292648961"},{"lang":"en","author_id":"2185847322","created_at":"2021-08-12T07:10:18.000Z","public_metrics":{"retweet_count":0,"reply_count":1,"like_count":0,"quote_count":0},"text":"The world is literally on fire \nGreece, USA, Italy, Turkey, Russia are having a ton of wild fires. Wildfires are getting closer to the poles and THAT gets closer to thawing the permafrost in Siberia that can literally create a ticking 'Methane Bomb'.","id":"1425716256167153664"},{"lang":"ar","author_id":"615314107","attachments":{"media_keys":["3_1425714320860663809"]},"created_at":"2021-08-12T07:10:00.000Z","public_metrics":{"retweet_count":19,"reply_count":0,"like_count":18,"quote_count":1},"text":"طائرة مساعدات إماراتية ثانية إلى #اليونان\n\nأرسلت الإمارات طائرة مساعدات ثانية إلى العاصمة اليونانية أثينا ضمن الجسر الجوي الإنساني الذي تسيره #الإمارات لدعم اليونان في مكافحة حرائق الغابات\n\nرابط الخبر | https://t.co/WpHEg5t7sC\n\n@uaeembassygr\n#عينك_على_العالم https://t.co/dHSK19dyMV","id":"1425716178832527362"},{"lang":"ur","author_id":"1141285449824178176","attachments":{"media_keys":["3_1425715452114726914"]},"created_at":"2021-08-12T07:07:07.000Z","public_metrics":{"retweet_count":0,"reply_count":0,"like_count":0,"quote_count":0},"text":"دنیا کے مختلف ممالک میں جنگلاتی آگ بدستور بے قابو - https://t.co/A94g5g5hVK https://t.co/37IWD4om3G","id":"1425715453825982468"},{"lang":"en","author_id":"2831769015","created_at":"2021-08-12T07:06:31.000Z","public_metrics":{"retweet_count":1,"reply_count":0,"like_count":4,"quote_count":0},"text":"I really dont like seeing areas in Greece trending this time of the year cause that means 90% fire :^)","id":"1425715301883252736"},{"lang":"en","author_id":"2341064798","created_at":"2021-08-12T07:03:22.000Z","public_metrics":{"retweet_count":0,"reply_count":0,"like_count":0,"quote_count":0},"text":"Forest fires have set large parts of Algeria, Turkey and Greece aflame over the past week, and a European Union atmosphere monitor said the Mediterranean had become a wildfire hot spot aided by increasingly hot weather. https://t.co/vpL8gZvUED","id":"1425714509969244163"},{"lang":"en","author_id":"1081765138133266432","created_at":"2021-08-12T07:01:24.000Z","public_metrics":{"retweet_count":0,"reply_count":1,"like_count":0,"quote_count":0},"text":"Especially considering recent events (the fires in Greece and the Mediterranean for example), we may somehow be in an even more dire situation than the one the book details, and that's a terrifying notion.","id":"1425714017205587969"},{"lang":"en","author_id":"2097571","created_at":"2021-08-12T07:01:09.000Z","public_metrics":{"retweet_count":17,"reply_count":8,"like_count":71,"quote_count":2},"text":"As fires continue to burn in Greece, anger is simmering too https://t.co/E7R0rGm1QV","id":"1425713952261124102"},{"lang":"en","author_id":"1194283146042195968","created_at":"2021-08-12T07:00:22.000Z","public_metrics":{"retweet_count":0,"reply_count":0,"like_count":0,"quote_count":0},"text":"Rain brought relief to fires in Greece https://t.co/b8MvEPpISX","id":"1425713756483604485"},{"lang":"en","author_id":"873215206935191552","created_at":"2021-08-12T07:00:21.000Z","public_metrics":{"retweet_count":0,"reply_count":0,"like_count":3,"quote_count":0},"text":"@spectator Record fires in Siberia, Greece, Turkey. Greenland ice melting at a rapid rate. Highest recorded temperatures in the Mediterranean, US &amp; Arctic circle. Flooding in Germany. \nYet the Spectator’s major concern is we* might have to pay more tax to pay for it.\n*they don’t pay tax.","id":"1425713752205299712"},{"lang":"en","author_id":"861836558869159936","attachments":{"media_keys":["3_1425713225748946948"]},"created_at":"2021-08-12T06:58:18.000Z","public_metrics":{"retweet_count":0,"reply_count":0,"like_count":0,"quote_count":0},"text":"#Weather #Heatwave #Fires #Mediterranean \n\nToday’s #EFFIS Fire Danger Forecast: Some improvement in #Greece but extreme &amp; very extreme conditions prevail over the rest of the Mediterranean, South Europe and North Africa \uD83D\uDD25 https://t.co/BucLBON0XP","id":"1425713235446177792"},{"lang":"und","author_id":"339534214","created_at":"2021-08-12T06:55:20.000Z","public_metrics":{"retweet_count":1,"reply_count":0,"like_count":0,"quote_count":0},"text":"Attica Fires Ravage Greece https://t.co/WRgNrbbNyS μέσω @YouTube","id":"1425712487828271107"},{"lang":"en","author_id":"413346167","created_at":"2021-08-12T06:55:07.000Z","public_metrics":{"retweet_count":0,"reply_count":0,"like_count":0,"quote_count":0},"text":"یا  نار کونی بردا وسلاما \n\nOh fire, be cold and peace  to  Algeria, Turkey, Greece, Russia, Iran and Afghanistan\n\uD83D\uDE21\uD83D\uDE21\uD83D\uDE21\uD83D\uDE21\uD83D\uDE21\uD83D\uDE21\uD83D\uDE21\n Oh God, give your patience and help for these brave firefighters\n Oh God, put out the fire everywhere.\n The fires of forest  and the fire of wars\n Amen https://t.co/soCbOmUawK","id":"1425712434497605638"},{"lang":"en","author_id":"1037591616909799424","created_at":"2021-08-12T06:52:45.000Z","public_metrics":{"retweet_count":0,"reply_count":0,"like_count":4,"quote_count":0},"text":"\uD83C\uDFA7 LISTEN | Professor Vrasidas Karalis, Department Chair of Modern Greek and Byzantine Studies, spoke with @abcnews about the wildfires in Greece: https://t.co/wDUiWHcPkt\n\n@SydneyUni_Media @ArtSS_Sydney","id":"1425711837916532739"},{"lang":"en","author_id":"1417766601349337089","created_at":"2021-08-12T06:51:13.000Z","public_metrics":{"retweet_count":0,"reply_count":0,"like_count":0,"quote_count":0},"text":"The nightmare of Greece's Evia, an island devoured by flames https://t.co/Dyqos1oj7o","id":"1425711452724383746"},{"lang":"en","author_id":"1339949024955281409","created_at":"2021-08-12T06:50:20.000Z","public_metrics":{"retweet_count":0,"reply_count":0,"like_count":0,"quote_count":0},"text":"@son_of_kernow @iancrichton4 @quasirob @rec777777 @DarrylRichard12 @SmackWhiskey @andyfarnell07 @damienXTR @RichardSweeney2 @JenniferCoogan1 @Stoneybe1 @judger62 @Gareth16840733 @Schofield7Pete @8981914be0b1438 @greyson_ian @PetrasPics66 @Bellagio_bound @cozz007 @ClareAdams @Stephen1010102 @robertsessford1 @LynnWal12343534 @ShearerRab @RevengeofShino1 @PieroTi1971 @eaglewolfuk @barry_halverson @travellersuzy @SimonTemplarGB @BorisJohnson @Keir_Starmer @BBCNews @Channel4News It's about refugees starting fires in Greece.\n\nIt says so on the video.\n\nDoesn't fit in with your bullshit though, does it?","id":"1425711231718023176"},{"lang":"en","author_id":"2201283403","attachments":{"media_keys":["3_1425711056190681088"]},"created_at":"2021-08-12T06:49:41.000Z","public_metrics":{"retweet_count":42,"reply_count":1,"like_count":70,"quote_count":3},"text":"Today’s #EFFIS Fire Danger Forecast\n\nSome improvement in #Greece\uD83C\uDDEC\uD83C\uDDF7\n\nExtreme &amp; very extreme conditions prevail over large areas of #Turkey\uD83C\uDDF9\uD83C\uDDF7, #Albania\uD83C\uDDE6\uD83C\uDDF1, #NorthMacedonia\uD83C\uDDF2\uD83C\uDDF0, southern #Italy &amp; #Sardegna\uD83C\uDDEE\uD83C\uDDF9, and, as earlier forecasted, in Iberia\uD83C\uDDEA\uD83C\uDDF8\uD83C\uDDF5\uD83C\uDDF9 \n\nHotspots in \uD83C\uDDED\uD83C\uDDF7\uD83C\uDDE7\uD83C\uDDEC\uD83C\uDDF7\uD83C\uDDF8 &amp; south of\uD83C\uDDEB\uD83C\uDDF7 https://t.co/hyk080SDxi","id":"1425711067016175618"},{"lang":"en","author_id":"1184823813369925632","created_at":"2021-08-12T06:45:10.000Z","public_metrics":{"retweet_count":0,"reply_count":1,"like_count":1,"quote_count":0},"text":"@IAmAajiz @KhaledBeydoun 1 day ago fire breakout in Algeria n before that in Greece ,","id":"1425709929315319809"},{"lang":"en","author_id":"271776179","attachments":{"media_keys":["3_1425709644232593413"]},"created_at":"2021-08-12T06:44:02.000Z","public_metrics":{"retweet_count":0,"reply_count":0,"like_count":0,"quote_count":0},"text":"Global wildfires: Greece surveys damage from fires of \"exceptional magnitude\" https://t.co/wmZ5rVhVO3 https://t.co/YJI7j8xkBE","id":"1425709645914509313"},{"lang":"en","author_id":"199670065","created_at":"2021-08-12T06:43:36.000Z","public_metrics":{"retweet_count":0,"reply_count":1,"like_count":0,"quote_count":0},"text":"@iancrichton4 @damienXTR @quasirob @rec777777 @DarrylRichard12 @SmackWhiskey @andyfarnell07 @RichardSweeney2 @JenniferCoogan1 @Stoneybe1 @judger62 @Gareth16840733 @Schofield7Pete @8981914be0b1438 @greyson_ian @MikeyR08548854 @PetrasPics66 @Bellagio_bound @cozz007 @ClareAdams @Stephen1010102 @robertsessford1 @LynnWal12343534 @ShearerRab @RevengeofShino1 @PieroTi1971 @eaglewolfuk @barry_halverson @travellersuzy @SimonTemplarGB @BorisJohnson @Keir_Starmer @BBCNews @Channel4News We were talking about climate change and the current fires in Greece. \n\nPosting an old video without any context whilst Greece burns could be misunderstood by some people Ian. Do you get that?","id":"1425709535663112199"},{"lang":"und","author_id":"339534214","created_at":"2021-08-12T06:42:59.000Z","public_metrics":{"retweet_count":0,"reply_count":0,"like_count":0,"quote_count":0},"text":"Evia Fire Enters Villages in Greece https://t.co/okXsszuo7X μέσω @YouTube","id":"1425709383011426305"},{"lang":"en","author_id":"2725516455","created_at":"2021-08-12T06:42:55.000Z","public_metrics":{"retweet_count":0,"reply_count":3,"like_count":0,"quote_count":0},"text":"@sarahibrahmi @Alger1an these fires have been happening in greece, turkey, algeria, southern morocco &amp; tunisia..have u ever heard of climate change?? you need to wake the hell up","id":"1425709362228629512"},{"lang":"en","author_id":"198096226","created_at":"2021-08-12T06:42:08.000Z","public_metrics":{"retweet_count":0,"reply_count":0,"like_count":0,"quote_count":0},"text":"Greece fires: Here’s how you can help the European countries affected by wildfires - The Independent https://t.co/Xp6ffFqYJ4","id":"1425709167784890368"},{"lang":"en","author_id":"1057951943728029696","attachments":{"media_keys":["16_1425709014458019844"]},"created_at":"2021-08-12T06:41:34.000Z","public_metrics":{"retweet_count":0,"reply_count":0,"like_count":0,"quote_count":0},"text":"How many of these fires are arson,I saw the other day somebody in Greece charged and migrants lighting  fires https://t.co/O8VRzBVJeh https://t.co/XulSHhqZ5o","id":"1425709023140122625"},{"lang":"en","author_id":"79133722","created_at":"2021-08-12T06:41:14.000Z","public_metrics":{"retweet_count":0,"reply_count":0,"like_count":0,"quote_count":0},"text":"With Greece literally on fire and a climate change report sounding the alarm, Extinction Rebellion protesters are choosing to smash windows and cause mayhem for commuters in London rather than doing anything approaching useful.   https://t.co/IpJ25XYLXH","id":"1425708938855583755"},{"lang":"en","author_id":"79133722","created_at":"2021-08-12T06:37:48.000Z","public_metrics":{"retweet_count":0,"reply_count":0,"like_count":0,"quote_count":0},"text":"Greece fires: Welsh firefighters help battle wildfires https://t.co/y6msBzI8Hc","id":"1425708078356439045"},{"lang":"en","author_id":"1326513840859869185","attachments":{"media_keys":["3_1425706574694260742","3_1425706601059651588"]},"created_at":"2021-08-12T06:36:27.000Z","public_metrics":{"retweet_count":58,"reply_count":12,"like_count":301,"quote_count":9},"text":"This week, #EATC planned and executed urgent missions on behalf of \uD83C\uDDEA\uD83C\uDDF8 to transport assistance to fight the fires \uD83D\uDD25in Southern Europe. Three #CASA295 left from #Madrid transporting 65 firefighters \uD83E\uDDD1‍\uD83D\uDE92and 7.1 tons of firefighting equipment \uD83E\uDDEFto #Greece \uD83C\uDDEC\uD83C\uDDF7and #Turkey \uD83C\uDDF9\uD83C\uDDF7.\n@UMEgob https://t.co/M1SSAHH2Xc","id":"1425707738022154243"},{"lang":"en","author_id":"3272936227","created_at":"2021-08-12T06:36:20.000Z","public_metrics":{"retweet_count":0,"reply_count":1,"like_count":0,"quote_count":0},"text":"@Evansgolf1John Speaking of Greece:\n\n‘It was bright as the glint of flames, caught in some distant spot, when a great forest on a mountain height is ravaged by fire’. \n(The Iliad, Homer c700bc)\n\n‘Ravaged’. Sounds vaguely familiar. Damn that Zeus!","id":"1425707705868554243"},{"lang":"en","author_id":"1229178743547187201","created_at":"2021-08-12T06:35:39.000Z","public_metrics":{"retweet_count":0,"reply_count":1,"like_count":2,"quote_count":0},"text":"@IlyassXxMiner Don't forget about Greece too bruh how  many fires will there be god dam it","id":"1425707537152757761"},{"lang":"en","author_id":"783941022803955712","created_at":"2021-08-12T06:35:23.000Z","public_metrics":{"retweet_count":2,"reply_count":0,"like_count":7,"quote_count":0},"text":"ICYMI yesterday | @NThomasWales caught up with @SWFireandRescue's Craig Hope who's helping tackle blazes in Greece \uD83D\uDD25\n\nhttps://t.co/OI1xKjskK5","id":"1425707468819210240"},{"lang":"und","author_id":"39261197","created_at":"2021-08-12T06:35:00.000Z","public_metrics":{"retweet_count":0,"reply_count":0,"like_count":1,"quote_count":0},"text":"#volunteers #dog #foster #adoptme #attica #donotabandonme #AdoptDontShop #doggy  #Greece #rt #fires #GreeceFires #animals #Emergency #love #save #saveanimals #cats #lookforme #πυρκαγιες #Αττική #ζωα @EmptyTheCages_ https://t.co/PK3BG9FcU3","id":"1425707371158978563"},{"lang":"en","author_id":"1247244834055655424","created_at":"2021-08-12T06:32:35.000Z","public_metrics":{"retweet_count":25,"reply_count":15,"like_count":410,"quote_count":0},"text":"First Turkey faced huge fire, now Greece is facing fire \uD83D\uDC40 something cooking or just a coincidence?","id":"1425706761785266178"},{"lang":"en","author_id":"155556580","created_at":"2021-08-12T06:30:31.000Z","public_metrics":{"retweet_count":0,"reply_count":0,"like_count":0,"quote_count":0},"text":"KINAL: The arrogance of the theory of the so-called executive state and of a male authority burned https://t.co/DpGlylF2JK","id":"1425706241767002116"},{"lang":"und","author_id":"339534214","created_at":"2021-08-12T06:29:50.000Z","public_metrics":{"retweet_count":0,"reply_count":0,"like_count":0,"quote_count":0},"text":"Greece Fires: Raw Dramatic Scenes from Evia Island https://t.co/hp6nuxQsYb μέσω @YouTube","id":"1425706070069104643"},{"lang":"en","author_id":"376392888","attachments":{"media_keys":["3_1425704706861584388"]},"created_at":"2021-08-12T06:27:21.000Z","public_metrics":{"retweet_count":1,"reply_count":0,"like_count":1,"quote_count":0},"text":"HOW DOES WILDFIRE SUSTAINS IN ARCTIC AREA?\nA wildfire raging in Siberia is the biggest blaze this century, destroying an area the size of Greece, Greenpeace claims.\nAs smoke from the inferno reached the North Pole, Russia was trying to put out more than 170 fires across Siberia. https://t.co/mQ2CoC4Ssy","id":"1425705447743442947"},{"lang":"en","author_id":"23581812","attachments":{"media_keys":["3_1425705305246093318"]},"created_at":"2021-08-12T06:26:50.000Z","public_metrics":{"retweet_count":0,"reply_count":0,"like_count":0,"quote_count":0},"text":"Sagarmediainc\n\nM4.3 #earthquake (#sismo) strikes 64 km NW of #Knik-Fairview (#Alaska) \n\nUnited States, Greece, Turkey and Siberia massive fires have ravaged forests and razed homes. https://t.co/4flJQ0sRd0","id":"1425705317581484034"},{"lang":"en","author_id":"1401130106","created_at":"2021-08-12T06:24:12.000Z","public_metrics":{"retweet_count":0,"reply_count":1,"like_count":1,"quote_count":0},"text":"If you didn’t know msm was a farce. Today on the news they showed an olive farm on fire in Greece and the fireman putting out the fire- with a bottle of water\uD83D\uDE02\uD83D\uDE02\uD83D\uDE02","id":"1425704655556808708"},{"lang":"en","author_id":"1292863471","attachments":{"media_keys":["3_1425703825864863751"]},"created_at":"2021-08-12T06:20:59.000Z","public_metrics":{"retweet_count":0,"reply_count":0,"like_count":0,"quote_count":0},"text":"Greece will pay 150,000 euros to those who have lost their homes in the fires while 54 more fires are declared https://t.co/ggBUu83vEv","id":"1425703845661921283"},{"lang":"en","author_id":"380648579","attachments":{"media_keys":["13_1425665006389981184"]},"created_at":"2021-08-12T06:20:11.000Z","public_metrics":{"retweet_count":62,"reply_count":10,"like_count":69,"quote_count":10},"text":"Wildfires: why are there so many this year?\n\nIn the United States, Greece, Turkey and Siberia massive fires have ravaged forests and razed homes. Higher temperatures and prolonged droughts in many parts of the world are contributing to making the fires harder to extinguish https://t.co/GGwhfpJVUO","id":"1425703643043360771"},{"lang":"en","author_id":"1044855618174111750","created_at":"2021-08-12T06:17:38.000Z","public_metrics":{"retweet_count":0,"reply_count":0,"like_count":0,"quote_count":0},"text":"Wildfires devastate Turkey and Greece in 'worst fire crisis in a decade'... https://t.co/iTHhqdp1jH via @YouTube","id":"1425703003575799810"},{"lang":"en","author_id":"874300694","attachments":{"media_keys":["3_1425702837145772041"]},"created_at":"2021-08-12T06:17:00.000Z","public_metrics":{"retweet_count":0,"reply_count":0,"like_count":0,"quote_count":0},"text":"Global wildfires:Greece surveys damage from fires of \"exceptional magnitude\"\n\"The European Forest Fire Information System(EFFIS) said that nearly 100,000 hectares of forestry+farmland had burned in #Greece for the past two weeks\"\n#πυρκαγιεςευβοια #φωτιες \nhttps://t.co/MwQecLUm4m https://t.co/SRVMiamcES","id":"1425702842816466951"},{"lang":"en","author_id":"992421447288131585","created_at":"2021-08-12T06:14:41.000Z","public_metrics":{"retweet_count":0,"reply_count":0,"like_count":0,"quote_count":0},"text":"@Dubi_Mappy Russia is putting put fires in Greece instead","id":"1425702260810686465"},{"lang":"en","author_id":"1413279266490527747","created_at":"2021-08-12T06:13:38.000Z","public_metrics":{"retweet_count":0,"reply_count":0,"like_count":0,"quote_count":0},"text":"Turkey Greece many Mediterranian countries are on Fire     Literally right now not including the one’s on this side, not buying climate change story, this is too much, the weather has been manipulated for decades. The mixing of Gulf Stream no accident.","id":"1425701993440546816"},{"lang":"en","author_id":"819500973232164868","created_at":"2021-08-12T06:12:16.000Z","public_metrics":{"retweet_count":16,"reply_count":0,"like_count":69,"quote_count":2},"text":"Great to hear from one of the National Resilience team fighting the fires in Greece. They are using a range of techniques to assist our Greek colleagues. https://t.co/qHvIAq2x8x","id":"1425701650447183876"},{"lang":"en","author_id":"885209435328712704","created_at":"2021-08-12T06:10:47.000Z","public_metrics":{"retweet_count":1,"reply_count":0,"like_count":0,"quote_count":0},"text":"California smolders. Greece burns. Siberia's frozen tundra ablaze. Now Algeria. Fire, Flood, Drought, Locusts, Virus, Famine. Simultaneous. Only takes 1 asteroid like Chicxulub which caused extinction of 75% of non-avian animal life ending age of the  dinosaurs 68m years ago","id":"1425701279318384642"},{"lang":"en","author_id":"1360644582","created_at":"2021-08-12T06:09:37.000Z","public_metrics":{"retweet_count":0,"reply_count":0,"like_count":0,"quote_count":0},"text":"\"Beyond the fires that have raged in the American West, or in Turkey and Algeria, virtually no corner of Europe has been untouched by a bewildering array of calamities, whether fire, flood or heat.\" #ClimateEmergency #collapse #Extinction https://t.co/RMMRDuTNQw","id":"1425700984211349504"},{"lang":"en","author_id":"1119937044","attachments":{"media_keys":["3_1425699177787445249"]},"created_at":"2021-08-12T06:09:25.000Z","public_metrics":{"retweet_count":7,"reply_count":2,"like_count":20,"quote_count":1},"text":"Fires Threaten Greek Wine Revival https://t.co/3XfZN2C1J2 via @WineSearcher #wine #Greek #GreeceFires #Greece @greekwineworld @greekwineguide @GreekWinePortal @winewankers @thewinetattoo @SarahHellerMW @MWGreek @SustainableKW @Constan70997526 @KellyMitchell @nineov @SteveKubota https://t.co/NJH2XCXcTq","id":"1425700933846044673"},{"lang":"en","author_id":"880720147","created_at":"2021-08-12T06:07:10.000Z","public_metrics":{"retweet_count":0,"reply_count":0,"like_count":0,"quote_count":0},"text":"Greece 2021 Fire Appeal https://t.co/Pwpv3wwfFg","id":"1425700369460572164"},{"lang":"en","author_id":"383589707","created_at":"2021-08-12T06:02:45.000Z","public_metrics":{"retweet_count":0,"reply_count":0,"like_count":0,"quote_count":0},"text":"‘We Ask For The Support Of The Whole World’ As Hundreds Of Fires Break Out Across Greece – CBS New York https://t.co/5yQpOhebXf","id":"1425699257084960768"},{"lang":"und","author_id":"1257408962749763584","created_at":"2021-08-12T06:01:52.000Z","public_metrics":{"retweet_count":0,"reply_count":0,"like_count":0,"quote_count":0},"text":"https://t.co/KKa83Vtpaa","id":"1425699034317066242"},{"lang":"en","author_id":"8510242","created_at":"2021-08-12T06:00:06.000Z","public_metrics":{"retweet_count":3,"reply_count":0,"like_count":7,"quote_count":0},"text":"In the aftermath of wildfires burning in Greece, a video recorded before and after shots of what the landscape looked like prior to the fire and after the fire burned through the area on Saturday. More here: https://t.co/Swx1nj82bc","id":"1425698589490155527"},{"lang":"en","author_id":"1093916139866927106","created_at":"2021-08-12T05:56:36.000Z","public_metrics":{"retweet_count":0,"reply_count":1,"like_count":1,"quote_count":0},"text":"@polyzoidisgeo @TheocharousH1 @RTErdogan @tokcem @MFATurkey @GreeceMFA @fuatoktay @NikosDendias @pyrosvestiki @tcsavunma @TC_Disisleri @OGMgovtr @BekirKARACABEY_ @iletisim Cipras declined our help during the fires in Greece during his term\n\nIt's the same\n\nTho I agree w/ you, we should accept one another's help when either of us is in need but there are, unfortunately, political reasons that prevent us from accepting help from one another sometimes","id":"1425697706513637377"},{"lang":"en","author_id":"1416047908202467329","created_at":"2021-08-12T05:55:15.000Z","public_metrics":{"retweet_count":0,"reply_count":0,"like_count":0,"quote_count":0},"text":"This makes me so sad. What a terrible loss.\n\n2,500-Year-Old Ancient Olive Tree Burned Down in Evia Fires in Greece https://t.co/BBHG8agBb2 via @greekreporter","id":"1425697369937649670"},{"lang":"en","author_id":"1411376538239397892","created_at":"2021-08-12T05:54:27.000Z","public_metrics":{"retweet_count":0,"reply_count":0,"like_count":0,"quote_count":0},"text":"Wildfires devastate Turkey and Greece in 'worst fire crisis in a decade' – BBC News https://t.co/6TqNE3zyIr","id":"1425697167637897220"},{"lang":"en","author_id":"1306002965874921473","created_at":"2021-08-12T05:52:17.000Z","public_metrics":{"retweet_count":0,"reply_count":0,"like_count":0,"quote_count":0},"text":"A nightmare brought to you by climate change! The night isn't over. We must act now or this will continue. \n\nhttps://t.co/tNYzz8b811","id":"1425696622936150018"},{"lang":"en","author_id":"1168465516861636608","attachments":{"media_keys":["3_1425696565146963977"]},"created_at":"2021-08-12T05:52:04.000Z","public_metrics":{"retweet_count":0,"reply_count":0,"like_count":0,"quote_count":0},"text":"As wildfires continue, anger is simmering on the Greek island devoured by flames https://t.co/0iNAO0gtKU https://t.co/aTtcinYloA","id":"1425696566782824448"},{"lang":"en","author_id":"1066757035","attachments":{"media_keys":["3_1425696564941492224"]},"created_at":"2021-08-12T05:52:04.000Z","public_metrics":{"retweet_count":0,"reply_count":0,"like_count":0,"quote_count":0},"text":"As wildfires continue, anger is simmering on the Greek island devoured by flames https://t.co/GN6UWunjim https://t.co/C4OKgtLfIA","id":"1425696566694670337"},{"lang":"en","author_id":"304056973","attachments":{"media_keys":["3_1425696561124704262"]},"created_at":"2021-08-12T05:52:03.000Z","public_metrics":{"retweet_count":0,"reply_count":0,"like_count":0,"quote_count":0},"text":"As wildfires continue, anger is simmering on the Greek island devoured by flames https://t.co/hdJv8ActrJ https://t.co/kHH4z4BwjY","id":"1425696562735316992"},{"lang":"en","author_id":"1305857054100381698","created_at":"2021-08-12T05:50:06.000Z","public_metrics":{"retweet_count":0,"reply_count":0,"like_count":0,"quote_count":0},"text":"By land and air, foreign fire-fighters help #Greece combat blazes\nhttps://t.co/LHsFvAjcfL","id":"1425696070793900035"},{"lang":"en","author_id":"147082989","created_at":"2021-08-12T05:48:34.000Z","public_metrics":{"retweet_count":0,"reply_count":0,"like_count":0,"quote_count":0},"text":"@we_resistance @deirbhilesdaddy @feilederry Just from a practical point of view, with Algeria, Greece, and Turkey on fire during a heat wave, spreading sparks and embers through the housing estate is unwise and might be described as irresponsible.","id":"1425695686528540673"},{"lang":"en","author_id":"109415032","attachments":{"media_keys":["3_1425694595996815361"]},"created_at":"2021-08-12T05:44:15.000Z","public_metrics":{"retweet_count":1,"reply_count":1,"like_count":4,"quote_count":1},"text":"Per this report the fires burning in Siberia are bigger then all the fires in Italy, Turkey, Greece, U.S. &amp; Canada combined!!!!\n\nEach location reports the fires are unprecedented!! https://t.co/PVoQFjXmnk","id":"1425694600325328899"},{"lang":"en","author_id":"49729081","created_at":"2021-08-12T05:43:04.000Z","public_metrics":{"retweet_count":0,"reply_count":0,"like_count":0,"quote_count":0},"text":"The nightmare of Evia, an island devoured by flames - CNN https://t.co/7KBJ68ocCd","id":"1425694303393918980"},{"lang":"en","author_id":"1262174079127187456","created_at":"2021-08-12T05:40:41.000Z","public_metrics":{"retweet_count":0,"reply_count":0,"like_count":1,"quote_count":0},"text":"@notavailawble i think the same heat wave is fuelling the fires in Turkey and Greece","id":"1425693701729230848"},{"lang":"en","author_id":"1424606573230497793","created_at":"2021-08-12T05:39:04.000Z","public_metrics":{"retweet_count":0,"reply_count":0,"like_count":0,"quote_count":0},"text":"@defis_eu @CopernicusEMS @EEAthina @eu_echo @GSCP_GR @pyrosvestiki @nikosaliagas @amna_news @dgatopoulos @m_parrington @meteogr @EP_Hellas You show them the info, and they do nothing about it. That is our current state of affairs in Greece. Fires stopped when they reached the sea. #oblivious","id":"1425693295548801026"},{"lang":"en","author_id":"819646999939207168","created_at":"2021-08-12T05:32:08.000Z","public_metrics":{"retweet_count":0,"reply_count":0,"like_count":0,"quote_count":0},"text":"#latestnews 'Unprecedented.' Massive Forest Fire Ravages Greece's Second Largest Island - https://t.co/nVDdjWmDLy (POST_EXCERPT}","id":"1425691551724933124"},{"lang":"en","author_id":"528986496","attachments":{"media_keys":["3_1425691285999046659"]},"created_at":"2021-08-12T05:31:12.000Z","public_metrics":{"retweet_count":0,"reply_count":0,"like_count":0,"quote_count":0},"text":"Archbishop asks for the support as fire breaks out in Greece https://t.co/esG0L4eh8N https://t.co/3s5K1w0uZh","id":"1425691316994912259"},{"lang":"en","author_id":"1067747073209061376","created_at":"2021-08-12T05:30:20.000Z","public_metrics":{"retweet_count":0,"reply_count":0,"like_count":0,"quote_count":0},"text":"@cheetah440_doug @18thavejoe @helenlewis We're looking for brave men like you to fight forest fires in Greece.. please reach out.","id":"1425691098924691461"},{"lang":"en","author_id":"1419096660328726529","created_at":"2021-08-12T05:29:35.000Z","public_metrics":{"retweet_count":1,"reply_count":0,"like_count":3,"quote_count":0},"text":"tw // fire\n.\n.\n #PrayForGreece #Fire #Greece #WildFires please read and share and donate if u can https://t.co/OWXMe89Wba","id":"1425690909874827264"},{"lang":"en","author_id":"1035719365289824257","created_at":"2021-08-12T05:28:44.000Z","public_metrics":{"retweet_count":6,"reply_count":1,"like_count":32,"quote_count":0},"text":"Probably the last living thing to witness the Achaemenid Invasions of Greece, destroyed in the wild fires.\n\nThis is one of the least consequential casualties of the Climate Crisis, and it will not be the last. https://t.co/6IITSWHe2G","id":"1425690693352165378"},{"lang":"en","author_id":"1194283146042195968","created_at":"2021-08-12T05:28:35.000Z","public_metrics":{"retweet_count":0,"reply_count":0,"like_count":0,"quote_count":0},"text":"Greece: rain could contain fires https://t.co/0PHAgCMp8i","id":"1425690658870804481"},{"lang":"en","author_id":"371295497","created_at":"2021-08-12T05:27:40.000Z","public_metrics":{"retweet_count":0,"reply_count":0,"like_count":0,"quote_count":0},"text":"Greece fires: Welsh firefighters help battle wildfires - BBC News https://t.co/c8JmMo5c6W","id":"1425690426254761985"},{"lang":"en","author_id":"4508064502","created_at":"2021-08-12T05:25:48.000Z","public_metrics":{"retweet_count":0,"reply_count":1,"like_count":0,"quote_count":0},"text":"@GBNEWS Greece wild fires are due to arsonists ...on greece news.","id":"1425689958644322309"},{"lang":"en","author_id":"1360339189011800067","created_at":"2021-08-12T05:20:48.000Z","public_metrics":{"retweet_count":0,"reply_count":1,"like_count":0,"quote_count":0},"text":"@Bruhemoth A bunch of fires. \nhttps://t.co/yJStvPeKd0","id":"1425688699166236678"},{"lang":"en","author_id":"905876674553581568","created_at":"2021-08-12T05:15:59.000Z","public_metrics":{"retweet_count":0,"reply_count":0,"like_count":0,"quote_count":0},"text":"In Algeria, 65 people have been killed in a wildfire in their northern forests. 28 of the dead were soldiers sent to help fight the fire. In this area-they had one small tanker truck and one hose, and a dozen men with branches to try and beat out flames.\n\nhttps://t.co/ipuhmBoMF6","id":"1425687487154843655"},{"lang":"en","author_id":"772812796899696640","created_at":"2021-08-12T05:13:10.000Z","public_metrics":{"retweet_count":0,"reply_count":0,"like_count":0,"quote_count":0},"text":"https://t.co/FggsWNApTw As wildfires continue, anger is simmering on the Greek island devoured by flames: At times it feels like the air itself is burning here on Evia. The smell and taste of smoke is ever-present; ash falls from… https://t.co/WESymxzXQU https://t.co/OPTOJeeJrD","id":"1425686777122099201"},{"lang":"en","author_id":"1183700689890902016","created_at":"2021-08-12T05:11:04.000Z","public_metrics":{"retweet_count":0,"reply_count":1,"like_count":0,"quote_count":0},"text":"Forest fires in Greece are caused by irresponsible human behavior. https://t.co/RHPAqqWz8R","id":"1425686249294090242"},{"lang":"ja","author_id":"1267623329650769920","created_at":"2021-08-12T05:10:50.000Z","public_metrics":{"retweet_count":0,"reply_count":1,"like_count":0,"quote_count":0},"text":"ギリシャでは数日間で５８６件の火災が発生。キリアコス・ミストタキス首相は「並外れた規模の自然災害」であると述べた\nhttps://t.co/MFt3XfwQfB\n#預言 #予言 #黙示録 #終末論 #この世の終わり","id":"1425686190938677248"},{"lang":"en","author_id":"1254358657132888064","created_at":"2021-08-12T05:10:11.000Z","public_metrics":{"retweet_count":0,"reply_count":0,"like_count":0,"quote_count":0},"text":"Archbishop Of Greek Orthodox Church: ‘We Ask For The Support Of The Whole World’ As Hundreds Of Fires Break Out Across Greece https://t.co/G19MnsTK0B","id":"1425686029135224835"},{"lang":"en","author_id":"1239694338394918912","created_at":"2021-08-12T05:08:16.000Z","public_metrics":{"retweet_count":0,"reply_count":0,"like_count":0,"quote_count":0},"text":"‘We Ask For The Support Of The Whole World’ As Hundreds Of Fires Break Out Across Greece – CBS New York https://t.co/HnZ0PEdTLg","id":"1425685545112440836"},{"lang":"en","author_id":"3877755074","created_at":"2021-08-12T05:08:15.000Z","public_metrics":{"retweet_count":0,"reply_count":0,"like_count":1,"quote_count":0},"text":"@ZeBigDragon And in Greece people are blaming the fires on Turks and probably on immigrants in general.","id":"1425685539210940419"},{"lang":"en","author_id":"56809304","created_at":"2021-08-12T05:07:53.000Z","public_metrics":{"retweet_count":0,"reply_count":0,"like_count":0,"quote_count":0},"text":"The nightmare of Greece's Evia, an island devoured by flames - CNN https://t.co/sod7PIKqEX via @GoogleNews","id":"1425685446890229763"},{"lang":"ur","author_id":"1053560901301927936","attachments":{"media_keys":["3_1425685054261432320"]},"created_at":"2021-08-12T05:06:25.000Z","public_metrics":{"retweet_count":0,"reply_count":0,"like_count":0,"quote_count":0},"text":"یونان اور الجزائر میں آگ کے خوفناک مناظر۔۔۔\nجانیے اس رپورٹ میں\n https://t.co/gLgo47yLN4\n\n#fire #Greece2021 #greecefires2021 #turkeyfire #Aljazair #horrorfilm #worldnews #deaths #Pakistan #corona https://t.co/oovLYdBboR","id":"1425685079087583232"},{"lang":"en","author_id":"425451579","created_at":"2021-08-12T05:05:57.000Z","public_metrics":{"retweet_count":0,"reply_count":0,"like_count":0,"quote_count":0},"text":"Greece is burning. Lend a hand. https://t.co/E67UzepGYZ","id":"1425684962854854661"},{"lang":"en","author_id":"32874339","created_at":"2021-08-12T05:03:15.000Z","public_metrics":{"retweet_count":0,"reply_count":1,"like_count":1,"quote_count":0},"text":"@Quantum_Sheep Oh nice! I’ve always wanted to visit Greece. It’s so sad with the fires right now. :(","id":"1425684281318199298"},{"lang":"en","author_id":"581402862","created_at":"2021-08-12T05:01:14.000Z","public_metrics":{"retweet_count":0,"reply_count":0,"like_count":0,"quote_count":0},"text":"@GreenEnergyNews Well , there is only country of Greece, country of Turkey ,California &amp; whole hosts of other places that are on Fire .... ! I am NOT even talking about Droughts , Lakes that are Drying up. Rivers that are becoming creeks !\nSoil Erosion usually follow these events . We in trouble!","id":"1425683773841190916"},{"lang":"en","author_id":"67856083","created_at":"2021-08-12T05:00:33.000Z","public_metrics":{"retweet_count":0,"reply_count":0,"like_count":0,"quote_count":0},"text":"@GigiMaltese @toryboypierce @ExtinctionR @XRHavering @XRFamilies @havering_youth Yes, parts of the world are on fire, but who started some of the worst? https://t.co/IaQxDvmK9d and https://t.co/y8nsef2obE and https://t.co/KfP2ogDM7y https://t.co/0S6fl2AKpG","id":"1425683604148039683"}],"includes":{"media":[{"media_key":"3_1425721058460581892","type":"photo","url":"https://pbs.twimg.com/media/E8ktv7ZWQAQTNc4.jpg"},{"media_key":"3_1425719163281084418","type":"photo","url":"https://pbs.twimg.com/media/E8ksBnTWEAIaIek.jpg"},{"media_key":"3_1425719163302129668","type":"photo","url":"https://pbs.twimg.com/media/E8ksBnYXMAQs3Xy.jpg"},{"media_key":"3_1425719163306262528","type":"photo","url":"https://pbs.twimg.com/media/E8ksBnZWQAAXs63.jpg"},{"media_key":"3_1425714320860663809","type":"photo","url":"https://pbs.twimg.com/media/E8knnv4WUAEahyf.jpg"},{"media_key":"3_1425715452114726914","type":"photo","url":"https://pbs.twimg.com/media/E8kopmIVcAIkrex.jpg"},{"media_key":"3_1425713225748946948","type":"photo","url":"https://pbs.twimg.com/media/E8kmoARXoAQheVv.jpg"},{"media_key":"3_1425711056190681088","type":"photo","url":"https://pbs.twimg.com/media/E8kkpuCXsAA3Ojg.jpg"},{"media_key":"3_1425709644232593413","type":"photo","url":"https://pbs.twimg.com/media/E8kjXiFVEAUJaje.jpg"},{"media_key":"16_1425709014458019844","type":"animated_gif"},{"media_key":"3_1425706574694260742","type":"photo","url":"https://pbs.twimg.com/media/E8kgk3KXIAYs_Zw.jpg"},{"media_key":"3_1425706601059651588","type":"photo","url":"https://pbs.twimg.com/media/E8kgmZYXEAQquli.jpg"},{"media_key":"3_1425704706861584388","type":"photo","url":"https://pbs.twimg.com/media/E8ke4I8WUAQgn7O.jpg"},{"media_key":"3_1425705305246093318","type":"photo","url":"https://pbs.twimg.com/media/E8kfa-GVUAYk_ID.jpg"},{"media_key":"3_1425703825864863751","type":"photo","url":"https://pbs.twimg.com/media/E8keE2-XMAc6wFT.jpg"},{"media_key":"13_1425665006389981184","public_metrics":{"view_count":5371},"type":"video"},{"media_key":"3_1425702837145772041","type":"photo","url":"https://pbs.twimg.com/media/E8kdLTtXIAkMS09.jpg"},{"media_key":"3_1425699177787445249","type":"photo","url":"https://pbs.twimg.com/media/E8kZ2TiWUAEqkaC.jpg"},{"media_key":"3_1425696565146963977","type":"photo","url":"https://pbs.twimg.com/media/E8kXeOsUUAk8sEx.jpg"},{"media_key":"3_1425696564941492224","type":"photo","url":"https://pbs.twimg.com/media/E8kXeN7VEAAqnyl.jpg"},{"media_key":"3_1425696561124704262","type":"photo","url":"https://pbs.twimg.com/media/E8kXd_tVgAYaaeM.jpg"},{"media_key":"3_1425694595996815361","type":"photo","url":"https://pbs.twimg.com/media/E8kVrnCVkAE257b.jpg"},{"media_key":"3_1425691285999046659","type":"photo","url":"https://pbs.twimg.com/media/E8kSq8VX0AMK00J.jpg"},{"media_key":"3_1425685054261432320","type":"photo","url":"https://pbs.twimg.com/media/E8kNANTWEAAXh6b.jpg"}]},"meta":{"newest_id":"1425721065616154628","oldest_id":"1425683604148039683","result_count":100,"next_token":"b26v89c19zqg8o3fpdm8kqp8cwck5nctvf37foxgdknzx"}}