{"data":[{"lang":"en","public_metrics":{"retweet_count":0,"reply_count":1,"like_count":0,"quote_count":0},"created_at":"2021-08-12T04:59:53.000Z","id":"1425683435285217282","author_id":"929017658523099137","text":"8/12 Reminder -\nA minute or two of Energy Work and/or prayers/meditations to calm the fires, cool the lands of: \nGreece, Italy, Sardinia, Spain, Lebanon\n\nUrgent #FocusAlgeria #FocusDixieFire \n\n#TwinFlamesStages: Stage 4 - Missions\n#TwinFlamesMission: #CoolTheLands\n#TwinFlames https://t.co/aY2AisA4FA"},{"lang":"ja","public_metrics":{"retweet_count":0,"reply_count":0,"like_count":1,"quote_count":0},"created_at":"2021-08-12T04:50:38.000Z","id":"1425681107169595394","author_id":"139609380","text":"【拡散希望です！！！】EVIA FIRE: GREECE RELIEF FUND https://t.co/o42SUQpu96"},{"lang":"en","attachments":{"media_keys":["3_1425681084419768326"]},"public_metrics":{"retweet_count":0,"reply_count":0,"like_count":0,"quote_count":0},"created_at":"2021-08-12T04:50:33.000Z","id":"1425681086177177603","author_id":"283604227","text":"'Unprecedented.' Massive Forest Fire Ravages Greece's Second Largest Island https://t.co/IdFnRUDMYp https://t.co/9Qv3OL95M7"},{"lang":"en","public_metrics":{"retweet_count":3,"reply_count":0,"like_count":0,"quote_count":0},"created_at":"2021-08-12T04:50:33.000Z","id":"1425681084381995009","author_id":"1643123766","text":"'Unprecedented.' Massive Forest Fire Ravages Greece's Second Largest Island https://t.co/JTRhBLf5AP"},{"lang":"en","public_metrics":{"retweet_count":0,"reply_count":0,"like_count":0,"quote_count":0},"created_at":"2021-08-12T04:35:01.000Z","id":"1425677177069187075","author_id":"950347665929375745","text":"@McClellanOsc Surprised as a man of your knowledge of stats can take one sick person as explanation of fires in Greece, California, Turkey and Yakutia (the fire in Siberia now is the biggest on Earth, in size of Belgium and there're almost no people living, mentally ill or healthy)"},{"lang":"en","public_metrics":{"retweet_count":0,"reply_count":0,"like_count":0,"quote_count":0},"created_at":"2021-08-12T04:34:05.000Z","id":"1425676942041354244","author_id":"21707108","text":"Global wildfires: Greece surveys damage from fires of \"exceptional magnitude\" https://t.co/dDVFMW6hNp"},{"lang":"en","public_metrics":{"retweet_count":0,"reply_count":0,"like_count":0,"quote_count":0},"created_at":"2021-08-12T04:28:09.000Z","id":"1425675451171737602","author_id":"1890964652","text":"@bubles1990 @Rob_Kimbell Greece forest fires in the past they have been far worst just because the words since records began are used Meena nothing records have only been kept the last hundred years or so nothing in the time of the planet"},{"lang":"en","public_metrics":{"retweet_count":7,"reply_count":1,"like_count":12,"quote_count":1},"created_at":"2021-08-12T04:25:02.000Z","id":"1425674664202838019","author_id":"589413251","text":"\"The fires raging in Siberia are bigger than fires in Greece, Turkey, Italy, the United States and Canada combined\"\n\nhttps://t.co/483Q2rDEFr"},{"lang":"ko","public_metrics":{"retweet_count":476,"reply_count":1,"like_count":122,"quote_count":7},"created_at":"2021-08-12T04:24:13.000Z","id":"1425674459130724357","author_id":"255022063","text":"관련 기사 여기있구나... 눈물 난다 ㅠㅠ 2500년을 살아온 그리스 올리브 나무가 이번 화재로 죽었어...\nhttps://t.co/cOBCsQx3D8"},{"lang":"en","attachments":{"media_keys":["3_1425672155623165952"]},"public_metrics":{"retweet_count":1,"reply_count":1,"like_count":11,"quote_count":0},"created_at":"2021-08-12T04:15:16.000Z","id":"1425672205212418050","author_id":"195445588","text":". @DograTishaa  He is All . Have you realised one thing . Land Slides , Floods not just in India but every where in World Germany, Belgium in Europe . then comes up Fire In Greece , Turkey , California ... then again Corona 3rd wave. are we heading towards the End of Kalyoug https://t.co/PwKd5b8bfA"},{"lang":"en","attachments":{"media_keys":["3_1425672033594068993"]},"public_metrics":{"retweet_count":0,"reply_count":0,"like_count":0,"quote_count":0},"created_at":"2021-08-12T04:14:35.000Z","id":"1425672035309527041","author_id":"21990464","text":"The nightmare of Greece's Evia, an island devoured by flames https://t.co/QJGTqpC590 https://t.co/YsnN1gKvj7"},{"lang":"en","attachments":{"media_keys":["3_1425672033224970241"]},"public_metrics":{"retweet_count":0,"reply_count":0,"like_count":0,"quote_count":0},"created_at":"2021-08-12T04:14:35.000Z","id":"1425672034881654785","author_id":"1118068098","text":"The nightmare of Greece's Evia, an island devoured by flames https://t.co/pzHEEYisNI https://t.co/AXG1x7JvPm"},{"lang":"en","attachments":{"media_keys":["3_1425672032893636611"]},"public_metrics":{"retweet_count":0,"reply_count":0,"like_count":0,"quote_count":0},"created_at":"2021-08-12T04:14:35.000Z","id":"1425672034713890824","author_id":"2351497353","text":"The nightmare of Greece's Evia, an island devoured by flames https://t.co/WRmW8Q5YYN https://t.co/YAJ4fluO0m"},{"lang":"en","attachments":{"media_keys":["3_1425672030997803008"]},"public_metrics":{"retweet_count":0,"reply_count":0,"like_count":0,"quote_count":0},"created_at":"2021-08-12T04:14:34.000Z","id":"1425672032864276481","author_id":"835792063430070272","text":"The nightmare of Greece's Evia, an island devoured by flames https://t.co/o24jGtpJDA https://t.co/ttDH4wCJ4m"},{"lang":"en","attachments":{"media_keys":["3_1425672030444158977"]},"public_metrics":{"retweet_count":0,"reply_count":0,"like_count":0,"quote_count":0},"created_at":"2021-08-12T04:14:34.000Z","id":"1425672032436457473","author_id":"986033956742148096","text":"The nightmare of Greece's Evia, an island devoured by flames https://t.co/92xdo2m4n8 https://t.co/zHElmAz7E4"},{"lang":"en","public_metrics":{"retweet_count":0,"reply_count":0,"like_count":0,"quote_count":0},"created_at":"2021-08-12T04:14:34.000Z","id":"1425672030322520066","author_id":"1635488689","text":"The nightmare of Greece's Evia, an island devoured by flames https://t.co/1VukMWxlau"},{"lang":"en","public_metrics":{"retweet_count":0,"reply_count":0,"like_count":0,"quote_count":0},"created_at":"2021-08-12T04:14:33.000Z","id":"1425672028154077184","author_id":"2272973322","text":"The nightmare of Greece's Evia, an island devoured by flames https://t.co/wJ4aWrVCXX"},{"lang":"en","public_metrics":{"retweet_count":0,"reply_count":0,"like_count":0,"quote_count":0},"created_at":"2021-08-12T04:14:33.000Z","id":"1425672027571068933","author_id":"2280325974","text":"The nightmare of Greece's Evia, an island devoured by flames https://t.co/hx8uTakLnb"},{"lang":"en","attachments":{"media_keys":["3_1425671644094160897"]},"public_metrics":{"retweet_count":0,"reply_count":0,"like_count":0,"quote_count":0},"created_at":"2021-08-12T04:13:33.000Z","id":"1425671775015170049","author_id":"195445588","text":"@DograTishaa Ji Tishaa He is All . Have you realised one thing . Land Slides , Floods not just in India but every where in World Germany, Belgium in Europe . then comes up Fire In Greece , Turkey , California ... then again Corona 3rd wave. are we heading towards the End of Kalyoug https://t.co/hCCz4GgitE"},{"lang":"en","public_metrics":{"retweet_count":3,"reply_count":0,"like_count":6,"quote_count":0},"created_at":"2021-08-12T04:01:01.000Z","id":"1425668619996962818","author_id":"37628540","text":"'I'm lost, I can’t take it anymore”\n\nStunned Greek farmer Kostis Angelou, overcome after fire burns goat herd. He wanders between the corpses of his goats, all 372 of them burnt by a fire that devoured forests on #Evia island in #Greece. https://t.co/8q7tW4XRnS"},{"lang":"en","public_metrics":{"retweet_count":2,"reply_count":0,"like_count":5,"quote_count":0},"created_at":"2021-08-12T04:00:01.000Z","id":"1425668367994826758","author_id":"105039869","text":"As fires rage and anger intensifies, swingeing cuts amid climate chaos have put the Greek government on dangerous ground, reports Kevin Ovenden.\nhttps://t.co/Y2NZHw3SBf"},{"lang":"en","public_metrics":{"retweet_count":0,"reply_count":0,"like_count":1,"quote_count":0},"created_at":"2021-08-12T03:59:47.000Z","id":"1425668311774203912","author_id":"1273701966","text":"@climate Looks like Greece. Most of the fires were intentionally started. The PM has a nerve to talk about Climate Change when in fact he abandon the poor peasants and islanders to fight the fire with brooms and tree branches. He rather spends the money in Wind mills and Solar Panels"},{"lang":"fr","attachments":{"media_keys":["3_1425668135269588993"]},"public_metrics":{"retweet_count":0,"reply_count":0,"like_count":1,"quote_count":1},"created_at":"2021-08-12T03:59:09.000Z","id":"1425668152269152259","author_id":"1392242388710608898","text":"Les deux Canadairs français \uD83C\uDDE8\uD83C\uDDF5 dont parle Emmanuel Macron sont sous la responsabilité de l'#ERCC européen \uD83C\uDDEA\uD83C\uDDFA, à l'image des deux autres appartenant à l'Espagne \uD83C\uDDEA\uD83C\uDDE6 et la Croatie \uD83C\uDDED\uD83C\uDDF7.\n\n\uD83D\uDC47\uD83D\uDC47\uD83D\uDC47\n\nhttps://t.co/nRRsqJZEUu https://t.co/X0ls9ZPUAz https://t.co/EdQyzlg6uJ"},{"lang":"en","public_metrics":{"retweet_count":1,"reply_count":0,"like_count":2,"quote_count":0},"created_at":"2021-08-12T03:56:30.000Z","id":"1425667484770660364","author_id":"255810393","text":"And for #Turkey, #Greece, #Siberia, #California !!! The world is on fire. https://t.co/vzdU1IdrjM"},{"lang":"en","public_metrics":{"retweet_count":91,"reply_count":9,"like_count":184,"quote_count":13},"created_at":"2021-08-12T03:55:44.000Z","id":"1425667291971166211","author_id":"22737278","text":"\"The fires raging in Siberia are bigger than fires in Greece, Turkey, Italy, the United States and Canada combined.\" Wild. https://t.co/GVBKlYjuFu"},{"lang":"en","public_metrics":{"retweet_count":0,"reply_count":0,"like_count":0,"quote_count":0},"created_at":"2021-08-12T03:55:27.000Z","id":"1425667218361274370","author_id":"2188371423","text":"I hope all those firefighters from around the world that are rushing to help with Greek wildfires brought chemicals extinguishers and not just hoses\nYou never use water on a Greece fire.\n#humour"},{"lang":"en","public_metrics":{"retweet_count":0,"reply_count":0,"like_count":0,"quote_count":0},"created_at":"2021-08-12T03:49:10.000Z","id":"1425665636664057864","author_id":"1347444070365458433","text":"Fake 'Global Warming' Agenda: Multiple Fires in Greece Linked to Arson, A Dozen Suspects Arrested https://t.co/P7LPia85up"},{"lang":"en","public_metrics":{"retweet_count":0,"reply_count":0,"like_count":0,"quote_count":0},"created_at":"2021-08-12T03:47:40.000Z","id":"1425665261538095104","author_id":"1330344362526519299","text":"YO how many times do i have to tell people, i had nothing to do with the fires in Greece, i promise this time it wasn't me"},{"lang":"en","attachments":{"media_keys":["3_1425664905923944451"]},"public_metrics":{"retweet_count":0,"reply_count":0,"like_count":0,"quote_count":0},"created_at":"2021-08-12T03:46:16.000Z","id":"1425664907555528705","author_id":"1398205894656208896","text":"‘We Ask For The Support Of The Whole World’ As Hundreds Of Fires Break Out Across Greece – CBS New York - https://t.co/zm2fU635lr https://t.co/ghtYSYU1HQ"},{"lang":"en","public_metrics":{"retweet_count":0,"reply_count":1,"like_count":0,"quote_count":0},"created_at":"2021-08-12T03:40:27.000Z","id":"1425663443735130113","author_id":"16751921","text":"@OwenDLFord @CBahoy @DrWJL @TwistedKelpie The \"reality\" you refer to is a curated and manufactured one.\nThe media ring the alarm bells every time there's a natural disaster but what about the days when no \"catastrophe\" is occurring?\n\nNo \"Australia\" this year? Let's blame arson-set fires in Greece!!!"},{"lang":"en","public_metrics":{"retweet_count":0,"reply_count":0,"like_count":4,"quote_count":0},"created_at":"2021-08-12T03:39:35.000Z","id":"1425663228789542913","author_id":"1830792908","text":"I was showing hubs pictures of the fires in Evia.\n\nHe turns and deadpans \"They're Greece fires. The need baking soda.\"\n\n#dadjokes"},{"lang":"en","public_metrics":{"retweet_count":0,"reply_count":1,"like_count":1,"quote_count":0},"created_at":"2021-08-12T03:38:15.000Z","id":"1425662892897095680","author_id":"1725836935","text":"@Cate_Chasse Yes, I know - I live here. I know the whole planet isn't literally on fire \uD83D\uDE05 But w/ BC, ON, the US, Greece, Turkey, Russia, Brazil (and many others I'm sure) all having forest fires...its more apparent how big of a climate disaster we're in and feels like everywhere is on \uD83D\uDD25"},{"lang":"en","public_metrics":{"retweet_count":5,"reply_count":0,"like_count":6,"quote_count":2},"created_at":"2021-08-12T03:33:37.000Z","id":"1425661723638370307","author_id":"68577507","text":"Stunned, Kostis Angelou wanders between the corpses of his goats, all 372 of them burnt by a fire that devoured forests on Evia island in Greece. #jakpost https://t.co/kj4tQdQTTD"},{"lang":"en","attachments":{"media_keys":["7_1425660219569410048"]},"public_metrics":{"retweet_count":24,"reply_count":2,"like_count":49,"quote_count":1},"created_at":"2021-08-12T03:28:44.000Z","id":"1425660494933897222","author_id":"1264067029440647168","text":"Multiple fires around the world\nSeveral people have died in Greece, Turkey and Italy, with many more injured. Huge fires also have been burning across Peru as well as northern Russia, with smoke from forest fires in Siberia reaching the north pole.\n#Tiredearth https://t.co/XpI1oqGxr5"},{"lang":"en","attachments":{"media_keys":["3_1425659576934748165"]},"public_metrics":{"retweet_count":0,"reply_count":0,"like_count":0,"quote_count":0},"created_at":"2021-08-12T03:25:05.000Z","id":"1425659578507677698","author_id":"302189775","text":"The nightmare of Greece's Evia, an island devoured by flames - CNN https://t.co/wRlxNT9giK https://t.co/q1Mxi3MJd8"},{"lang":"en","public_metrics":{"retweet_count":2,"reply_count":0,"like_count":1,"quote_count":0},"created_at":"2021-08-12T03:22:25.000Z","id":"1425658906748018688","author_id":"45255841","text":"Could this discovery in July of the entrance &amp; steps to the Temple of Zeus be connected to the fires in Greece and Turkey? In our doc. we established link between HaSatan &amp; Zeus. Check out Doc pinned to page.  https://t.co/ynQvQ3vayh"},{"lang":"en","public_metrics":{"retweet_count":0,"reply_count":0,"like_count":0,"quote_count":0},"created_at":"2021-08-12T03:20:11.000Z","id":"1425658345088770053","author_id":"744710043195555840","text":"@taoquei1 @EmmanuelMacron @LeoDiCaprio @GretaThunberg @CDUMerkel  Wont you condem Greece,Turkey or USA because of the fires?Hypocrites!You've deforested almost all of your native forest and want to talk abt Brazils, the country in the world that most preserves its native forest.Fuck you!"},{"lang":"en","public_metrics":{"retweet_count":1,"reply_count":1,"like_count":1,"quote_count":0},"created_at":"2021-08-12T03:18:36.000Z","id":"1425657946990551049","author_id":"14314815","text":"In case you didn’t know the world is literally on fire:\nBritish Columbia\nCalifornia (and in drought)\nSicily 120F\nGreece\nSiberia\nTurkey\nSumatra\nLebanon…\n\nAnd more…\n1/"},{"lang":"en","public_metrics":{"retweet_count":0,"reply_count":0,"like_count":0,"quote_count":0},"created_at":"2021-08-12T03:09:07.000Z","id":"1425655560800804867","author_id":"281351848","text":"@bbcbrasil @BBCNews @BBCWorld “Fires ravage Greece's second-largest island: \uD83C\uDDEC\uD83C\uDDF7'Looks like a horror movie scene'.  “ Where are Gretha @GretaThunberg and Macron @EmmanuelMacron  ? \uD83E\uDD14\uD83E\uDD14\uD83D\uDC47\uD83D\uDC47\uD83D\uDC47\uD83D\uDC47 https://t.co/Ql9ZX1dgLE"},{"lang":"en","public_metrics":{"retweet_count":2,"reply_count":0,"like_count":5,"quote_count":0},"created_at":"2021-08-12T03:03:35.000Z","id":"1425654166320467969","author_id":"52119056","text":"YaleE360: In our age of megafires, some experts are calling for more prescribed burns to guard against catastrophic blazes like those currently raging in California, Greece and Siberia.\nhttps://t.co/42MFG2qOjw"},{"lang":"en","public_metrics":{"retweet_count":0,"reply_count":0,"like_count":0,"quote_count":0},"created_at":"2021-08-12T02:58:13.000Z","id":"1425652815519797250","author_id":"2343901758","text":"GREECE IS ON FIRE | Extinction Rebellion UK https://t.co/53NXA0T4Ry via @YouTube"},{"lang":"en","public_metrics":{"retweet_count":0,"reply_count":0,"like_count":0,"quote_count":0},"created_at":"2021-08-12T02:53:23.000Z","id":"1425651600958296066","author_id":"269860540","text":"Hundreds of firefighters and dozens of vehicles and aircraft from other countries are going to work in Greece to bolster a battle against fierce wildfires, including a week-old blaze that has devoured the northern tip of a popular island. https://t.co/fucsVdtfs4"},{"lang":"en","public_metrics":{"retweet_count":0,"reply_count":0,"like_count":1,"quote_count":0},"created_at":"2021-08-12T02:51:23.000Z","id":"1425651098954633216","author_id":"18866926","text":"With Greece literally on fire and a climate change report sounding the alarm, Extinction Rebellion protesters are choosing to smash windows and cause mayhem for commuters in London rather than doing anything approaching useful.\n\n#infantile #tonedeaf #ExtinctionRebellion https://t.co/YDnZxMi1JM"},{"lang":"en","public_metrics":{"retweet_count":3,"reply_count":0,"like_count":13,"quote_count":1},"created_at":"2021-08-12T02:49:10.000Z","id":"1425650539409334272","author_id":"130627548","text":"‘The pain of an elderly Greek woman will not change the behavior of oil companies and oligarchs.’\n\n⁦Beholding a stark image, @PhilipKennicott⁩ asks if we will react with fear and necessary action — or sink into despair and self-paralysis  https://t.co/CT0uhji5zL"},{"lang":"en","public_metrics":{"retweet_count":0,"reply_count":0,"like_count":0,"quote_count":0},"created_at":"2021-08-12T02:44:23.000Z","id":"1425649336776495106","author_id":"2585278238","text":"My prayers for Algeria , Turkey and Greece. My heart and support to the firefighters from all countries who are helping with the fires. \uD83D\uDE2A"},{"lang":"en","public_metrics":{"retweet_count":0,"reply_count":0,"like_count":0,"quote_count":0},"created_at":"2021-08-12T02:42:22.000Z","id":"1425648825885085696","author_id":"59720504","text":"Instead of a concerted, War-like effort to find technological solutions to coming disaster, we were given explosion of unnecessary consumer goods, whose assembly underwrote China’s rise to industrial dominance, which floods the earth with plastic crap —\n\nhttps://t.co/Ik0tQFXrif"},{"lang":"en","public_metrics":{"retweet_count":0,"reply_count":0,"like_count":0,"quote_count":0},"created_at":"2021-08-12T02:38:27.000Z","id":"1425647843071647744","author_id":"18084838","text":"Foreign fire crews travel to Greece to tackle huge blazes https://t.co/seZy1dABEt"},{"lang":"en","public_metrics":{"retweet_count":0,"reply_count":0,"like_count":0,"quote_count":0},"created_at":"2021-08-12T02:36:00.000Z","id":"1425647224013348866","author_id":"386072477","text":"Dozens of Nations Send Help To Battle Fires in Greece https://t.co/hUWk3LM0BW"},{"lang":"en","public_metrics":{"retweet_count":0,"reply_count":0,"like_count":0,"quote_count":0},"created_at":"2021-08-12T02:35:51.000Z","id":"1425647188797964294","author_id":"386072477","text":"Over 230,000 Acres Reduced to Ash as Greece Continues to Fight Fires https://t.co/KgNfEyjr8y"},{"lang":"en","public_metrics":{"retweet_count":0,"reply_count":0,"like_count":0,"quote_count":0},"created_at":"2021-08-12T02:35:06.000Z","id":"1425646997437095937","author_id":"386072477","text":"Greece Fires Continue for 8th Day, More Than 230,000 Acres Burned https://t.co/rioDsNMnXR"},{"lang":"en","attachments":{"media_keys":["3_1425646900494090242"]},"public_metrics":{"retweet_count":0,"reply_count":0,"like_count":1,"quote_count":0},"created_at":"2021-08-12T02:34:43.000Z","id":"1425646903010775043","author_id":"590147379","text":"The team has continued with the removal of trees and creating fire breaks in key areas using hand tools and chainsaws, creating a positive effect in areas around village electrical power feeds.\nChainsaw operations commenced to remove brush to allow\n\nhttps://t.co/EF5CT7iUcs https://t.co/DLoXwV0g5d"},{"lang":"en","attachments":{"media_keys":["3_1425646623263100941"]},"public_metrics":{"retweet_count":0,"reply_count":0,"like_count":0,"quote_count":0},"created_at":"2021-08-12T02:33:38.000Z","id":"1425646631404412928","author_id":"997451197085814784","text":"God save #lebanon#turkey#greece#algeria#russia from the fires..\uD83D\uDC94\uD83D\uDC94\uD83D\uDC94tragedy https://t.co/DDeFvIh2kb"},{"lang":"en","public_metrics":{"retweet_count":1,"reply_count":0,"like_count":2,"quote_count":0},"created_at":"2021-08-12T02:33:08.000Z","id":"1425646502526001152","author_id":"31369276","text":"As we sit here, parts of the world are on fire. Greece, Turkey, and now Algeria. Next time someone tells you climate change is a myth, sock’em in the mouth"},{"lang":"en","public_metrics":{"retweet_count":17,"reply_count":9,"like_count":45,"quote_count":3},"created_at":"2021-08-12T02:30:08.000Z","id":"1425645748213977092","author_id":"19918353","text":"In our age of megafires, some experts are calling for more prescribed burns to guard against catastrophic blazes like those currently raging in California, Greece and Siberia.\nhttps://t.co/oAJ9IHJgN1"},{"lang":"en","public_metrics":{"retweet_count":0,"reply_count":0,"like_count":0,"quote_count":0},"created_at":"2021-08-12T02:29:46.000Z","id":"1425645656073441282","author_id":"1413570863425888257","text":"@jamft She is refugee in downtown with no ID. Fires happened at Greece/Turkish borders... what a bunch of mofos here..."},{"lang":"en","public_metrics":{"retweet_count":0,"reply_count":0,"like_count":0,"quote_count":0},"created_at":"2021-08-12T02:25:02.000Z","id":"1425644463947501569","author_id":"826906845159763969","text":"\"The goats lie on the two flanks of a hill blackened by the blaze that burnt for more than a week in the north of Greece’s second biggest island.\"\n\n https://t.co/vPPgwJ2ahm"},{"lang":"und","public_metrics":{"retweet_count":0,"reply_count":0,"like_count":0,"quote_count":0},"created_at":"2021-08-12T02:22:56.000Z","id":"1425643937881116672","author_id":"1371976884356059141","text":"https://t.co/wHBMf30ZbQ"},{"lang":"en","public_metrics":{"retweet_count":1,"reply_count":0,"like_count":1,"quote_count":1},"created_at":"2021-08-12T02:19:45.000Z","id":"1425643134155780100","author_id":"41631420","text":"The fires raging in Siberia are bigger than fires in Greece, Turkey, Italy, the United States and Canada combined,\n\nhttps://t.co/1YxqqaPcFh"},{"lang":"en","attachments":{"media_keys":["16_1425642746086404099"]},"public_metrics":{"retweet_count":0,"reply_count":1,"like_count":0,"quote_count":0},"created_at":"2021-08-12T02:18:15.000Z","id":"1425642758501502977","author_id":"1063925703593402370","text":"Pastor C: \"and a third of the trees were burned up, and all green grass was burned up.\" (Revelation 8:7c ESV)\nPastor B: Of course, most of this will happen around the Mediterranean.\nThen I turn on CNN and see historically unprecedented fires in Greece and Turkey.\n#JustSayin https://t.co/qrfAAMOacv"},{"lang":"en","public_metrics":{"retweet_count":0,"reply_count":0,"like_count":0,"quote_count":0},"created_at":"2021-08-12T02:17:12.000Z","id":"1425642494180700167","author_id":"1268244283292889090","text":"GREECE IS ON FIRE | Extinction Rebellion UK https://t.co/NSfrghcBjp via @YouTube"},{"lang":"en","public_metrics":{"retweet_count":0,"reply_count":0,"like_count":0,"quote_count":0},"created_at":"2021-08-12T02:07:08.000Z","id":"1425639961328590858","author_id":"872051453900328961","text":"Combined worldwide effort stops spread of wildfires across Greece  https://t.co/TPddhV9GYw"},{"lang":"en","public_metrics":{"retweet_count":0,"reply_count":0,"like_count":0,"quote_count":0},"created_at":"2021-08-12T02:05:22.000Z","id":"1425639516170293254","author_id":"862314073","text":"\"Over 500 fires still rage across Greece. They may continue to burn for many more days, perhaps even weeks – but their deep, scarring impact will be felt long into the future.\" https://t.co/t09NejUnyA"},{"lang":"en","public_metrics":{"retweet_count":0,"reply_count":1,"like_count":2,"quote_count":0},"created_at":"2021-08-12T02:05:19.000Z","id":"1425639505025933314","author_id":"931707540","text":"@randlight He can’t hear. \n\nAs soon as the fires in Greece started he headed off to Hawaii…"},{"lang":"en","public_metrics":{"retweet_count":0,"reply_count":0,"like_count":0,"quote_count":0},"created_at":"2021-08-12T02:02:28.000Z","id":"1425638788093579272","author_id":"1416569257983418371","text":"@lafleurbleue_ @wechkho Did they start fires in Portugal too you victim hungry idiots? https://t.co/78u78rrugR"},{"lang":"en","attachments":{"media_keys":["3_1425637708152537090"]},"public_metrics":{"retweet_count":0,"reply_count":0,"like_count":0,"quote_count":0},"created_at":"2021-08-12T01:58:11.000Z","id":"1425637709867933696","author_id":"1420660507","text":"As wildfires continue, anger is simmering on the Greek island devoured by flames https://t.co/PBtzQnWbnw #NEWS https://t.co/rCMKIbA91l"},{"lang":"en","public_metrics":{"retweet_count":0,"reply_count":0,"like_count":0,"quote_count":0},"created_at":"2021-08-12T01:55:49.000Z","id":"1425637111760244736","author_id":"570927672","text":"Nearly 100,000 hectares of forestry and farmland have burned in Greece for the past two weeks. It was the worst wave of wildfires since 2007.\n\nhttps://t.co/ebjBIUa1Ap"},{"lang":"en","attachments":{"media_keys":["3_1425636873754447872"]},"public_metrics":{"retweet_count":0,"reply_count":0,"like_count":0,"quote_count":0},"created_at":"2021-08-12T01:54:56.000Z","id":"1425636889122328576","author_id":"1112559467239899136","text":"@tzoumio Only about money!\nGlobal weather (beyond our understanding) when 10 countries have fires; when flooding another 10 countries?  \n\nThink HAARP controlled by Rockefellers  &amp; Cabal to Devastate economies - Great Reset.\n\nLet us all pray \uD83D\uDE4F for Rain in Greece. https://t.co/ZxvcPM15an"},{"lang":"und","public_metrics":{"retweet_count":0,"reply_count":0,"like_count":0,"quote_count":0},"created_at":"2021-08-12T01:52:07.000Z","id":"1425636183145549825","author_id":"1298967607253626881","text":"https://t.co/35WTroc9P3"},{"lang":"en","public_metrics":{"retweet_count":0,"reply_count":0,"like_count":0,"quote_count":0},"created_at":"2021-08-12T01:50:35.000Z","id":"1425635794299998214","author_id":"14770715","text":"As wildfires continue, anger is simmering on the Greek island devoured by flames https://t.co/US9x0fJ4RY"},{"lang":"en","public_metrics":{"retweet_count":0,"reply_count":0,"like_count":0,"quote_count":0},"created_at":"2021-08-12T01:46:36.000Z","id":"1425634794075996161","author_id":"1408138327362965505","text":"As wildfires continue, anger is simmering on the Greek island devoured by flames https://t.co/TChdqAszcV"},{"lang":"en","public_metrics":{"retweet_count":0,"reply_count":0,"like_count":0,"quote_count":0},"created_at":"2021-08-12T01:46:15.000Z","id":"1425634703856611334","author_id":"28741286","text":"@QCWorldwide The fires in Greece and Turkey 8s also Meekiana's fault!"},{"lang":"en","public_metrics":{"retweet_count":0,"reply_count":0,"like_count":0,"quote_count":0},"created_at":"2021-08-12T01:45:44.000Z","id":"1425634575749816320","author_id":"902841130479321088","text":"Nearly 100,000 hectares of forestry and farmland have burned in less than two weeks in Greece in the worst wave of wildfires since 2007, the European Forest Fire Information System (EFFIS) said Wednesday.\nhttps://t.co/jyPlJ25ane"},{"lang":"en","public_metrics":{"retweet_count":0,"reply_count":0,"like_count":1,"quote_count":0},"created_at":"2021-08-12T01:44:51.000Z","id":"1425634353674133507","author_id":"189535035","text":"Why is Greece on fire? \nIf we can’t go to Greece where the hell can we go???"},{"lang":"en","attachments":{"media_keys":["3_1425634025503293442"]},"public_metrics":{"retweet_count":1,"reply_count":0,"like_count":0,"quote_count":0},"created_at":"2021-08-12T01:43:33.000Z","id":"1425634027281686532","author_id":"225187661","text":"NEWS: As wildfires continue, anger is simmering on the Greek island devoured by flames https://t.co/FHI69FQIIy Via @CNN https://t.co/hLIzkpBI1m"},{"lang":"en","public_metrics":{"retweet_count":0,"reply_count":0,"like_count":0,"quote_count":0},"created_at":"2021-08-12T01:39:31.000Z","id":"1425633012377538566","author_id":"2416966291","text":"@AstraeaRoseXo You gonna be a mama and won’t be so free lol. Otherwise hell yeah Greece is burning down now look on the news it’s all on fire I’m so sad that was one of my favorite place to want to go"},{"lang":"en","public_metrics":{"retweet_count":0,"reply_count":0,"like_count":2,"quote_count":0},"created_at":"2021-08-12T01:35:11.000Z","id":"1425631921057456131","author_id":"519332556","text":"@jkenney There is no creditable way because governments refuse to invest in them. We've seen massive fires in Australia, Greece, Turkey, Italy, and much of British Columbia this past year and a half. How many more place have to burn before we start taking Global Warming seriously?"},{"lang":"en","public_metrics":{"retweet_count":0,"reply_count":0,"like_count":0,"quote_count":0},"created_at":"2021-08-12T01:33:12.000Z","id":"1425631422023446528","author_id":"1235528072843100160","text":"@CalgicNadiye Chatli was one of who burn Greece lady,but you don't care,you are so brain damaged. A.Chatli \nhttps://t.co/Zmkbjzx7dP\n..\nHe also kill Turkish-Cypriots journalists who telling the true about Turkish state in Cyprus.\nhttps://t.co/BdIQdybTNi\nAs a \uD83C\uDDEC\uD83C\uDDF7 I say Fu,@@ you.mobster state"},{"lang":"en","public_metrics":{"retweet_count":0,"reply_count":0,"like_count":2,"quote_count":0},"created_at":"2021-08-12T01:31:56.000Z","id":"1425631104342626309","author_id":"1255438129642823680","text":"@DragonQueen55 @SharonSyncing Fire \uD83D\uDD25 &amp; \uD83C\uDF0A are male &amp; female not knowing each other when they lay down together they become Ya/Yah or Æther✡️, then separate &amp; have lines as Father Sky &amp; Mother Earth. \nKi/Qi/Sī/Chi is Ya’s Way which the Creator Name= Chaos in Greece &amp; Rome. Go to 6 mins https://t.co/C145519IT0"},{"lang":"en","public_metrics":{"retweet_count":0,"reply_count":0,"like_count":0,"quote_count":0},"created_at":"2021-08-12T01:30:24.000Z","id":"1425630718063955970","author_id":"832052154198327296","text":"Archbishop asks for the support as fire breaks out in Greece https://t.co/DLq1SxL19e"},{"lang":"en","public_metrics":{"retweet_count":0,"reply_count":0,"like_count":0,"quote_count":0},"created_at":"2021-08-12T01:30:24.000Z","id":"1425630715279028225","author_id":"832142567861006336","text":"Archbishop asks for the support as fire breaks out in Greece https://t.co/wjspApzy1J"},{"lang":"en","public_metrics":{"retweet_count":13,"reply_count":0,"like_count":12,"quote_count":0},"created_at":"2021-08-12T01:30:08.000Z","id":"1425630648098754566","author_id":"2373735295","text":"Fires have also recently spread ferociously across Turkey, Syria, and Greece. A European Union atmosphere monitor has said the Mediterranean has become a wildfire hotspot https://t.co/Y3DLARgVJ5"},{"lang":"en","public_metrics":{"retweet_count":0,"reply_count":0,"like_count":0,"quote_count":0},"created_at":"2021-08-12T01:26:40.000Z","id":"1425629777277431813","author_id":"29905232","text":"20210811: Reuters: At least 65 killed in Algerian wildfires as Greece, Turkey also battle blazes [\"Algeria's government has deployed army to help fight fires; 28 soldiers among dead\" https://t.co/3kTKImM0hf"},{"lang":"en","public_metrics":{"retweet_count":0,"reply_count":0,"like_count":2,"quote_count":0},"created_at":"2021-08-12T01:24:12.000Z","id":"1425629156855930883","author_id":"20426939","text":"“The fires and floods now spreading across the world are a reminder of the importance of caring for ecology,” Archbishop Ieronymos II of Athens said in a statement at the weekend. https://t.co/t2K1VwjRJE"},{"lang":"en","public_metrics":{"retweet_count":0,"reply_count":0,"like_count":0,"quote_count":0},"created_at":"2021-08-12T01:23:45.000Z","id":"1425629041835614208","author_id":"144496636","text":"Swedish news from last Thursday:\nhttps://t.co/7HFPpLC0ix"},{"lang":"en","public_metrics":{"retweet_count":0,"reply_count":0,"like_count":0,"quote_count":0},"created_at":"2021-08-12T01:22:35.000Z","id":"1425628748926365696","author_id":"700951514618138624","text":"Pine-Tree plantation in one of Greece’s largest islands destroyed by raging fires leaving livestock and livelihoods decimated. https://t.co/i90YGJWqCZ"},{"lang":"en","public_metrics":{"retweet_count":0,"reply_count":1,"like_count":1,"quote_count":0},"created_at":"2021-08-12T01:22:01.000Z","id":"1425628605850157059","author_id":"1372765830832742407","text":"@Chasin_Fires I figured it was suitable for a Wet Wednesday post seeing that we are in Greece. [Grins]"},{"lang":"en","public_metrics":{"retweet_count":0,"reply_count":0,"like_count":1,"quote_count":0},"created_at":"2021-08-12T01:18:53.000Z","id":"1425627820563345415","author_id":"1075929393858535424","text":"Greece is on fire, Italy is on fire, Algeria is on fire, Russia is on fire, Spain is on fire, California is on fire.\nHow many fires will it take for people to take Climate Change seriously? Hopefully not many..."},{"lang":"hi","attachments":{"media_keys":["3_1425626795454320641"]},"public_metrics":{"retweet_count":0,"reply_count":0,"like_count":0,"quote_count":0},"created_at":"2021-08-12T01:14:53.000Z","id":"1425626811749130246","author_id":"1004319930248908800","text":"Greece में  Forest Fire  से गुस्सा हुई जनता\n.\n.\n.\nदेखें ये वीडियो:-\nhttps://t.co/GEPRM618Ry https://t.co/iTBzpVRk7B"},{"lang":"en","public_metrics":{"retweet_count":0,"reply_count":0,"like_count":0,"quote_count":0},"created_at":"2021-08-12T01:13:49.000Z","id":"1425626542345007104","author_id":"217937662","text":"I wonder why the MotherFucker “sisi” didn’t send rescue planes to put out the fires of Algeria till now like he did with greece, lebanon, etc..!!! #PrayForAlgeria"},{"lang":"en","public_metrics":{"retweet_count":139,"reply_count":10,"like_count":205,"quote_count":3},"created_at":"2021-08-12T01:07:43.000Z","id":"1425625008215371777","author_id":"1357131432804700160","text":"Sicily hit 120 and if accepted it will be the highest temp ever recorded in Europe..Greece is on fire..and Oregon may hit 110  in the next few days.. do we need any more evidence we will all die if action not taken soon\n#DemVoice1 \n#wtpBlue \n#ONEV1 \n\nhttps://t.co/tCrtdFh5Ss"},{"lang":"en","public_metrics":{"retweet_count":0,"reply_count":0,"like_count":0,"quote_count":0},"created_at":"2021-08-12T01:07:11.000Z","id":"1425624875906052100","author_id":"327661763","text":"Please donate whatever you can to help stop these horrible fires in #Greece #GreeceFiresDonate #GreeceFires Link: https://t.co/m2pPwMiDHq"},{"lang":"en","public_metrics":{"retweet_count":0,"reply_count":0,"like_count":0,"quote_count":0},"created_at":"2021-08-12T01:04:42.000Z","id":"1425624250522681352","author_id":"18903484","text":"GREECE IS ON FIRE | Extinction Rebellion UK https://t.co/RzxrVyrdiF via @YouTube"},{"lang":"en","public_metrics":{"retweet_count":0,"reply_count":2,"like_count":1,"quote_count":0},"created_at":"2021-08-12T01:03:50.000Z","id":"1425624029570818048","author_id":"15350894","text":"Did you know Greece is on fire?"},{"lang":"en","public_metrics":{"retweet_count":1,"reply_count":0,"like_count":5,"quote_count":0},"created_at":"2021-08-12T01:02:56.000Z","id":"1425623805469200387","author_id":"20583561","text":"PAPPÃ¡DES (GREECE) - Stunned, Kostis Angelou wanders between the corpses of his goats, all 372 of them burnt by a fire that devoured forests on Evia island in Greece. \"I'm lost,\" he sighs, \"I can't take it anymore.\" #BangkokPost #World https://t.co/AukGW0lXSR"},{"lang":"en","public_metrics":{"retweet_count":0,"reply_count":0,"like_count":1,"quote_count":0},"created_at":"2021-08-12T00:59:50.000Z","id":"1425623023760117763","author_id":"931441275009724416","text":"@BenjaminNorton As always. Another example; \nGreece fights terrible forest fires.\nTurkish leader Erdoğan fails to fight the forest fires!.."},{"lang":"und","attachments":{"media_keys":["3_1425622181397123072"]},"public_metrics":{"retweet_count":0,"reply_count":0,"like_count":0,"quote_count":0},"created_at":"2021-08-12T00:56:29.000Z","id":"1425622183221600261","author_id":"1167458921486983168","text":"https://t.co/YljCa2NBOv https://t.co/6F39EzftFN"},{"lang":"en","public_metrics":{"retweet_count":2,"reply_count":0,"like_count":3,"quote_count":0},"created_at":"2021-08-12T00:55:29.000Z","id":"1425621930942496770","author_id":"57474019","text":"Here in Portland, we are beginning another extreme heat wave. The images of the fires in Greece are \uD83D\uDC94 heartbreaking. I loved visiting Greece and the islands as teen, this is just devastating. \uD83D\uDE22 https://t.co/cR7nWpNWxu"},{"lang":"en","public_metrics":{"retweet_count":0,"reply_count":0,"like_count":0,"quote_count":0},"created_at":"2021-08-12T00:52:01.000Z","id":"1425621055960387584","author_id":"346883836","text":"@MazMHussain This is a terrible situation and it's definitely happening. That being said, this PARTICULAR video is editing. Just because a person says this video is edited that doesn't mean they're saying the fires aren't happening. Prayers up for Greece and Turkey."},{"lang":"en","public_metrics":{"retweet_count":2,"reply_count":0,"like_count":0,"quote_count":0},"created_at":"2021-08-12T00:49:15.000Z","id":"1425620359441752065","author_id":"1411376538239397892","text":"Terrible! Deadly Fires Monster Has Invaded Greece And Turkey killing dozens animal and people https://t.co/eCi6PHSzTj"}],"includes":{"media":[{"media_key":"3_1425681084419768326","type":"photo","url":"https://pbs.twimg.com/media/E8kJZIfVgAYy32l.jpg"},{"media_key":"3_1425672155623165952","type":"photo","url":"https://pbs.twimg.com/media/E8kBRaIVkAAM39V.jpg"},{"media_key":"3_1425672033594068993","type":"photo","url":"https://pbs.twimg.com/media/E8kBKTiVUAEYIHA.jpg"},{"media_key":"3_1425672033224970241","type":"photo","url":"https://pbs.twimg.com/media/E8kBKSKVUAEWLME.jpg"},{"media_key":"3_1425672032893636611","type":"photo","url":"https://pbs.twimg.com/media/E8kBKQ7VkAMep6F.jpg"},{"media_key":"3_1425672030997803008","type":"photo","url":"https://pbs.twimg.com/media/E8kBKJ3VcAA4CH7.jpg"},{"media_key":"3_1425672030444158977","type":"photo","url":"https://pbs.twimg.com/media/E8kBKHzVgAE510R.jpg"},{"media_key":"3_1425671644094160897","type":"photo","url":"https://pbs.twimg.com/media/E8kAzoiUYAElONc.jpg"},{"media_key":"3_1425668135269588993","type":"photo","url":"https://pbs.twimg.com/media/E8j9nZJWYAE41H1.jpg"},{"media_key":"3_1425664905923944451","type":"photo","url":"https://pbs.twimg.com/media/E8j6ra5WYAMqzoD.png"},{"media_key":"7_1425660219569410048","public_metrics":{"view_count":487},"type":"video"},{"media_key":"3_1425659576934748165","type":"photo","url":"https://pbs.twimg.com/media/E8j11O3UUAUUcsg.jpg"},{"media_key":"3_1425646900494090242","type":"photo","url":"https://pbs.twimg.com/media/E8jqTXcWQAImlOZ.jpg"},{"media_key":"3_1425646623263100941","type":"photo","url":"https://pbs.twimg.com/media/E8jqDOrVEA0GHQQ.jpg"},{"media_key":"16_1425642746086404099","type":"animated_gif"},{"media_key":"3_1425637708152537090","type":"photo","url":"https://pbs.twimg.com/media/E8jh8TTVgAIZRgE.jpg"},{"media_key":"3_1425636873754447872","type":"photo","url":"https://pbs.twimg.com/media/E8jhLu7VEAAykAG.jpg"},{"media_key":"3_1425634025503293442","type":"photo","url":"https://pbs.twimg.com/media/E8jel8XVgAIT_k6.jpg"},{"media_key":"3_1425626795454320641","type":"photo","url":"https://pbs.twimg.com/media/E8jYBGVVUAEoUH8.jpg"},{"media_key":"3_1425622181397123072","type":"photo","url":"https://pbs.twimg.com/media/E8jT0hoX0AAnMg8.jpg"}]},"meta":{"newest_id":"1425683435285217282","oldest_id":"1425620359441752065","result_count":99,"next_token":"b26v89c19zqg8o3fpdm8kqnfhrlgoh8xwnlyd33482cu5"}}