{"data":[{"lang":"en","public_metrics":{"retweet_count":2,"reply_count":0,"like_count":0,"quote_count":0},"created_at":"2021-08-12T00:48:46.000Z","id":"1425620238855401474","author_id":"799696784519938048","text":"Archbishop asks for the support as fire breaks out in Greece https://t.co/4NRP3Qr5N0"},{"lang":"en","attachments":{"media_keys":["7_1425619684519407616"]},"public_metrics":{"retweet_count":0,"reply_count":2,"like_count":3,"quote_count":0},"created_at":"2021-08-12T00:47:55.000Z","id":"1425620027156295686","author_id":"111783880","text":"Watched this bad boy take off from Wellcamp!!!! It’s a plan that carries helicopters and it’s going to Greece to fight fires! https://t.co/SvNUvJNmO6"},{"lang":"en","attachments":{"media_keys":["7_1425617579154968580"]},"public_metrics":{"retweet_count":100,"reply_count":5,"like_count":153,"quote_count":13},"created_at":"2021-08-12T00:45:37.000Z","id":"1425619445687357443","author_id":"380648579","text":"VIDEO: Greek fires devastate livestock and beehives.\n\nNearly 100,000 hectares of forestry and farmland have burned in less than two weeks in Greece in the worst wave of wildfires since 2007, the European Forest Fire Information System (EFFIS) says https://t.co/S4wU5pOAiL"},{"lang":"en","attachments":{"media_keys":["3_1425619350158028801"]},"public_metrics":{"retweet_count":0,"reply_count":0,"like_count":0,"quote_count":0},"created_at":"2021-08-12T00:45:14.000Z","id":"1425619351550545926","author_id":"264324755","text":"\"We Beg for the Assistance of the Whole World\" as Hundreds of Fires break out across Greece – CBS New York - https://t.co/D39ZC6H3Rv #pickmenomics #biden #trump #usa #radio #webplayer https://t.co/JF8sOdNPgw"},{"lang":"en","public_metrics":{"retweet_count":0,"reply_count":0,"like_count":0,"quote_count":0},"created_at":"2021-08-12T00:44:18.000Z","id":"1425619116052844546","author_id":"394149441","text":"\"With hotter temperatures and dryer conditions lasting longer into the fall and winter than they used to, the fire season is also lasting longer,\" Saul said.\nhttps://t.co/dN41XOWtxO"},{"lang":"en","public_metrics":{"retweet_count":2,"reply_count":0,"like_count":0,"quote_count":0},"created_at":"2021-08-12T00:43:05.000Z","id":"1425618809705086984","author_id":"318458630","text":"Greece’s fires cause choking smoke, threaten heritage sites https://t.co/3gUmTYmGBX via @NatGeo"},{"lang":"en","public_metrics":{"retweet_count":0,"reply_count":0,"like_count":0,"quote_count":0},"created_at":"2021-08-12T00:41:18.000Z","id":"1425618361593913347","author_id":"2940557482","text":"Archbishop asks for the support as fire breaks out in Greece https://t.co/AkofzF7pWK"},{"lang":"en","public_metrics":{"retweet_count":0,"reply_count":0,"like_count":0,"quote_count":0},"created_at":"2021-08-12T00:40:16.000Z","id":"1425618100259418113","author_id":"1054950476217749504","text":"Global wildfires: Greece surveys damage from fires of \"exceptional magnitude\" https://t.co/ZiDFih0Rw4"},{"lang":"en","public_metrics":{"retweet_count":2,"reply_count":2,"like_count":1,"quote_count":0},"created_at":"2021-08-12T00:39:45.000Z","id":"1425617969829367808","author_id":"933833342","text":"Bigger fires than the US, Canada, Turkey and Greece combined.\n\nThe next handful of years should be super interesting. https://t.co/9dVxOqmqmf"},{"lang":"en","public_metrics":{"retweet_count":0,"reply_count":0,"like_count":0,"quote_count":0},"created_at":"2021-08-12T00:38:50.000Z","id":"1425617740509990913","author_id":"997096867","text":"@Jerusalem_Post There are fires in Greece, Lebanon, Syria and Algeria. There were also floods in Germany, Netherlands, Belgium and Sudan"},{"lang":"en","public_metrics":{"retweet_count":0,"reply_count":1,"like_count":2,"quote_count":0},"created_at":"2021-08-12T00:38:34.000Z","id":"1425617673354768384","author_id":"1046685956701532160","text":"@ZeBigDragon They blame forest fires on the PKK+Greece in areas where the PKK don't even operate since it's rocket science to understand how hot temperatures cause forest fires. They blame Western lefties for supporting the anti refugee protests while supporting the protests at the same time"},{"lang":"en","public_metrics":{"retweet_count":0,"reply_count":0,"like_count":0,"quote_count":0},"created_at":"2021-08-12T00:34:45.000Z","id":"1425616710111989761","author_id":"2226719574","text":"@Mysterywoman111 @PresidencyGR This is the most bizarre Vulins idea that i have had heard in a long time. To send corrupted Serbian police to solve Greek problems.\n\nDont get me wrong, i think that helping Greece in fires is noble thing and something that we owe to a old friend, but this is idiotic."},{"lang":"en","public_metrics":{"retweet_count":0,"reply_count":0,"like_count":0,"quote_count":0},"created_at":"2021-08-12T00:30:37.000Z","id":"1425615671782633478","author_id":"113497659","text":"Hope quick settlement of the fire and safety of people in \uD83C\uDDEC\uD83C\uDDF7\uD83D\uDE4F\nThere are 2 mistakes here.\n1. Tsitsipas was 22yo on Aug 11 and became 23 today.\n2. His next opponent is Khochanov.\n\nTsitsipas Provides Message Of Support To Greece During Bushfire Crisis https://t.co/lwOZ89O6nN"},{"lang":"und","attachments":{"media_keys":["7_1425615155161882625"]},"public_metrics":{"retweet_count":0,"reply_count":0,"like_count":0,"quote_count":0},"created_at":"2021-08-12T00:28:47.000Z","id":"1425615211831209985","author_id":"29375933","text":"#LakeEvia #Greece #Fires Omg!!! https://t.co/6DL20CTxh7"},{"lang":"en","public_metrics":{"retweet_count":0,"reply_count":0,"like_count":0,"quote_count":0},"created_at":"2021-08-12T00:28:28.000Z","id":"1425615132525273098","author_id":"3957180826","text":"Multiple Fires in Greece Linked to Arson, Suspects Arrested.\nhttps://t.co/6D9y0cf1Af"},{"lang":"en","public_metrics":{"retweet_count":0,"reply_count":0,"like_count":0,"quote_count":0},"created_at":"2021-08-12T00:25:03.000Z","id":"1425614270100910081","author_id":"1293525698666090496","text":"Amir pledges support to Greece in fighting fires in the country https://t.co/bL3mYrYTLE"},{"lang":"en","public_metrics":{"retweet_count":0,"reply_count":1,"like_count":0,"quote_count":0},"created_at":"2021-08-12T00:21:57.000Z","id":"1425613490065088513","author_id":"58677461","text":"Greece fires: PM apologises as blazes rage on Evia island | But, but the climate change deniers say these heatwaves are just part of a natural cycle. Hot, cold conditions. That may be so but the weather is becoming more inhospitable. Vested interests.  https://t.co/cXoyNaDHhl"},{"lang":"en","public_metrics":{"retweet_count":0,"reply_count":0,"like_count":0,"quote_count":0},"created_at":"2021-08-12T00:18:21.000Z","id":"1425612586486218759","author_id":"1498724689","text":"@BernieSanders There has been forest fires in Greece ever since there was Greece you idiot.\nGreece is normally pretty hot in the summer months you idiot."},{"lang":"en","public_metrics":{"retweet_count":0,"reply_count":0,"like_count":0,"quote_count":0},"created_at":"2021-08-12T00:17:26.000Z","id":"1425612354151239683","author_id":"702173819960692737","text":"@pulte Help greece that’s suffering from devastating wild fires. People are losing their whole lives worth of property"},{"lang":"en","public_metrics":{"retweet_count":0,"reply_count":0,"like_count":1,"quote_count":0},"created_at":"2021-08-12T00:16:24.000Z","id":"1425612092489543687","author_id":"1142061","text":"So other then sections of CA, you got Greece, Turkey, Italy, Spain, Russia,Lebanon, Algeria, Kuwait, Peru, all basically on fire right now I guess\n\nLike the most shocking to me is frigging Siberia"},{"lang":"en","public_metrics":{"retweet_count":0,"reply_count":0,"like_count":0,"quote_count":0},"created_at":"2021-08-12T00:16:04.000Z","id":"1425612009404604419","author_id":"127966119","text":"Worried about the fires in Turkey and Greece? Take a look at what’s happening in Yakutia, Siberia. Devastating, to say the least. https://t.co/E2jkQAFamV"},{"lang":"en","public_metrics":{"retweet_count":0,"reply_count":0,"like_count":1,"quote_count":0},"created_at":"2021-08-12T00:15:36.000Z","id":"1425611894082228229","author_id":"198393228","text":"@med_nejad @s_m_marandi I know. Turks have built several \"Air force ones\" for Padishah Recep hazetlere, but not a single fire-fighting aircraft. That is why they were forced to call Russia, Greece, Iran etc for help. Fortunately it seems to be under control"},{"lang":"en","attachments":{"media_keys":["7_1425611353255862276"]},"public_metrics":{"retweet_count":0,"reply_count":0,"like_count":2,"quote_count":0},"created_at":"2021-08-12T00:13:42.000Z","id":"1425611414165622791","author_id":"781367901676793857","text":"Yo...Greece is on fire... \uD83D\uDC40 like literally... \uD83D\uDCDB\uD83D\uDD25\uD83D\uDD25\uD83D\uDD25\uD83D\uDCDB https://t.co/PGEopMGLJc"},{"lang":"en","public_metrics":{"retweet_count":0,"reply_count":0,"like_count":0,"quote_count":0},"created_at":"2021-08-12T00:10:08.000Z","id":"1425610515187961856","author_id":"155453398","text":"Disaster continues in Greece. Foreign aid has been forthcoming, and Neos Kosmos has reached out to the office of Australia’s PM Scott Morrison to see how Australia has shown its solidarity. https://t.co/lq2bucyCDe"},{"lang":"en","public_metrics":{"retweet_count":0,"reply_count":0,"like_count":0,"quote_count":0},"created_at":"2021-08-12T00:05:39.000Z","id":"1425609390715981828","author_id":"4867518149","text":"If the refugee problem in Turkey turns into a crisis and any fire burns in Turkey,this fire will not only burn in Turkey,it will burn the whole Europe.  Greece,Germany,France...all Europe,step by step.This responsibility belongs to all of us,not only to Turkey @UN @Europarl_EN"},{"lang":"en","public_metrics":{"retweet_count":0,"reply_count":0,"like_count":0,"quote_count":0},"created_at":"2021-08-12T00:02:12.000Z","id":"1425608522381676552","author_id":"706695755592044545","text":"https://t.co/BKu9v4y5AV (LV.11) Massive Forest Fire Ravages Greece&amp;#x27;s Second Largest Island | Time https://t.co/oUvg1vJtvR"},{"lang":"en","public_metrics":{"retweet_count":137,"reply_count":14,"like_count":203,"quote_count":14},"created_at":"2021-08-11T23:58:00.000Z","id":"1425607462443491332","author_id":"380648579","text":"Stunned, Kostis Angelou wanders between the corpses of his goats, all 372 of them burnt by a fire that devoured forests on Evia island in Greece. \"I'm lost,\" he sighs, \"I can't take it anymore\"\n\nhttps://t.co/piyIk4ne34"},{"lang":"en","public_metrics":{"retweet_count":0,"reply_count":0,"like_count":0,"quote_count":0},"created_at":"2021-08-11T23:58:00.000Z","id":"1425607462057517061","author_id":"1191855827667128320","text":"Greece is on fire: capitalism, crisis and climate chaos | Red Flag https://t.co/7IY1iwbmlO"},{"lang":"en","public_metrics":{"retweet_count":0,"reply_count":0,"like_count":0,"quote_count":0},"created_at":"2021-08-11T23:57:55.000Z","id":"1425607441513918465","author_id":"1276017320578748417","text":"@BernieSanders Ahem.  The fires in Greece were arson."},{"lang":"en","public_metrics":{"retweet_count":0,"reply_count":0,"like_count":0,"quote_count":0},"created_at":"2021-08-11T23:56:06.000Z","id":"1425606986607988737","author_id":"3043155051","text":"So, what are we doing?! What are WE going to do? What is it going to take for us to come together and work to solve this mess we have made with this beautiful Planet, our home? https://t.co/OxYF6idU4r"},{"lang":"en","attachments":{"media_keys":["3_1425604801019195393","3_1425604804009676805","3_1425604808061472772","3_1425604811257520136"]},"public_metrics":{"retweet_count":11,"reply_count":1,"like_count":30,"quote_count":0},"created_at":"2021-08-11T23:47:28.000Z","id":"1425604813748850688","author_id":"1335639978341265408","text":"Images of fires in #Greece. \n\n#PrayForGreece #GreeceFires https://t.co/B0pbIgbTRv"},{"lang":"en","public_metrics":{"retweet_count":0,"reply_count":0,"like_count":2,"quote_count":0},"created_at":"2021-08-11T23:46:50.000Z","id":"1425604651768958982","author_id":"1215212191973949440","text":"@eafjd @ANC_GR Make a donation and help the fraternal state of Greece \n\nGreek Orthodox Archdiocese launches donation campaign for fire victims\n\nPeople who wish to make a direct donation can do so on the Archdiocese website. \n\nhttps://t.co/gw2OB4bXEi"},{"lang":"en","public_metrics":{"retweet_count":0,"reply_count":0,"like_count":0,"quote_count":0},"created_at":"2021-08-11T23:45:34.000Z","id":"1425604336738996227","author_id":"740439602293542912","text":"CNN: The nightmare of Greece's Evia, an island devoured by flames.\nhttps://t.co/kQsigs9k3m\n\nvia @GoogleNews"},{"lang":"en","public_metrics":{"retweet_count":3,"reply_count":0,"like_count":3,"quote_count":0},"created_at":"2021-08-11T23:43:37.000Z","id":"1425603843736276994","author_id":"373951375","text":"Wildfires in the forested mountains of Algeria have killed at least 65 people since Monday, the latest blazes to erupt around the Mediterranean during an intense heat wave that has also helped ignite deadly fires in Greece &amp; Turkey \uD83D\uDE22 https://t.co/6MHCjEUyJk #bringyourownbrigade"},{"lang":"en","public_metrics":{"retweet_count":0,"reply_count":0,"like_count":0,"quote_count":0},"created_at":"2021-08-11T23:43:10.000Z","id":"1425603729500393478","author_id":"1418674829922811906","text":"BUT OF COURSE - CLIMATE CHANGE IS A MYTH [call it weather manipulation]\n\nFake 'Global Warming' Agenda: Multiple Fires in Greece Linked to Arson, A Dozen Suspects Arrested https://t.co/dxh5RyNoh9"},{"lang":"en","public_metrics":{"retweet_count":0,"reply_count":1,"like_count":3,"quote_count":0},"created_at":"2021-08-11T23:41:22.000Z","id":"1425603279254290436","author_id":"373951375","text":"I was just in beautiful Greece and wish the fires weren’t burning so horrifically there too; it is not just the Western USA and Australia, as I learned making #bringyourownbrigade. “We lived in paradise… now it’s hell… biblical scenes of destruction” \uD83E\uDD7A https://t.co/bcanva6G0L"},{"lang":"und","public_metrics":{"retweet_count":0,"reply_count":0,"like_count":0,"quote_count":0},"created_at":"2021-08-11T23:40:44.000Z","id":"1425603118952161281","author_id":"1715434532","text":"https://t.co/CCFeCd1ISn"},{"lang":"en","public_metrics":{"retweet_count":0,"reply_count":0,"like_count":31,"quote_count":0},"created_at":"2021-08-11T23:38:51.000Z","id":"1425602643817345025","author_id":"625993114","text":"PAOK can light their stadium on fire with Pyro (if that gets them off)....\n\nThe Bohs supporters in Greece right now are having the times of their lives and fair fucking play to them \uD83D\uDD34⚫"},{"lang":"en","public_metrics":{"retweet_count":0,"reply_count":0,"like_count":1,"quote_count":0},"created_at":"2021-08-11T23:38:09.000Z","id":"1425602466322780162","author_id":"875356066552442883","text":"Greece’s fires: a warning beacon for our planet https://t.co/8eIFNEFZXv"},{"lang":"und","public_metrics":{"retweet_count":0,"reply_count":0,"like_count":0,"quote_count":0},"created_at":"2021-08-11T23:36:36.000Z","id":"1425602079041728514","author_id":"1425601134379536390","text":"@Ayannaaia #Algerian_army  #bts #spain #turkey #GreeceFires #greece #france #usa #fires #FiresInAlgeria #messi #MessiPSG"},{"lang":"en","public_metrics":{"retweet_count":0,"reply_count":0,"like_count":0,"quote_count":0},"created_at":"2021-08-11T23:35:44.000Z","id":"1425601859654283267","author_id":"23554087","text":"@VinceRugari Yeah ongoing covid, summer-like weather in August, fires in Greece. That's like the Brisbane Olympics are kind of a portent for apocalypse \uD83E\uDD37"},{"lang":"en","public_metrics":{"retweet_count":0,"reply_count":1,"like_count":2,"quote_count":0},"created_at":"2021-08-11T23:32:03.000Z","id":"1425600935166980102","author_id":"1412048778194997248","text":"@Greekdx Nothing about it seems natural... Trying to make sense and sorting out what is fake news and what is real about the fires in Greece is getting more difficult by the day."},{"lang":"en","public_metrics":{"retweet_count":1,"reply_count":0,"like_count":2,"quote_count":0},"created_at":"2021-08-11T23:30:37.000Z","id":"1425600574452555783","author_id":"229692318","text":"Austerity has damaged the ability of Greece to defend itself against fire threats https://t.co/UwKHd3owAN"},{"lang":"en","public_metrics":{"retweet_count":0,"reply_count":0,"like_count":1,"quote_count":0},"created_at":"2021-08-11T23:28:40.000Z","id":"1425600083706458119","author_id":"2370700213","text":"@JustAMomNamedMP The fires in Greece are devastating..."},{"lang":"en","public_metrics":{"retweet_count":1,"reply_count":0,"like_count":0,"quote_count":0},"created_at":"2021-08-11T23:28:33.000Z","id":"1425600053910151174","author_id":"14753993","text":"Situation Update - Update No. 8 - Outdoor fire - Greece - Almost 100,000 hectares of forest burned in Greek fires - https://t.co/2reOOin85d"},{"lang":"en","public_metrics":{"retweet_count":0,"reply_count":0,"like_count":0,"quote_count":0},"created_at":"2021-08-11T23:27:47.000Z","id":"1425599861219549187","author_id":"1383547956842795011","text":"@primality @BobPersis @POTUS Do you know that Greece arrested 10 ppl for setting the fires &amp; a California professor was arrested for setting the California fires…at least 7 of them?  Turkey believes the fires were sabotage. Siberia is believed to be arson. Algeria blames arson. Easy to find on the internet."},{"lang":"en","public_metrics":{"retweet_count":1,"reply_count":1,"like_count":4,"quote_count":0},"created_at":"2021-08-11T23:26:21.000Z","id":"1425599499871809542","author_id":"2790784614","text":"@jo_moir Replace it will climate news.\n\n\"Today we have fires in Siberia, California, Greece, Turkey &amp; 65 deaths from fires in Algeria.\n\nSicily has topped the charts with a historic 48.8c.\n\nBut on the plus side you won't have to wear gloves on your cycle to work on this winters morning.\""},{"lang":"en","public_metrics":{"retweet_count":0,"reply_count":0,"like_count":1,"quote_count":0},"created_at":"2021-08-11T23:24:01.000Z","id":"1425598910102343688","author_id":"1311122364269096961","text":"Told friend, not to long ago, if I could live anywhere, Greece would tempt me. These fires are devistating it https://t.co/HxCGuFXMDS"},{"lang":"en","public_metrics":{"retweet_count":0,"reply_count":0,"like_count":0,"quote_count":0},"created_at":"2021-08-11T23:23:48.000Z","id":"1425598856096403456","author_id":"1179601482095554561","text":"@MeH_not_meh Pretty much! Between that, the fires and my continuing dental nightmare our trip to Greece postponed til next year \uD83D\uDE2D"},{"lang":"en","public_metrics":{"retweet_count":0,"reply_count":0,"like_count":2,"quote_count":1},"created_at":"2021-08-11T23:22:06.000Z","id":"1425598428617269251","author_id":"1311757420868272128","text":"Please pray for rain for Greece and Turkey \uD83D\uDE4F https://t.co/n5RC5edPXR"},{"lang":"en","public_metrics":{"retweet_count":0,"reply_count":0,"like_count":0,"quote_count":0},"created_at":"2021-08-11T23:19:12.000Z","id":"1425597698376441868","author_id":"823416153766789120","text":"Rest of you kids rather be cruising around in the Jeep your dad bought so YOU wouldn't hafta feel stoopid in front kids whose parents bought THEM BMW®s for wheeling around town, going shopping, &amp; picking up boys at the pool instead of fighting fires?\nhttps://t.co/GbG2N7LmtA"},{"lang":"en","public_metrics":{"retweet_count":0,"reply_count":0,"like_count":1,"quote_count":0},"created_at":"2021-08-11T23:18:32.000Z","id":"1425597530839166982","author_id":"3062126675","text":"Writes @PhilipKennicott: \"As headlines blared the word “alarm,” this woman personified collective fear: What she is suffering, we will suffer; what she has lost, we will lose.\" Indeed. https://t.co/WZRMVtLFeS"},{"lang":"en","public_metrics":{"retweet_count":0,"reply_count":0,"like_count":0,"quote_count":0},"created_at":"2021-08-11T23:17:06.000Z","id":"1425597170300903430","author_id":"1291513169794531328","text":"@BernieSanders well I just seen where they have arrested 10 people in Greece for the fires.. \uD83E\uDD37 try again..."},{"lang":"en","public_metrics":{"retweet_count":1,"reply_count":0,"like_count":1,"quote_count":0},"created_at":"2021-08-11T23:17:03.000Z","id":"1425597158741348354","author_id":"286989072","text":"People Share 13 Moments From The Unprecedented Forest Fires In Evia, Greece https://t.co/ccT80xyos1"},{"lang":"en","public_metrics":{"retweet_count":0,"reply_count":1,"like_count":4,"quote_count":0},"created_at":"2021-08-11T23:16:49.000Z","id":"1425597099832446981","author_id":"1438875294","text":"@SunaTemel1 @MariaGronowski @Florentina0988 @BggZineb @Birgittheangel @KPurpleWolf13 @SjSrwillis06 @LunarSaturn @lauralugrassi @kin_maggie @AyaELsa24862906 @traba_emo @Sylvia60942461 @LinscottZully @ManuelaEffrena @Seminolegirl73 @youcanmakeit74 @Melissa95672400 @Citrelle1 Good evening sisters Suna &amp; Maria!! Praying the fires have calmed down in Turkey &amp; Greece\uD83D\uDE4F\uD83C\uDFFB\uD83D\uDE4F\uD83C\uDFFBSending love &amp; HUGS to all of our chosen fam &amp; friends\uD83E\uDD17\uD83E\uDD17\uD83E\uDD17\uD83E\uDD17\uD83E\uDD17\uD83E\uDD17\uD83E\uDD17\uD83E\uDD17❤️❤️❤️❤️❤️❤️\uD83E\uDD17\uD83E\uDD17"},{"lang":"und","public_metrics":{"retweet_count":0,"reply_count":0,"like_count":0,"quote_count":0},"created_at":"2021-08-11T23:16:09.000Z","id":"1425596930575400962","author_id":"2565283116","text":"https://t.co/TLBBlo62ZI"},{"lang":"en","public_metrics":{"retweet_count":0,"reply_count":0,"like_count":1,"quote_count":0},"created_at":"2021-08-11T23:13:24.000Z","id":"1425596239077326851","author_id":"841358170861776897","text":"@demandanalyst I thought the fire is under control \uD83D\uDE22. Wish you all strength of the world to save your lifes and homes. Go Greece \uD83C\uDDEC\uD83C\uDDF7\uD83D\uDCAA\uD83D\uDC99"},{"lang":"en","public_metrics":{"retweet_count":1,"reply_count":1,"like_count":0,"quote_count":0},"created_at":"2021-08-11T23:12:19.000Z","id":"1425595966917287936","author_id":"104727826","text":"Greece fires: Foreign teams join battle on Evia island.\nThe heatwave spreads from Mediterranean area to Russia :( https://t.co/xj44AYpISe"},{"lang":"en","public_metrics":{"retweet_count":0,"reply_count":1,"like_count":6,"quote_count":0},"created_at":"2021-08-11T23:10:56.000Z","id":"1425595619956207624","author_id":"332280704","text":"I heard Greece fires were bad but not this bad"},{"lang":"en","public_metrics":{"retweet_count":8,"reply_count":1,"like_count":53,"quote_count":0},"created_at":"2021-08-11T23:10:46.000Z","id":"1425595577702785027","author_id":"153137364","text":"It’s 120 in Sicily (possible European record) and about to be 111 degrees in Portland (again). Greece and Turkey are on fire. If you ever said “Climate change is a hoax,” maybe stop running your mouth about COVID vaccines because science clearly isn’t your fucking sing-song."},{"lang":"en","public_metrics":{"retweet_count":4,"reply_count":1,"like_count":16,"quote_count":0},"created_at":"2021-08-11T23:08:54.000Z","id":"1425595108573868037","author_id":"64655148","text":"This photo. https://t.co/OsoQOEhlxw"},{"lang":"und","public_metrics":{"retweet_count":0,"reply_count":1,"like_count":0,"quote_count":0},"created_at":"2021-08-11T23:07:59.000Z","id":"1425594875047813126","author_id":"1422005803221925896","text":"@CBCNews https://t.co/keTpgkRth3"},{"lang":"en","public_metrics":{"retweet_count":0,"reply_count":1,"like_count":3,"quote_count":0},"created_at":"2021-08-11T23:07:08.000Z","id":"1425594662014816263","author_id":"1342415288684449793","text":"DUDE there was this fucking MASSIVE ASS FIRE in Euboea (place in Greece) and now there's a HUGE thunderstorm that I could literally see from THIS ISLAND, it also made it here now and bruh, there was so much lighting, some of it was orange and red, if God exists he hates Euboea"},{"lang":"ja","public_metrics":{"retweet_count":0,"reply_count":0,"like_count":0,"quote_count":0},"created_at":"2021-08-11T23:07:03.000Z","id":"1425594639654940672","author_id":"1039416974","text":"TIMEさんからRT:　\"Unprecedented.\" Massive forest fire ravages Greece's second largest island\nhttps://t.co/8Zyms50jkF　　08月12日8時07分台のニュースでした"},{"lang":"en","public_metrics":{"retweet_count":0,"reply_count":0,"like_count":0,"quote_count":0},"created_at":"2021-08-11T23:03:21.000Z","id":"1425593711547748356","author_id":"35528070","text":"@CBCNews Yup that’s it https://t.co/rbfbIxaUmL"},{"lang":"en","public_metrics":{"retweet_count":0,"reply_count":0,"like_count":2,"quote_count":0},"created_at":"2021-08-11T23:03:10.000Z","id":"1425593663564959747","author_id":"1131769415681355776","text":"@Tobi_Is_Fab YOUR BEHIND CLIMATE CHANGE It's the butterfly effect. A titty bounce in Kentucky and all of a sudden there's forest fires in Greece and flooding in Germany"},{"lang":"en","public_metrics":{"retweet_count":60,"reply_count":12,"like_count":142,"quote_count":3},"created_at":"2021-08-11T23:03:00.000Z","id":"1425593623475859462","author_id":"14293310","text":"\"Unprecedented.\" Massive forest fire ravages Greece's second largest island\nhttps://t.co/uecjH5Je0U"},{"lang":"en","public_metrics":{"retweet_count":0,"reply_count":1,"like_count":2,"quote_count":0},"created_at":"2021-08-11T23:02:17.000Z","id":"1425593440478187521","author_id":"1241141308460167168","text":"These last 2 years of bushfires and covid plus lockdowns feels like physical pain, even though its only emotional. I'm one of the lucky ones. But I just can't watch or listen to the news of the fires overseas in Greece and Italy?  Or covid or anything. Need good news."},{"lang":"en","public_metrics":{"retweet_count":0,"reply_count":0,"like_count":4,"quote_count":0},"created_at":"2021-08-11T23:02:09.000Z","id":"1425593407565561859","author_id":"1266323424709763074","text":"Why do people think you're nuts when you say \"societal economic collapse due to the climate crisis.\"\n\nThe world's on fire!\n4.2 million hectares in Siberia!\nArgentina, Russia, Greece, Canada, USA, Turkey, Algeria, Italy, Brazil Africa and Finland.\n\nIs there anywhere left to burn?"},{"lang":"en","public_metrics":{"retweet_count":3,"reply_count":0,"like_count":8,"quote_count":0},"created_at":"2021-08-11T23:01:57.000Z","id":"1425593358391644161","author_id":"1343935787193262086","text":"#ClimateEmergency My arse! https://t.co/8kBwrDs5NR"},{"lang":"en","public_metrics":{"retweet_count":2,"reply_count":0,"like_count":4,"quote_count":0},"created_at":"2021-08-11T23:01:26.000Z","id":"1425593226824601600","author_id":"1092242415790899200","text":"Greece, Turkey, Albania...all on fire. California and Oregon, too, and the PNW is gearing up for another #Heatwave.\n\nThis is #ClimateChange. It's everywhere and it's right now. Please #CallYourSenators and urge them to push for massive #ClimateAction in the reconciliation bill. https://t.co/EyvK7vQSL6"},{"lang":"en","public_metrics":{"retweet_count":0,"reply_count":0,"like_count":2,"quote_count":0},"created_at":"2021-08-11T23:00:59.000Z","id":"1425593115667177472","author_id":"1164363190903246848","text":"Dixie fire has now grown into second largest ever fire in California. Screw Dixie.\n\nAlgeria is suffering from wildfires.\nGreece is suffering from wildfires and record heat.\n\nScrew gasoline."},{"lang":"en","public_metrics":{"retweet_count":11,"reply_count":8,"like_count":20,"quote_count":1},"created_at":"2021-08-11T23:00:00.000Z","id":"1425592868534685696","author_id":"6433472","text":"Forest fires have set large parts of Algeria, Turkey and Greece aflame over the past week, and a European Union atmosphere monitor said the Mediterranean had become a wildfire hot spot aided by increasingly hot weather. https://t.co/ymfizLnJXn"},{"lang":"en","public_metrics":{"retweet_count":6,"reply_count":0,"like_count":3,"quote_count":0},"created_at":"2021-08-11T22:56:31.000Z","id":"1425591988833955845","author_id":"372642105","text":"Turkey, Greece, Algeria, Afghanistan Are all on fire. If this ain’t a sign then we are all blind! https://t.co/RRZSdiV7Q9"},{"lang":"en","public_metrics":{"retweet_count":8,"reply_count":0,"like_count":8,"quote_count":1},"created_at":"2021-08-11T22:56:17.000Z","id":"1425591933108359168","author_id":"2709141217","text":"Reprobates shouldn't play with matches\n\nSo much for the bogus #wef #ClimateEmergency \n\nStep away from the matches \n\nhttps://t.co/G3IeHQs6II"},{"lang":"en","public_metrics":{"retweet_count":0,"reply_count":0,"like_count":1,"quote_count":0},"created_at":"2021-08-11T22:55:17.000Z","id":"1425591680514854913","author_id":"1076729113","text":"Hydra is burning. If you know anyone there please call them !! #hydra #greece #fire"},{"lang":"en","public_metrics":{"retweet_count":0,"reply_count":0,"like_count":0,"quote_count":0},"created_at":"2021-08-11T22:54:36.000Z","id":"1425591507944460290","author_id":"1253065417062563843","text":"Displaced Californians left hopeless after Dixie Fire destroys town of G... https://t.co/lbvXMOLENk via @YouTube #fire #Italy #Algeria #Greece #Turkey #California"},{"lang":"en","public_metrics":{"retweet_count":0,"reply_count":0,"like_count":0,"quote_count":0},"created_at":"2021-08-11T22:54:27.000Z","id":"1425591470401232896","author_id":"1197973740115628040","text":"@matthaig1 *meanwile Greece was on fire recently*"},{"lang":"en","public_metrics":{"retweet_count":0,"reply_count":0,"like_count":0,"quote_count":0},"created_at":"2021-08-11T22:52:11.000Z","id":"1425590900453957637","author_id":"1244317201693323264","text":"AFTER ALL THE HOT WEATHER AND FIRES IT FINALLY FUCKING RAINED HERE IN GREECE #πυρκαγιας"},{"lang":"en","public_metrics":{"retweet_count":2,"reply_count":1,"like_count":2,"quote_count":0},"created_at":"2021-08-11T22:52:10.000Z","id":"1425590896423276545","author_id":"1279910844932009996","text":"And an expert on fire fighting would also have been helpful. Perhaps Stanley Johnson has gone off to help in #Greece and that's why they couldn't invite him on tonight. After all, he is an expert on that too."},{"lang":"en","public_metrics":{"retweet_count":0,"reply_count":0,"like_count":0,"quote_count":0},"created_at":"2021-08-11T22:50:51.000Z","id":"1425590566482546703","author_id":"1253065417062563843","text":"Algeria fires: at least 25 soldiers killed trying to save residents from... https://t.co/ApB3KfZ80n via @YouTube #fire #Italy #Algeria #Greece #Turkey #California"},{"lang":"de","public_metrics":{"retweet_count":0,"reply_count":0,"like_count":1,"quote_count":0},"created_at":"2021-08-11T22:50:12.000Z","id":"1425590401369616386","author_id":"744150373","text":"Nichts ist mehr übrig:“ Bewohner beschreiben die Verwüstung der Brände #GreeceFires\n#Greecewildfires\n\nGreece wildfires: Hundreds of fires burn across the country as people evacuate villages - CNN Video https://t.co/Nh838v8be7"},{"lang":"en","public_metrics":{"retweet_count":0,"reply_count":0,"like_count":0,"quote_count":0},"created_at":"2021-08-11T22:49:43.000Z","id":"1425590280909099009","author_id":"1171024440462888966","text":"@BernieSanders 10 people were arrested for starting the fires in Greece…California refuses to maintain their forests making them tinder boxes…do some research"},{"lang":"en","public_metrics":{"retweet_count":6,"reply_count":2,"like_count":22,"quote_count":0},"created_at":"2021-08-11T22:49:30.000Z","id":"1425590226014064646","author_id":"1281065196056989697","text":"Very happy with the national alliance with Greece.\uD83C\uDDF8\uD83C\uDDE6\uD83C\uDDEC\uD83C\uDDF7✅\uD83D\uDCAF Support was given to Greece in the forest fires, but no support was given to Turkey. This is very good \n. https://t.co/4xhSK9w12j"},{"lang":"en","public_metrics":{"retweet_count":0,"reply_count":0,"like_count":0,"quote_count":0},"created_at":"2021-08-11T22:48:58.000Z","id":"1425590089921536001","author_id":"49225113","text":"2,500-Year-Old Ancient Olive Tree Burned Down in Evia Fires in Greece https://t.co/snFslsuYFB via @greekreporter"},{"lang":"und","public_metrics":{"retweet_count":0,"reply_count":0,"like_count":0,"quote_count":0},"created_at":"2021-08-11T22:48:04.000Z","id":"1425589864196722697","author_id":"3373565451","text":"@ghost_wales https://t.co/alhRvbgEZj"},{"lang":"en","public_metrics":{"retweet_count":0,"reply_count":0,"like_count":1,"quote_count":0},"created_at":"2021-08-11T22:47:48.000Z","id":"1425589798056730625","author_id":"1253065417062563843","text":"Firefighters battle flames for 12 hours in worst night of southern Italy... https://t.co/AtjIcSs0Ij via @YouTube #fire #Italy #Algeria #Greece #Turkey #California"},{"lang":"en","attachments":{"media_keys":["3_1425589663545311235","3_1425589669593550849","3_1425589674748399621","3_1425589678359592963"]},"public_metrics":{"retweet_count":1,"reply_count":4,"like_count":16,"quote_count":0},"created_at":"2021-08-11T22:47:20.000Z","id":"1425589680834220038","author_id":"1352660563499823104","text":"Every year it happens... and we don't change...\n\nIn recent years forests all around the world have been victims of big fires. Every year it gets more scary\n\n2018- california : 793k acres\n2019-Amazon: +906 k acres\n2020-australia: + 800 k acres\n2021 : Greece: + 100k acres\n\nDo smth https://t.co/YfpIQzk5Qr"},{"lang":"en","public_metrics":{"retweet_count":0,"reply_count":0,"like_count":0,"quote_count":0},"created_at":"2021-08-11T22:45:03.000Z","id":"1425589106076160002","author_id":"103107936","text":"@GigiMaltese @toryboypierce @ExtinctionR @XRHavering @XRFamilies @havering_youth Yes...angry migrants setting fires in Greece...."},{"lang":"und","public_metrics":{"retweet_count":5,"reply_count":0,"like_count":9,"quote_count":0},"created_at":"2021-08-11T22:44:24.000Z","id":"1425588943563771915","author_id":"3371113545","text":"@wordwhisperer @MaizyDaizyZzzz https://t.co/ep2zbj0ndh"},{"lang":"en","public_metrics":{"retweet_count":0,"reply_count":1,"like_count":2,"quote_count":0},"created_at":"2021-08-11T22:43:47.000Z","id":"1425588785664954377","author_id":"1334428141918576640","text":"@sam17266749 @FrankieGem57 Especially the illegals. They've been setting fires in Greece for a couple of years now."},{"lang":"en","public_metrics":{"retweet_count":0,"reply_count":0,"like_count":0,"quote_count":0},"created_at":"2021-08-11T22:41:12.000Z","id":"1425588135543537664","author_id":"3311999641","text":"And hasn’t he acknowledged the fires are directly linked to climate change? Another difference between Greece’s PM and our poor excuse for a PM. https://t.co/9Arlc9LJMp"},{"lang":"en","public_metrics":{"retweet_count":0,"reply_count":0,"like_count":0,"quote_count":0},"created_at":"2021-08-11T22:41:00.000Z","id":"1425588084641521667","author_id":"927809388089434112","text":"EURONEWS NOW, English language version, reported at 11.30 BST  that 14,000,000 acres of forest have been lost in Siberia through forest fires. The report said that this was an area the size of Greece.\n14 million acres is 21,875 square miles. The area of Greece is some 50,900 sqm."},{"lang":"en","public_metrics":{"retweet_count":0,"reply_count":0,"like_count":1,"quote_count":0},"created_at":"2021-08-11T22:40:50.000Z","id":"1425588044720222219","author_id":"2519123402","text":"@ktwolf @Lavanga @AymanM He’s so dang handsome! Saw him the other morning reporting on the fires in Greece."},{"lang":"en","public_metrics":{"retweet_count":0,"reply_count":0,"like_count":0,"quote_count":0},"created_at":"2021-08-11T22:34:35.000Z","id":"1425586472845971456","author_id":"4001115736","text":"Just commented on @thejournal_ie: Hundreds of Greek firefighters battle to protect town from ferocious blaze - https://t.co/4FoRvecpr0"},{"lang":"en","public_metrics":{"retweet_count":0,"reply_count":0,"like_count":0,"quote_count":0},"created_at":"2021-08-11T22:34:28.000Z","id":"1425586442877636613","author_id":"227291865","text":"Thank goddess there are news orgs like @dwnews that tell the truth to their audiences and the role climate change is playing in the northern hemisphere’s wild fires &amp; other weather extremes. https://t.co/R0EPEX0Sx0"},{"lang":"en","public_metrics":{"retweet_count":0,"reply_count":0,"like_count":0,"quote_count":0},"created_at":"2021-08-11T22:33:07.000Z","id":"1425586101872336901","author_id":"1473730279","text":"GREECE IS ON FIRE | Extinction Rebellion UK https://t.co/i5gKtqKyep via @YouTube"},{"lang":"en","public_metrics":{"retweet_count":1,"reply_count":0,"like_count":0,"quote_count":0},"created_at":"2021-08-11T22:31:27.000Z","id":"1425585682332852233","author_id":"227291865","text":"Why do you deliberately omit the link between #ClimateChange &amp; extreme fires such as in Greece etc in your coverage, ⁦@abcnews⁩ ⁦@SabraLane⁩? Why can’t you be truthful, like ⁦@dwnews⁩? #EndClimateSilence https://t.co/R0EPEX0Sx0"},{"lang":"und","public_metrics":{"retweet_count":0,"reply_count":1,"like_count":1,"quote_count":0},"created_at":"2021-08-11T22:29:39.000Z","id":"1425585228781924353","author_id":"1138052452614320128","text":"@pwrdbyanthony https://t.co/5HRkJj5C5L"},{"lang":"en","public_metrics":{"retweet_count":0,"reply_count":1,"like_count":1,"quote_count":0},"created_at":"2021-08-11T22:28:51.000Z","id":"1425585029846011910","author_id":"32814873","text":"@Melcatzzzz Oh, yes! I’m alright. Just a lot coming my way emotionally today in the news. An American celebrity got diagnosed with the same disease my dad has and Greece has been on fire for a week. An island basically burned to the ground today."}],"includes":{"media":[{"media_key":"7_1425619684519407616","public_metrics":{"view_count":724},"type":"video"},{"media_key":"7_1425617579154968580","public_metrics":{"view_count":7540},"type":"video"},{"media_key":"3_1425619350158028801","type":"photo","url":"https://pbs.twimg.com/media/E8jRPucXsAE8Z9i.jpg"},{"media_key":"7_1425615155161882625","public_metrics":{"view_count":25},"type":"video"},{"media_key":"7_1425611353255862276","public_metrics":{"view_count":69},"type":"video"},{"media_key":"3_1425604801019195393","type":"photo","url":"https://pbs.twimg.com/media/E8jEA2rXMAEiVNT.jpg"},{"media_key":"3_1425604804009676805","type":"photo","url":"https://pbs.twimg.com/media/E8jEBB0WUAUsSmU.jpg"},{"media_key":"3_1425604808061472772","type":"photo","url":"https://pbs.twimg.com/media/E8jEBQ6X0AQUcia.jpg"},{"media_key":"3_1425604811257520136","type":"photo","url":"https://pbs.twimg.com/media/E8jEBc0XoAgxaD8.jpg"},{"media_key":"3_1425589663545311235","type":"photo","url":"https://pbs.twimg.com/media/E8i2PvMWQAMWWT9.jpg"},{"media_key":"3_1425589669593550849","type":"photo","url":"https://pbs.twimg.com/media/E8i2QFuXEAEf_Qw.jpg"},{"media_key":"3_1425589674748399621","type":"photo","url":"https://pbs.twimg.com/media/E8i2QY7X0AUbD-3.jpg"},{"media_key":"3_1425589678359592963","type":"photo","url":"https://pbs.twimg.com/media/E8i2QmYWQAMOygA.jpg"}]},"meta":{"newest_id":"1425620238855401474","oldest_id":"1425585029846011910","result_count":100,"next_token":"b26v89c19zqg8o3fpdm8kokiakcrh62i20f6yxe42mtfh"}}