{"data":[{"created_at":"2021-08-11T22:27:59.000Z","id":"1425584808449748992","author_id":"4884458063","text":"In sq. miles this much burned by wildfire in 2021 in these countries alone (not incl. many fires in Brazil, Africa, elsewhere)\n\nRussia - 70,000\nUS - 9,000 \nCanada - 13,000\nTurkey - 681\nGreece - 424\nItaly - 403\n(total 93,508)\n\nThe UK is 93,628 sq. miles. \n\nhttps://t.co/anu4Nid3TQ","lang":"en","public_metrics":{"retweet_count":1,"reply_count":0,"like_count":1,"quote_count":0}},{"created_at":"2021-08-11T22:27:24.000Z","id":"1425584663163248640","author_id":"1292884003515707394","text":"@wrongname46 Very lucky to escape the fires the way he did. Over 550 fires are raging through Greece right now.","lang":"en","public_metrics":{"retweet_count":0,"reply_count":0,"like_count":0,"quote_count":0}},{"created_at":"2021-08-11T22:24:08.000Z","id":"1425583841477992453","author_id":"953293616797057024","text":"Greece: Evia fires leave behind great damage to local villages https://t.co/2xuyZ1UZcr https://t.co/G85mbxHuks","lang":"en","public_metrics":{"retweet_count":0,"reply_count":0,"like_count":0,"quote_count":0},"attachments":{"media_keys":["3_1425583839598977024"]}},{"created_at":"2021-08-11T22:24:02.000Z","id":"1425583816316358657","author_id":"27049579","text":"@Seb_81_ #Greece is toast.. no farming, no tourist, no property &amp; homes, huge destruction, metal health, refugee migration etc\n\nAnd guess what, going to be happening on near yearly basis there &amp; across the planet #floods &amp; #fires\nhttps://t.co/qD0ccNcG4b","lang":"en","public_metrics":{"retweet_count":0,"reply_count":1,"like_count":0,"quote_count":0}},{"created_at":"2021-08-11T22:23:14.000Z","id":"1425583613190582276","author_id":"359788259","text":"Global wildfires: Greece surveys damage from fires of \"exceptional magnitude\"\nhttps://t.co/G6jw6nrsZR","lang":"en","public_metrics":{"retweet_count":0,"reply_count":0,"like_count":0,"quote_count":0}},{"created_at":"2021-08-11T22:22:59.000Z","id":"1425583550468874253","author_id":"1404670258313580545","text":"@naya_artemis well thry b*rnt him alive and he doesnt deserve it, thats so inhuman,he can't ignite it in 69 places tho so he would be the clue to all his squad,plus he might helped spread the fire since its not happening here but in several countries greece turkey ect","lang":"en","public_metrics":{"retweet_count":0,"reply_count":0,"like_count":1,"quote_count":0}},{"created_at":"2021-08-11T22:21:56.000Z","id":"1425583287758725125","author_id":"71074278","text":"Russia Cali Greece &amp; probably other countries are dealing with ALOT of Fires ! \uD83D\uDE4F\uD83C\uDFFD","lang":"en","public_metrics":{"retweet_count":0,"reply_count":0,"like_count":0,"quote_count":0}},{"created_at":"2021-08-11T22:21:53.000Z","id":"1425583276320714752","author_id":"1416134796867096576","text":"@Mariagenn59 Sending prayers to Italy. The world is seing devastation from fires, let's keep each other in our prayers. USA, Greece Turkey and other places are also burning \uD83D\uDE2D\uD83D\uDE4F","lang":"en","public_metrics":{"retweet_count":0,"reply_count":0,"like_count":2,"quote_count":0}},{"created_at":"2021-08-11T22:19:56.000Z","id":"1425582784467378186","author_id":"305580442","text":"The nightmare of Greece's Evia, an island devoured by flames - CNN https://t.co/cCP15FrOiq via @GoogleNews","lang":"en","public_metrics":{"retweet_count":0,"reply_count":0,"like_count":0,"quote_count":0}},{"created_at":"2021-08-11T22:19:42.000Z","id":"1425582725562568704","author_id":"18840312","text":"Support the victims of the fires across Greece. You can donate here by clearly following the details below: https://t.co/YARwbVEUlR","lang":"en","public_metrics":{"retweet_count":0,"reply_count":0,"like_count":1,"quote_count":0}},{"created_at":"2021-08-11T22:19:40.000Z","id":"1425582718528720897","author_id":"1386625346884280320","text":"@soof_iiiaa @zerotokorea Thats sus! Algeria too... \nThough I was told the Greece fires occurs every year","lang":"en","public_metrics":{"retweet_count":0,"reply_count":0,"like_count":0,"quote_count":0}},{"created_at":"2021-08-11T22:19:05.000Z","id":"1425582572076142600","author_id":"3817208597","text":"Take the water to Greece and drown the arsonists.\nOops, put out the fires I meant to say.\nOh, as an aside, don't build on flood plains and do dredge rivers. https://t.co/F4NBIaFq3D","lang":"en","public_metrics":{"retweet_count":0,"reply_count":0,"like_count":0,"quote_count":0}},{"created_at":"2021-08-11T22:17:29.000Z","id":"1425582169729093635","author_id":"1269758617718124545","text":"Larry Elder the Corrupt Republican far right, hateful, anti vaxxer, anti masker liar!?! Not only no but he’ll no! He doesn’t even believe we’re having a climate crisis as our forests are having record fires! It’s also in Australia, Greece and more countries! He’s horrible\uD83E\uDD2C https://t.co/0oKsrc1ork","lang":"en","public_metrics":{"retweet_count":0,"reply_count":0,"like_count":1,"quote_count":0}},{"created_at":"2021-08-11T22:16:41.000Z","id":"1425581968440188928","author_id":"401817479","text":"seeing lots of people on vacation in Greece and I’m kind of jealous but also thinking about how Greece is having wildfires so bad that other countries are sending fire fighters??","lang":"en","public_metrics":{"retweet_count":0,"reply_count":0,"like_count":0,"quote_count":0}},{"created_at":"2021-08-11T22:13:36.000Z","id":"1425581190975692802","author_id":"1243645939","text":"The nightmare of Greece's Evia, an island devoured by flames - CNN https://t.co/IriNsI3pi4 https://t.co/u34IF7Qg3f","lang":"en","public_metrics":{"retweet_count":0,"reply_count":0,"like_count":0,"quote_count":0},"attachments":{"media_keys":["3_1425581189453078528"]}},{"created_at":"2021-08-11T22:13:12.000Z","id":"1425581091398750211","author_id":"1266894836994641920","text":"FIRE RESPONSE / READ REMARKS at 3800 DEWEY AVE, Greece: @ WALMART PRKNGLOT","lang":"en","public_metrics":{"retweet_count":0,"reply_count":0,"like_count":0,"quote_count":0}},{"created_at":"2021-08-11T22:10:09.000Z","id":"1425580324210286596","author_id":"1409525318273179653","text":"Finally is raining (a bit) in Greece... I sure hope it'll extinguish some fires!","lang":"en","public_metrics":{"retweet_count":0,"reply_count":0,"like_count":0,"quote_count":0}},{"created_at":"2021-08-11T22:09:24.000Z","id":"1425580131490299904","author_id":"1955038628","text":"Friends the fires in Greece have been catastrophic. Now this is right at my family’s ancestral homeland’s door. So many have lost so much already. Those who have been to Greece know how amazing it is. Thank You \uD83D\uDE4F\uD83C\uDFFC\nEVIA FIRE: GREECE RELIEF FUND https://t.co/x33XTmcHOS","lang":"en","public_metrics":{"retweet_count":0,"reply_count":0,"like_count":1,"quote_count":0}},{"created_at":"2021-08-11T22:06:30.000Z","id":"1425579403812032514","author_id":"2220366138","text":"https://t.co/VClEnQaS9P","lang":"und","public_metrics":{"retweet_count":0,"reply_count":0,"like_count":1,"quote_count":0}},{"created_at":"2021-08-11T22:05:54.000Z","id":"1425579252800540675","author_id":"978400934014390272","text":"@Zakaria__Majd @LunaLucy12 bla bla ,all you do is some bla, you know how many countries helped greece catch their fires? you know that a country could not buy  that amount of planes to satisfy their needs ? and you wanna do that with whole region thats 50 kilos far from the sea ? what about tiaret fires ?","lang":"en","public_metrics":{"retweet_count":0,"reply_count":0,"like_count":0,"quote_count":0}},{"created_at":"2021-08-11T22:05:03.000Z","id":"1425579038274375694","author_id":"30090774","text":"Anyone know? “Do you happen to know if archaeologists in Greece had a plan in place to evacuate artifacts or anything if that fire near Ancient Olympia came any closer?” #climateheritage #archaeology","lang":"en","public_metrics":{"retweet_count":0,"reply_count":3,"like_count":5,"quote_count":1}},{"created_at":"2021-08-11T22:04:58.000Z","id":"1425579017114107909","author_id":"3369424773","text":"I began to suspect thatThe causes ofThe fires that devour the forests in the world, including Algeria, Turkey, Greece and Russia, may be part of the conspiracy that produced the Coronavirus.\n\nHowever, they took advantage of the high temperature to perform their criminal mission!","lang":"en","public_metrics":{"retweet_count":0,"reply_count":0,"like_count":0,"quote_count":0}},{"created_at":"2021-08-11T22:00:49.000Z","id":"1425577972174557197","author_id":"1094751791139471361","text":"just saw a video of a guy putting out the Greece Fires with water. Myrthbusters told me don't do that...","lang":"en","public_metrics":{"retweet_count":1,"reply_count":0,"like_count":2,"quote_count":0}},{"created_at":"2021-08-11T21:59:07.000Z","id":"1425577547610435591","author_id":"1318872596537016320","text":"@Styo28183449 It’s effects are all over the news . Fires in Algeria , Tunisia , Sicily &amp; Calabria , Greece ...even Siberia ! Turkey after a fortnight of fires now flooding . The loss of life, homes &amp; livelihoods is tragic . The impact on the environment will be massive .","lang":"en","public_metrics":{"retweet_count":0,"reply_count":1,"like_count":2,"quote_count":0}},{"created_at":"2021-08-11T21:58:04.000Z","id":"1425577279581720592","author_id":"196142199","text":"Multiple Fires in Greece Linked to Arson, Suspects Arrested https://t.co/nZjTAQ78SD via @greekreporter \n\nThis story repeated across all territories on fire\n@Conservatives @BorisJohnson @michelledonelan @danny__kruger @JGray @AWMurrison need to extract their woke #GreenShit heads","lang":"en","public_metrics":{"retweet_count":0,"reply_count":0,"like_count":1,"quote_count":0}},{"created_at":"2021-08-11T21:56:16.000Z","id":"1425576828404645890","author_id":"258845327","text":"With your support, the Archdiocese will provide support and assistance to the countless individuals that are in need during this difficult time. @Elpidophoros @philoptochos @orthodoxobserver \nDONATE LINK: https://t.co/XvQx6SNT2h https://t.co/RWzAlTo7v9","lang":"en","public_metrics":{"retweet_count":1,"reply_count":0,"like_count":2,"quote_count":0},"attachments":{"media_keys":["3_1425576824935964674"]}},{"created_at":"2021-08-11T21:56:07.000Z","id":"1425576791155036164","author_id":"2848442307","text":"'Apocalyptic' scenes hit Greece as Athens besieged by fire\nThe city is surrounded by flames. On the ground, there are tales of heroism – and fear for the future\nhttps://t.co/wxZtNKDZLu","lang":"en","public_metrics":{"retweet_count":0,"reply_count":0,"like_count":0,"quote_count":0}},{"created_at":"2021-08-11T21:54:24.000Z","id":"1425576357338169346","author_id":"41617375","text":"@BernieSanders Arsonists have been setting fires since in Greece I was a child and I am almost 50. You want to persuade people?  Stop being a liar. #Integritymatters","lang":"en","public_metrics":{"retweet_count":0,"reply_count":0,"like_count":0,"quote_count":0}},{"created_at":"2021-08-11T21:53:56.000Z","id":"1425576242774822916","author_id":"727431343240400896","text":"GREECE ON FIRE: Lighting strikes ignite new fires west of Athens https://t.co/tAL0bEhD0v\n#greece #greek #greekcitytimes https://t.co/MtLAZ2SO3s","lang":"en","public_metrics":{"retweet_count":2,"reply_count":0,"like_count":8,"quote_count":0},"attachments":{"media_keys":["3_1425576241172676608"]}},{"created_at":"2021-08-11T21:52:54.000Z","id":"1425575982140887053","author_id":"4784731463","text":"The Gr gov that has been burning Greece for 10 days for money, has done it very openly but today storms brought rain which puts out fires, so.. they paid their fake news and headlines all over:\n'Fires from lightning all over Halidiki!!'(So now they re burning.. Halkidiki!!!)","lang":"en","public_metrics":{"retweet_count":0,"reply_count":0,"like_count":0,"quote_count":0}},{"created_at":"2021-08-11T21:50:30.000Z","id":"1425575378484039686","author_id":"238099265","text":"@BreakfastNews @Barnaby_Joyce “What can I possibly do as the leader of the National Party and Deputy PM? Ive only just doubled my salary again, I’m not about to risk that. But if God wanted us to believe in climate change, he would’ve flooded Europe, dried the Amazon &amp;set Greece &amp;California on fire by now.”","lang":"en","public_metrics":{"retweet_count":3,"reply_count":0,"like_count":44,"quote_count":0}},{"created_at":"2021-08-11T21:49:41.000Z","id":"1425575172615163920","author_id":"1266463302428831755","text":"greece on fire \uD83D\uDE41 https://t.co/CeBwWdz0Tb","lang":"en","public_metrics":{"retweet_count":0,"reply_count":0,"like_count":4,"quote_count":0}},{"created_at":"2021-08-11T21:49:39.000Z","id":"1425575163236478976","author_id":"332749892","text":"@peterhull55 @mjrowland68 @Barnaby_Joyce @LisaMillar Is that you George? https://t.co/tfC2FXNqgw","lang":"en","public_metrics":{"retweet_count":0,"reply_count":0,"like_count":0,"quote_count":0}},{"created_at":"2021-08-11T21:49:19.000Z","id":"1425575080768200708","author_id":"1234331028837273600","text":"Funny how when Australia was burning, it was trending on Twitter for days and ppl were posting links with donations, but now that Greece and Turkey are burning I haven’t seen a single viral tweet about the horrible fires… Make it make sense. The world is burning \uD83D\uDE29\uD83C\uDDEC\uD83C\uDDF7\uD83C\uDDF9\uD83C\uDDF7","lang":"en","public_metrics":{"retweet_count":0,"reply_count":0,"like_count":1,"quote_count":0}},{"created_at":"2021-08-11T21:48:11.000Z","id":"1425574792372031489","author_id":"962811279466516480","text":"Dear @BBCNewsnight perhaps if you didn’t feel you had to have ‘balance’ on your debates this heat in Sicily, these fires in Greece, Turkey and Italy wouldn’t be such a surprise to you! #ClimateEmergency","lang":"en","public_metrics":{"retweet_count":1,"reply_count":0,"like_count":2,"quote_count":0}},{"created_at":"2021-08-11T21:46:48.000Z","id":"1425574446216134663","author_id":"1073141009981280256","text":"@BorisJohnson\n Climate change my A..E\n\nhttps://t.co/JGzStI1Lfu","lang":"en","public_metrics":{"retweet_count":0,"reply_count":0,"like_count":2,"quote_count":0}},{"created_at":"2021-08-11T21:45:59.000Z","id":"1425574239294222337","author_id":"1355241830145794053","text":"@jbprime I SAW THE FIRES ON T.V. EVERY YEAR THEY SEEM WORSE. IN GREECE AND ALGERIA TOO, MANY FIRES DESTRUCT TREES AND HOUSES.THEY MADE VICTIMS TOO. https://t.co/b3oDaWtiuB","lang":"en","public_metrics":{"retweet_count":0,"reply_count":0,"like_count":0,"quote_count":0},"attachments":{"media_keys":["16_1425574230817710083"]}},{"created_at":"2021-08-11T21:45:14.000Z","id":"1425574053167968266","author_id":"1309335351882919936","text":"@Rob_Kimbell Greece - Forest Fires\n\nThis guy's statement; \"don't worry, it's all an agenda because... the media want to control us... (?)\"","lang":"en","public_metrics":{"retweet_count":0,"reply_count":0,"like_count":0,"quote_count":0}},{"created_at":"2021-08-11T21:45:14.000Z","id":"1425574049854332932","author_id":"842544334226386944","text":"@mlandryMP Have you seen the fires raging through Greece ? Your bloody worried about paint. What an arse. \n#ClimateEmergency \n#VoteThemOut","lang":"en","public_metrics":{"retweet_count":0,"reply_count":0,"like_count":1,"quote_count":0}},{"created_at":"2021-08-11T21:44:34.000Z","id":"1425573883873202183","author_id":"1073899109566869504","text":"As Afghan citizens, men, woman, children slaughtered by Taliban\n\nAs homes, businesses, lives lost to fire in Turkey and Greece\n\nWhile Ex forces sleep on streets watching illegal economic migrants housed in hotels\n\nHe complains of a passport check\n\n#fbpe entitlement arrogance https://t.co/WQN36XF5se","lang":"en","public_metrics":{"retweet_count":0,"reply_count":1,"like_count":0,"quote_count":0}},{"created_at":"2021-08-11T21:44:18.000Z","id":"1425573816722464772","author_id":"1108399549897420802","text":"Fires in Greece,Turkey,USA,Russia-&gt; people act to save nature and their lives\nFires in Algeria: is this a conspiracy? \nNow,I know why this country would never progress.Before jumping into conclusions and distract us, act and save people  to overcome this nightmare of wildfires","lang":"en","public_metrics":{"retweet_count":0,"reply_count":0,"like_count":0,"quote_count":0}},{"created_at":"2021-08-11T21:44:13.000Z","id":"1425573797177004032","author_id":"333025342","text":"Nae wonder Greece is burning. I seen on news last night they were trying to tackle forest fires with a 99p water shooter you'd get in a tat shop on holiday \uD83E\uDD26‍♂️","lang":"en","public_metrics":{"retweet_count":0,"reply_count":0,"like_count":1,"quote_count":0}},{"created_at":"2021-08-11T21:44:08.000Z","id":"1425573773621743619","author_id":"1162006988055896064","text":"The fires in Greece were all set by illegal immigrants. \n\nGlobal Warming nutters try to exploit the fires to justify their loony cause. \n\nDo not be sucked in. Remember: Immigrant Arson!\n\n@BorisJohnson @CheekyStorm @GretaThunberg","lang":"en","public_metrics":{"retweet_count":1,"reply_count":0,"like_count":1,"quote_count":0}},{"created_at":"2021-08-11T21:43:51.000Z","id":"1425573702331154435","author_id":"1356760846978977793","text":"Check out this comment: https://t.co/s3sY3n1gwD Climate Change is here extreme weather patterns, record rainfall in northern Europe Wild Fires in the USA  Australia Greece - hottest temperature Sicily the world must wake up and take action  - TODAY @UKLabour","lang":"en","public_metrics":{"retweet_count":0,"reply_count":0,"like_count":0,"quote_count":0}},{"created_at":"2021-08-11T21:43:30.000Z","id":"1425573616972926978","author_id":"92306059","text":"@DameLex_ It’s fires in Europe Africa Greece like how the world \uD83C\uDF0E \uD83C\uDF0D all water and we can’t put out fires but can go to space https://t.co/j75Yfk4yOv","lang":"en","public_metrics":{"retweet_count":0,"reply_count":1,"like_count":0,"quote_count":0},"attachments":{"media_keys":["16_1425573610907918342"]}},{"created_at":"2021-08-11T21:43:20.000Z","id":"1425573571762524161","author_id":"14603515","text":"The fires around Evia, Greece’s second-largest island, have destroyed more than 120,000 acres of pine forest, razed homes and displaced hundreds.  https://t.co/o4C5Euoje5","lang":"en","public_metrics":{"retweet_count":11,"reply_count":0,"like_count":18,"quote_count":0}},{"created_at":"2021-08-11T21:43:19.000Z","id":"1425573570021773313","author_id":"1157122402842628096","text":"The photos of Greece on fire are shocking. But shock doesn’t always lead to change.\n\nhttps://t.co/R6hpP13zLI","lang":"en","public_metrics":{"retweet_count":0,"reply_count":0,"like_count":2,"quote_count":0}},{"created_at":"2021-08-11T21:42:22.000Z","id":"1425573332364169225","author_id":"230010614","text":"The world is on fire , temps in Sicily reach 50 degrees , Greece is on fire with hundreds of wild fires. And still republicans deny climate change. \nAnd whinge about the green deal. \nAnd will carry on doing so until it affects themselves and loved ones. By then it may be to late","lang":"en","public_metrics":{"retweet_count":0,"reply_count":0,"like_count":0,"quote_count":0}},{"created_at":"2021-08-11T21:40:24.000Z","id":"1425572837486649344","author_id":"1125741217961119744","text":"Erm we was told by our media that this was down to climate change???? You see the scam yet? It's almost like people dying in the streets due to covid. Step up your game FFS.\nhttps://t.co/2kK8BX0foE","lang":"en","public_metrics":{"retweet_count":12,"reply_count":1,"like_count":27,"quote_count":3}},{"created_at":"2021-08-11T21:38:53.000Z","id":"1425572453699444736","author_id":"430244616","text":"on a more serious note, very few classicists seem to care that Greece is literally on fire and the ecological lens of Vanessa's work is appreciated","lang":"en","public_metrics":{"retweet_count":0,"reply_count":0,"like_count":6,"quote_count":0}},{"created_at":"2021-08-11T21:36:08.000Z","id":"1425571762222243840","author_id":"2682003439","text":"Photo of old woman amid fire in Greece challenges world on climate change - The Washington Post https://t.co/5Wd9uYWJtg","lang":"en","public_metrics":{"retweet_count":0,"reply_count":0,"like_count":0,"quote_count":0}},{"created_at":"2021-08-11T21:36:05.000Z","id":"1425571751178682375","author_id":"619984488","text":"@DoxaStathis @NiktsoI @alekacapital @ellinikahoaxes He is talking about the preparation of the Romanian firefighters before to go for helping Greece, about his expectation about the level of the fire. Nothing about the statement against the Greece firefighters !","lang":"en","public_metrics":{"retweet_count":0,"reply_count":0,"like_count":0,"quote_count":0}},{"created_at":"2021-08-11T21:34:15.000Z","id":"1425571287372533761","author_id":"942491799037317120","text":"The nightmare of Greece's Evia, an island devoured by flames - CNN https://t.co/mjVu0oiBbR \n\nTragic ...","lang":"en","public_metrics":{"retweet_count":0,"reply_count":0,"like_count":0,"quote_count":0}},{"created_at":"2021-08-11T21:32:00.000Z","id":"1425570720566943749","author_id":"6134882","text":"Nearly 100,000 hectares of forestry and farmland have burned in Greece for the past two weeks. It was the worst wave of wildfires since 2007.\n\nhttps://t.co/ga5IrldlUu","lang":"en","public_metrics":{"retweet_count":41,"reply_count":5,"like_count":41,"quote_count":1}},{"created_at":"2021-08-11T21:30:52.000Z","id":"1425570435073183752","author_id":"541395442","text":"@BernieSanders Besides that just perhaps we shall see why 10 people(!) were arrested for inciting fires in Greece. Who are they? Coordinated effort? What the heck is it. I am all for protecting environment, but nothing will happen until we are fed tons of f… lies. Or half truths.","lang":"en","public_metrics":{"retweet_count":0,"reply_count":0,"like_count":0,"quote_count":0}},{"created_at":"2021-08-11T21:30:49.000Z","id":"1425570422062465027","author_id":"2722503240","text":"\uD83C\uDDE9\uD83C\uDDFF\uD83D\uDD25\uD83C\uDF0D\n\nAlgeria fires: Dozens killed as wildfires hit Mediterranean region https://t.co/3hb72GXmDA via @Channel4News @JackieLongc4\n\n#AlgeriaIsBurning #Algeria #AlgeriaWildfires #wildfire #forestfires #Greece #Turkey #Tunisia #Italy #Europe #ClimateEmergency #FiresInAlgeria","lang":"en","public_metrics":{"retweet_count":0,"reply_count":0,"like_count":0,"quote_count":0}},{"created_at":"2021-08-11T21:30:03.000Z","id":"1425570232073134086","author_id":"1072551536071327744","text":"@0berisk It's a video from Greece after the wildfires, count all the wildfires in the recent months together ...  unimaginable destruction of wildlife on never seen scale\n\nmeanwhile the elites who obviously manipulate weather, create floods, fires etc. guilt shame us for climate change.","lang":"en","public_metrics":{"retweet_count":0,"reply_count":0,"like_count":1,"quote_count":0}},{"created_at":"2021-08-11T21:30:00.000Z","id":"1425570217502072841","author_id":"1425148151275589634","text":"Our thoughts are on Greece, Algeria, California, Siberia, ... Wildfires are a very important problem in our society anywhere in the world. The #Gyzmo community looks forward to helping out shortly.\n\n#wildfire #FiresInAlgeria  #Greece #California #Forest #fire #GYZ","lang":"en","public_metrics":{"retweet_count":2,"reply_count":0,"like_count":3,"quote_count":0}},{"created_at":"2021-08-11T21:29:13.000Z","id":"1425570019908411401","author_id":"4429814423","text":"@KMargounaki @EFSYNTAKTON Activating the EU civil protection doesn't mean everyone can just drive to Greece and start fighting fires. I've never said they deliberately delayed the response, it just looks like they didn't have a plan what to do in a situation we are all seeing right now.","lang":"en","public_metrics":{"retweet_count":0,"reply_count":1,"like_count":0,"quote_count":0}},{"created_at":"2021-08-11T21:28:44.000Z","id":"1425569899187933188","author_id":"1085250074161102848","text":"GREECE IS ON FIRE | Extinction Rebellion UK \nRebellion begins Aug 23rd.\nSign up now https://t.co/0vdvtwhBpW\n#StopTheHarm #DemandTheImpossible\nhttps://t.co/pJKdKl8Qu4 via @YouTube","lang":"en","public_metrics":{"retweet_count":0,"reply_count":0,"like_count":0,"quote_count":0}},{"created_at":"2021-08-11T21:28:29.000Z","id":"1425569838018203649","author_id":"136251540","text":"Help de schoonouders van @thomasmifune ! Zij hebben alles verloren met de bosbranden in Griekenland.  \uD83D\uDE4F\uD83C\uDFFC\uD83D\uDE22Rebuild our parents' house after fires in Greece https://t.co/jPdoAcNJDh","lang":"nl","public_metrics":{"retweet_count":0,"reply_count":0,"like_count":2,"quote_count":0}},{"created_at":"2021-08-11T21:27:44.000Z","id":"1425569647835992076","author_id":"788513041411411968","text":"@VoteGloriaJ Only in America. But maybe in Greece it’s also for smoke from the fires?","lang":"en","public_metrics":{"retweet_count":0,"reply_count":0,"like_count":0,"quote_count":0}},{"created_at":"2021-08-11T21:27:10.000Z","id":"1425569505749635074","author_id":"94355006","text":"Fires in Italy, Greece, Tunisia and Turkey are killing people. \n\nWe stopped the world for Covid-19. \n\nBut humanity stumbles blindly on, into a man-made inferno that will ultimately kill far more than any virus. \n\n#climatecrisis  https://t.co/egAKJO16ys","lang":"en","public_metrics":{"retweet_count":3,"reply_count":0,"like_count":16,"quote_count":0}},{"created_at":"2021-08-11T21:26:22.000Z","id":"1425569304188182534","author_id":"1285833463371882498","text":"Wildfires devastate Turkey and Greece in 'worst fire crisis in a decade' - BBC News\n\nhttps://t.co/ZHnN9McTsN","lang":"en","public_metrics":{"retweet_count":0,"reply_count":0,"like_count":1,"quote_count":0}},{"created_at":"2021-08-11T21:25:46.000Z","id":"1425569150898900993","author_id":"398112592","text":"@EviKapa @ignoredem much need it. i hope lots of rain to stop fires and make the ground wet. Greece needed and wanted. I am very glad.","lang":"en","public_metrics":{"retweet_count":0,"reply_count":0,"like_count":3,"quote_count":0}},{"created_at":"2021-08-11T21:25:37.000Z","id":"1425569114500837376","author_id":"3085511836","text":"Wild fires have torn through Turkey for over a week but nothing has been said on the news channels, why is it all about Greece and sending aid to Greece…What about Turkey who are fighting these fires alone ? I just don’t understand","lang":"en","public_metrics":{"retweet_count":0,"reply_count":0,"like_count":0,"quote_count":0}},{"created_at":"2021-08-11T21:20:46.000Z","id":"1425567893551517696","author_id":"872051453900328961","text":"Combined worldwide effort stops spread of wildfires across Greece https://t.co/eoIlwjBpCZ","lang":"en","public_metrics":{"retweet_count":0,"reply_count":0,"like_count":2,"quote_count":0}},{"created_at":"2021-08-11T21:18:53.000Z","id":"1425567421134409730","author_id":"1069553665","text":"Floods in Turkey and Fires in Greece. Southern Europe is not having a good time \uD83E\uDD15\uD83E\uDD15\uD83E\uDD15 https://t.co/Q9YYOHnrhB","lang":"en","public_metrics":{"retweet_count":0,"reply_count":0,"like_count":0,"quote_count":0}},{"created_at":"2021-08-11T21:18:39.000Z","id":"1425567360048672769","author_id":"1090879834740256768","text":"Europe on fire: Blazes rip through Turkey, Italy and Greece with warnings issued in France https://t.co/oBB81eTU1O","lang":"en","public_metrics":{"retweet_count":0,"reply_count":0,"like_count":0,"quote_count":0}},{"created_at":"2021-08-11T21:18:10.000Z","id":"1425567239164604422","author_id":"1425952531","text":"@NixxSofie @NikkiSixx How are the fires in Greece? Hope you get some relief soon. \uD83D\uDE4F\uD83D\uDCA6\uD83D\uDCA6","lang":"en","public_metrics":{"retweet_count":0,"reply_count":1,"like_count":1,"quote_count":0}},{"created_at":"2021-08-11T21:16:12.000Z","id":"1425566745343926272","author_id":"3192700537","text":"Reuters news this morning was:\n- fires in Algeria\n- Dixie fire in the US\n- fires in Greece\n- fires the size of Greece in Siberia\n- deforestation in Yemen for cooking firewood due to Saudi gas/diesel blockage \n- gas prices too high in the US and calls for OPEC to lift production","lang":"en","public_metrics":{"retweet_count":0,"reply_count":0,"like_count":1,"quote_count":0}},{"created_at":"2021-08-11T21:15:59.000Z","id":"1425566690331533314","author_id":"1015513100","text":"#Greece \uD83C\uDDEC\uD83C\uDDF7 Fires: Foreign Assistance Surpasses All Expectations https://t.co/YOZBhfLof7 \nvia @greekreporter https://t.co/Vbjf2QS9vy","lang":"en","public_metrics":{"retweet_count":3,"reply_count":0,"like_count":19,"quote_count":0},"attachments":{"media_keys":["3_1425566685692563460"]}},{"created_at":"2021-08-11T21:09:57.000Z","id":"1425565172450611201","author_id":"1236382642314055681","text":"now fires brought by lightning in halkidiki, greece \uD83E\uDD74\nhttps://t.co/MPGjNsgvEb","lang":"en","public_metrics":{"retweet_count":0,"reply_count":0,"like_count":2,"quote_count":0}},{"created_at":"2021-08-11T21:08:14.000Z","id":"1425564741867606016","author_id":"3015944460","text":"'A 2,500 year old ancient olive tree on the island of Evia was destroyed today in the ongoing wildfires consuming the region. The ancient tree an enduring symbol of the landscape that the ancient geographer &amp; philosopher Strabo featured it in his writings' https://t.co/qZLjvcrX8h https://t.co/tCDcIVMS7w","lang":"en","public_metrics":{"retweet_count":0,"reply_count":0,"like_count":0,"quote_count":0}},{"created_at":"2021-08-11T21:04:30.000Z","id":"1425563802167234562","author_id":"790290024575082496","text":"Welsh fire fighters combine knowledge and skills to fight Greece's wild fires.    @dwatchnews_eur https://t.co/cV9mmfNNDT","lang":"en","public_metrics":{"retweet_count":2,"reply_count":0,"like_count":0,"quote_count":0}},{"created_at":"2021-08-11T21:04:11.000Z","id":"1425563722282569738","author_id":"40933920","text":"#AndinaEnglish Peru expresses solidarity with Greece over forest fires https://t.co/G7YLm0gbRL https://t.co/uohXKc57uO","lang":"en","public_metrics":{"retweet_count":1,"reply_count":0,"like_count":4,"quote_count":0},"attachments":{"media_keys":["3_1425563664883621889"]}},{"created_at":"2021-08-11T21:02:26.000Z","id":"1425563279158566912","author_id":"1411616208391180291","text":"An emergency relief fundraiser set up by the Greek Orthodox Archdiocese ⛪️ of #Australia \uD83C\uDDE6\uD83C\uDDFA with the main purpose to assist victims in #Greece \uD83C\uDDEC\uD83C\uDDF7 following the fierce #wildfires of August 2021.\n\n\uD83C\uDD98 LET'S HELP\n\nhttps://t.co/9P7z6oJAg0 https://t.co/SFkJ5NKLse","lang":"en","public_metrics":{"retweet_count":1,"reply_count":0,"like_count":0,"quote_count":1},"attachments":{"media_keys":["3_1425562282659094532"]}},{"created_at":"2021-08-11T21:01:22.000Z","id":"1425563011109081099","author_id":"1226876949768871936","text":"@janicerosses @Zenan74833536 @FelisElpida @aykiricomtr They’re paranoiacs who think climate change doesn’t exist and wild fires were perpetrated by Greece and fetö \uD83D\uDE03 For example recent statement of Cihat Yayci- a leading kemalist figure who spreads conspiracy theories- .","lang":"en","public_metrics":{"retweet_count":0,"reply_count":1,"like_count":0,"quote_count":0}},{"created_at":"2021-08-11T21:00:26.000Z","id":"1425562776915824641","author_id":"3012307647","text":"BBCNewsnight: \uD83D\uDDE3 Meteorologist @ScottDuncanWX explains the extreme temperatures\n\uD83D\uDDE3 @AymanOghanna reports from Greece on the impact of the fires\n\uD83D\uDDE3 Greek MEP @GiorgosKyrtsos on the government’s response\n\uD83D\uDDE3 We'll also be live in Sicily\n \n22:30 on @BBCTwo\n … https://t.co/mUX2B1jeOz","lang":"en","public_metrics":{"retweet_count":0,"reply_count":0,"like_count":0,"quote_count":0},"attachments":{"media_keys":["3_1425557129843429391"]}},{"created_at":"2021-08-11T20:59:46.000Z","id":"1425562607788990475","author_id":"901560878914555904","text":"Branden in Griekenland aangestoken. ....Multiple Fires in Greece Linked to Arson, Suspects Arrested https://t.co/PmHAOxRGDy","lang":"en","public_metrics":{"retweet_count":0,"reply_count":0,"like_count":1,"quote_count":0}},{"created_at":"2021-08-11T20:55:24.000Z","id":"1425561510634528779","author_id":"783999060407640068","text":"@DanielaNadj This goes to show that climate change is happening and we are doing nothing to prevent it. From the flooding in the London and the South just a few weeks ago to the wild fires in Greece &amp; Turkey","lang":"en","public_metrics":{"retweet_count":0,"reply_count":1,"like_count":6,"quote_count":1}},{"created_at":"2021-08-11T20:54:27.000Z","id":"1425561271190044672","author_id":"1368056846","text":"Europe just recorded its highest temperature ever\n\nhttps://t.co/t01rtLWW5V","lang":"en","public_metrics":{"retweet_count":0,"reply_count":0,"like_count":0,"quote_count":0}},{"created_at":"2021-08-11T20:54:13.000Z","id":"1425561212276953088","author_id":"1272935307676209158","text":"Wild fires in Australia, California, Greece &amp; now Italy.\n\nPeople can say what they like but global warming is very much real.\n\nEven countries like Scotland where it typically pours of rain has be nicknamed Hotland this year.\n\nEV's are not the solution just a small cog.","lang":"en","public_metrics":{"retweet_count":0,"reply_count":0,"like_count":0,"quote_count":1}},{"created_at":"2021-08-11T20:53:31.000Z","id":"1425561037709971461","author_id":"1338167114247659520","text":"https://t.co/QA2PMybC2H\nhttps://t.co/jzLEuE59Md\nhttps://t.co/FriJ39SFTd\nhttps://t.co/5KtdRSQ6Zp","lang":"und","public_metrics":{"retweet_count":0,"reply_count":0,"like_count":0,"quote_count":0}},{"created_at":"2021-08-11T20:52:49.000Z","id":"1425560860672593923","author_id":"1328429204690636801","text":"@BernieSanders https://t.co/QwWFLdGOYr","lang":"und","public_metrics":{"retweet_count":0,"reply_count":0,"like_count":0,"quote_count":0}},{"created_at":"2021-08-11T20:52:39.000Z","id":"1425560819262271491","author_id":"1208917724837109761","text":"Refugees starting fires in Greece https://t.co/mKRQN7YIVI","lang":"en","public_metrics":{"retweet_count":0,"reply_count":0,"like_count":1,"quote_count":0}},{"created_at":"2021-08-11T20:51:33.000Z","id":"1425560543868375040","author_id":"409696418","text":"@McClellanOsc Public knowledge (I'm from San Diego/L.A.) \nAlthough a recent fire was a \"gender reveal\" gone bad, not intentional. The fire in Greece was arson. CA/AZ often lightning\n\nWe've had fires for years but the brush hasn't been bone dry until now. Our reservoirs are at LIFETIME lows","lang":"en","public_metrics":{"retweet_count":0,"reply_count":1,"like_count":0,"quote_count":0}},{"created_at":"2021-08-11T20:51:22.000Z","id":"1425560497219325952","author_id":"3617901","text":"Lies. Fires in Greece started by arsonist, now arrested. https://t.co/Il9k17cWwe","lang":"en","public_metrics":{"retweet_count":0,"reply_count":0,"like_count":0,"quote_count":0}},{"created_at":"2021-08-11T20:50:19.000Z","id":"1425560230570733572","author_id":"1329032660816175104","text":"@pwrdbyanthony I live in Greece. It has nothing to do with climate change.\na) Goverment big mistakes\ni) Evacuation of settlements for no reason.\nii) Command firefighters not to get involved in the big fire fronts so as not to be in danger.\niii) Delays in the state mechanism.\n\n(1)","lang":"en","public_metrics":{"retweet_count":8,"reply_count":1,"like_count":17,"quote_count":0}},{"created_at":"2021-08-11T20:50:19.000Z","id":"1425560229652025350","author_id":"1312426048378736640","text":"\"The fires in Siberia are bigger than this season's wildfires in Greece, Turkey, Italy, the United States and Canada combined, Alexei Yaroshenko, a forestry expert with Greenpeace Russia, told The Washington Post.\"\nhttps://t.co/cXrLDUaYKZ","lang":"en","public_metrics":{"retweet_count":0,"reply_count":1,"like_count":0,"quote_count":0}},{"created_at":"2021-08-11T20:49:48.000Z","id":"1425560102900224008","author_id":"756740607981289472","text":"#φωτιά #πυρκαγιά #199\uD83D\uDCDE  #fires\n#Φωτιές  #fire #112gr #Δασοκτονία\n#Πυροσβεστική #FireDepartment\n#GSCP_GR @opentvgr #OPENtv\n #Εύβοια #Euboea #Evia #island #Greece #Χαλκιδικη\n#Μάνη #Βαρυμπόμπη #Αχαΐα\n #Πάτρα #ΑρχαίαΟλυμπία  #Ιστιαία\n  #Γύθειο #Μάτι #AncientOlympia \n#Ρόδος #Πάρνηθα https://t.co/hOJXHtCPY8","lang":"und","public_metrics":{"retweet_count":4,"reply_count":4,"like_count":2,"quote_count":0},"attachments":{"media_keys":["3_1425560101100924933"]}},{"created_at":"2021-08-11T20:48:59.000Z","id":"1425559894535589892","author_id":"1327843160","text":"\"With hotter temperatures and dryer conditions lasting longer into the fall and winter than they used to, the fire season is also lasting longer,\" @joshfromalaska said. \"It's not a wildfire season anymore, it's a wildfire year\". https://t.co/1SIBxYW3K4 #ClimateCrisis","lang":"en","public_metrics":{"retweet_count":0,"reply_count":0,"like_count":1,"quote_count":0}},{"created_at":"2021-08-11T20:47:49.000Z","id":"1425559603601870860","author_id":"895261384296017920","text":"Thought-provoking piece by @arisroussinos on the recent wildfires and who's to blame for climate change. https://t.co/Ht6aKmsF5Y","lang":"en","public_metrics":{"retweet_count":0,"reply_count":0,"like_count":4,"quote_count":0}},{"created_at":"2021-08-11T20:44:32.000Z","id":"1425558774564151306","author_id":"269761099","text":"Greece, Location of Fires and EU Response https://t.co/S7DleZy4XZ","lang":"en","public_metrics":{"retweet_count":0,"reply_count":0,"like_count":0,"quote_count":0}},{"created_at":"2021-08-11T20:44:08.000Z","id":"1425558673909297155","author_id":"46899351","text":"From California to Greece to turkey too Algeria ….forest fires: At least 65 people killed as fires spread in the latest in #Algeria  https://t.co/IfEvwsenFI","lang":"en","public_metrics":{"retweet_count":0,"reply_count":0,"like_count":0,"quote_count":0}},{"created_at":"2021-08-11T20:43:33.000Z","id":"1425558528215982085","author_id":"1353742538163818498","text":"@Yikibe @michael59641201 @BernieSanders @Creature0D Oh! That explains all scientific evidence of climate change! Damn PG and E. Where's your source on how PG and E started fires in Australia, Greece, Turkey, Texas, Oregon, etc. etc. etc. GET A CLUE","lang":"en","public_metrics":{"retweet_count":0,"reply_count":4,"like_count":0,"quote_count":0}},{"created_at":"2021-08-11T20:43:05.000Z","id":"1425558409697382403","author_id":"1643123766","text":"The nightmare of Greece's Evia, an island devoured by flames - CNN https://t.co/r7aJg6oOxp","lang":"en","public_metrics":{"retweet_count":3,"reply_count":0,"like_count":0,"quote_count":0}},{"created_at":"2021-08-11T20:43:04.000Z","id":"1425558409085075466","author_id":"1348268582577307649","text":"george and nicky in greece?????? and not posting about the fires????? oh no???? guess it’s up to charles to save the day as usual \uD83D\uDE05","lang":"en","public_metrics":{"retweet_count":0,"reply_count":0,"like_count":0,"quote_count":0}},{"created_at":"2021-08-11T20:43:04.000Z","id":"1425558407788974080","author_id":"4725957312","text":"The nightmare of Greece's Evia, an island devoured by flames - CNN https://t.co/ZEHALJLY4h","lang":"en","public_metrics":{"retweet_count":0,"reply_count":0,"like_count":0,"quote_count":0}},{"created_at":"2021-08-11T20:41:39.000Z","id":"1425558048995696641","author_id":"860675419913281537","text":"@Lo_VVriter @Cypress_NL @gjcats @JackJsherebkin @Dragons68317191 @ElJayces @DamienHamilto17 @Gladfly1 @FChecker76 @variegated2 @Royalacresrod @Dsp3ncr @borngeek @Willard1951 @MarcusAgricola @Bazthebemused @RetaliateForce @reset2050 @Veritatem2021 @ClimatePoet @SansryaFangirl @Artannes @reeta_iceburg @insane_voice @gustavocevallo @ejwwest @TurtleFL @GregDeR7 @CogitoErgoSumAu @Tangomitteckel @TinTincognito @philamina95 @drochir_thonnuk @desertphile @MaryLal82360537 @pbatters @ScienceJustWins @brendancommins @ABHank76467601 @WEschenbach @canncr @bulkbiker @25_cycle @CNewhampshire @GeraldKutney @thinks_about_it @moore3t1 @Homer4K @bobathon @fagandr1 Meanwhile fires continue to ravage Algeria, Turkey, Greece, Italy, Lebanon, Cyprus, Albania &amp; Tunisia as well as the ongoing fires in North America &amp; Russia etc https://t.co/YmMG5bBKCB","lang":"en","public_metrics":{"retweet_count":0,"reply_count":2,"like_count":0,"quote_count":0}}],"includes":{"media":[{"media_key":"3_1425583839598977024","type":"photo","url":"https://pbs.twimg.com/media/E8iw8vTVoAA5IdY.jpg"},{"media_key":"3_1425581189453078528","type":"photo","url":"https://pbs.twimg.com/media/E8iuievUYAAvmLw.jpg"},{"media_key":"3_1425576824935964674","type":"photo","url":"https://pbs.twimg.com/media/E8iqkbpWYAIUF7T.jpg"},{"media_key":"3_1425576241172676608","type":"photo","url":"https://pbs.twimg.com/media/E8iqCc9VgAA73mD.jpg"},{"media_key":"16_1425574230817710083","type":"animated_gif"},{"media_key":"16_1425573610907918342","type":"animated_gif"},{"media_key":"3_1425566685692563460","type":"photo","url":"https://pbs.twimg.com/media/E8ihWQBWEAQ8iH9.jpg"},{"media_key":"3_1425563664883621889","type":"photo","url":"https://pbs.twimg.com/media/E8iemaoXoAEjioj.jpg"},{"media_key":"3_1425562282659094532","type":"photo","url":"https://pbs.twimg.com/media/E8idV9cXIAQR9aP.jpg"},{"media_key":"3_1425557129843429391","type":"photo","url":"https://pbs.twimg.com/media/E8iYqBtX0A8AhCo.jpg"},{"media_key":"3_1425560101100924933","type":"photo","url":"https://pbs.twimg.com/media/E8ibW-gXMAUga7M.jpg"}]},"meta":{"newest_id":"1425584808449748992","oldest_id":"1425558048995696641","result_count":100,"next_token":"b26v89c19zqg8o3fpdm8kojm1u3kqchsh5xpn29ake931"}}