{"data":[{"author_id":"582496527","text":"Europe's summer of #wildfires, heat records and anticyclones: while conditions have eased in Greece, blazes continue to burn across the Mediterranean with more extreme weather forecast for parts of Italy, Spain, Portugal and France. https://t.co/obcTRT8bPW","id":"1426113512531705858","created_at":"2021-08-13T09:28:51.000Z","public_metrics":{"retweet_count":0,"reply_count":1,"like_count":0,"quote_count":0},"lang":"en"},{"author_id":"377222247","attachments":{"media_keys":["3_1426113305140137984","3_1426113305190543365"]},"text":"#PhotoFriday: Israeli firefighting squadron aircraft sent to Greece to combat the raging fires. Maintained by us for the past decade, the aircraft take off from #HellenicAirForce base in Tanagra in an effort to protect local wildlife. \uD83D\uDCF7: Israel Police\nhttps://t.co/4qRMFom1KM https://t.co/vcfefEGf3r","id":"1426113315965706240","created_at":"2021-08-13T09:28:05.000Z","public_metrics":{"retweet_count":2,"reply_count":0,"like_count":13,"quote_count":0},"lang":"en"},{"author_id":"17856158","text":"Is the fires over? via /r/greece https://t.co/HIEUDk5oPw","id":"1426113187410321409","created_at":"2021-08-13T09:27:34.000Z","public_metrics":{"retweet_count":0,"reply_count":0,"like_count":0,"quote_count":0},"lang":"en"},{"author_id":"222531451","text":"@wef Do you also tell people that most of the fires like in Greece are being torched? Then you say it's you climate agenda? When are you gonna enforce climate lockdown? Not if but when? Please tell us mighty WEF","id":"1426112827631222786","created_at":"2021-08-13T09:26:08.000Z","public_metrics":{"retweet_count":0,"reply_count":0,"like_count":0,"quote_count":0},"lang":"en"},{"author_id":"158044902","text":"26% increase of fires in #GreeceFires , 450% increase of burned areas https://t.co/66w4mUTz48","id":"1426112111760003094","created_at":"2021-08-13T09:23:17.000Z","public_metrics":{"retweet_count":8,"reply_count":1,"like_count":6,"quote_count":0},"lang":"en"},{"author_id":"881046664009490433","text":"@Lyndonx 10 people in Greece were arrested for those fires, didn’t hear that on the news!","id":"1426112059398369282","created_at":"2021-08-13T09:23:05.000Z","public_metrics":{"retweet_count":0,"reply_count":0,"like_count":1,"quote_count":0},"lang":"en"},{"author_id":"287175750","text":"I've just noticed it's Friday the 13th. Not a bad day for me so far but I hope the heavy rains and all the natural disasters won't get worse. So worried about the wild fire in Greece, the heavy rain in Kyushu area and Hiroshima etc. #Friday13th #FridayFeeling #greecefire #Japan","id":"1426112033829752833","created_at":"2021-08-13T09:22:59.000Z","public_metrics":{"retweet_count":0,"reply_count":0,"like_count":1,"quote_count":0},"lang":"en"},{"author_id":"2295779661","text":"26% increase of fires in Greece, 450% increase of burned areas - The surface area of land burnt during the fires starting on August 3 on the island of Evia is approximately 465,820 stremmas (46,582 hectares), the National Observatory of... https://t.co/C5FL4z0blL","id":"1426111845430177792","created_at":"2021-08-13T09:22:14.000Z","public_metrics":{"retweet_count":0,"reply_count":0,"like_count":0,"quote_count":0},"lang":"en"},{"author_id":"1395950989518295041","text":"@BoxBox  i would humbly ask you if you could somehow help Greece we got over 100 wild fires and many people lost their homes we got fires 7 days straight if you could donate or help somehow \n\nGreek Red Cross\nhttps://t.co/pmCe9DLMWW","id":"1426111561073143812","created_at":"2021-08-13T09:21:06.000Z","public_metrics":{"retweet_count":0,"reply_count":0,"like_count":0,"quote_count":0},"lang":"en"},{"author_id":"2977900810","text":"Just a small glimpse into the scale of the disaster faced by Greece’s regions hit by large wild fires, as well as the lingering effects that will require an enormous state-led effort to counter-balance in the coming years. https://t.co/owPOuAygsn","id":"1426111534447665155","created_at":"2021-08-13T09:21:00.000Z","public_metrics":{"retweet_count":18,"reply_count":1,"like_count":60,"quote_count":0},"lang":"en"},{"author_id":"889407310837145600","text":"@wef Last I read there were 10 fires in Greece and 10 arsonists caught.  Reminds me of 2019-20 fire season in Australia where is turned out 90% were human started. Easy to check as there was no lightning and all near urban areas. And the greenies prevented hazard reduction for years.","id":"1426111128426344452","created_at":"2021-08-13T09:19:23.000Z","public_metrics":{"retweet_count":0,"reply_count":0,"like_count":0,"quote_count":0},"lang":"en"},{"author_id":"1503279919","text":"\uD83C\uDDEC\uD83C\uDDF7 Greece’s PM here admitting how ‘everything has to change’ re: climate/energy policy (https://t.co/rEtnPjttVz) \n\nTime to have another play around with the EU Council voting calculator (brilliant tool), to see how Greece affects QMV \nhttps://t.co/TAOiAfGMH3","id":"1426110703006535684","created_at":"2021-08-13T09:17:42.000Z","public_metrics":{"retweet_count":0,"reply_count":1,"like_count":4,"quote_count":0},"lang":"en"},{"author_id":"130984257","text":"“The fires raging in Siberia are bigger than fires in Greece, Turkey, Italy, the United States and Canada combined” https://t.co/Bl688HLBHO","id":"1426110601001058305","created_at":"2021-08-13T09:17:17.000Z","public_metrics":{"retweet_count":0,"reply_count":0,"like_count":1,"quote_count":0},"lang":"en"},{"author_id":"20433284","attachments":{"media_keys":["3_1426110163811852291"]},"text":"Greece fires under control as reconstruction begins https://t.co/YwSm0xb0oQ https://t.co/bzxBU7qfcZ","id":"1426110165313474560","created_at":"2021-08-13T09:15:33.000Z","public_metrics":{"retweet_count":0,"reply_count":2,"like_count":7,"quote_count":0},"lang":"en"},{"author_id":"962784349","text":"Evia Fires: The Largest Environmental Catastrophe of Greece https://t.co/34OtomsGvy via @greekreporter","id":"1426109272140701696","created_at":"2021-08-13T09:12:00.000Z","public_metrics":{"retweet_count":0,"reply_count":0,"like_count":0,"quote_count":0},"lang":"en"},{"author_id":"11798192","text":"Fire - Turkey, Greece and Italy have been hit particularly hard by the fires, as an extreme heatwave with temperatures of up to 45 degrees Celsius (113 Fahrenheit) turned bone-dry forests into tinderboxes. #Mannerisms https://t.co/EulCqGCL43","id":"1426108786465517570","created_at":"2021-08-13T09:10:05.000Z","public_metrics":{"retweet_count":0,"reply_count":0,"like_count":1,"quote_count":0},"lang":"en"},{"author_id":"1361912386089705474","text":"Friends of MoBA!\n\n@Waxbones @SkinnerCreative @zakalwe_x are dropping some amazing #NFTs today AND all proceeds raised go straight to the relief efforts for those affected by the devastating fires in Greece. \n\nAdd some stunning work to your collection, and help those in need\uD83D\uDC47\uD83D\uDC40♥️ https://t.co/L74E0p8rKf","id":"1426108780773724164","created_at":"2021-08-13T09:10:03.000Z","public_metrics":{"retweet_count":0,"reply_count":0,"like_count":6,"quote_count":0},"lang":"en"},{"author_id":"466466267","attachments":{"media_keys":["3_1426107526391738370"]},"text":"Government responds to fires with mini-reshuffle, creates cabinet post for reconstruction. Opposition parties say ministers in charge should have been dismissed. \n\n#Greece #Wildfires https://t.co/0SZHqaqZXI","id":"1426107899026280450","created_at":"2021-08-13T09:06:33.000Z","public_metrics":{"retweet_count":2,"reply_count":2,"like_count":1,"quote_count":1},"lang":"en"},{"author_id":"215098522","text":"@ricgalbraith We raising money to help those affected by the devastating fires in Greece! Penguins can wait, this can't!\nhttps://t.co/jDZAL7VfDV","id":"1426107804717309954","created_at":"2021-08-13T09:06:11.000Z","public_metrics":{"retweet_count":0,"reply_count":1,"like_count":3,"quote_count":0},"lang":"en"},{"author_id":"960129987998244865","text":"#Greece's economy will weather the twin blows of the #COVID19 pandemic and massive wildfires this year, aided by better-than-expected tourism arrivals, the finance minister said Friday.\nhttps://t.co/xcO36xZYes","id":"1426107385110695944","created_at":"2021-08-13T09:04:31.000Z","public_metrics":{"retweet_count":0,"reply_count":0,"like_count":0,"quote_count":0},"lang":"en"},{"author_id":"115902452","attachments":{"media_keys":["3_1426021435412082693"]},"text":"GretaThunberg: RT @AaravSeth_: Week57 #ClimateStrike\uD83C\uDF0D in #India\uD83C\uDDEE\uD83C\uDDF3\n\nDifferent parts of earth from #Siberia to #California to #Greece to #Brazil to #Algeria are on #fire now &amp; so our future then what are we waiting for?\nTIME TO ACT NOW!\n\n#FridaysForFut… https://t.co/9Ej49KST2a","id":"1426107079492882434","created_at":"2021-08-13T09:03:18.000Z","public_metrics":{"retweet_count":0,"reply_count":0,"like_count":0,"quote_count":0},"lang":"en"},{"author_id":"1264204247819644928","text":"[Greece] Extension of measures related to mountain fire prevention- Fri, 13 Aug 2021 https://t.co/4APDN7GUyW","id":"1426106464842571779","created_at":"2021-08-13T09:00:51.000Z","public_metrics":{"retweet_count":0,"reply_count":0,"like_count":0,"quote_count":0},"lang":"en"},{"author_id":"215098522","text":"[1/4] Some incredible artists including @zakalwe_x and @SkinnerCreative are releasing pieces today with all proceeds going to help with the relief efforts for those affected by the devastating fires in Greece.\n\nRead on for the pieces I am donating and a bit about them \uD83E\uDD18","id":"1426106408701943809","created_at":"2021-08-13T09:00:38.000Z","public_metrics":{"retweet_count":13,"reply_count":3,"like_count":24,"quote_count":5},"lang":"en"},{"author_id":"155556580","text":"Mitsotakis will inform the Parliament about the fires on August 25 https://t.co/F2KxVO6Mzx","id":"1426106285292916736","created_at":"2021-08-13T09:00:08.000Z","public_metrics":{"retweet_count":0,"reply_count":0,"like_count":0,"quote_count":0},"lang":"en"},{"author_id":"900607693236215808","text":"Greece: even if fires are under control, firefighters remain on alert\nhttps://t.co/g1KnHoAB5o","id":"1426105860217085953","created_at":"2021-08-13T08:58:27.000Z","public_metrics":{"retweet_count":0,"reply_count":0,"like_count":0,"quote_count":0},"lang":"en"},{"author_id":"1268119869972721664","attachments":{"media_keys":["3_1426104642644193284"]},"text":"After a historic heatwave and 10 days of 586 fires all over #Greece, the miraculous rain and thunderstorms came to Athens and Evia island.\n Photo by Igor Mityakov https://t.co/pnhDtMogSp","id":"1426104648105177099","created_at":"2021-08-13T08:53:38.000Z","public_metrics":{"retweet_count":6,"reply_count":0,"like_count":43,"quote_count":0},"lang":"en"},{"author_id":"2449559526","attachments":{"media_keys":["7_1426104273495023618"]},"text":"A C130 of the Hellenic Air Force transported back to #Cyprus the Fire Fighters who contributed in the efforts to extinguish the fires in Greece. \nA big thank you for their valuable help! #teamCy #GreeceFires #help #LarnakaAirport https://t.co/XmTk2R5pf3","id":"1426104441892134912","created_at":"2021-08-13T08:52:49.000Z","public_metrics":{"retweet_count":0,"reply_count":0,"like_count":4,"quote_count":0},"lang":"en"},{"author_id":"14258138","text":"VI ER VED AT TABE\n\nI de her dage tænker jeg en del på mine græske venner. \n\nJeg boede 5 år i Athen og det gør beretningerne ret nærværende for mig. Kan nemt forestille mig, hvordan det er for grækerne lige nu.\n\nKlima-krisen er her - vi skal få fingeren ud.\nhttps://t.co/ruoifbJLL7","id":"1426104240460738565","created_at":"2021-08-13T08:52:01.000Z","public_metrics":{"retweet_count":5,"reply_count":1,"like_count":10,"quote_count":0},"lang":"da"},{"author_id":"3302949777","text":"It's mortifying to see @ShropCouncil called out in this article, @DKShrewsbury @lezley4tern . Did nobody read the newspapers on Tuesday? Have you not heard abt the fires and floods in Greece, Turkey, Canada, Siberia and Germany? #ClimateEmergency https://t.co/tYTsVisTrn","id":"1426102874258427914","created_at":"2021-08-13T08:46:35.000Z","public_metrics":{"retweet_count":2,"reply_count":2,"like_count":3,"quote_count":0},"lang":"en"},{"author_id":"1307577516547280898","text":"1/3 - It's Friday and the weekend starts early... We have some amazing sales/auctions starting today! All proceeds going to help with the relief efforts for those affected by the devastating fires in Greece.","id":"1426101661169295360","created_at":"2021-08-13T08:41:46.000Z","public_metrics":{"retweet_count":7,"reply_count":1,"like_count":11,"quote_count":2},"lang":"en"},{"author_id":"1092930012","text":"@Fiicaan So why don't you fly it to Greece and put out fires there.?","id":"1426100622907121664","created_at":"2021-08-13T08:37:38.000Z","public_metrics":{"retweet_count":0,"reply_count":0,"like_count":0,"quote_count":0},"lang":"en"},{"author_id":"47356049","text":"Fires raging in Siberia are bigger than fires in Greece, Turkey, Italy, the US and Canada combined. Fuelled by 3degreesC temperature rise since 1900, and 150 year record drought. #climatechange impacts driving more climate change as #emissions rise https://t.co/YdoqXtX5RE","id":"1426099800974499841","created_at":"2021-08-13T08:34:22.000Z","public_metrics":{"retweet_count":0,"reply_count":0,"like_count":0,"quote_count":0},"lang":"en"},{"author_id":"342864030","text":"\"No matter where a Greek fire burns it’s bound to threaten globally significant heritage.\"\n\n@NatGeo reporter from Athens gives a firsthand account of forest fires putting lives and #history at risk\n\n#GreeceFires #Greece \n\nhttps://t.co/MPkF9JRmSu","id":"1426099695072460803","created_at":"2021-08-13T08:33:57.000Z","public_metrics":{"retweet_count":1,"reply_count":0,"like_count":2,"quote_count":0},"lang":"en"},{"author_id":"2473674486","text":"#اليونان تسيطر على الحرائق\n\n#imlebanon \n\nhttps://t.co/WkN5Ckg7AL","id":"1426098747923210242","created_at":"2021-08-13T08:30:11.000Z","public_metrics":{"retweet_count":0,"reply_count":0,"like_count":2,"quote_count":0},"lang":"ar"},{"author_id":"996423161053876224","text":"If we continue along the path of growth #Economics, especially tourism in the Mediterranean countries the #ClimateCrisis will only get worse. System change, aviation fuel tax. Greece fires under control as reconstruction begins https://t.co/H4OKepTcl5 via @physorg_com","id":"1426098428422066178","created_at":"2021-08-13T08:28:55.000Z","public_metrics":{"retweet_count":1,"reply_count":0,"like_count":3,"quote_count":0},"lang":"en"},{"author_id":"1370438040364060673","text":"Greece fires under control as reconstruction begins https://t.co/ibHZMIdJkT","id":"1426097484695232517","created_at":"2021-08-13T08:25:10.000Z","public_metrics":{"retweet_count":0,"reply_count":0,"like_count":0,"quote_count":0},"lang":"en"},{"author_id":"1308299409822752769","text":"@Crypt0Warr10r @_SgtSlaughter @MCHammer Hey all we are running a charity auction  over the weekend for helping those affected by the fires in Greece.\nAll profits will be donated ♥️\nInfo and Art in the tweet below \uD83D\uDC47\nhttps://t.co/15bGkDOn6W","id":"1426097362632650755","created_at":"2021-08-13T08:24:41.000Z","public_metrics":{"retweet_count":2,"reply_count":0,"like_count":8,"quote_count":0},"lang":"en"},{"author_id":"1086727765670416387","text":"@denvor18 @OrchestraDog @dogdaysinitaly @NeddlePeddle @jamessbond20 @Alfie77617391 @parsleysmum @TashaSpunSugar @Ted1Inquisitive I hope the fires continue to ease Nikjei and Dionysia It’s been a horrible time for Greece ❤️❤️","id":"1426097035888009219","created_at":"2021-08-13T08:23:23.000Z","public_metrics":{"retweet_count":0,"reply_count":1,"like_count":2,"quote_count":0},"lang":"en"},{"author_id":"1159420032906145792","text":"Greece fires under control, says fire department\n\nhttps://t.co/JkhpBiDrnc","id":"1426096014772027392","created_at":"2021-08-13T08:19:20.000Z","public_metrics":{"retweet_count":0,"reply_count":0,"like_count":0,"quote_count":0},"lang":"en"},{"author_id":"1902161030","text":"Been trying BA for 6 days! To cancel trip to Greece, as there are fires and a mini lock down due to rising covid numbers. Seems book with confidence is a scam. I need my money back either as cash or voucher!!!","id":"1426095955779244032","created_at":"2021-08-13T08:19:06.000Z","public_metrics":{"retweet_count":1,"reply_count":0,"like_count":1,"quote_count":0},"lang":"en"},{"author_id":"1417125620732080128","text":"Emergency services continue to battle fires and floods in Greece and Turkey\n\nVia The Sun : Thu, 12 Aug 2021 23:17:54 +0000\n\nhttps://t.co/ukqP51gSYM","id":"1426095429599518721","created_at":"2021-08-13T08:17:00.000Z","public_metrics":{"retweet_count":0,"reply_count":0,"like_count":0,"quote_count":0},"lang":"en"},{"author_id":"1596829382","attachments":{"media_keys":["3_1426095073352056841"]},"text":"Greece fires under control as reconstruction begins https://t.co/amJK3sg43p https://t.co/vQmEfmPf5s","id":"1426095075524714499","created_at":"2021-08-13T08:15:36.000Z","public_metrics":{"retweet_count":1,"reply_count":0,"like_count":0,"quote_count":0},"lang":"en"},{"author_id":"2543982944","text":"Greece fires under control as reconstruction begins https://t.co/nhXn7uBszZ","id":"1426095068885123074","created_at":"2021-08-13T08:15:34.000Z","public_metrics":{"retweet_count":0,"reply_count":0,"like_count":0,"quote_count":0},"lang":"en"},{"author_id":"615307100","text":"Urgent Support for the Fire – Stricken Areas in Greece\n\nΜια πρωτοβουλία αλληλεγγύης προς τους πληγέντες από τις πυρκαγιές.\n\nhttps://t.co/9qlvZAGJBM","id":"1426094632258228224","created_at":"2021-08-13T08:13:50.000Z","public_metrics":{"retweet_count":0,"reply_count":0,"like_count":0,"quote_count":0},"lang":"und"},{"author_id":"181396285","attachments":{"media_keys":["16_1425949473835032578"]},"text":"Greece • fires have consumed five times as much land as they do in an average year\uD83D\uDD25@NASA Earth Observatory | Aug 12 2021 https://t.co/T9ydswhU4i https://t.co/l1GS3LmqM2","id":"1426094338434428932","created_at":"2021-08-13T08:12:40.000Z","public_metrics":{"retweet_count":0,"reply_count":0,"like_count":0,"quote_count":0},"lang":"en"},{"author_id":"799696784519938048","text":"Greece fires under control as reconstruction begins https://t.co/lrFhNckTQq","id":"1426094248026275840","created_at":"2021-08-13T08:12:18.000Z","public_metrics":{"retweet_count":0,"reply_count":0,"like_count":0,"quote_count":0},"lang":"en"},{"author_id":"20513956","text":"Greece fires under control as reconstruction begins https://t.co/6NaLnpU64U","id":"1426093685721255937","created_at":"2021-08-13T08:10:04.000Z","public_metrics":{"retweet_count":0,"reply_count":0,"like_count":0,"quote_count":0},"lang":"en"},{"author_id":"493561725","text":"I wrote this a fortnight ago.  Since then fires have devastated parts of Greece, Italy &amp; Turkey.  My thoughts are with all suffering across the Mediterranean - clearly at the frontline of the climate crisis.  We need radical change and we need it now.  https://t.co/Ust9oskYXO","id":"1426092995192004612","created_at":"2021-08-13T08:07:20.000Z","public_metrics":{"retweet_count":1,"reply_count":0,"like_count":2,"quote_count":0},"lang":"en"},{"author_id":"868112707","attachments":{"media_keys":["3_1425845323046563841","3_1425845482341998594","3_1425845527464267777","3_1425845549530591235"]},"text":"GREECE: 'Bath time': Volunteer vets tend to Greece's fire-hit pets\n\uD83D\uDCF8 #AFP \nhttps://t.co/7Sqmcj6IsN https://t.co/AwUAXTaRnd","id":"1426092156582875138","created_at":"2021-08-13T08:04:00.000Z","public_metrics":{"retweet_count":6,"reply_count":1,"like_count":39,"quote_count":1},"lang":"en"},{"author_id":"1209438564397801472","text":"Very recent Forest Fire\uD83D\uDD25in #America , #Canada , #Italy , #Greece , #Turkey , #Russia , #Lebanon &amp; now #Algeria \uD83D\uDE2E\uD83D\uDE2E\n\nReturn to AlLAH before it's too late..!! \uD83C\uDF41\uD83C\uDF41\n\uD83D\uDC94\uD83D\uDC94","id":"1426092094553198595","created_at":"2021-08-13T08:03:45.000Z","public_metrics":{"retweet_count":0,"reply_count":0,"like_count":0,"quote_count":0},"lang":"en"},{"author_id":"2164169846","attachments":{"media_keys":["3_1426091948251754498"]},"text":"Greece fires under control as reconstruction begins\n\nRead here: https://t.co/n1LGAva6Qt\n\n#eaglenews https://t.co/7ZbyqIRnvS","id":"1426091949489074176","created_at":"2021-08-13T08:03:10.000Z","public_metrics":{"retweet_count":1,"reply_count":0,"like_count":2,"quote_count":0},"lang":"en"},{"author_id":"20583561","text":"ATHENS - Fires burning for over a week that caused Greece's worst ecological disaster in decades were finally placed under control Friday, the fire department said. #BangkokPost #World https://t.co/ArKjaJCt9b","id":"1426091889321644034","created_at":"2021-08-13T08:02:56.000Z","public_metrics":{"retweet_count":4,"reply_count":0,"like_count":4,"quote_count":0},"lang":"en"},{"author_id":"29262359","text":"Where to donate to help climate emergency wildfire victims in Turkey, Greece and Algeria\n\n https://t.co/TgYFOBWa4W","id":"1426091831431938049","created_at":"2021-08-13T08:02:42.000Z","public_metrics":{"retweet_count":4,"reply_count":0,"like_count":1,"quote_count":0},"lang":"en"},{"author_id":"727431343240400896","attachments":{"media_keys":["3_1426091711734771718"]},"text":"Fires 2021: Burned areas in Greece increased by 450% https://t.co/6ZT5wrpEHB\n#greece #greek #greekcitytimes https://t.co/YccTLnJ3FX","id":"1426091713790058499","created_at":"2021-08-13T08:02:14.000Z","public_metrics":{"retweet_count":1,"reply_count":0,"like_count":1,"quote_count":0},"lang":"en"},{"author_id":"290294672","attachments":{"media_keys":["3_1426091684417490947"]},"text":"Hey Y'all, it's #WingFriday my contribution is from this past Monday while on decent into ATH onboard @AmericanAir the rising sun cast a nice red into the pic. Unfortunately, you can see the smoke from the Greece fires. #AvGeek #avgeeks https://t.co/eiSlWNfSDl","id":"1426091692998987777","created_at":"2021-08-13T08:02:09.000Z","public_metrics":{"retweet_count":0,"reply_count":0,"like_count":10,"quote_count":0},"lang":"en"},{"author_id":"23484619","text":"\uD83D\uDD25 In Greece's, massive #wildfires it's not only people who need to be rescued from the flames.\n#AnimalRescue #Dogs #cats #pets\nhttps://t.co/Chl1I23f2i","id":"1426090289693790215","created_at":"2021-08-13T07:56:35.000Z","public_metrics":{"retweet_count":0,"reply_count":0,"like_count":3,"quote_count":0},"lang":"en"},{"author_id":"2896213998","attachments":{"media_keys":["3_1426089584954286081"]},"text":"#Greece fires under control: fire department https://t.co/ZLXpqyFqFO \n#Sharjah24 https://t.co/oetXrAOAi8","id":"1426089779272237058","created_at":"2021-08-13T07:54:33.000Z","public_metrics":{"retweet_count":0,"reply_count":0,"like_count":1,"quote_count":0},"lang":"en"},{"author_id":"1076159677312970752","text":"Afghanistan deals with the Taliban again, Algeria, Greece, Italy, Bulgaria, Cyprus deal with fire. Turkey isn’t on fire anymore but now deals with floodings. But okay sure let’s talk about a racist white girl instead because that’s something the world needs to hear \uD83D\uDE44 https://t.co/UvGEs9DtUm","id":"1426089350333452290","created_at":"2021-08-13T07:52:51.000Z","public_metrics":{"retweet_count":0,"reply_count":1,"like_count":3,"quote_count":0},"lang":"en"},{"author_id":"2543982944","text":"Greece fires under control as reconstruction begins https://t.co/RCYUOdEryZ","id":"1426089190547017731","created_at":"2021-08-13T07:52:13.000Z","public_metrics":{"retweet_count":0,"reply_count":0,"like_count":0,"quote_count":0},"lang":"en"},{"author_id":"380648579","attachments":{"media_keys":["3_1426080336434266112"]},"text":"#UPDATE The fires that caused Greece's worst ecological disaster in decades have finally been placed under control, the fire department says.\n\n\"As of yesterday, there is no major active front, just scattered pockets,\" Greek fire department tells @AFP\nhttps://t.co/YjctF145wA https://t.co/hj2ckjexyB","id":"1426089085077135370","created_at":"2021-08-13T07:51:47.000Z","public_metrics":{"retweet_count":37,"reply_count":1,"like_count":85,"quote_count":3},"lang":"en"},{"author_id":"726557224860966912","text":"Greece fires under control as reconstruction begins https://t.co/P0AmKNL9us","id":"1426089040185548800","created_at":"2021-08-13T07:51:37.000Z","public_metrics":{"retweet_count":0,"reply_count":0,"like_count":0,"quote_count":0},"lang":"en"},{"author_id":"36617225","attachments":{"media_keys":["3_1426088301623189509"]},"text":"Fire trucks on standby in many locations today as fire risk is very high again  here in Greece. https://t.co/zpvBxzRnuJ","id":"1426088322309529606","created_at":"2021-08-13T07:48:46.000Z","public_metrics":{"retweet_count":0,"reply_count":0,"like_count":0,"quote_count":0},"lang":"en"},{"author_id":"1106976418838253574","text":"i know that albania, greece and turkey are burning/on fire but i heard that there's other countries too so can somebody tell me which ones so that we can spread awareness?","id":"1426088256412782592","created_at":"2021-08-13T07:48:30.000Z","public_metrics":{"retweet_count":0,"reply_count":0,"like_count":0,"quote_count":0},"lang":"en"},{"author_id":"15448383","text":"Fires burning for over a week that caused Greece’s worst ecological disaster in decades were finally placed under control Friday, the fire department said. https://t.co/XzGgV4jinQ","id":"1426087439484047361","created_at":"2021-08-13T07:45:15.000Z","public_metrics":{"retweet_count":5,"reply_count":0,"like_count":10,"quote_count":0},"lang":"en"},{"author_id":"3288515418","text":"#BREAKING Fires in Greece under control: fire department - AFP\n\n#BreakingNews #Greece","id":"1426086656663121921","created_at":"2021-08-13T07:42:09.000Z","public_metrics":{"retweet_count":0,"reply_count":0,"like_count":0,"quote_count":0},"lang":"en"},{"author_id":"1361768369100181506","text":"#BREAKING Fires in Greece under control: fire department - AFP\n\n#BreakingNews #Greece","id":"1426086441788919811","created_at":"2021-08-13T07:41:17.000Z","public_metrics":{"retweet_count":1,"reply_count":0,"like_count":0,"quote_count":0},"lang":"en"},{"author_id":"15135567","text":"Greece fires under control as reconstruction begins https://t.co/Wj71KpivKa #World","id":"1426086126574465024","created_at":"2021-08-13T07:40:02.000Z","public_metrics":{"retweet_count":0,"reply_count":0,"like_count":1,"quote_count":0},"lang":"en"},{"author_id":"319522800","text":"Firefighting teams declare control of fires in Greece  #AkhbarAlYawm  #أخبار_اليوم  https://t.co/SAF7rfxFj1","id":"1426085743160668163","created_at":"2021-08-13T07:38:31.000Z","public_metrics":{"retweet_count":0,"reply_count":0,"like_count":0,"quote_count":0},"lang":"en"},{"author_id":"1421368898851688452","text":"@joanwilsonorg Are you trying to tell me that the smoke from the fires in Greece and it’s in the daytime I thought it was like a sunset well I don’t I don’t know but it’s still a great picture of you and I have a forest fire to get it I don’t know help me out","id":"1426085442336837633","created_at":"2021-08-13T07:37:19.000Z","public_metrics":{"retweet_count":0,"reply_count":0,"like_count":0,"quote_count":0},"lang":"en"},{"author_id":"258681136","text":"JUST IN: EU data shows that over 100,000 hectares have been burned in fires across Greece #data","id":"1426084814952730625","created_at":"2021-08-13T07:34:49.000Z","public_metrics":{"retweet_count":0,"reply_count":0,"like_count":0,"quote_count":0},"lang":"en"},{"author_id":"996321449735544832","attachments":{"media_keys":["3_1426084289423290369"]},"text":"In Greece, fire-fighters continue to tackle blazes where over 50,000 hectares have been damaged.\n\nWatch Indus News live:\nhttps://t.co/pd6SM0Coer\n\n#GreeceFires #Greece #Wildfire #Wildfires2021 #Heatwave #IndusNews #InternationalNews #ItalyIsBurning #RedAlert https://t.co/7dsbFMXXdt","id":"1426084800637677569","created_at":"2021-08-13T07:34:46.000Z","public_metrics":{"retweet_count":1,"reply_count":0,"like_count":0,"quote_count":0},"lang":"en"},{"author_id":"46054503","text":"@Abnoxiuos Fuck man, have to wait to get the appropriate vaccine to go to Spain, Greece is on fire as you said","id":"1426084788537016320","created_at":"2021-08-13T07:34:43.000Z","public_metrics":{"retweet_count":0,"reply_count":1,"like_count":0,"quote_count":0},"lang":"en"},{"author_id":"2266629468","text":"With covid taking all news time I’m watching the fires in Greece with horror-the apocalyptic sky’s a reminder of Aus last summer. We need government to be buying water bombers in readiness for our summer. Hopefully the questions will be asked sooner rather than later. #auspol","id":"1426084693523398661","created_at":"2021-08-13T07:34:20.000Z","public_metrics":{"retweet_count":0,"reply_count":0,"like_count":2,"quote_count":0},"lang":"en"},{"author_id":"377919420","text":"@faisalrafi Greece and Spain but the former is on fire","id":"1426084580436611074","created_at":"2021-08-13T07:33:54.000Z","public_metrics":{"retweet_count":0,"reply_count":2,"like_count":3,"quote_count":0},"lang":"en"},{"author_id":"21770520","attachments":{"media_keys":["3_1426084452854378496"]},"text":"Heat And Drought Stoke Extreme Fire Season In Europe\nfrom @StatistaCharts \n\nhttps://t.co/03xnPfWdX8\n\n\"Turkey, Greece and Italy have been hit particularly hard by the fires, as an extreme heatwave with temperatures of up to 45 C (113 F) turned bone-dry forests into tinderboxes.\" https://t.co/FdAKewSFwP","id":"1426084467463032832","created_at":"2021-08-13T07:33:27.000Z","public_metrics":{"retweet_count":0,"reply_count":1,"like_count":0,"quote_count":0},"lang":"en"},{"author_id":"390687940","text":"Greece fires under control as reconstruction begins https://t.co/IqC1iLYzTx","id":"1426084262927814656","created_at":"2021-08-13T07:32:38.000Z","public_metrics":{"retweet_count":0,"reply_count":0,"like_count":0,"quote_count":0},"lang":"en"},{"author_id":"885138608574918658","text":"Greece fires under control as reconstruction begins https://t.co/76ZBbTRI3u #World","id":"1426084239003439105","created_at":"2021-08-13T07:32:32.000Z","public_metrics":{"retweet_count":0,"reply_count":0,"like_count":0,"quote_count":0},"lang":"en"},{"author_id":"22915897","text":"With very high temperatures expected in parts of Spain and France on Friday and Saturday, the crisis threatens to spread with weeks of scorching summer weather still to come across the region.\nGreece's  fires are “greatest ecological disaster in decades”.\nhttps://t.co/EyFidLAFOq","id":"1426084183957442561","created_at":"2021-08-13T07:32:19.000Z","public_metrics":{"retweet_count":1,"reply_count":0,"like_count":1,"quote_count":0},"lang":"en"},{"author_id":"1275884652","text":"'Nothing's left:' Residents detail devastating fires\nhttps://t.co/vNztyiuikj","id":"1426083548151226369","created_at":"2021-08-13T07:29:47.000Z","public_metrics":{"retweet_count":0,"reply_count":0,"like_count":0,"quote_count":0},"lang":"en"},{"author_id":"37534585","text":"\"After a long battle, firefighters contain some wildfires in Greece.\" by BY NIKI KITSANTONIS via NYT New York Times https://t.co/hLOMw9hRK8","id":"1426081950847078400","created_at":"2021-08-13T07:23:27.000Z","public_metrics":{"retweet_count":0,"reply_count":0,"like_count":0,"quote_count":0},"lang":"en"},{"author_id":"1418725147","text":"\"After a long battle, firefighters contain some wildfires in Greece.\" by BY NIKI KITSANTONIS via NYT New York Times https://t.co/XlBWRmm715","id":"1426081707535609857","created_at":"2021-08-13T07:22:29.000Z","public_metrics":{"retweet_count":0,"reply_count":0,"like_count":0,"quote_count":0},"lang":"en"},{"author_id":"3072779788","attachments":{"media_keys":["3_1426078409591980032","3_1426078410745344004"]},"text":"#UPDATE Fires in Greece now under control, AFP reports, citing the country's fire department https://t.co/eRxxxx8xRg","id":"1426081269532798979","created_at":"2021-08-13T07:20:44.000Z","public_metrics":{"retweet_count":0,"reply_count":0,"like_count":1,"quote_count":0},"lang":"en"},{"author_id":"169527526","text":"\"After a long battle, firefighters contain some wildfires in Greece.\" by BY NIKI KITSANTONIS via NYT New York Times https://t.co/SbEEYkZ6sN","id":"1426080929613815810","created_at":"2021-08-13T07:19:23.000Z","public_metrics":{"retweet_count":0,"reply_count":0,"like_count":0,"quote_count":0},"lang":"en"},{"author_id":"1148692229688627202","text":"\"After a long battle, firefighters contain some wildfires in Greece.\" BY NIKI KITSANTONIS via New York Times https://t.co/wNRPViQrTu","id":"1426080848504315905","created_at":"2021-08-13T07:19:04.000Z","public_metrics":{"retweet_count":0,"reply_count":0,"like_count":0,"quote_count":0},"lang":"en"},{"author_id":"196508393","text":"The raging #fires, which have engulfed most of #Greece for almost two weeks, apart from the unprecedented #EcologicalCrisis &amp; huge loss of property, challenged the stability of the country’s #electricity system\nhttps://t.co/38g1rc8uuH","id":"1426080594291838982","created_at":"2021-08-13T07:18:03.000Z","public_metrics":{"retweet_count":0,"reply_count":0,"like_count":0,"quote_count":0},"lang":"en"},{"author_id":"1309501204171337728","text":"\uD83D\uDC4F\uD83D\uDC4F\uD83D\uDC4Fhttps://t.co/mRwNFboHAO","id":"1426080025812430851","created_at":"2021-08-13T07:15:48.000Z","public_metrics":{"retweet_count":0,"reply_count":0,"like_count":0,"quote_count":0},"lang":"und"},{"author_id":"12903462","text":"\"After a long battle, firefighters contain some wildfires in Greece.\" by BY NIKI KITSANTONIS via NYT New York Times https://t.co/8Mx4OFfyqN","id":"1426079966819663873","created_at":"2021-08-13T07:15:34.000Z","public_metrics":{"retweet_count":0,"reply_count":0,"like_count":0,"quote_count":0},"lang":"en"},{"author_id":"343405144","text":"Wildfires in Greece: After a Long Battle, Firefighters Contain Blazes https://t.co/0SIZnjfIfS","id":"1426079959232258049","created_at":"2021-08-13T07:15:32.000Z","public_metrics":{"retweet_count":0,"reply_count":0,"like_count":0,"quote_count":0},"lang":"en"},{"author_id":"1115874631","attachments":{"media_keys":["3_1426078409591980032","3_1426078410745344004"]},"text":"#UPDATE Fires in Greece now under control, AFP reports, citing the country's fire department https://t.co/U4mqFhLB8t","id":"1426079620802039808","created_at":"2021-08-13T07:14:11.000Z","public_metrics":{"retweet_count":2,"reply_count":0,"like_count":24,"quote_count":0},"lang":"en"},{"author_id":"14238519","text":"\"After a long battle, firefighters contain some wildfires in Greece.\" by BY NIKI KITSANTONIS via NYT New York Times https://t.co/KzGgFkpMl3","id":"1426079432326983680","created_at":"2021-08-13T07:13:26.000Z","public_metrics":{"retweet_count":0,"reply_count":0,"like_count":0,"quote_count":0},"lang":"en"},{"author_id":"1032666784136974336","text":"After a long battle, firefighters contain some wildfires in Greece. https://t.co/tNf0XqQRN7","id":"1426079320662056963","created_at":"2021-08-13T07:12:59.000Z","public_metrics":{"retweet_count":0,"reply_count":0,"like_count":0,"quote_count":0},"lang":"en"},{"author_id":"250033206","text":"Putin Türkiye ve Yunanistana yardım gönderdi\nPeki\nSonra ne kadar para aldı?\nSoru bu\n\"Putin should be charged with crimes.. Rather, he sent Russia's best firefighters &amp; equipment to Turkey &amp; Greece, whose fires were miniscule in comparison to Siberia. But, then again he was paid.\"","id":"1426079178110210051","created_at":"2021-08-13T07:12:25.000Z","public_metrics":{"retweet_count":0,"reply_count":0,"like_count":5,"quote_count":0},"lang":"tr"},{"author_id":"1244852472037937153","text":"#BREAKING: #Fires in #Greece under control https://t.co/6Xys7E7Kaa","id":"1426079061957386241","created_at":"2021-08-13T07:11:58.000Z","public_metrics":{"retweet_count":0,"reply_count":0,"like_count":0,"quote_count":0},"lang":"en"},{"author_id":"16403322","text":"\"After a long battle, firefighters contain some wildfires in Greece.\" by BY NIKI KITSANTONIS via NYT New York Times https://t.co/gLTQJ9grxA","id":"1426079013672525826","created_at":"2021-08-13T07:11:46.000Z","public_metrics":{"retweet_count":0,"reply_count":0,"like_count":0,"quote_count":0},"lang":"en"},{"author_id":"242704372","attachments":{"media_keys":["3_1426078958701793282"]},"text":"Greece sees mini reshuffle in wake of fires https://t.co/ICehUawK9e https://t.co/wOagV6VuZu","id":"1426078960551559172","created_at":"2021-08-13T07:11:34.000Z","public_metrics":{"retweet_count":1,"reply_count":0,"like_count":1,"quote_count":1},"lang":"en"},{"author_id":"26516426","text":"\"After a long battle, firefighters contain some wildfires in Greece.\" by BY NIKI KITSANTONIS via NYT New York Times https://t.co/brVAmgSXEg","id":"1426078400951853059","created_at":"2021-08-13T07:09:20.000Z","public_metrics":{"retweet_count":0,"reply_count":0,"like_count":0,"quote_count":0},"lang":"en"},{"author_id":"138381697","text":"\"After a long battle, firefighters contain some wildfires in Greece.\" by BY NIKI KITSANTONIS via NYT New York Times https://t.co/9ooCCALsgp","id":"1426078253559828484","created_at":"2021-08-13T07:08:45.000Z","public_metrics":{"retweet_count":0,"reply_count":0,"like_count":0,"quote_count":0},"lang":"en"},{"author_id":"37034483","text":"#JustIn | Fires in #Greece under control: fire department\n\n(AFP News Agency)","id":"1426078103672033280","created_at":"2021-08-13T07:08:09.000Z","public_metrics":{"retweet_count":2,"reply_count":1,"like_count":55,"quote_count":0},"lang":"en"},{"author_id":"1210809354154172416","text":"After all these #fires, #reforestation must become a #global priority.\n I hope that..!  \uD83C\uDF32\uD83C\uDF33\uD83C\uDF34\uD83C\uDF3E\uD83C\uDF31\n#Turkey\n#Greece\n#Lebanon\n#Algeria\n#Tunisie\n#world","id":"1426078027310579712","created_at":"2021-08-13T07:07:51.000Z","public_metrics":{"retweet_count":0,"reply_count":0,"like_count":0,"quote_count":0},"lang":"en"},{"author_id":"158044902","text":"#Greece Mini cabinet 'reshuffle\" after the devastating fires - a handful of ministers were just moved to another  post. \uD83E\uDD14","id":"1426077767590948873","created_at":"2021-08-13T07:06:49.000Z","public_metrics":{"retweet_count":2,"reply_count":0,"like_count":9,"quote_count":0},"lang":"en"}],"includes":{"media":[{"media_key":"3_1426113305140137984","type":"photo","url":"https://pbs.twimg.com/media/E8qSfsJWEAAzt1t.jpg"},{"media_key":"3_1426113305190543365","type":"photo","url":"https://pbs.twimg.com/media/E8qSfsVXMAUfz9q.jpg"},{"media_key":"3_1426110163811852291","type":"photo","url":"https://pbs.twimg.com/media/E8qPo1yUYAMusC5.jpg"},{"media_key":"3_1426107526391738370","type":"photo","url":"https://pbs.twimg.com/media/E8qNPUoXMAIu6Le.jpg"},{"media_key":"3_1426021435412082693","type":"photo","url":"https://pbs.twimg.com/media/E8o-8KvUcAUTNA8.jpg"},{"media_key":"3_1426104642644193284","type":"photo","url":"https://pbs.twimg.com/media/E8qKnd1XsAQC44S.jpg"},{"media_key":"7_1426104273495023618","public_metrics":{"view_count":104},"type":"video"},{"media_key":"3_1426095073352056841","type":"photo","url":"https://pbs.twimg.com/media/E8qB6dcVgAkDRZk.jpg"},{"media_key":"16_1425949473835032578","type":"animated_gif"},{"media_key":"3_1425845323046563841","type":"photo","url":"https://pbs.twimg.com/media/E8mexFDXsAEKjft.jpg"},{"media_key":"3_1425845482341998594","type":"photo","url":"https://pbs.twimg.com/media/E8me6WeXIAIQqtY.jpg"},{"media_key":"3_1425845527464267777","type":"photo","url":"https://pbs.twimg.com/media/E8me8-kWUAEfl_o.jpg"},{"media_key":"3_1425845549530591235","type":"photo","url":"https://pbs.twimg.com/media/E8me-QxXsAM915P.jpg"},{"media_key":"3_1426091948251754498","type":"photo","url":"https://pbs.twimg.com/media/E8p_EjiXMAIaxvq.jpg"},{"media_key":"3_1426091711734771718","type":"photo","url":"https://pbs.twimg.com/media/E8p-2ycUcAY2Gkq.jpg"},{"media_key":"3_1426091684417490947","type":"photo","url":"https://pbs.twimg.com/media/E8p-1MrX0AMjJkg.jpg"},{"media_key":"3_1426089584954286081","type":"photo","url":"https://pbs.twimg.com/media/E8p86_kVoAEdOyj.jpg"},{"media_key":"3_1426080336434266112","type":"photo","url":"https://pbs.twimg.com/media/E8p0gqJVgAAD_cV.jpg"},{"media_key":"3_1426088301623189509","type":"photo","url":"https://pbs.twimg.com/media/E8p7wSyXIAU-mme.jpg"},{"media_key":"3_1426084289423290369","type":"photo","url":"https://pbs.twimg.com/media/E8p4GwLXMAEF0Q8.jpg"},{"media_key":"3_1426084452854378496","type":"photo","url":"https://pbs.twimg.com/media/E8p4QRAXsAAgWZ3.jpg"},{"media_key":"3_1426078409591980032","type":"photo","url":"https://pbs.twimg.com/media/E8pywgGVgAA09xI.jpg"},{"media_key":"3_1426078410745344004","type":"photo","url":"https://pbs.twimg.com/media/E8pywkZUcAQ9cB5.jpg"},{"media_key":"3_1426078958701793282","type":"photo","url":"https://pbs.twimg.com/media/E8pzQdsUUAIdhvB.jpg"}]},"meta":{"newest_id":"1426113512531705858","oldest_id":"1426077767590948873","result_count":100,"next_token":"b26v89c19zqg8o3fpdm8zjiirlwzn6ynvdtoddbatdif1"}}