{"data":[{"lang":"en","created_at":"2021-08-13T07:06:44.000Z","author_id":"35024893","public_metrics":{"retweet_count":0,"reply_count":0,"like_count":0,"quote_count":0},"text":"\"After a long battle, firefighters contain some wildfires in Greece.\" by BY NIKI KITSANTONIS via NYT New York Times https://t.co/KOwWCWCuA6","id":"1426077747894489088"},{"lang":"en","created_at":"2021-08-13T07:06:02.000Z","author_id":"2201283403","public_metrics":{"retweet_count":32,"reply_count":0,"like_count":59,"quote_count":3},"text":"Today’s #EFFIS Fire Danger Forecast\n\nExtreme &amp; very extreme conditions prevail over large areas of #Greece\uD83C\uDDEC\uD83C\uDDF7#Turkey\uD83C\uDDF9\uD83C\uDDF7, #Albania\uD83C\uDDE6\uD83C\uDDF1, #NorthMacedonia\uD83C\uDDF2\uD83C\uDDF0,  #Sardegna\uD83C\uDDEE\uD83C\uDDF9, in southern #Italy, in Iberia\uD83C\uDDEA\uD83C\uDDF8\uD83C\uDDF5\uD83C\uDDF9 and in western Tunisia\uD83C\uDDF9\uD83C\uDDF3  \n\nCritical situation in northeastern Algeria\uD83C\uDDE9\uD83C\uDDFF https://t.co/yRmAZSJYQh","attachments":{"media_keys":["3_1426076306056306689","3_1426076371395166208","3_1426076411786375168"]},"id":"1426077570420940800"},{"lang":"en","created_at":"2021-08-13T07:05:27.000Z","author_id":"3282981146","public_metrics":{"retweet_count":0,"reply_count":0,"like_count":0,"quote_count":0},"text":"Putin is a monster for not containing this mass inferno months ago when it was possible! Rather, he sent Russia's best firefighters &amp; equipment to Turkey &amp; Greece, whose fires were miniscule in comparison to Siberia. Then again, the Greek &amp; Turkish Govts paid well for his service https://t.co/OC0pLTTMX9","id":"1426077422378700802"},{"lang":"en","created_at":"2021-08-13T07:05:02.000Z","author_id":"631908927","public_metrics":{"retweet_count":0,"reply_count":0,"like_count":0,"quote_count":0},"text":"Greek wildfires biggest ecological disaster of last few decades: PM: Nearly 100,000 hectares of forestry and farmland have burned in less than two weeks in Greece, according to the European Forest Fire Information System (EFFIS). https://t.co/bGAhjp6kLj","id":"1426077318775066624"},{"lang":"en","created_at":"2021-08-13T07:04:45.000Z","author_id":"1147558771994112000","public_metrics":{"retweet_count":0,"reply_count":0,"like_count":0,"quote_count":0},"text":"\"After a long battle, firefighters contain some wildfires in Greece.\" by BY NIKI KITSANTONIS via NYT New York Times https://t.co/FX7koYKdnY","id":"1426077246343757832"},{"lang":"en","created_at":"2021-08-13T07:03:46.000Z","author_id":"70076411","public_metrics":{"retweet_count":0,"reply_count":0,"like_count":0,"quote_count":0},"text":"#BREAKING Fires in Greece under control: fire department https://t.co/3jDZaZzGzN","attachments":{"media_keys":["3_1426076902133882884"]},"id":"1426077000037326850"},{"lang":"en","created_at":"2021-08-13T07:03:41.000Z","author_id":"380648579","public_metrics":{"retweet_count":50,"reply_count":2,"like_count":156,"quote_count":11},"text":"#BREAKING Fires in Greece under control: fire department https://t.co/ZMIKVw7UIO","attachments":{"media_keys":["3_1426076902133882884"]},"id":"1426076977929220100"},{"lang":"en","created_at":"2021-08-13T07:02:12.000Z","author_id":"196508393","public_metrics":{"retweet_count":0,"reply_count":0,"like_count":0,"quote_count":0},"text":"Problem is not so much related to adequacy of #Greece #electricity installed capacity; it narrows down to failings of #energy distribution and transmission system, with shortfalls filled by #interconnector network\nhttps://t.co/38g1rc8uuH @www_energia_gr @Energy4Europe","id":"1426076603017310208"},{"lang":"en","created_at":"2021-08-13T07:01:51.000Z","author_id":"3282981146","public_metrics":{"retweet_count":9,"reply_count":3,"like_count":11,"quote_count":0},"text":"Putin should be charged with crimes against humanity for not containing this mass inferno months ago, when it was possible. Rather, he sent Russia's best firefighters &amp; equipment to Turkey &amp; Greece, whose fires were miniscule in comparison to Siberia. But, then again he was paid. https://t.co/cvuBcHQIbE","id":"1426076516891430914"},{"lang":"en","created_at":"2021-08-13T07:00:27.000Z","author_id":"34655603","public_metrics":{"retweet_count":4,"reply_count":0,"like_count":4,"quote_count":1},"text":"Emergency services continue to battle fires and floods in Greece and Turkey https://t.co/1LdLFp1BKp","id":"1426076165224255490"},{"lang":"de","created_at":"2021-08-13T06:57:16.000Z","author_id":"937605560387690496","public_metrics":{"retweet_count":1,"reply_count":0,"like_count":2,"quote_count":0},"text":"Apokalyptische Szenen in Griechenland\nhttps://t.co/4PFkDVwF7l","id":"1426075363659198464"},{"lang":"en","created_at":"2021-08-13T06:57:09.000Z","author_id":"155556580","public_metrics":{"retweet_count":0,"reply_count":0,"like_count":0,"quote_count":0},"text":"Tsipras: Mr. Mitsotakis has not realized the magnitude of his responsibilities https://t.co/ZMmMMQRqVd","id":"1426075333527212034"},{"lang":"el","created_at":"2021-08-13T06:52:12.000Z","author_id":"786160513415733248","public_metrics":{"retweet_count":0,"reply_count":1,"like_count":7,"quote_count":0},"text":"Ισραηλινά πυροσβεστικά στην Ελλάδα, η εξέλιξη μέσα από μια καταστροφική πυρκαγιά \nhttps://t.co/Jp9unWujzu","id":"1426074089601519618"},{"lang":"en","created_at":"2021-08-13T06:45:18.000Z","author_id":"1265907693065101312","public_metrics":{"retweet_count":0,"reply_count":0,"like_count":0,"quote_count":0},"text":"⚠️ Footage of terrorists sent by evil satanists causing deliberate fires in forests. mainstream media are reporting as climate change to blame the people.. we are seeing fires in Greece, Turkey and previously in California. ⚠️ \nWatch Video Here: https://t.co/PeFfIIuhYN https://t.co/ASVLYDPKWD","attachments":{"media_keys":["7_1426072114059112451"]},"id":"1426072352182333440"},{"lang":"en","created_at":"2021-08-13T06:39:16.000Z","author_id":"1270038871980507136","public_metrics":{"retweet_count":0,"reply_count":0,"like_count":3,"quote_count":0},"text":"In Siberia, another year of catastrophic fires, and the dictator is helping to extinguish fires in Greece, the Krasnoyrsky official called the Russians who are calling to extinguish the fires in Yakutia, aching pieces of shit.\n#saveyakutia \nneed foreign media coverage https://t.co/PJ2e5tdsSR","attachments":{"media_keys":["3_1426070824348434432"]},"id":"1426070832762265604"},{"lang":"en","created_at":"2021-08-13T06:38:24.000Z","author_id":"87288368","public_metrics":{"retweet_count":1,"reply_count":0,"like_count":1,"quote_count":0},"text":"It's not just the Western US and Greece burning. Algeria is also seeing big forest fires. All are places where the IPCC report showed large decreases in rainfall as a result of #climatechange https://t.co/2dc2sjPDBk","id":"1426070614310154242"},{"lang":"ja","created_at":"2021-08-13T06:32:50.000Z","author_id":"801961181447471105","public_metrics":{"retweet_count":0,"reply_count":0,"like_count":0,"quote_count":0},"text":"ギリシアの大規模な山火事の煙を宇宙からとらえた https://t.co/08SUSQcj3X #スマートニュース","id":"1426069213639106566"},{"lang":"en","created_at":"2021-08-13T06:32:34.000Z","author_id":"31382253","public_metrics":{"retweet_count":1,"reply_count":0,"like_count":5,"quote_count":0},"text":"The Giokos family was having a reunion in Greece and now @EleniGiokos ends up having to report on the aftermath of terrible fires. And doing a great job.","id":"1426069148996669442"},{"lang":"en","created_at":"2021-08-13T06:30:05.000Z","author_id":"112808088","public_metrics":{"retweet_count":0,"reply_count":0,"like_count":1,"quote_count":0},"text":"After a long battle, firefighters contain some wildfires in Greece. https://t.co/JMwBbnzCgZ","id":"1426068522141061126"},{"lang":"en","created_at":"2021-08-13T06:30:00.000Z","author_id":"4068121577","public_metrics":{"retweet_count":0,"reply_count":0,"like_count":1,"quote_count":0},"text":"THE NEWS IN BRIEF\n\n \uD83D\uDC49 Skete of St. Joseph the Hesychast https://t.co/F9h2TgKAkv\n\n\uD83D\uDC49 OrthPhoto Awards https://t.co/VI2XTsPxwK\n\n\uD83D\uDC49 Patriarch Daniel expresses solidarity with Greece https://t.co/42qc2ulpXx\n\n\uD83D\uDC49 Romanian parish in Dubai https://t.co/pjv7RYTi0M https://t.co/W2eUi8AEpQ","attachments":{"media_keys":["3_1425826324694802432"]},"id":"1426068500918022148"},{"lang":"en","created_at":"2021-08-13T06:28:24.000Z","author_id":"736473892487827457","public_metrics":{"retweet_count":6,"reply_count":0,"like_count":6,"quote_count":0},"text":"#Agriculture is setting fire to the world:\nWe talk a lot about fires in Canada, USA, Russia, Greece, &amp; Brazil.\nWhy aren't we talking about the deliberate fires raging in Africa, all in the name of #BigAg and not even for food! Sugar doesn't nourish people. https://t.co/7WrfTzQlnI","id":"1426068100601024513"},{"lang":"en","created_at":"2021-08-13T06:26:21.000Z","author_id":"255183096","public_metrics":{"retweet_count":0,"reply_count":1,"like_count":1,"quote_count":0},"text":"@astiluor Ahh i just read a major fire in greece and immediAtely tweeted u. I think major fire like this is very difficult to deal with. So many factors. Wind, and its so big, it would be hard for the firefighters. Rain could prolly help w it. I think. Hopefully itll get better soon \uD83E\uDD7A","id":"1426067584936341504"},{"lang":"en","created_at":"2021-08-13T06:16:31.000Z","author_id":"94287516","public_metrics":{"retweet_count":0,"reply_count":0,"like_count":2,"quote_count":0},"text":"@GMB @richardgaisford Why on earth are these news reporters travelling all over the world to comment on global warming etc, we saw a bloke in Australia talking bush fires not to mention the situation in Turkey and Greece. Surely in this day and age we do not require to physically be there.","id":"1426065110083284994"},{"lang":"en","created_at":"2021-08-13T06:10:33.000Z","author_id":"2835422102","public_metrics":{"retweet_count":0,"reply_count":0,"like_count":0,"quote_count":0},"text":"\"NATO...has responded to Greece's call for assistance and arranged for the deployment of 20 heavy and medium size helicopters with dedicated pilots, crewmembers and mechanics to assist the Hellenic Fire Brigade\"\n\n#NATO #Greece\n#NWS #USFS #CalFire #NPS\n\nhttps://t.co/IU2VMhei4e","id":"1426063605359775746"},{"lang":"en","created_at":"2021-08-13T06:03:05.000Z","author_id":"1404291386","public_metrics":{"retweet_count":4,"reply_count":0,"like_count":5,"quote_count":0},"text":"Fire in Greece https://t.co/oJ1Uq0X8tS","attachments":{"media_keys":["7_1426061638772404224"]},"id":"1426061727540682758"},{"lang":"en","created_at":"2021-08-13T05:59:16.000Z","author_id":"925954682148802561","public_metrics":{"retweet_count":0,"reply_count":0,"like_count":0,"quote_count":0},"text":"Dam greece is on fire now..ye https://t.co/lPDJu3D7Py","id":"1426060765786689536"},{"lang":"el","created_at":"2021-08-13T05:56:00.000Z","author_id":"1269909118959194112","public_metrics":{"retweet_count":0,"reply_count":0,"like_count":0,"quote_count":0},"text":"μα γιατί να μας επιτεθεί η φύση ???????????https://t.co/BydMGkwqsi","id":"1426059944571326467"},{"lang":"und","created_at":"2021-08-13T05:47:27.000Z","author_id":"79355386","public_metrics":{"retweet_count":0,"reply_count":0,"like_count":1,"quote_count":0},"text":"Түймэр Грект 70 мянган га газрыг үнс болгож хяналтаас гарлаа: «Бид Бурханы гарт байна»\n\nThe fire destroyed more than 70 thousand hectares in Greece and is progressing out of control: «We are in God’s hands» https://t.co/2BMY5eB5pS","attachments":{"media_keys":["3_1426057748794413060","3_1426057748806922240","3_1426057756381827081","3_1426057766024617988"]},"id":"1426057793983836161"},{"lang":"en","created_at":"2021-08-13T05:41:14.000Z","author_id":"518559618","public_metrics":{"retweet_count":0,"reply_count":0,"like_count":0,"quote_count":0},"text":"The Daily https://t.co/SZK6kXM6tw https://t.co/H8CxuQjlbI #fires #greece","id":"1426056229588279300"},{"lang":"en","created_at":"2021-08-13T05:39:43.000Z","author_id":"950362475463151616","public_metrics":{"retweet_count":0,"reply_count":0,"like_count":0,"quote_count":0},"text":"@BernieSanders There is not historic drought on the planet. California &amp; Oregon fires are caused by orchestrated bad environmental policies. Several people have been arrested in Greece for arson some claiming they were paid €500 to do so.","id":"1426055847067652100"},{"lang":"en","created_at":"2021-08-13T05:37:14.000Z","author_id":"2778616972","public_metrics":{"retweet_count":0,"reply_count":0,"like_count":0,"quote_count":0},"text":"Good morning it's Friday \nI had a nice break enjoying my birthday \nNow it's back to reality and that is uk and world news\nMuch is going on from the fires raging in Mediterranean Greece to the shootings in Plymouth such sad news to hear about lost for words https://t.co/qmNiTySGGz","attachments":{"media_keys":["3_1426055216202493956"]},"id":"1426055223949373442"},{"lang":"en","created_at":"2021-08-13T05:37:07.000Z","author_id":"3223815979","public_metrics":{"retweet_count":0,"reply_count":0,"like_count":0,"quote_count":0},"text":"Gov depts stripped of budgets need help\nADF with money thrown at it\nhas the competence to do job\nGreece-fires expose stripped budgets &amp; military/police budgets increased\nGreece is voting out ALL Neo-Liberals #auspol2021","id":"1426055192764579845"},{"lang":"en","created_at":"2021-08-13T05:25:20.000Z","author_id":"792672007","public_metrics":{"retweet_count":0,"reply_count":0,"like_count":1,"quote_count":0},"text":"Photo of old woman amid fire in Greece challenges world on climate change - The Washington Post **Be part of the solution, not the problem \uD83D\uDD25** #GoVegan #ClimateCrisis  https://t.co/h160YvEoSs","id":"1426052227844640768"},{"lang":"en","created_at":"2021-08-13T05:19:23.000Z","author_id":"1601379672","public_metrics":{"retweet_count":0,"reply_count":0,"like_count":1,"quote_count":0},"text":"@goldengirlll777 Βoth leftist and right wingers here in greece know the fires are manmade. Only the goverment speaks of climate change. The prevailing theory is that the gov started it in Evia to place a wind farm","id":"1426050728255229954"},{"lang":"en","created_at":"2021-08-13T05:13:04.000Z","author_id":"1294304992803790849","public_metrics":{"retweet_count":0,"reply_count":0,"like_count":1,"quote_count":0},"text":"Why on eath every were fire getting spreaded sm Turkey, Greece and now Algeria . So many people,  animals,  innocents dying and getting effected bc of this . I really hope this stops soon !!! \n#PrayForTurkey #PrayForGreece #PrayForAlgeria","id":"1426049139998027778"},{"lang":"und","created_at":"2021-08-13T05:09:22.000Z","author_id":"39261197","public_metrics":{"retweet_count":0,"reply_count":0,"like_count":0,"quote_count":0},"text":"#volunteers #dog #foster #adoptme #attica #donotabandonme #AdoptDontShop #doggy  #Greece #rt #fires #GreeceFires #animals #Emergency #love #save #saveanimals #cats #lookforme #πυρκαγιες #Αττική #ζωα @EmptyTheCages_ https://t.co/7t7m2Br0dB","id":"1426048207612747780"},{"lang":"en","created_at":"2021-08-13T05:08:52.000Z","author_id":"4522379901","public_metrics":{"retweet_count":0,"reply_count":0,"like_count":1,"quote_count":0},"text":"EU\uD83C\uDDEA\uD83C\uDDFAsolidarity in action:EU countries sent help to \uD83C\uDDEC\uD83C\uDDF7#Greece during these difficult times:\n\uD83D\uDC68‍\uD83D\uDE92 1000 fire fighters\n\uD83D\uDE92 200 emergency vehicles\n✈️ 9 planes\nThe help comes through the EU civil protection mechanism #StrongerTogether\nhttps://t.co/5oRPinMbvf \n@EUCouncil @EU_Commission","id":"1426048085424185348"},{"lang":"en","created_at":"2021-08-13T05:01:57.000Z","author_id":"1152659325829169152","public_metrics":{"retweet_count":0,"reply_count":0,"like_count":0,"quote_count":0},"text":"Summer of #fire: blazes burn across #Mediterranean with more extreme #weather forecast | via ⁦@guardian⁩ #greece #turkey #italy #spain  https://t.co/2qcshZNnxw","id":"1426046342376431618"},{"lang":"en","created_at":"2021-08-13T04:55:59.000Z","author_id":"2179007954","public_metrics":{"retweet_count":1,"reply_count":0,"like_count":0,"quote_count":0},"text":"‘It’s all gone’: Greek farmers despair as fires decimate crops https://t.co/BqxUdQ7SJq via @AJEnglish #Greece #GreeceFires #Evia #EviaWildfires","id":"1426044842862329858"},{"lang":"en","created_at":"2021-08-13T04:51:50.000Z","author_id":"1008030324","public_metrics":{"retweet_count":0,"reply_count":0,"like_count":0,"quote_count":0},"text":"Just stop and look at all these : \nHuge fires in Siberia, Greece, California, Oregon, Italia, Algeria and heat wave all over the world. \nIt is great time to combat together climate changes\n@ClimateReality @CCNUCC #environment #ClimateEmergency https://t.co/1oQhTfeh1W","attachments":{"media_keys":["3_1426043794613489667"]},"id":"1426043797591531522"},{"lang":"en","created_at":"2021-08-13T04:51:34.000Z","author_id":"1366484568937803781","public_metrics":{"retweet_count":0,"reply_count":0,"like_count":0,"quote_count":0},"text":"@tmshrout @jkenney Who gives a damn about the economy when the earth is literally on fire around us due to global warming? CANADA, USA, Turkey, Greece, S America. The earth is scorched &amp; you talk Christian Conservative Trumpsterism. Would your God not save the earth from burning vs to save a buck?","id":"1426043731887759364"},{"lang":"en","created_at":"2021-08-13T04:50:16.000Z","author_id":"73763355","public_metrics":{"retweet_count":0,"reply_count":0,"like_count":0,"quote_count":0},"text":"@WhoseRyanStiles The TV in Greece has been alternating between news about fires and news about the pandemic.\nAt least the apocalypse looks pretty.","id":"1426043403331149827"},{"lang":"en","created_at":"2021-08-13T04:41:10.000Z","author_id":"155556580","public_metrics":{"retweet_count":0,"reply_count":0,"like_count":0,"quote_count":0},"text":"Peloni for Tsipras: The proposal for SYRIZA’s participation in the Benou Committee is valid https://t.co/GocyPNOHh5","id":"1426041111806676992"},{"lang":"en","created_at":"2021-08-13T04:40:43.000Z","author_id":"1340284024867049473","public_metrics":{"retweet_count":0,"reply_count":0,"like_count":0,"quote_count":0},"text":"May humanity triumph worldwide. Otherwise, fires will destroy the whole world .\nThe fires in Greece have spread widely. Hundreds of people are fleeing the area to save lives despite firefighters working to put out the blaze.The village of Guaves on the country's Avia Island https://t.co/52CfcW8iCw","attachments":{"media_keys":["3_1426040521705725954","3_1426040559425114113"]},"id":"1426041000619769858"},{"lang":"en","created_at":"2021-08-13T04:38:49.000Z","author_id":"2513740285","public_metrics":{"retweet_count":1,"reply_count":0,"like_count":1,"quote_count":0},"text":"URGENT SUPPORT FOR THE FIRE-STRICKEN AREAS IN GREECE: A solidarity initiative to the conflagration affected people.\n\nhttps://t.co/jdjXLETLOl","id":"1426040519898112000"},{"lang":"en","created_at":"2021-08-13T04:32:12.000Z","author_id":"1381749493842989056","public_metrics":{"retweet_count":0,"reply_count":0,"like_count":0,"quote_count":0},"text":"Not my title \n\n\uD83D\uDD25The sixth day of forest fires in Greece: Flames destroy the island of Evia. Thousands of people have fled their homes through uncontrolled forest fires. https://t.co/9wlgzczXXD","attachments":{"media_keys":["7_1426038820877869056"]},"id":"1426038855770251265"},{"lang":"en","created_at":"2021-08-13T04:31:52.000Z","author_id":"154136730","public_metrics":{"retweet_count":0,"reply_count":0,"like_count":0,"quote_count":1},"text":"Greek wildfires destroy unique beekeeping habitat - CTV News\n\n*At one point, Greece was fighting a hundred new fires a day. It was no less than an ecological catastrophe, according to Prime Minister Kyriakos Mitsotakis. * https://t.co/UjIKw1E2GO","id":"1426038771431088129"},{"lang":"en","created_at":"2021-08-13T04:26:36.000Z","author_id":"1372642002676772872","public_metrics":{"retweet_count":0,"reply_count":0,"like_count":0,"quote_count":0},"text":"@blkahn This is in Greece. \uD83D\uDD25 \uD83D\uDD25 \uD83D\uDD25 fires","id":"1426037445158522882"},{"lang":"en","created_at":"2021-08-13T04:24:42.000Z","author_id":"106074454","public_metrics":{"retweet_count":0,"reply_count":0,"like_count":0,"quote_count":0},"text":"‘Apocalyptic’ scenes hit Greece as Athens besieged by fire https://t.co/ZUlFYd7V9Y","id":"1426036967050027008"},{"lang":"en","created_at":"2021-08-13T04:24:27.000Z","author_id":"1197829897","public_metrics":{"retweet_count":0,"reply_count":0,"like_count":1,"quote_count":0},"text":"@CFOXvan Although, there's much more fuel per area to burn in BC in Greece and Turkey they have experienced the same mees. 41 years ago when I was 17 we never had such widespread fires. Be positive in your thoughts and perhaps change will happen.\uD83D\uDE4F\uD83C\uDF3B","id":"1426036905305538562"},{"lang":"en","created_at":"2021-08-13T04:23:32.000Z","author_id":"981461508822478848","public_metrics":{"retweet_count":0,"reply_count":0,"like_count":1,"quote_count":0},"text":"Greece surveys damage from fire of \"exceptional magnitude\" https://t.co/0HmTGiOk2H","id":"1426036673314316288"},{"lang":"en","created_at":"2021-08-13T04:23:15.000Z","author_id":"33426597","public_metrics":{"retweet_count":0,"reply_count":1,"like_count":1,"quote_count":0},"text":"‘Apocalyptic’ scenes hit Greece as Athens besieged by fire | Wildfires | The Guardian https://t.co/CXeoqKiYoV","id":"1426036602585993223"},{"lang":"en","created_at":"2021-08-13T04:16:29.000Z","author_id":"2264803464","public_metrics":{"retweet_count":0,"reply_count":0,"like_count":0,"quote_count":0},"text":"praying for Siberia, Greece, and other countries affected by fires \uD83D\uDE4F\uD83C\uDFFC\uD83D\uDE4F\uD83C\uDFFC","id":"1426034899761254407"},{"lang":"en","created_at":"2021-08-13T04:12:31.000Z","author_id":"709584124177195008","public_metrics":{"retweet_count":0,"reply_count":0,"like_count":0,"quote_count":0},"text":"Fires through northern Algeria. The flames have been stoked by sweltering temperatures that have also exacerbated fires in Greece and Italy. https://t.co/dliicfmDTY","id":"1426033902976704513"},{"lang":"ja","created_at":"2021-08-13T04:10:02.000Z","author_id":"240155584","public_metrics":{"retweet_count":1,"reply_count":0,"like_count":2,"quote_count":0},"text":"タトイ宮殿で火事で焼かれた正体不明の王室の遺物\n\n https://t.co/DUHzrYvqPB","id":"1426033276972531712"},{"lang":"und","created_at":"2021-08-13T04:07:31.000Z","author_id":"1122927712333639680","public_metrics":{"retweet_count":0,"reply_count":0,"like_count":0,"quote_count":0},"text":"#الدخان #حرائق #الارض_تحترق #صباح_الخير\nكاليفورنيا تركيا اليونان سيبريا الجزائر تونس الارض تشتعل والدخان ينتشر في السماء\nCalifornia Turkey Greece Siberia Algeria Tunisia The ground is on fire and smoke is spreading in the sky\n\uD83D\uDC47\nhttps://t.co/ccBjgpBsUS\n#wildfires #Forestfires","attachments":{"media_keys":["7_1425955570176217091"]},"id":"1426032645763371011"},{"lang":"en","created_at":"2021-08-13T04:07:22.000Z","author_id":"278320108","public_metrics":{"retweet_count":0,"reply_count":0,"like_count":1,"quote_count":0},"text":"Watch video, that scene from the boat - yikes! When we hear politicians/ business leaders say we have to get emissions neutral by 2050, you’ve got to wonder what the time between now and then will look like…\n#climatecrisis #Greecefires #uncommoncourage https://t.co/NdJFLJKbqw","id":"1426032608182374400"},{"lang":"en","created_at":"2021-08-13T04:02:00.000Z","author_id":"2390186941","public_metrics":{"retweet_count":2,"reply_count":0,"like_count":1,"quote_count":0},"text":"The World is on Fire \n\nGreece \nItaly \nUSA\nRussia\nTurkey \nAlgeria \nCanada\n\nhttps://t.co/fQbaqhIJxJ https://t.co/Bg194Eq1BD","attachments":{"media_keys":["3_1426030813901201410"]},"id":"1426031257532702723"},{"lang":"en","created_at":"2021-08-13T04:00:49.000Z","author_id":"1357552406683398149","public_metrics":{"retweet_count":0,"reply_count":0,"like_count":0,"quote_count":0},"text":"bad news terrorist isreal USA nato bill gates dangrous laser fire techonolgy weapons attacks in turkey lebanon greece algeria and all the world my true report pls destroy monster country terrorist isreal USA pls save the world and peoples  #Greecewildfires https://t.co/jgLcPOgdkU","attachments":{"media_keys":["3_1426030899301335040","3_1426030916355477505","3_1426030933405323265","3_1426030948261507075"]},"id":"1426030957417664513"},{"lang":"en","created_at":"2021-08-13T04:00:36.000Z","author_id":"61597668","public_metrics":{"retweet_count":0,"reply_count":0,"like_count":0,"quote_count":0},"text":"Creating forests is a great idea and will help the climate change obstacles. One thing, however, has to be kept in mind. Immense heat, dry atmosphere and windy conditions could spark fearful fires. Please instal arrangements. Just see whats happening in Turkey and Greece.","id":"1426030902988222465"},{"lang":"en","created_at":"2021-08-13T04:00:23.000Z","author_id":"1323826004419366913","public_metrics":{"retweet_count":0,"reply_count":0,"like_count":0,"quote_count":0},"text":"Theguardian:  Summer of fire: blazes burn across Mediterranean with more extreme weather forecast\n#wildfires #greece #italy\n https://t.co/B34BTsjKIl","id":"1426030850798403584"},{"lang":"en","created_at":"2021-08-13T04:00:10.000Z","author_id":"1319450632235909124","public_metrics":{"retweet_count":0,"reply_count":1,"like_count":1,"quote_count":0},"text":"Actually, I was thinking to post less than what I had firstly in mind because after all it is your summer and you want to have fun and to be sad. But it wouldn't be me if i didn't inform people about this tragedy. I will post the REAL reasons of Greece's fires 2/","id":"1426030795244851203"},{"lang":"en","created_at":"2021-08-13T03:59:58.000Z","author_id":"1357552406683398149","public_metrics":{"retweet_count":0,"reply_count":0,"like_count":0,"quote_count":0},"text":"bad news terrorist isreal USA nato bill gates dangrous laser fire techonolgy weapons attacks in turkey lebanon greece algeria and all the world my true report pls destroy monster country terrorist isreal USA pls save the world and peoples  #GreeceFires https://t.co/BtDoskgAWl","attachments":{"media_keys":["3_1426030708284436480","3_1426030708267573248","3_1426030719604858880","3_1426030732397449216"]},"id":"1426030744208560129"},{"lang":"en","created_at":"2021-08-13T03:59:08.000Z","author_id":"1357552406683398149","public_metrics":{"retweet_count":0,"reply_count":0,"like_count":0,"quote_count":0},"text":"bad news terrorist isreal USA nato bill gates dangrous laser fire techonolgy weapons attacks in turkey lebanon greece algeria and all the world my true report pls destroy monster country terrorist isreal USA pls save the world and peoples  #Greece https://t.co/jyzU2rPlzm","attachments":{"media_keys":["3_1426030473483104260","3_1426030490214182918","3_1426030504248324096","3_1426030519654010882"]},"id":"1426030535122509826"},{"lang":"en","created_at":"2021-08-13T03:55:55.000Z","author_id":"1357552406683398149","public_metrics":{"retweet_count":0,"reply_count":0,"like_count":0,"quote_count":0},"text":"bad news terrorist isreal USA nato bill gates dangrous laser fire techonolgy weapons attacks in turkey lebanon greece algeria and all the world my true report pls destroy monster country terrorist isreal USA pls save the world and peoples  #GreeceFires https://t.co/9SwLklvS4i","attachments":{"media_keys":["3_1426029649562415113","3_1426029674208153601","3_1426029711793262596","3_1426029711805796358"]},"id":"1426029726737518592"},{"lang":"en","created_at":"2021-08-13T03:55:20.000Z","author_id":"1357552406683398149","public_metrics":{"retweet_count":0,"reply_count":0,"like_count":0,"quote_count":0},"text":"bad news terrorist isreal USA nato bill gates dangrous laser fire techonolgy weapons attacks in turkey lebanon greece algeria and all the world my true report pls destroy monster country terrorist isreal USA pls save the world and peoples  #Greece https://t.co/fJfqffLH7g","attachments":{"media_keys":["3_1426029514828681224","3_1426029534793580546","3_1426029549402443776","3_1426029566171271168"]},"id":"1426029578846449664"},{"lang":"en","created_at":"2021-08-13T03:54:24.000Z","author_id":"1357552406683398149","public_metrics":{"retweet_count":0,"reply_count":0,"like_count":0,"quote_count":0},"text":"bad news terrorist isreal USA nato bill gates dangrous laser fire techonolgy weapons attacks in turkey lebanon greece algeria and all the world my true report pls destroy monster country terrorist isreal USA pls save the world and peoples  #AlgeriaIsBurning https://t.co/34i7lHUI72","attachments":{"media_keys":["3_1426029278836232198","3_1426029295303077889","3_1426029310985609223","3_1426029327955677191"]},"id":"1426029342577078273"},{"lang":"en","created_at":"2021-08-13T03:53:51.000Z","author_id":"1357552406683398149","public_metrics":{"retweet_count":0,"reply_count":0,"like_count":0,"quote_count":0},"text":"bad news terrorist isreal USA nato bill gates dangrous laser fire techonolgy weapons attacks in turkey lebanon greece algeria and all the world my true report pls destroy monster country terrorist isreal USA pls save the world and peoples  #Algeria https://t.co/Rn6wVwpJXt","attachments":{"media_keys":["3_1426029145725751301","3_1426029162649767936","3_1426029178768564231","3_1426029193557590016"]},"id":"1426029203938553862"},{"lang":"en","created_at":"2021-08-13T03:52:37.000Z","author_id":"1357552406683398149","public_metrics":{"retweet_count":0,"reply_count":0,"like_count":0,"quote_count":0},"text":"bad news terrorist isreal USA nato bill gates dangrous laser fire techonolgy weapons attacks in turkey lebanon greece algeria and all the world my true report pls destroy monster country terrorist isreal USA pls save the world and peoples  #Turkeyisburning https://t.co/K2PmjadhIq","attachments":{"media_keys":["3_1426028833845784588","3_1426028851914813445","3_1426028871812517890","3_1426028885163102208"]},"id":"1426028895229423623"},{"lang":"en","created_at":"2021-08-13T03:51:59.000Z","author_id":"1357552406683398149","public_metrics":{"retweet_count":0,"reply_count":0,"like_count":0,"quote_count":0},"text":"bad news terrorist isreal USA nato bill gates dangrous laser fire techonolgy weapons attacks in turkey lebanon greece algeria and all the world my true report pls destroy monster country terrorist isreal USA pls save the world and peoples  #Turkey https://t.co/MsEL4NjBTp","attachments":{"media_keys":["3_1426028673304518658","3_1426028689733652480","3_1426028702861873154","3_1426028719513145345"]},"id":"1426028737217302529"},{"lang":"en","created_at":"2021-08-13T03:51:14.000Z","author_id":"1357552406683398149","public_metrics":{"retweet_count":0,"reply_count":0,"like_count":0,"quote_count":0},"text":"bad news terrorist isreal USA nato bill gates dangrous laser fire techonolgy weapons attacks in turkey lebanon greece algeria and all the world my true report pls destroy monster country terrorist isreal USA pls save the world and peoples https://t.co/0TUSEv2LvF https://t.co/Rk30xOaFlq","attachments":{"media_keys":["3_1426028465858482178","3_1426028505721188354","3_1426028522011774978","3_1426028538298261512"]},"id":"1426028547500613633"},{"lang":"en","created_at":"2021-08-13T03:51:10.000Z","author_id":"492467642","public_metrics":{"retweet_count":0,"reply_count":0,"like_count":0,"quote_count":0},"text":"@SimoneRacanelli I hope you family are OK. \n\nWe have been watching the news of the fires in Italy, Greece, Turkey, Albania, North Macedonia with alarm.","id":"1426028528257093634"},{"lang":"en","created_at":"2021-08-13T03:50:43.000Z","author_id":"1357552406683398149","public_metrics":{"retweet_count":0,"reply_count":0,"like_count":0,"quote_count":0},"text":"@RTErdogan bad news terrorist isreal USA nato bill gates dangrous laser fire techonolgy weapons attacks in turkey lebanon greece algeria and all the world my true report pls destroy monster country terrorist isreal USA pls save the world and peoples https://t.co/YvuXQl0Vl3","attachments":{"media_keys":["3_1426028345033216000","3_1426028368856817666","3_1426028384409329666","3_1426028407230537729"]},"id":"1426028417615597571"},{"lang":"en","created_at":"2021-08-13T03:50:15.000Z","author_id":"1357552406683398149","public_metrics":{"retweet_count":0,"reply_count":0,"like_count":0,"quote_count":0},"text":"@RTErdogan bad news terrorist isreal USA nato bill gates dangrous laser fire techonolgy weapons attacks in turkey lebanon greece algeria and all the world my true report pls destroy monster country terrorist isreal USA pls save the world and peoples https://t.co/uja3oWrGQc","attachments":{"media_keys":["3_1426028239865229314","3_1426028258718621697","3_1426028274895962121","3_1426028288863088640"]},"id":"1426028298484789249"},{"lang":"en","created_at":"2021-08-13T03:50:06.000Z","author_id":"4872191835","public_metrics":{"retweet_count":0,"reply_count":0,"like_count":0,"quote_count":0},"text":"has anyone edited scenes of the fires in Greece or California, the floods in Germany, maps of record-setting heat indexes in behind Common in the commercial where he's like \"we're living in the future we always dreamed of!\"","id":"1426028262556372992"},{"lang":"en","created_at":"2021-08-13T03:49:25.000Z","author_id":"1357552406683398149","public_metrics":{"retweet_count":0,"reply_count":0,"like_count":0,"quote_count":0},"text":"bad news terrorist isreal USA nato bill gates dangrous laser fire techonolgy weapons attacks in turkey lebanon greece algeria and all the world my true report pls destroy monster country terrorist isreal USA pls save the world and peoples  #کرونا https://t.co/Y9Y9IjBj6i","attachments":{"media_keys":["3_1426028032402366465","3_1426028048567123969","3_1426028063633125381","3_1426028077734301707"]},"id":"1426028087846871040"},{"lang":"en","created_at":"2021-08-13T03:49:21.000Z","author_id":"14897834","public_metrics":{"retweet_count":0,"reply_count":0,"like_count":4,"quote_count":0},"text":"@camerondickqld @QLDLabor @AnnastaciaMP @DanielAndrewsMP @QldFES @FireRescueVic @TomSmithMP When you look at what's going on in Greece right now that is very good news indeed. Just like COVID, the consequences of climate change are not going away any time soon. Hoover Dam getting low, Greece on fire, they're all signs we need to heed. #preparationiskey #forwardthinking","id":"1426028071803445248"},{"lang":"en","created_at":"2021-08-13T03:48:53.000Z","author_id":"1357552406683398149","public_metrics":{"retweet_count":0,"reply_count":0,"like_count":0,"quote_count":0},"text":"bad news terrorist isreal USA nato bill gates dangrous laser fire techonolgy weapons attacks in turkey lebanon greece algeria and all the world my true report pls destroy monster country terrorist isreal USA pls save the world and peoples  #sosiran https://t.co/WMYpu9021M","attachments":{"media_keys":["3_1426027898599845892","3_1426027915762880512","3_1426027931604852740","3_1426027946171633665"]},"id":"1426027956049256450"},{"lang":"en","created_at":"2021-08-13T03:48:23.000Z","author_id":"1357552406683398149","public_metrics":{"retweet_count":0,"reply_count":0,"like_count":0,"quote_count":0},"text":"bad news terrorist isreal USA nato bill gates dangrous laser fire techonolgy weapons attacks in turkey lebanon greece algeria and all the world my true report pls destroy monster country terrorist isreal USA pls save the world and peoples  #هرات https://t.co/b30ftZmq9A","attachments":{"media_keys":["3_1426027702960721922","3_1426027719104638977","3_1426027817146458114","3_1426027817142210561"]},"id":"1426027827451793409"},{"lang":"en","created_at":"2021-08-13T03:47:35.000Z","author_id":"1357552406683398149","public_metrics":{"retweet_count":0,"reply_count":0,"like_count":0,"quote_count":0},"text":"bad news terrorist isreal USA nato bill gates dangrous laser fire techonolgy weapons attacks in turkey lebanon greece algeria and all the world my true report pls destroy monster country terrorist isreal USA pls save the world and peoples  #رئیسی https://t.co/D4dGwpECnD","attachments":{"media_keys":["3_1426027571456749572","3_1426027584178069505","3_1426027601190178818","3_1426027617589805058"]},"id":"1426027626863513605"},{"lang":"en","created_at":"2021-08-13T03:47:03.000Z","author_id":"67126684","public_metrics":{"retweet_count":4,"reply_count":0,"like_count":1,"quote_count":0},"text":"#Climatechange #Wildfires #Greece #Italy Summer of fire: blazes burn across Mediterranean with more extreme weather forecast https://t.co/X7zrmgf7Do","id":"1426027493178281991"},{"lang":"en","created_at":"2021-08-13T03:46:51.000Z","author_id":"1357552406683398149","public_metrics":{"retweet_count":0,"reply_count":0,"like_count":0,"quote_count":0},"text":"bad news terrorist isreal USA nato bill gates dangrous laser fire techonolgy weapons attacks in turkey lebanon greece algeria and all the world my true report pls destroy monster country terrorist isreal USA pls save the world and peoples  #Muharram https://t.co/ZV4fb5KZpo","attachments":{"media_keys":["3_1426027359313014789","3_1426027370386010115","3_1426027387070910466","3_1426027402195505155"]},"id":"1426027443798806528"},{"lang":"en","created_at":"2021-08-13T03:42:38.000Z","author_id":"1357552406683398149","public_metrics":{"retweet_count":0,"reply_count":0,"like_count":0,"quote_count":0},"text":"bad news terrorist isreal USA nato bill gates dangrous laser fire techonolgy weapons attacks in turkey lebanon greece algeria and all the world my true report pls destroy monster country terrorist isreal USA pls save the world and peoples  #LeaveBeforeYouLoveMe https://t.co/hzDLZgUYW0","attachments":{"media_keys":["3_1426026277178388484","3_1426026367108452353","3_1426026367112687619","3_1426026367087489034"]},"id":"1426026382916784128"},{"lang":"en","created_at":"2021-08-13T03:40:54.000Z","author_id":"1357552406683398149","public_metrics":{"retweet_count":0,"reply_count":0,"like_count":0,"quote_count":0},"text":"bad news terrorist isreal USA nato bill gates dangrous laser fire techonolgy weapons attacks in turkey lebanon greece algeria and all the world my true report pls destroy monster country terrorist isreal USA pls save the world and peoples  #GetVaccinated https://t.co/3Hnvzev4UL","attachments":{"media_keys":["3_1426025884927078404","3_1426025902320783362","3_1426025919307816962","3_1426025934067539968"]},"id":"1426025946109386758"},{"lang":"en","created_at":"2021-08-13T03:37:05.000Z","author_id":"2682003439","public_metrics":{"retweet_count":0,"reply_count":0,"like_count":0,"quote_count":0},"text":"Greece’s fires cause choking smoke, threaten heritage sites https://t.co/zsx5HKhuKU","id":"1426024985311596546"},{"lang":"en","created_at":"2021-08-13T03:36:04.000Z","author_id":"1357552406683398149","public_metrics":{"retweet_count":0,"reply_count":0,"like_count":0,"quote_count":0},"text":"bad news terrorist isreal USA nato bill gates dangrous laser fire techonolgy weapons attacks in turkey lebanon greece algeria and all the world my true report pls destroy monster country terrorist isreal USA pls save the world and peoples  #DolarTL https://t.co/hvSAPkFjnF","attachments":{"media_keys":["3_1426024662421618692","3_1426024679094038530","3_1426024693983817728","3_1426024711021080579"]},"id":"1426024731237621765"},{"lang":"en","created_at":"2021-08-13T03:35:29.000Z","author_id":"1357552406683398149","public_metrics":{"retweet_count":0,"reply_count":0,"like_count":0,"quote_count":0},"text":"#bozkurtyokoldu bad news terrorist isreal USA nato bill gates dangrous laser fire techonolgy weapons attacks in turkey lebanon greece algeria and all the world my true report pls destroy monster country terrorist isreal USA pls save the world and peoples https://t.co/kWJdmgdieg","attachments":{"media_keys":["3_1426024413628088324","3_1426024429587415042","3_1426024447186722819","3_1426024464010072067"]},"id":"1426024581689745414"},{"lang":"en","created_at":"2021-08-13T03:34:24.000Z","author_id":"1357552406683398149","public_metrics":{"retweet_count":0,"reply_count":0,"like_count":0,"quote_count":0},"text":"bad news terrorist isreal USA bill gates dangrous laser fire techonolgy weapons attacks in turkey lebanon greece algeria and all the world my true report pls destroy monster country terrorist isreal USA pls save the world and peoples  #ProvokasyonaGelme https://t.co/dzXF1JVIc9","attachments":{"media_keys":["3_1426024255419031556","3_1426024271177003010","3_1426024285525663745","3_1426024299920515076"]},"id":"1426024311224164356"},{"lang":"en","created_at":"2021-08-13T03:33:08.000Z","author_id":"1357552406683398149","public_metrics":{"retweet_count":0,"reply_count":0,"like_count":0,"quote_count":0},"text":"bad news terrorist isreal USA bill gates dangrous laser fire techonolgy weapons attacks in turkey lebanon greece algeria and all the world my true report pls destroy monster country terrorist isreal USA pls save the world and peoples  #FreeGuy https://t.co/WCIAQwNHjK","attachments":{"media_keys":["3_1426023930200997897","3_1426023946365853697","3_1426023963059236869","3_1426023979479977984"]},"id":"1426023989886046209"},{"lang":"en","created_at":"2021-08-13T03:32:20.000Z","author_id":"1357552406683398149","public_metrics":{"retweet_count":0,"reply_count":0,"like_count":0,"quote_count":0},"text":"bad news terrorist isreal USA bill gates dangrous laser fire techonolgy weapons attacks in turkey lebanon greece algeria and all the world my true report pls destroy monster country terrorist isreal USA pls save the world and peoples  #ОтстаньтеОтКемов https://t.co/gVdB7Lz4sU","attachments":{"media_keys":["3_1426023729965019137","3_1426023749703421955","3_1426023765759119360","3_1426023782397980673"]},"id":"1426023791902302216"},{"lang":"en","created_at":"2021-08-13T03:31:42.000Z","author_id":"1357552406683398149","public_metrics":{"retweet_count":0,"reply_count":0,"like_count":0,"quote_count":0},"text":"bad news terrorist isreal USA bill gates dangrous laser fire techonolgy weapons attacks in turkey lebanon greece algeria and all the world my true report pls destroy monster country terrorist isreal USA pls save the world and peoples  #FreeBritney https://t.co/6Jd4YHyoyX","attachments":{"media_keys":["3_1426023570510073859","3_1426023587585089536","3_1426023606933409792","3_1426023620447506433"]},"id":"1426023630618730496"},{"lang":"en","created_at":"2021-08-13T03:30:54.000Z","author_id":"1357552406683398149","public_metrics":{"retweet_count":0,"reply_count":0,"like_count":0,"quote_count":0},"text":"bad news terrorist isreal USA bill gates dangrous laser fire techonolgy weapons attacks in turkey lebanon greece algeria and all the world my true report pls destroy monster country terrorist isreal USA pls save the world and peoples  #saveyakutia https://t.co/pKPBLqlTf8","attachments":{"media_keys":["3_1426023377274343434","3_1426023390670901249","3_1426023405665538052","3_1426023420249116676"]},"id":"1426023430114193408"},{"lang":"en","created_at":"2021-08-13T03:29:31.000Z","author_id":"1357552406683398149","public_metrics":{"retweet_count":0,"reply_count":0,"like_count":0,"quote_count":0},"text":"#Tsitsipas bad news terrorist isreal USA bill gates dangrous laser fire techonolgy weapons attacks in turkey lebanon greece algeria and all the world my true report pls destroy monster country terrorist isreal USA pls save the world and peoples https://t.co/s0NduVWEnX","attachments":{"media_keys":["3_1426023007403786247","3_1426023018539724803","3_1426023035417645061","3_1426023052408721408"]},"id":"1426023081626243078"},{"lang":"en","created_at":"2021-08-13T03:28:30.000Z","author_id":"1357552406683398149","public_metrics":{"retweet_count":0,"reply_count":0,"like_count":0,"quote_count":0},"text":"bad news terrorist isreal USA bill gates dangrous laser fire techonolgy weapons attacks in turkey lebanon greece algeria and all the world my true report pls destroy monster country terrorist isreal USA pls save the world and peoples  #ΠυρκαγιαΕυβοια https://t.co/fxqzjXoocO","attachments":{"media_keys":["3_1426022763156934656","3_1426022782803058689","3_1426022803015413761","3_1426022817598947335"]},"id":"1426022826289532928"},{"lang":"en","created_at":"2021-08-13T03:27:15.000Z","author_id":"1357552406683398149","public_metrics":{"retweet_count":1,"reply_count":0,"like_count":0,"quote_count":0},"text":"#انذار_اخير_لتحقيق_المصير bad news terrorist isreal USA bill gates dangrous laser fire techonolgy weapons attacks in turkey lebanon greece algeria and all the world my true report pls destroy monster country terrorist isreal USA pls save the world and peoples https://t.co/4vayW5JnGf","attachments":{"media_keys":["3_1426022453197815811","3_1426022491126915072","3_1426022491743526919","3_1426022499561754631"]},"id":"1426022511872036864"},{"lang":"en","created_at":"2021-08-13T03:26:44.000Z","author_id":"1372627848385728518","public_metrics":{"retweet_count":0,"reply_count":0,"like_count":1,"quote_count":0},"text":"\"The fires have been devastating for Greeks who rely on the forests for their livelihood. ... residents told CNN that national assistance came too late. And their produce – including resin, honey, olives and figs – has been destroyed in the flames.\"\n\nhttps://t.co/OuoO9IGGKb","id":"1426022382968393729"},{"lang":"en","created_at":"2021-08-13T03:26:06.000Z","author_id":"1357552406683398149","public_metrics":{"retweet_count":0,"reply_count":0,"like_count":0,"quote_count":0},"text":"#PrayForAlgeria bad news terrorist isreal USA bill gates dangrous laser fire techonolgy weapons attacks in turkey lebanon greece algeria and all the world my true report pls destroy monster country terrorist isreal USA pls save the world and peoples https://t.co/bRtAQ32ph4","attachments":{"media_keys":["3_1426022137568038916","3_1426022167188283395","3_1426022171688804356","3_1426022193977307139"]},"id":"1426022221479387136"},{"lang":"en","created_at":"2021-08-13T03:25:25.000Z","author_id":"1357552406683398149","public_metrics":{"retweet_count":0,"reply_count":0,"like_count":0,"quote_count":0},"text":"#تيزي_وزو_تحترق  bad news terrorist isreal USA bill gates dangrous laser fire techonolgy weapons attacks in turkey lebanon greece algeria and all the world my true report pls destroy monster country terrorist isreal USA pls save the world and peoples https://t.co/WXVZxZ7A3y","attachments":{"media_keys":["3_1426021982940848129","3_1426022005887885312","3_1426022019863355393","3_1426022033968844801"]},"id":"1426022049894604800"},{"lang":"en","created_at":"2021-08-13T03:24:32.000Z","author_id":"1357552406683398149","public_metrics":{"retweet_count":0,"reply_count":0,"like_count":0,"quote_count":0},"text":"@ImranKhanPTI bad news terrorist isreal USA bill gates dangrous laser fire techonolgy weapons attacks in turkey lebanon greece algeria and all the world my true report pls destroy monster country terrorist isreal USA pls save the world and peoples https://t.co/jxYFgvY7TE","attachments":{"media_keys":["3_1426021766489645061","3_1426021785737236483","3_1426021800366989312","3_1426021814690582533"]},"id":"1426021825809723399"},{"lang":"en","created_at":"2021-08-13T03:24:06.000Z","author_id":"1357552406683398149","public_metrics":{"retweet_count":0,"reply_count":0,"like_count":0,"quote_count":0},"text":"@ImranKhanPTI bad news terrorist isreal USA bill gates dangrous laser fire techonolgy weapons attacks in turkey lebanon greece algeria and all the world my true report pls destroy monster country terrorist isreal USA pls save the world and peoples https://t.co/UkEcM1Naas","attachments":{"media_keys":["3_1426021649355313152","3_1426021672830767113","3_1426021691138977796","3_1426021708083994626"]},"id":"1426021719546925060"}],"includes":{"media":[{"media_key":"3_1426076306056306689","type":"photo","url":"https://pbs.twimg.com/media/E8pw2D0WYAEPpCE.jpg"},{"media_key":"3_1426076371395166208","type":"photo","url":"https://pbs.twimg.com/media/E8pw53OWQAA-led.jpg"},{"media_key":"3_1426076411786375168","type":"photo","url":"https://pbs.twimg.com/media/E8pw8NsXMAAnGQB.jpg"},{"media_key":"3_1426076902133882884","type":"photo","url":"https://pbs.twimg.com/media/E8pxYwYUYAQ9R3x.jpg"},{"media_key":"7_1426072114059112451","public_metrics":{"view_count":17},"type":"video"},{"media_key":"3_1426070824348434432","type":"photo","url":"https://pbs.twimg.com/media/E8pr2-3WQAAM8JD.jpg"},{"media_key":"3_1425826324694802432","type":"photo","url":"https://pbs.twimg.com/media/E8mNfOrVoAA1MGw.jpg"},{"media_key":"7_1426061638772404224","public_metrics":{"view_count":238},"type":"video"},{"media_key":"3_1426057748794413060","type":"photo","url":"https://pbs.twimg.com/media/E8pf94oVkAQRLyS.jpg"},{"media_key":"3_1426057748806922240","type":"photo","url":"https://pbs.twimg.com/media/E8pf94rUcAAOdL4.jpg"},{"media_key":"3_1426057756381827081","type":"photo","url":"https://pbs.twimg.com/media/E8pf-U5UUAkq6jk.jpg"},{"media_key":"3_1426057766024617988","type":"photo","url":"https://pbs.twimg.com/media/E8pf-40VoAQ39cU.jpg"},{"media_key":"3_1426055216202493956","type":"photo","url":"https://pbs.twimg.com/media/E8pdqd_XsAQh5v3.jpg"},{"media_key":"3_1426043794613489667","type":"photo","url":"https://pbs.twimg.com/media/E8pTRpQWUAMgEPg.jpg"},{"media_key":"3_1426040521705725954","type":"photo","url":"https://pbs.twimg.com/media/E8pQTIuVIAIhglo.jpg"},{"media_key":"3_1426040559425114113","type":"photo","url":"https://pbs.twimg.com/media/E8pQVVPVUAEUjSS.jpg"},{"media_key":"7_1426038820877869056","public_metrics":{"view_count":52},"type":"video"},{"media_key":"7_1425955570176217091","public_metrics":{"view_count":6740},"type":"video"},{"media_key":"3_1426030813901201410","type":"photo","url":"https://pbs.twimg.com/media/E8pHeEVXoAIvHo-.jpg"},{"media_key":"3_1426030899301335040","type":"photo","url":"https://pbs.twimg.com/media/E8pHjCeWQAApE5f.jpg"},{"media_key":"3_1426030916355477505","type":"photo","url":"https://pbs.twimg.com/media/E8pHkCAX0AEPsJO.jpg"},{"media_key":"3_1426030933405323265","type":"photo","url":"https://pbs.twimg.com/media/E8pHlBhX0AExQNL.jpg"},{"media_key":"3_1426030948261507075","type":"photo","url":"https://pbs.twimg.com/media/E8pHl43XMAMzxPn.jpg"},{"media_key":"3_1426030708284436480","type":"photo","url":"https://pbs.twimg.com/media/E8pHX64XsAAVBdo.jpg"},{"media_key":"3_1426030708267573248","type":"photo","url":"https://pbs.twimg.com/media/E8pHX60WYAAcw6h.jpg"},{"media_key":"3_1426030719604858880","type":"photo","url":"https://pbs.twimg.com/media/E8pHYlDXoAAPqKY.jpg"},{"media_key":"3_1426030732397449216","type":"photo","url":"https://pbs.twimg.com/media/E8pHZUtXEAADgGs.jpg"},{"media_key":"3_1426030473483104260","type":"photo","url":"https://pbs.twimg.com/media/E8pHKQLXsAQ_AtM.jpg"},{"media_key":"3_1426030490214182918","type":"photo","url":"https://pbs.twimg.com/media/E8pHLOgXsAYo43K.jpg"},{"media_key":"3_1426030504248324096","type":"photo","url":"https://pbs.twimg.com/media/E8pHMCyXsAAvpKT.jpg"},{"media_key":"3_1426030519654010882","type":"photo","url":"https://pbs.twimg.com/media/E8pHM8LX0AIoP1E.jpg"},{"media_key":"3_1426029649562415113","type":"photo","url":"https://pbs.twimg.com/media/E8pGaS1XsAk3hu2.jpg"},{"media_key":"3_1426029674208153601","type":"photo","url":"https://pbs.twimg.com/media/E8pGbupX0AEYprz.jpg"},{"media_key":"3_1426029711793262596","type":"photo","url":"https://pbs.twimg.com/media/E8pGd6qXEAQKNRC.jpg"},{"media_key":"3_1426029711805796358","type":"photo","url":"https://pbs.twimg.com/media/E8pGd6tWUAYtVEA.jpg"},{"media_key":"3_1426029514828681224","type":"photo","url":"https://pbs.twimg.com/media/E8pGSc6WEAg7mkS.jpg"},{"media_key":"3_1426029534793580546","type":"photo","url":"https://pbs.twimg.com/media/E8pGTnSWQAIP847.jpg"},{"media_key":"3_1426029549402443776","type":"photo","url":"https://pbs.twimg.com/media/E8pGUdtX0AA73rq.jpg"},{"media_key":"3_1426029566171271168","type":"photo","url":"https://pbs.twimg.com/media/E8pGVcLX0AAuhJP.jpg"},{"media_key":"3_1426029278836232198","type":"photo","url":"https://pbs.twimg.com/media/E8pGEtxXEAYEJpW.jpg"},{"media_key":"3_1426029295303077889","type":"photo","url":"https://pbs.twimg.com/media/E8pGFrHXMAEvT29.jpg"},{"media_key":"3_1426029310985609223","type":"photo","url":"https://pbs.twimg.com/media/E8pGGliXoAcNPGd.jpg"},{"media_key":"3_1426029327955677191","type":"photo","url":"https://pbs.twimg.com/media/E8pGHkwWUAchADx.jpg"},{"media_key":"3_1426029145725751301","type":"photo","url":"https://pbs.twimg.com/media/E8pF895WUAUzFUh.jpg"},{"media_key":"3_1426029162649767936","type":"photo","url":"https://pbs.twimg.com/media/E8pF988WUAAgwCy.jpg"},{"media_key":"3_1426029178768564231","type":"photo","url":"https://pbs.twimg.com/media/E8pF-4_XoAc9v7S.jpg"},{"media_key":"3_1426029193557590016","type":"photo","url":"https://pbs.twimg.com/media/E8pF_wFWQAAdzYS.jpg"},{"media_key":"3_1426028833845784588","type":"photo","url":"https://pbs.twimg.com/media/E8pFq0DXsAwYEwz.jpg"},{"media_key":"3_1426028851914813445","type":"photo","url":"https://pbs.twimg.com/media/E8pFr3XXMAUBnOp.jpg"},{"media_key":"3_1426028871812517890","type":"photo","url":"https://pbs.twimg.com/media/E8pFtBfWEAI-Bv0.jpg"},{"media_key":"3_1426028885163102208","type":"photo","url":"https://pbs.twimg.com/media/E8pFtzOX0AAJG2w.jpg"},{"media_key":"3_1426028673304518658","type":"photo","url":"https://pbs.twimg.com/media/E8pFhd_WYAIQIzB.jpg"},{"media_key":"3_1426028689733652480","type":"photo","url":"https://pbs.twimg.com/media/E8pFibMXEAAAsk8.jpg"},{"media_key":"3_1426028702861873154","type":"photo","url":"https://pbs.twimg.com/media/E8pFjMGX0AInHeM.jpg"},{"media_key":"3_1426028719513145345","type":"photo","url":"https://pbs.twimg.com/media/E8pFkKIWEAEeA9F.jpg"},{"media_key":"3_1426028465858482178","type":"photo","url":"https://pbs.twimg.com/media/E8pFVZMXEAI7exC.jpg"},{"media_key":"3_1426028505721188354","type":"photo","url":"https://pbs.twimg.com/media/E8pFXtsXsAIJMZi.jpg"},{"media_key":"3_1426028522011774978","type":"photo","url":"https://pbs.twimg.com/media/E8pFYqYWUAIo0dD.jpg"},{"media_key":"3_1426028538298261512","type":"photo","url":"https://pbs.twimg.com/media/E8pFZnDWYAgD0iN.jpg"},{"media_key":"3_1426028345033216000","type":"photo","url":"https://pbs.twimg.com/media/E8pFOXFX0AAvm0o.jpg"},{"media_key":"3_1426028368856817666","type":"photo","url":"https://pbs.twimg.com/media/E8pFPv1XIAIm4M7.jpg"},{"media_key":"3_1426028384409329666","type":"photo","url":"https://pbs.twimg.com/media/E8pFQpxXoAIIjF-.jpg"},{"media_key":"3_1426028407230537729","type":"photo","url":"https://pbs.twimg.com/media/E8pFR-yXoAEOlr6.jpg"},{"media_key":"3_1426028239865229314","type":"photo","url":"https://pbs.twimg.com/media/E8pFIPTXsAImmy4.jpg"},{"media_key":"3_1426028258718621697","type":"photo","url":"https://pbs.twimg.com/media/E8pFJViXoAENUZw.jpg"},{"media_key":"3_1426028274895962121","type":"photo","url":"https://pbs.twimg.com/media/E8pFKRzWQAkQCQr.jpg"},{"media_key":"3_1426028288863088640","type":"photo","url":"https://pbs.twimg.com/media/E8pFLF1XsAALmlu.jpg"},{"media_key":"3_1426028032402366465","type":"photo","url":"https://pbs.twimg.com/media/E8pE8KcXoAEM4vZ.jpg"},{"media_key":"3_1426028048567123969","type":"photo","url":"https://pbs.twimg.com/media/E8pE9GqWQAEpgpg.jpg"},{"media_key":"3_1426028063633125381","type":"photo","url":"https://pbs.twimg.com/media/E8pE9-yXMAUqIOY.jpg"},{"media_key":"3_1426028077734301707","type":"photo","url":"https://pbs.twimg.com/media/E8pE-zUWEAsqXKA.jpg"},{"media_key":"3_1426027898599845892","type":"photo","url":"https://pbs.twimg.com/media/E8pE0X_XMAQRCPJ.jpg"},{"media_key":"3_1426027915762880512","type":"photo","url":"https://pbs.twimg.com/media/E8pE1X7WUAAYI8P.jpg"},{"media_key":"3_1426027931604852740","type":"photo","url":"https://pbs.twimg.com/media/E8pE2S8XoAQGYqV.jpg"},{"media_key":"3_1426027946171633665","type":"photo","url":"https://pbs.twimg.com/media/E8pE3JNXEAE-vZC.jpg"},{"media_key":"3_1426027702960721922","type":"photo","url":"https://pbs.twimg.com/media/E8pEo_LXEAIJWYw.jpg"},{"media_key":"3_1426027719104638977","type":"photo","url":"https://pbs.twimg.com/media/E8pEp7UXsAEMYCr.jpg"},{"media_key":"3_1426027817146458114","type":"photo","url":"https://pbs.twimg.com/media/E8pEvojXIAIAVeI.jpg"},{"media_key":"3_1426027817142210561","type":"photo","url":"https://pbs.twimg.com/media/E8pEvoiWUAEay-8.jpg"},{"media_key":"3_1426027571456749572","type":"photo","url":"https://pbs.twimg.com/media/E8pEhVSXsAQnhaH.jpg"},{"media_key":"3_1426027584178069505","type":"photo","url":"https://pbs.twimg.com/media/E8pEiErXoAEKlsd.jpg"},{"media_key":"3_1426027601190178818","type":"photo","url":"https://pbs.twimg.com/media/E8pEjEDX0AIg0bv.jpg"},{"media_key":"3_1426027617589805058","type":"photo","url":"https://pbs.twimg.com/media/E8pEkBJWQAIdrZ-.jpg"},{"media_key":"3_1426027359313014789","type":"photo","url":"https://pbs.twimg.com/media/E8pEU-_XMAUD5sI.jpg"},{"media_key":"3_1426027370386010115","type":"photo","url":"https://pbs.twimg.com/media/E8pEVoPXsAMKutp.jpg"},{"media_key":"3_1426027387070910466","type":"photo","url":"https://pbs.twimg.com/media/E8pEWmZXEAIhcrg.jpg"},{"media_key":"3_1426027402195505155","type":"photo","url":"https://pbs.twimg.com/media/E8pEXevWEAMT1wW.jpg"},{"media_key":"3_1426026277178388484","type":"photo","url":"https://pbs.twimg.com/media/E8pDV_uXMAQ7AZ3.jpg"},{"media_key":"3_1426026367108452353","type":"photo","url":"https://pbs.twimg.com/media/E8pDbOvXEAEznpn.jpg"},{"media_key":"3_1426026367112687619","type":"photo","url":"https://pbs.twimg.com/media/E8pDbOwXsAMkq31.jpg"},{"media_key":"3_1426026367087489034","type":"photo","url":"https://pbs.twimg.com/media/E8pDbOqXMAoKlMZ.jpg"},{"media_key":"3_1426025884927078404","type":"photo","url":"https://pbs.twimg.com/media/E8pC_KeXMAQ-BNN.jpg"},{"media_key":"3_1426025902320783362","type":"photo","url":"https://pbs.twimg.com/media/E8pDALRWEAI5lZI.jpg"},{"media_key":"3_1426025919307816962","type":"photo","url":"https://pbs.twimg.com/media/E8pDBKjXoAIZcAa.jpg"},{"media_key":"3_1426025934067539968","type":"photo","url":"https://pbs.twimg.com/media/E8pDCBiXIAA1-Xx.jpg"},{"media_key":"3_1426024662421618692","type":"photo","url":"https://pbs.twimg.com/media/E8pB4ASWQAQiJY9.jpg"},{"media_key":"3_1426024679094038530","type":"photo","url":"https://pbs.twimg.com/media/E8pB4-ZXMAIqA5f.jpg"},{"media_key":"3_1426024693983817728","type":"photo","url":"https://pbs.twimg.com/media/E8pB513XMAAPYlk.jpg"},{"media_key":"3_1426024711021080579","type":"photo","url":"https://pbs.twimg.com/media/E8pB61VXMAMvnGC.jpg"},{"media_key":"3_1426024413628088324","type":"photo","url":"https://pbs.twimg.com/media/E8pBphdWQAQUHgp.jpg"},{"media_key":"3_1426024429587415042","type":"photo","url":"https://pbs.twimg.com/media/E8pBqc6WQAI-BhU.jpg"},{"media_key":"3_1426024447186722819","type":"photo","url":"https://pbs.twimg.com/media/E8pBreeWYAMhss6.jpg"},{"media_key":"3_1426024464010072067","type":"photo","url":"https://pbs.twimg.com/media/E8pBsdJWUAMQlDf.jpg"},{"media_key":"3_1426024255419031556","type":"photo","url":"https://pbs.twimg.com/media/E8pBgUFXoAQrAw5.jpg"},{"media_key":"3_1426024271177003010","type":"photo","url":"https://pbs.twimg.com/media/E8pBhOyXMAIVXS6.jpg"},{"media_key":"3_1426024285525663745","type":"photo","url":"https://pbs.twimg.com/media/E8pBiEPWYAEkzqU.jpg"},{"media_key":"3_1426024299920515076","type":"photo","url":"https://pbs.twimg.com/media/E8pBi53WYAQD9f0.jpg"},{"media_key":"3_1426023930200997897","type":"photo","url":"https://pbs.twimg.com/media/E8pBNYjWQAkp4zi.jpg"},{"media_key":"3_1426023946365853697","type":"photo","url":"https://pbs.twimg.com/media/E8pBOUxWYAEmkI_.jpg"},{"media_key":"3_1426023963059236869","type":"photo","url":"https://pbs.twimg.com/media/E8pBPS9XMAUjTiO.jpg"},{"media_key":"3_1426023979479977984","type":"photo","url":"https://pbs.twimg.com/media/E8pBQQIX0AAHeN6.jpg"},{"media_key":"3_1426023729965019137","type":"photo","url":"https://pbs.twimg.com/media/E8pBBunXsAEKtdV.jpg"},{"media_key":"3_1426023749703421955","type":"photo","url":"https://pbs.twimg.com/media/E8pBC4JX0AMxr2h.jpg"},{"media_key":"3_1426023765759119360","type":"photo","url":"https://pbs.twimg.com/media/E8pBDz9WUAAnNND.jpg"},{"media_key":"3_1426023782397980673","type":"photo","url":"https://pbs.twimg.com/media/E8pBEx8XMAEkQDA.jpg"},{"media_key":"3_1426023570510073859","type":"photo","url":"https://pbs.twimg.com/media/E8pA4cmWUAMJBz8.jpg"},{"media_key":"3_1426023587585089536","type":"photo","url":"https://pbs.twimg.com/media/E8pA5cNWYAA565L.jpg"},{"media_key":"3_1426023606933409792","type":"photo","url":"https://pbs.twimg.com/media/E8pA6kSWUAA1r2q.jpg"},{"media_key":"3_1426023620447506433","type":"photo","url":"https://pbs.twimg.com/media/E8pA7WoXEAETI_U.jpg"},{"media_key":"3_1426023377274343434","type":"photo","url":"https://pbs.twimg.com/media/E8pAtMvXEAoTwvH.jpg"},{"media_key":"3_1426023390670901249","type":"photo","url":"https://pbs.twimg.com/media/E8pAt-pWUAEGwR7.jpg"},{"media_key":"3_1426023405665538052","type":"photo","url":"https://pbs.twimg.com/media/E8pAu2gWUAQeud7.jpg"},{"media_key":"3_1426023420249116676","type":"photo","url":"https://pbs.twimg.com/media/E8pAvs1WEAQW0pz.jpg"},{"media_key":"3_1426023007403786247","type":"photo","url":"https://pbs.twimg.com/media/E8pAXq3WQAcFPXw.jpg"},{"media_key":"3_1426023018539724803","type":"photo","url":"https://pbs.twimg.com/media/E8pAYUWXMAMcSPo.jpg"},{"media_key":"3_1426023035417645061","type":"photo","url":"https://pbs.twimg.com/media/E8pAZTOX0AUIvV4.jpg"},{"media_key":"3_1426023052408721408","type":"photo","url":"https://pbs.twimg.com/media/E8pAaShXEAAY0I9.jpg"},{"media_key":"3_1426022763156934656","type":"photo","url":"https://pbs.twimg.com/media/E8pAJc-XEAA4iuc.jpg"},{"media_key":"3_1426022782803058689","type":"photo","url":"https://pbs.twimg.com/media/E8pAKmKXIAE8Cwj.jpg"},{"media_key":"3_1426022803015413761","type":"photo","url":"https://pbs.twimg.com/media/E8pALxdXMAEXBmD.jpg"},{"media_key":"3_1426022817598947335","type":"photo","url":"https://pbs.twimg.com/media/E8pAMnyWQAcfCNB.jpg"},{"media_key":"3_1426022453197815811","type":"photo","url":"https://pbs.twimg.com/media/E8o_3aSWQAMg4K2.jpg"},{"media_key":"3_1426022491126915072","type":"photo","url":"https://pbs.twimg.com/media/E8o_5nlWYAAE9QN.jpg"},{"media_key":"3_1426022491743526919","type":"photo","url":"https://pbs.twimg.com/media/E8o_5p4XIAcFGSt.jpg"},{"media_key":"3_1426022499561754631","type":"photo","url":"https://pbs.twimg.com/media/E8o_6HAX0AcUceL.jpg"},{"media_key":"3_1426022137568038916","type":"photo","url":"https://pbs.twimg.com/media/E8o_lCeWEAQuzbV.jpg"},{"media_key":"3_1426022167188283395","type":"photo","url":"https://pbs.twimg.com/media/E8o_mw0XIAMOkbI.jpg"},{"media_key":"3_1426022171688804356","type":"photo","url":"https://pbs.twimg.com/media/E8o_nBlXoAQzAxP.jpg"},{"media_key":"3_1426022193977307139","type":"photo","url":"https://pbs.twimg.com/media/E8o_oUnXMAMEYWF.jpg"},{"media_key":"3_1426021982940848129","type":"photo","url":"https://pbs.twimg.com/media/E8o_cCcWYAExaOm.jpg"},{"media_key":"3_1426022005887885312","type":"photo","url":"https://pbs.twimg.com/media/E8o_dX7WYAAm6NY.jpg"},{"media_key":"3_1426022019863355393","type":"photo","url":"https://pbs.twimg.com/media/E8o_eL_XIAEyrkD.jpg"},{"media_key":"3_1426022033968844801","type":"photo","url":"https://pbs.twimg.com/media/E8o_fAiX0AEOqyb.jpg"},{"media_key":"3_1426021766489645061","type":"photo","url":"https://pbs.twimg.com/media/E8o_PcGXIAUp6px.jpg"},{"media_key":"3_1426021785737236483","type":"photo","url":"https://pbs.twimg.com/media/E8o_QjzWEAM7SZH.jpg"},{"media_key":"3_1426021800366989312","type":"photo","url":"https://pbs.twimg.com/media/E8o_RaTWYAA1vTp.jpg"},{"media_key":"3_1426021814690582533","type":"photo","url":"https://pbs.twimg.com/media/E8o_SPqXEAUnx3r.jpg"},{"media_key":"3_1426021649355313152","type":"photo","url":"https://pbs.twimg.com/media/E8o_InvXEAAR0R8.jpg"},{"media_key":"3_1426021672830767113","type":"photo","url":"https://pbs.twimg.com/media/E8o_J_MWEAkuhA5.jpg"},{"media_key":"3_1426021691138977796","type":"photo","url":"https://pbs.twimg.com/media/E8o_LDZXMAQ4gtw.jpg"},{"media_key":"3_1426021708083994626","type":"photo","url":"https://pbs.twimg.com/media/E8o_MChXoAIuKV0.jpg"}]},"meta":{"newest_id":"1426077747894489088","oldest_id":"1426021719546925060","result_count":100,"next_token":"b26v89c19zqg8o3fpdm8zjh0kdaw89lpbgzbmdkw3ha4d"}}