{"data":[{"public_metrics":{"retweet_count":0,"reply_count":0,"like_count":0,"quote_count":0},"id":"1426021587212541953","text":"@ImranKhanPTI bad news terrorist isreal USA bill gates dangrous laser fire techonolgy weapons attacks in turkey lebanon greece algeria and all the world my true report pls destroy monster country terrorist isreal USA pls save the world and peoples https://t.co/J854oAt3o7","created_at":"2021-08-13T03:23:35.000Z","author_id":"1357552406683398149","lang":"en","attachments":{"media_keys":["3_1426021509412294656","3_1426021545135284231","3_1426021561094574080","3_1426021577003606017"]}},{"public_metrics":{"retweet_count":0,"reply_count":0,"like_count":0,"quote_count":0},"id":"1426021441867296769","text":"@ImranKhanPTI bad news terrorist isreal USA bill gates dangrous laser fire techonolgy weapons attacks in turkey lebanon greece algeria and all the world my true report pls destroy monster country terrorist isreal USA pls save the world and peoples https://t.co/vxCW4S5FUp","created_at":"2021-08-13T03:23:00.000Z","author_id":"1357552406683398149","lang":"en","attachments":{"media_keys":["3_1426021374636736516","3_1426021398175227906","3_1426021414184816642","3_1426021430534320130"]}},{"public_metrics":{"retweet_count":143,"reply_count":10,"like_count":473,"quote_count":7},"id":"1426021438083919874","text":"Week57 #ClimateStrike\uD83C\uDF0D in #India\uD83C\uDDEE\uD83C\uDDF3\n\nDifferent parts of earth from #Siberia to #California to #Greece to #Brazil to #Algeria are on #fire now &amp; so our future then what are we waiting for?\nTIME TO ACT NOW!\n\n#FridaysForFuture\n@GretaThunberg @vanessa_vash  @KaoHua3 @Fridays4future https://t.co/oYWpReQtGj","created_at":"2021-08-13T03:22:59.000Z","author_id":"926309671773683712","lang":"en","attachments":{"media_keys":["3_1426021435412082693"]}},{"public_metrics":{"retweet_count":0,"reply_count":0,"like_count":0,"quote_count":0},"id":"1426021247905841154","text":"#پاپا_پاش_جانا_ہے bad news terrorist isreal USA bill gates dangrous laser fire techonolgy weapons attacks in turkey lebanon greece algeria and all the world my true report pls destroy monster country terrorist isreal USA pls save the world and peoples https://t.co/4UkypOl2uW","created_at":"2021-08-13T03:22:14.000Z","author_id":"1357552406683398149","lang":"en","attachments":{"media_keys":["3_1426021178624315395","3_1426021203819520004","3_1426021221469200391","3_1426021237013237763"]}},{"public_metrics":{"retweet_count":0,"reply_count":0,"like_count":0,"quote_count":0},"id":"1426021016959082502","text":"#WahCantt bad news terrorist isreal USA bill gates dangrous laser fire techonolgy weapons attacks in turkey lebanon greece algeria and all the world my true report pls destroy monster country terrorist isreal USA pls save the world and peoples https://t.co/yj6RXzmA1d","created_at":"2021-08-13T03:21:19.000Z","author_id":"1357552406683398149","lang":"en","attachments":{"media_keys":["3_1426020930132881416","3_1426020961455910913","3_1426020980703514629","3_1426020999846404098"]}},{"public_metrics":{"retweet_count":0,"reply_count":1,"like_count":0,"quote_count":0},"id":"1426020833395367936","text":"https://t.co/nuw6z8iX1V \n\n✨\uD83D\uDC40✨ @noelkoutlis @ToulaTour @VDHanson","created_at":"2021-08-13T03:20:35.000Z","author_id":"846626906","lang":"und"},{"public_metrics":{"retweet_count":0,"reply_count":0,"like_count":0,"quote_count":0},"id":"1426019800698994688","text":"‘Apocalyptic’ scenes hit Greece as Athens besieged by fire https://t.co/SbqZMjOzx4","created_at":"2021-08-13T03:16:29.000Z","author_id":"98300494","lang":"en"},{"public_metrics":{"retweet_count":0,"reply_count":0,"like_count":0,"quote_count":0},"id":"1426019510822318082","text":"Thousands Are Evacuated As Fires Rampage Through Forests In Greece https://t.co/Peadh7ogXN","created_at":"2021-08-13T03:15:20.000Z","author_id":"1351034178666721283","lang":"en"},{"public_metrics":{"retweet_count":6,"reply_count":1,"like_count":29,"quote_count":0},"id":"1426017915900502036","text":"@JakeLobin Italy and Greece are on fire..record temps in italy","created_at":"2021-08-13T03:08:59.000Z","author_id":"1313870288094986241","lang":"en"},{"public_metrics":{"retweet_count":1,"reply_count":0,"like_count":1,"quote_count":0},"id":"1426017451787964417","text":"Floods in :- India,China, Europe\nForest fire in :- US, Australia, India, Turkey, Greece\nLandslides in :- India\nHeat waves in :- US, Canada\nOceans getting warm\nGlaciers melting\n\nAlready these are happening and  #IPCCReport2021 is saying more such will happen frequently in \uD83C\uDF0D.\n\uD83D\uDE13","created_at":"2021-08-13T03:07:09.000Z","author_id":"1311977762043826178","lang":"en"},{"public_metrics":{"retweet_count":0,"reply_count":0,"like_count":0,"quote_count":0},"id":"1426016194755186695","text":"‘Apocalyptic’ scenes hit Greece as Athens besieged by fire https://t.co/zeX2A8ydVH","created_at":"2021-08-13T03:02:09.000Z","author_id":"611789295","lang":"en"},{"public_metrics":{"retweet_count":0,"reply_count":0,"like_count":0,"quote_count":0},"id":"1426014844248072192","text":"In a heatwave without winds, a new unannounced politically motivated dogma of abandoning forests, villages &amp; cities alone to burn “to save lives”, has led to unimaginable climate, ecological disaster &amp; total life &amp; wealth destruction locally, in Greece. Rain &amp; sea wiped out fires https://t.co/ngu3rx5nVO","created_at":"2021-08-13T02:56:47.000Z","author_id":"225982309","lang":"en"},{"public_metrics":{"retweet_count":0,"reply_count":0,"like_count":0,"quote_count":0},"id":"1426012685154480128","text":"@PatsKarvelas I'm sure that will help put out the fires in Greece. Good Job !","created_at":"2021-08-13T02:48:12.000Z","author_id":"1354734302043361282","lang":"en"},{"public_metrics":{"retweet_count":0,"reply_count":0,"like_count":0,"quote_count":0},"id":"1426011245929504769","text":"Emergency services continue to battle fires and floods in Greece and Turkey https://t.co/BcqHj2EH6k","created_at":"2021-08-13T02:42:29.000Z","author_id":"1355970541946097665","lang":"en"},{"public_metrics":{"retweet_count":0,"reply_count":0,"like_count":0,"quote_count":0},"id":"1426011156800442370","text":"Fire Consumes Large Swaths of Greece https://t.co/zf6g0lRrQY","created_at":"2021-08-13T02:42:08.000Z","author_id":"493577713","lang":"en"},{"public_metrics":{"retweet_count":0,"reply_count":1,"like_count":0,"quote_count":0},"id":"1426010685184483328","text":"‘Apocalyptic’ scenes hit Greece as Athens besieged by fire https://t.co/jWxsp92KoJ","created_at":"2021-08-13T02:40:16.000Z","author_id":"102596816","lang":"en"},{"public_metrics":{"retweet_count":13,"reply_count":1,"like_count":30,"quote_count":0},"id":"1426010407974621187","text":"Cenas apocalípticas atingem a Grécia, com Atenas sitiada pelo fogo / ‘Apocalyptic’ scenes hit Greece as Athens besieged by fire https://t.co/yHk2gZoLrn","created_at":"2021-08-13T02:39:09.000Z","author_id":"116704750","lang":"pt"},{"public_metrics":{"retweet_count":1,"reply_count":0,"like_count":1,"quote_count":0},"id":"1426010391524433923","text":"In case the human community can’t still notice the effect of #climateChange today, in light of fires &amp; floods in Turkey, Greece, California, China, Algeria, then we will be doomed. Global awakening and awareness required more than ever before!","created_at":"2021-08-13T02:39:05.000Z","author_id":"51757413","lang":"en"},{"public_metrics":{"retweet_count":1,"reply_count":0,"like_count":3,"quote_count":1},"id":"1426008607179644928","text":"There are wild fires in California, Greece, and Syria. \n\nYou’re right. Global warming doesn’t exist.","created_at":"2021-08-13T02:32:00.000Z","author_id":"329844444","lang":"en"},{"public_metrics":{"retweet_count":0,"reply_count":0,"like_count":0,"quote_count":0},"id":"1426008402606632962","text":"Greece is on fire bad y'all","created_at":"2021-08-13T02:31:11.000Z","author_id":"1185395748210462722","lang":"en"},{"public_metrics":{"retweet_count":4,"reply_count":0,"like_count":2,"quote_count":0},"id":"1426007356714803204","text":"‘Apocalyptic’ scenes hit Greece as Athens besieged by fire. #ClimateCrisis #ClimateEmergency #auspol #LNPfail #ActOnClimate #ClimateAction #ClimateJustice #ClimateBreakdown #IPCCReport  https://t.co/LwuHsDXLXs","created_at":"2021-08-13T02:27:02.000Z","author_id":"15227349","lang":"en"},{"public_metrics":{"retweet_count":0,"reply_count":0,"like_count":7,"quote_count":0},"id":"1426007214284804098","text":"Fires in Algeria, Turkey, Greece, &amp; California, floods in China, Japan, &amp; Germany #Environment #GlobalWarming #Earth #humanity \nWake up consumers","created_at":"2021-08-13T02:26:28.000Z","author_id":"205132159","lang":"en"},{"public_metrics":{"retweet_count":0,"reply_count":2,"like_count":0,"quote_count":0},"id":"1426006626058870784","text":"@NatGeo Anyone who thinks Greece shouldn't have fires is deluding themselves. What they should have is preparations in place to deal with them BEFORE and WHEN they happen, because it's a subtropical dry-summer climate and they WILL happen.","created_at":"2021-08-13T02:24:08.000Z","author_id":"903296242620522497","lang":"en"},{"public_metrics":{"retweet_count":2,"reply_count":0,"like_count":0,"quote_count":0},"id":"1426006175900786696","text":"Heatwave Scorches Mediterranean in Latest Sign of #climatechange Impacts\n\nThere’s a risk the temperatures could worsen dry conditions fueling Greece’s fires.\n https://t.co/6zxY3JBFxw","created_at":"2021-08-13T02:22:20.000Z","author_id":"1118527795129274375","lang":"en"},{"public_metrics":{"retweet_count":2,"reply_count":0,"like_count":5,"quote_count":0},"id":"1426005166785024001","text":"I've had a feeling these are deliberate. No evidence to support my theory, but it reminds me of Hitler using the fire to control the people. \n\nFrom US to Greece to Siberia, Wildfires Rage Worldwide - Insider Paper https://t.co/MSeFbyXRJu","created_at":"2021-08-13T02:18:20.000Z","author_id":"1421274208848551937","lang":"en"},{"public_metrics":{"retweet_count":0,"reply_count":0,"like_count":0,"quote_count":0},"id":"1426004961637306371","text":"If Dante had filmed the Inferno on his iPhone, it would look like this | Francine Prose https://t.co/l9x78ISaTQ","created_at":"2021-08-13T02:17:31.000Z","author_id":"30839059","lang":"en"},{"public_metrics":{"retweet_count":2,"reply_count":0,"like_count":2,"quote_count":0},"id":"1426004781462609923","text":"PLEASE PLEASE DONATE GREECE IS ON FIRE RNN \uD83D\uDC99\uD83D\uDE2D https://t.co/vSI5kGZzw6","created_at":"2021-08-13T02:16:48.000Z","author_id":"1112390691164966914","lang":"en","attachments":{"media_keys":["3_1426004777096388610"]}},{"public_metrics":{"retweet_count":0,"reply_count":0,"like_count":0,"quote_count":0},"id":"1426004683622031364","text":"We're burning up on the coast and rain storms in the midwest. Flooding and fires in Turkey, fires in Greece, the West Coast.... #ClimateChange #ClimateCrisis https://t.co/YWvpznBCWn","created_at":"2021-08-13T02:16:25.000Z","author_id":"21265939","lang":"en"},{"public_metrics":{"retweet_count":0,"reply_count":0,"like_count":1,"quote_count":1},"id":"1426004502730076164","text":"Friday the 13th, lets talk more about fires in Russia, we use #saveyakutia for spreading information about huge fires in north Russia, people are suffering, it’s bigger than fires in turkey and Greece  #saveyakutia @BTS_twt @elonmusk @KimKardashian @JeffBezos @GretaThunberg https://t.co/WZJ9eFDJZd","created_at":"2021-08-13T02:15:41.000Z","author_id":"190551026","lang":"en","attachments":{"media_keys":["3_1426004495742357512","3_1426004495746494472","3_1426004495750684676","3_1426004495746486273"]}},{"public_metrics":{"retweet_count":0,"reply_count":0,"like_count":0,"quote_count":0},"id":"1426004279467249668","text":"is greece still on fire:o","created_at":"2021-08-13T02:14:48.000Z","author_id":"902008586531889157","lang":"en"},{"public_metrics":{"retweet_count":0,"reply_count":0,"like_count":0,"quote_count":0},"id":"1426004262123868162","text":"“The climate crisis is here,” Greece’s PM @PrimeministerGR tells a new conference, adding that “everything needs to change” in preventing and responding to forest fires from the operation of the state to citizens’ behavior to the environment. #GreeceFires https://t.co/9espbEQE5Y","created_at":"2021-08-13T02:14:44.000Z","author_id":"269860540","lang":"en","attachments":{"media_keys":["3_1425747414510616578"]}},{"public_metrics":{"retweet_count":0,"reply_count":0,"like_count":0,"quote_count":0},"id":"1426003867959967746","text":"FIRE RESPONSE / READ REMARKS at W RIDGE RD/STONE RD, Greece","created_at":"2021-08-13T02:13:10.000Z","author_id":"1266894836994641920","lang":"en"},{"public_metrics":{"retweet_count":9,"reply_count":3,"like_count":13,"quote_count":0},"id":"1426003763295227906","text":"Canada on fire now. That's Algeria, Italy, Turkey, Greece, Siberia, California, Washington, Oregon, Amazon rainforest, Canada and counting... \uD83D\uDD25 https://t.co/dLL1L8NzVG","created_at":"2021-08-13T02:12:45.000Z","author_id":"77626182","lang":"en"},{"public_metrics":{"retweet_count":0,"reply_count":0,"like_count":0,"quote_count":0},"id":"1426003503256768513","text":"‘Apocalyptic’ scenes hit Greece as Athens besieged by fire https://t.co/dbaVcy2PO9","created_at":"2021-08-13T02:11:43.000Z","author_id":"1473730279","lang":"en"},{"public_metrics":{"retweet_count":0,"reply_count":0,"like_count":3,"quote_count":0},"id":"1426002870999027717","text":"Greek Government opens State Aid Account for donation to fire victims https://t.co/IPfov9gCpU\n#greece #greek #greekcitytimes https://t.co/19VeQHLOV2","created_at":"2021-08-13T02:09:12.000Z","author_id":"727431343240400896","lang":"en","attachments":{"media_keys":["3_1426002869275090948"]}},{"public_metrics":{"retweet_count":0,"reply_count":0,"like_count":0,"quote_count":0},"id":"1426002860211310596","text":"@PolyNetwork2 I lost ALL fire of Greece please help 0xd618fba1ce796C6CC67240AD63E5bbeD06Bd598e         MY ETH ADRESS bnb12c5fmuka8gmnkr6jlhufp5uxflpgfwrwehgxgk MY BINANCE          bc1qsd6lr2xf3n5dh4s8rrp0nh0cftalx92hx5y5v3 my Bitcoin 0xd618fba1ce796C6CC67240AD63E5bbeD06Bd598e MY POLYGON","created_at":"2021-08-13T02:09:10.000Z","author_id":"1257863437939589127","lang":"en"},{"public_metrics":{"retweet_count":1,"reply_count":0,"like_count":0,"quote_count":0},"id":"1426002508262952969","text":"Global warming is not real it made by china !! Record breaking heat across the world burning fire in Italy,  spain, greece, Turkey , Sibera California .\nWhere are Republicans leader to spread lies?\n#GlobalWarming","created_at":"2021-08-13T02:07:46.000Z","author_id":"49448377","lang":"en"},{"public_metrics":{"retweet_count":0,"reply_count":0,"like_count":0,"quote_count":0},"id":"1426002338163003396","text":"TIMEさんからRT:　\"Unprecedented.\" Massive forest fire ravages Greece's second largest island\nhttps://t.co/HvqpLV7V2x　　08月13日11時07分台のニュースでした","created_at":"2021-08-13T02:07:05.000Z","author_id":"1039416974","lang":"ja"},{"public_metrics":{"retweet_count":3,"reply_count":0,"like_count":1,"quote_count":0},"id":"1426001761622544388","text":"Wildfire damage in Evia. These images, acquired by one of the Copernicus Sentinel-2 satellites on 1 August and 11 August 2021.\n#ΠυρκαγιαΕυβοια #πυρκαγιες #φωτιες #Ευβοια #ευβοια_φωτια #wildfiresgreece #Evia #Πευκι #Βασιλικα #fires #Greece https://t.co/pxYoilMPdv","created_at":"2021-08-13T02:04:48.000Z","author_id":"1380374445953519617","lang":"en","attachments":{"media_keys":["3_1426000515377340418"]}},{"public_metrics":{"retweet_count":0,"reply_count":0,"like_count":0,"quote_count":0},"id":"1426000789668040706","text":"@TheInsiderPaper https://t.co/1Ge6TsDmxM","created_at":"2021-08-13T02:00:56.000Z","author_id":"1141871600817627136","lang":"und"},{"public_metrics":{"retweet_count":0,"reply_count":0,"like_count":0,"quote_count":0},"id":"1425999518454087683","text":"now Italy. \n\nwe already have greece on fire.\n\nand west coast USA. \n\ngood work oil drillers. https://t.co/1jhirsWqxM","created_at":"2021-08-13T01:55:53.000Z","author_id":"3305538762","lang":"en"},{"public_metrics":{"retweet_count":0,"reply_count":0,"like_count":0,"quote_count":0},"id":"1425998921520881669","text":"Appeal For The Devastating Fires In Greece - https://t.co/nlPFoGsmuL https://t.co/A2jaWbexBJ","created_at":"2021-08-13T01:53:31.000Z","author_id":"1017415835760119808","lang":"en","attachments":{"media_keys":["3_1425998919461376004"]}},{"public_metrics":{"retweet_count":0,"reply_count":0,"like_count":0,"quote_count":0},"id":"1425998604033003522","text":"‘Apocalyptic’ scenes hit Greece as Athens besieged by fire https://t.co/c3MBRQOGUx climate catastrophe","created_at":"2021-08-13T01:52:15.000Z","author_id":"1349500783709057026","lang":"en"},{"public_metrics":{"retweet_count":1,"reply_count":0,"like_count":3,"quote_count":0},"id":"1425996790336131077","text":"Greece: the fight against the fires continues despite the rainfall https://t.co/NTGzsEIYfV https://t.co/bq5LTWIHl3","created_at":"2021-08-13T01:45:03.000Z","author_id":"1196340432277590016","lang":"en","attachments":{"media_keys":["3_1425996787966308352"]}},{"public_metrics":{"retweet_count":0,"reply_count":1,"like_count":3,"quote_count":0},"id":"1425994171060457475","text":"Greece has been baked by its worst heat wave in three decades, which sent temperatures up to 45 degrees Celsius (113 Fahrenheit) and turned its prized pine forests into bone-dry tinderboxes.\n\n https://t.co/K8IeHUc7Pz","created_at":"2021-08-13T01:34:38.000Z","author_id":"635750362","lang":"en"},{"public_metrics":{"retweet_count":0,"reply_count":0,"like_count":1,"quote_count":0},"id":"1425994151103975424","text":"@cnni @nytimes @BBCWorld @TV5MONDE @lemonde_inter @lemonde_pol @dwnews \nFires in Greece #FireSeason2021 https://t.co/0TPrlz0Nmr","created_at":"2021-08-13T01:34:33.000Z","author_id":"1397269654272454662","lang":"en"},{"public_metrics":{"retweet_count":48,"reply_count":18,"like_count":134,"quote_count":4},"id":"1425993761113444355","text":"\"Unprecedented.\" Massive forest fire ravages Greece's second largest island\nhttps://t.co/eEVfLZh5N0","created_at":"2021-08-13T01:33:00.000Z","author_id":"14293310","lang":"en"},{"public_metrics":{"retweet_count":0,"reply_count":1,"like_count":0,"quote_count":0},"id":"1425993092813963264","text":"Fires in #Greece have consumed five times as much land as they do in an average year \uD83D\uDD25\uD83D\uDE2A\n https://t.co/mOR9qaBquM","created_at":"2021-08-13T01:30:21.000Z","author_id":"137155581","lang":"en","attachments":{"media_keys":["16_1425949473835032578"]}},{"public_metrics":{"retweet_count":0,"reply_count":0,"like_count":0,"quote_count":0},"id":"1425990971754520579","text":"Please support my GoFundMe campaign:HUMAN FIRE TRAGEDIES IN GREECE &amp; TURKEY https://t.co/XxjxxGcVjq #GoFundMe https://t.co/gjSMOkBKov","created_at":"2021-08-13T01:21:55.000Z","author_id":"1420102845710454792","lang":"en","attachments":{"media_keys":["3_1425990969657368582"]}},{"public_metrics":{"retweet_count":0,"reply_count":1,"like_count":1,"quote_count":0},"id":"1425990102036013060","text":"@Wulf_Wilde good! glad to be back though. I was in Greece and with the fires it was a little stressful","created_at":"2021-08-13T01:18:28.000Z","author_id":"1281352001721217025","lang":"en"},{"public_metrics":{"retweet_count":0,"reply_count":1,"like_count":0,"quote_count":0},"id":"1425989653056745475","text":"Greece generously had rushed to help, followed by Israel, and it had led to the “gilded age” in diplomacy and bilateral relations between the two neighboring countries of the Aegean.\n\nThe assistance from outside Turkey to help extinguish the fires arrived late and was -","created_at":"2021-08-13T01:16:41.000Z","author_id":"2987516222","lang":"en"},{"public_metrics":{"retweet_count":0,"reply_count":0,"like_count":1,"quote_count":0},"id":"1425989469652488196","text":"@PatsKarvelas Spare a moments thought for this tree in Greece: https://t.co/Sjytgt6cUu","created_at":"2021-08-13T01:15:57.000Z","author_id":"3165903396","lang":"en"},{"public_metrics":{"retweet_count":0,"reply_count":1,"like_count":1,"quote_count":0},"id":"1425989320654131203","text":"@Amromss The wildfires in Turkey/Greece and now Algeria are really freaky. May Allah forgive us for our sins and send down rain to fight these fires.","created_at":"2021-08-13T01:15:22.000Z","author_id":"48697101","lang":"en"},{"public_metrics":{"retweet_count":0,"reply_count":0,"like_count":0,"quote_count":0},"id":"1425989159991144453","text":"@Rizabellepow Here in the Bay Area we get from both New Zealand and Greece. I always grill it whole over a wood fire with herbs and lemon slices tied into the cavity. My favorite fish for sure.","created_at":"2021-08-13T01:14:43.000Z","author_id":"260020901","lang":"en"},{"public_metrics":{"retweet_count":0,"reply_count":0,"like_count":0,"quote_count":0},"id":"1425987206905225221","text":"@KhaledBeydoun @mhayoun This photo is from Greece, and it was published before the fires in Algeria","created_at":"2021-08-13T01:06:58.000Z","author_id":"119864309","lang":"en"},{"public_metrics":{"retweet_count":3,"reply_count":2,"like_count":4,"quote_count":0},"id":"1425986551331315719","text":"These fires were set by individuals…. Proven….Fact… no climate change..False Flags.\n\nNEW: From US (California) to Greece to Turkey to Siberia, Wildfires Rage Worldwide—and More Expected. Watch video showing wildfires in different regions of the world. https://t.co/sg0BqBB8ZH https://t.co/FVMWsRlezy","created_at":"2021-08-13T01:04:22.000Z","author_id":"1487475768","lang":"en","attachments":{"media_keys":["7_1425986479315165184"]}},{"public_metrics":{"retweet_count":14,"reply_count":1,"like_count":12,"quote_count":2},"id":"1425985512133779459","text":"The Siberian fires are bigger than the fires in the United States, Canada, Greece, Turkey and Italy combined, and are shaping up to be Russia’s worst fires, ever.\nhttps://t.co/I0t2eR4ugF","created_at":"2021-08-13T01:00:14.000Z","author_id":"1380753061","lang":"en"},{"public_metrics":{"retweet_count":0,"reply_count":0,"like_count":0,"quote_count":0},"id":"1425985474338906116","text":"Greek conglomerate Mytilineos has brought in Australian helicopter fire-fighting crews to fight wildfires. https://t.co/9vB8hXvQGZ","created_at":"2021-08-13T01:00:05.000Z","author_id":"155453398","lang":"en"},{"public_metrics":{"retweet_count":0,"reply_count":0,"like_count":0,"quote_count":0},"id":"1425984593421819915","text":"Greece suffers a real tragedy.\n\n#Fires #Greece https://t.co/1NswW0UPE5","created_at":"2021-08-13T00:56:35.000Z","author_id":"114474316","lang":"en"},{"public_metrics":{"retweet_count":1,"reply_count":1,"like_count":4,"quote_count":0},"id":"1425984120635731968","text":"The amount of work and sweat that goes into demonstrating reason is not historically or culturally-dependent is absurd, and would be unnecessary if everyone could just admit culture or history can't make fire burn differently in Greece than in Persia.","created_at":"2021-08-13T00:54:42.000Z","author_id":"361637477","lang":"en"},{"public_metrics":{"retweet_count":0,"reply_count":0,"like_count":0,"quote_count":0},"id":"1425982251515318275","text":"@TurnbullMalcolm @ClaireSteenD How can one look at the fires in Australia, the US and Greece and think “You know what they need? They need more coal?” Surely he has a conflict of interest? It astounds me.","created_at":"2021-08-13T00:47:16.000Z","author_id":"2870937979","lang":"en"},{"public_metrics":{"retweet_count":0,"reply_count":0,"like_count":0,"quote_count":0},"id":"1425982230606741504","text":"MULTIPLE ARRESTS FOR ARSON\nhttps://t.co/A8z0Uqodro","created_at":"2021-08-13T00:47:11.000Z","author_id":"1360330907282907137","lang":"en"},{"public_metrics":{"retweet_count":0,"reply_count":0,"like_count":0,"quote_count":0},"id":"1425981962490163201","text":"#يونانية تجسد #لوحة #الصرخة في #الواقع\n\n#فلاش_نيوز  \n#الخبر_بالمختصر  \n#flashnewsae\n\n#مونش #رسم #فن #حرائق #اليونان #ألم #صرخة #thescream #greece #fires #scream #painting #art \n#KonstantinosTsakalidis #EdvardMunch #munch #ChristosPapanikos https://t.co/GFvnEH1oKK","created_at":"2021-08-13T00:46:07.000Z","author_id":"1339182364988235776","lang":"ar","attachments":{"media_keys":["7_1425977461142085632"]}},{"public_metrics":{"retweet_count":0,"reply_count":1,"like_count":1,"quote_count":0},"id":"1425980656216051717","text":"@3GHtweets @heidiEC5 @JustTheNews Funny how Turkey thought there fires are arson by the Kurds at 33c the heat in Turkey as been 48.6c in the past no fires Greece fires 36c  that as been  as high as 48c no fires Funny how they are stopping illegals coming in Funny how the West never had fires before migration \uD83D\uDE21","created_at":"2021-08-13T00:40:56.000Z","author_id":"1314550424461021187","lang":"en"},{"public_metrics":{"retweet_count":0,"reply_count":0,"like_count":0,"quote_count":0},"id":"1425980523013451777","text":"I call on Russia, Turkey, Algeria, Greece and other countries whose forests are also burned. I invite them to think about the possibility that these fires are not natural, but rather a global conspiracy. \n\nA high intelligent secret team-work is able to decrypt this conspiracy!","created_at":"2021-08-13T00:40:24.000Z","author_id":"3369424773","lang":"en"},{"public_metrics":{"retweet_count":1,"reply_count":1,"like_count":0,"quote_count":0},"id":"1425979643979616257","text":"The earth is on fire.\n\nWater Shortages On Islands Plaguing Greece This Summer https://t.co/QeF4X2bABO via @greekreporter","created_at":"2021-08-13T00:36:55.000Z","author_id":"270129431","lang":"en"},{"public_metrics":{"retweet_count":0,"reply_count":0,"like_count":0,"quote_count":0},"id":"1425978923154911237","text":"(The Sun):#Emergency services continue to battle fires and floods in #Greece and Turkey : WILDFIRES continued to ravage Greece yesterday, as Prime Minister Kyriakos Mitsotakis described the blazes as the country’s “greatest .. #TrendsSpy https://t.co/vOiUj16uvL https://t.co/TdRsFdS5q7","created_at":"2021-08-13T00:34:03.000Z","author_id":"3534222021","lang":"en","attachments":{"media_keys":["3_1425978915693211650"]}},{"public_metrics":{"retweet_count":0,"reply_count":0,"like_count":0,"quote_count":0},"id":"1425978693092999173","text":"I humbly ask for your help for this humanitarian effort to sssist the residents of the town Rovies, Evia, Greece. Every little bit counts. Including sharing. Please share on your socials. \n\nhttps://t.co/TZWtvPpCAt https://t.co/6q3UfnojZ3","created_at":"2021-08-13T00:33:08.000Z","author_id":"2975742631","lang":"en","attachments":{"media_keys":["3_1425978689448292354"]}},{"public_metrics":{"retweet_count":0,"reply_count":0,"like_count":0,"quote_count":0},"id":"1425978261436313600","text":"After Turkey, Greece and Russia, now it's time for my country.\nWe are too use here to this.\nTime to change! \n#calabria #italy #fire https://t.co/0a7WMnmgaA","created_at":"2021-08-13T00:31:25.000Z","author_id":"52730566","lang":"en","attachments":{"media_keys":["3_1425978259494277121"]}},{"public_metrics":{"retweet_count":0,"reply_count":0,"like_count":0,"quote_count":0},"id":"1425977905016840192","text":"‘Apocalyptic’ scenes hit Greece as Athens besieged by fire #GreeceFires https://t.co/5EExqPSRhz","created_at":"2021-08-13T00:30:00.000Z","author_id":"745848188","lang":"en"},{"public_metrics":{"retweet_count":0,"reply_count":0,"like_count":0,"quote_count":0},"id":"1425977588502126592","text":"@jjaron @WorldSurvivala1 \"Last year’s #wildfire season (2020) on America’s west coast was the worst ever, but this year’s is on track to break records. Fires are also raging across parts of Europe, including in Italy and Greece, as well as Turkey &amp; Lebanon. \"\n\n.@WeDontHaveTime","created_at":"2021-08-13T00:28:45.000Z","author_id":"2651368746","lang":"en"},{"public_metrics":{"retweet_count":0,"reply_count":0,"like_count":0,"quote_count":0},"id":"1425977329709469706","text":"HUMAN FIRE TRAGEDIES IN GREECE AND TURKEY https://t.co/s6WPNI4jo5 https://t.co/H27HFPoTnP","created_at":"2021-08-13T00:27:43.000Z","author_id":"1420102845710454792","lang":"en","attachments":{"media_keys":["3_1425977327310229506"]}},{"public_metrics":{"retweet_count":0,"reply_count":0,"like_count":0,"quote_count":0},"id":"1425976748982751232","text":"Austerity has damaged the ability of Greece to defend itself against fire threats https://t.co/We0FrLcq2J","created_at":"2021-08-13T00:25:24.000Z","author_id":"17472479","lang":"en"},{"public_metrics":{"retweet_count":0,"reply_count":0,"like_count":0,"quote_count":0},"id":"1425976234282930180","text":"Bro Greece on fire fire","created_at":"2021-08-13T00:23:22.000Z","author_id":"408955552","lang":"en"},{"public_metrics":{"retweet_count":0,"reply_count":0,"like_count":1,"quote_count":0},"id":"1425976026157387779","text":"ギリシアの大規模な山火事の煙を宇宙からとらえた #SmartNews  https://t.co/OBmVL8O9TD","created_at":"2021-08-13T00:22:32.000Z","author_id":"1258646884043784192","lang":"ja"},{"public_metrics":{"retweet_count":0,"reply_count":1,"like_count":1,"quote_count":0},"id":"1425975472345677826","text":"@thatgirlinsb @ABC Our youngest daughter is in Greece right now. They’re dealing with wild fires there. She says it smokey but they’re in no danger. She’ll be back home on Thursday.","created_at":"2021-08-13T00:20:20.000Z","author_id":"800689036088123392","lang":"en"},{"public_metrics":{"retweet_count":0,"reply_count":0,"like_count":6,"quote_count":0},"id":"1425974959235485696","text":"@Barnsy_Lisa @RKMac65 @BunburyWeather @ImTheOnlyAstro @perthovalman @BigV2011WCE @ManjitK6987 @drstip @2017Ferret @wiccewicker @paulmp @Richard_Kreider @baxlex @Rob_lebob @Sparrow_65 @TheWAWG @aussie_robbob @WendyBirdOZ @N8aviation It's Got Four Fire Fighting Helicopters Aboard Which Will Be Taken To Help Fight The Fires In Greece.","created_at":"2021-08-13T00:18:18.000Z","author_id":"986092014","lang":"en"},{"public_metrics":{"retweet_count":3,"reply_count":0,"like_count":0,"quote_count":0},"id":"1425974259382358019","text":"\"#Greece is on fire:\n#capitalism #crisis &amp; #climate chaos.\"\n#ClimateChange \uD83D\uDD25❄️\n#ClimateAction \uD83D\uDC3C\uD83C\uDF3F #ClimateEmergency \uD83D\uDEA8 https://t.co/pf2AuAo4pz","created_at":"2021-08-13T00:15:31.000Z","author_id":"2447285247","lang":"en"},{"public_metrics":{"retweet_count":0,"reply_count":0,"like_count":0,"quote_count":0},"id":"1425972182602027009","text":"이거 보고 울컥해 원신 과몰입하기…\n\n티바트 대륙에 위기가 닥친 날, 바람이 시작되는 곳의 거목이 새까맣게 불타면 시민과 기사들은 절망하겠지만 고향을 지키려 초자연적인 폭력에 맞설 자유를 선택한 사람들은 숯더미 한가운데에서도 거목의 새싹을 찾아낼 수 있겠지?\n\nhttps://t.co/ZFocnbjbII","created_at":"2021-08-13T00:07:16.000Z","author_id":"1391505855451828227","lang":"ko"},{"public_metrics":{"retweet_count":0,"reply_count":0,"like_count":0,"quote_count":0},"id":"1425971841944915971","text":"Emergency services continue to battle fires and floods in Greece and Turkey https://t.co/gfPrbG8JtK","created_at":"2021-08-13T00:05:55.000Z","author_id":"1269447511","lang":"en"},{"public_metrics":{"retweet_count":0,"reply_count":0,"like_count":0,"quote_count":0},"id":"1425971841722638341","text":"‘Apocalyptic’ scenes hit Greece as Athens besieged by fire https://t.co/0AxQgR5df3","created_at":"2021-08-13T00:05:54.000Z","author_id":"809519609011380224","lang":"en"},{"public_metrics":{"retweet_count":3,"reply_count":0,"like_count":8,"quote_count":1},"id":"1425971638881988608","text":"Floods in Germany and China. Heatwaves and fires in Greece, the US, Algeria and Italy. Europe's highest-ever temperature in Sicily. A code red for the whole of humanity.\nhttps://t.co/OFyTePcvgN","created_at":"2021-08-13T00:05:06.000Z","author_id":"34258758","lang":"en"},{"public_metrics":{"retweet_count":0,"reply_count":0,"like_count":0,"quote_count":0},"id":"1425971374217211909","text":"#now\n Algerian Prime Minister:\n  The fires in Algeria are an active act, and we have proof of this and it is related to the recent series of fires that affected Turkey and Greece.","created_at":"2021-08-13T00:04:03.000Z","author_id":"1320142722326560768","lang":"en"},{"public_metrics":{"retweet_count":0,"reply_count":0,"like_count":0,"quote_count":0},"id":"1425971285859917828","text":"Fires in Oregon, California, Greece, Turkey!  Floods in Germany!  It’s already started! https://t.co/JfDBiEt21B","created_at":"2021-08-13T00:03:42.000Z","author_id":"1119944204","lang":"en"},{"public_metrics":{"retweet_count":0,"reply_count":0,"like_count":0,"quote_count":0},"id":"1425970642575298561","text":"Emergency services continue to battle fires and floods in Greece and Turkey https://t.co/9e2n8QwZ2b","created_at":"2021-08-13T00:01:09.000Z","author_id":"1097831783524155392","lang":"en"},{"public_metrics":{"retweet_count":0,"reply_count":0,"like_count":0,"quote_count":0},"id":"1425969776644534277","text":"@patriottakes Taliban advancing. Greece on fire. The West still on fire.   East Coast in Heat wave. ‘Fred’ heading toward Florida.  DeSantis still an ass. Texas passed voting bill. Football pre-season games have begun.","created_at":"2021-08-12T23:57:42.000Z","author_id":"1251693132","lang":"en"},{"public_metrics":{"retweet_count":0,"reply_count":0,"like_count":0,"quote_count":0},"id":"1425969445294518272","text":"@nytimes If it has been difficult for the \"world power\" to put out the fire in Los Angeles, that can be expected from Greece and Turkey.\nWhere is the technology, for these cases?.","created_at":"2021-08-12T23:56:23.000Z","author_id":"858315025219563520","lang":"en"},{"public_metrics":{"retweet_count":2,"reply_count":4,"like_count":5,"quote_count":0},"id":"1425969283750797315","text":"Fires in Greece have destroyed an area known for its thousands of BEE HIVES.  \uD83D\uDE22\uD83D\uDE22\uD83D\uDC1D\uD83D\uDC1D \uD83D\uDE22\uD83D\uDE22","created_at":"2021-08-12T23:55:45.000Z","author_id":"950235235","lang":"en"},{"public_metrics":{"retweet_count":0,"reply_count":0,"like_count":0,"quote_count":0},"id":"1425969191144751104","text":"https://t.co/P9ywQGS2Mi","created_at":"2021-08-12T23:55:23.000Z","author_id":"1198204671560540160","lang":"und"},{"public_metrics":{"retweet_count":0,"reply_count":1,"like_count":2,"quote_count":0},"id":"1425968727988871169","text":"@chron extra crispy if you live in wild-fire stricken Greece...not a joke as I still smell smoke out, but you did make me think of cookies, which is a soothing thought","created_at":"2021-08-12T23:53:32.000Z","author_id":"1314980709812129794","lang":"en"},{"public_metrics":{"retweet_count":0,"reply_count":0,"like_count":2,"quote_count":0},"id":"1425965579169529856","text":"Stavros, I hope the fires in Greece are put out soon.  I’m so sorry this is happening in your beautiful country.\uD83D\uDE4F\uD83C\uDFFC https://t.co/nM9ULAgs1m","created_at":"2021-08-12T23:41:01.000Z","author_id":"1271258883370016768","lang":"en"},{"public_metrics":{"retweet_count":0,"reply_count":0,"like_count":0,"quote_count":0},"id":"1425964911948177409","text":"‘Apocalyptic’ scenes hit Greece as Athens besieged by fire https://t.co/e5wbF91GFi","created_at":"2021-08-12T23:38:22.000Z","author_id":"1351652533014560777","lang":"en"},{"public_metrics":{"retweet_count":1,"reply_count":0,"like_count":3,"quote_count":0},"id":"1425964892717084672","text":"@fragkos1 Stavros, I hope the fires in Greece are put out soon.  I’m so sorry this is happening in your beautiful country.\uD83D\uDE4F\uD83C\uDFFC","created_at":"2021-08-12T23:38:18.000Z","author_id":"1271258883370016768","lang":"en"},{"public_metrics":{"retweet_count":0,"reply_count":0,"like_count":5,"quote_count":0},"id":"1425964511324901378","text":"Stavros Niarchos Foundation offers 15 million euros for fire victims https://t.co/mID9R0zbwN\n#greece #greek #greekcitytimes https://t.co/GOzJSjANYc","created_at":"2021-08-12T23:36:47.000Z","author_id":"727431343240400896","lang":"en","attachments":{"media_keys":["3_1425964509416419332"]}},{"public_metrics":{"retweet_count":0,"reply_count":0,"like_count":0,"quote_count":0},"id":"1425964503431368712","text":"Fire Consumes Large Swaths of Greece #Nasa  https://t.co/qTAja3b5fC","created_at":"2021-08-12T23:36:45.000Z","author_id":"1372947278269399045","lang":"en"},{"public_metrics":{"retweet_count":0,"reply_count":0,"like_count":1,"quote_count":0},"id":"1425964447982555137","text":"Fire Consumes Large Swaths of Greece #Nasa via https://t.co/V7FfW08zbr https://t.co/gTLEWSO9jK","created_at":"2021-08-12T23:36:32.000Z","author_id":"1067222170429005824","lang":"en"},{"public_metrics":{"retweet_count":0,"reply_count":0,"like_count":0,"quote_count":0},"id":"1425963733818486785","text":"#204479: 2021: Hell came to Earth #01...\nby #tz1djyLeb6HiRvMJE4uiEUFM1VRJ1G5m3TSC\n2021 sees hectares of land devastated by massive fires in different parts of the world: Greece, Italy, Turkey, Califor...\n\nhttps://t.co/1yOk97kZwN\n#Tezos #NFT $xtz https://t.co/VTQHurBkWt","created_at":"2021-08-12T23:33:41.000Z","author_id":"1367826289370034183","lang":"en","attachments":{"media_keys":["3_1425963729481568260"]}},{"public_metrics":{"retweet_count":0,"reply_count":0,"like_count":0,"quote_count":0},"id":"1425963213007605762","text":"Emergency services continue to battle fires and floods in Greece and Turkey https://t.co/yJEYL3BVtA","created_at":"2021-08-12T23:31:37.000Z","author_id":"1143314368161075200","lang":"en"},{"public_metrics":{"retweet_count":0,"reply_count":0,"like_count":0,"quote_count":0},"id":"1425961423419715589","text":"Fire Consumes Large Swaths of Greece #Nasa via https://t.co/s7n0wYZc3s https://t.co/TP4zciKcjT","created_at":"2021-08-12T23:24:31.000Z","author_id":"711453394192437248","lang":"en"},{"public_metrics":{"retweet_count":0,"reply_count":0,"like_count":1,"quote_count":0},"id":"1425961175309639684","text":"We are sending at least 4 helicopters to Greece to aid in fire fighting there (Given the experience here you'd have to think that is especially useful)  https://t.co/lfXa5ny0kH","created_at":"2021-08-12T23:23:31.000Z","author_id":"14290501","lang":"en"}],"includes":{"media":[{"media_key":"3_1426021509412294656","type":"photo","url":"https://pbs.twimg.com/media/E8o_AeaWEAA06Uk.jpg"},{"media_key":"3_1426021545135284231","type":"photo","url":"https://pbs.twimg.com/media/E8o_CjfXoAccRbu.jpg"},{"media_key":"3_1426021561094574080","type":"photo","url":"https://pbs.twimg.com/media/E8o_De8XEAABaAi.jpg"},{"media_key":"3_1426021577003606017","type":"photo","url":"https://pbs.twimg.com/media/E8o_EaNXoAE8aC4.jpg"},{"media_key":"3_1426021374636736516","type":"photo","url":"https://pbs.twimg.com/media/E8o-4oVWQAQNrps.jpg"},{"media_key":"3_1426021398175227906","type":"photo","url":"https://pbs.twimg.com/media/E8o-6ABXIAIKRhV.jpg"},{"media_key":"3_1426021414184816642","type":"photo","url":"https://pbs.twimg.com/media/E8o-67qWEAIQAUm.jpg"},{"media_key":"3_1426021430534320130","type":"photo","url":"https://pbs.twimg.com/media/E8o-74kXsAIEYTQ.jpg"},{"media_key":"3_1426021435412082693","type":"photo","url":"https://pbs.twimg.com/media/E8o-8KvUcAUTNA8.jpg"},{"media_key":"3_1426021178624315395","type":"photo","url":"https://pbs.twimg.com/media/E8o-tOIWEAMoy1z.jpg"},{"media_key":"3_1426021203819520004","type":"photo","url":"https://pbs.twimg.com/media/E8o-ur_WYAQqWZd.jpg"},{"media_key":"3_1426021221469200391","type":"photo","url":"https://pbs.twimg.com/media/E8o-vtvXIAcDVY6.jpg"},{"media_key":"3_1426021237013237763","type":"photo","url":"https://pbs.twimg.com/media/E8o-wnpWUAMciO9.jpg"},{"media_key":"3_1426020930132881416","type":"photo","url":"https://pbs.twimg.com/media/E8o-ewbXsAgIu5M.jpg"},{"media_key":"3_1426020961455910913","type":"photo","url":"https://pbs.twimg.com/media/E8o-glHXMAE22Rc.jpg"},{"media_key":"3_1426020980703514629","type":"photo","url":"https://pbs.twimg.com/media/E8o-hs0WUAUIY-n.jpg"},{"media_key":"3_1426020999846404098","type":"photo","url":"https://pbs.twimg.com/media/E8o-i0IXoAI0r-G.jpg"},{"media_key":"3_1426004777096388610","type":"photo","url":"https://pbs.twimg.com/media/E8ovyhrXIAIDsBq.jpg"},{"media_key":"3_1426004495742357512","type":"photo","url":"https://pbs.twimg.com/media/E8oviJjVUAgJwbA.jpg"},{"media_key":"3_1426004495746494472","type":"photo","url":"https://pbs.twimg.com/media/E8oviJkUcAg8wbJ.jpg"},{"media_key":"3_1426004495750684676","type":"photo","url":"https://pbs.twimg.com/media/E8oviJlUYAQad0U.jpg"},{"media_key":"3_1426004495746486273","type":"photo","url":"https://pbs.twimg.com/media/E8oviJkUUAE4F4V.jpg"},{"media_key":"3_1425747414510616578","type":"photo","url":"https://pbs.twimg.com/media/E8lFuDVWQAIiPR_.jpg"},{"media_key":"3_1426002869275090948","type":"photo","url":"https://pbs.twimg.com/media/E8ouDefUYAQZPio.jpg"},{"media_key":"3_1426000515377340418","type":"photo","url":"https://pbs.twimg.com/media/E8or6diXIAICCYg.jpg"},{"media_key":"3_1425998919461376004","type":"photo","url":"https://pbs.twimg.com/media/E8oqdkSWEAQTz0f.jpg"},{"media_key":"3_1425996787966308352","type":"photo","url":"https://pbs.twimg.com/media/E8oohf2UcAATiHK.jpg"},{"media_key":"16_1425949473835032578","type":"animated_gif"},{"media_key":"3_1425990969657368582","type":"photo","url":"https://pbs.twimg.com/media/E8ojO09XoAYClbT.jpg"},{"media_key":"7_1425986479315165184","public_metrics":{"view_count":86},"type":"video"},{"media_key":"7_1425977461142085632","public_metrics":{"view_count":4},"type":"video"},{"media_key":"3_1425978915693211650","type":"photo","url":"https://pbs.twimg.com/media/E8oYRMcXMAIFHIN.jpg"},{"media_key":"3_1425978689448292354","type":"photo","url":"https://pbs.twimg.com/media/E8oYEBnXsAIr76j.jpg"},{"media_key":"3_1425978259494277121","type":"photo","url":"https://pbs.twimg.com/media/E8oXq_6WEAEOIYB.jpg"},{"media_key":"3_1425977327310229506","type":"photo","url":"https://pbs.twimg.com/media/E8oW0vQWUAIu9-c.jpg"},{"media_key":"3_1425964509416419332","type":"photo","url":"https://pbs.twimg.com/media/E8oLKo4UcAQ0at2.jpg"},{"media_key":"3_1425963729481568260","type":"photo","url":"https://pbs.twimg.com/media/E8oKdPZXEAQZjIz.jpg"}]},"meta":{"newest_id":"1426021587212541953","oldest_id":"1425961175309639684","result_count":100,"next_token":"b26v89c19zqg8o3fpdm8kx2t4z6bxgcpxy4n6a00ka0e5"}}