{"data":[{"author_id":"1353384031560339458","text":"'Nothing's left:' Residents detail devastating fires\n\nhttps://t.co/15ZMgtxXfI","id":"1425961170759000068","created_at":"2021-08-12T23:23:30.000Z","public_metrics":{"retweet_count":1,"reply_count":0,"like_count":1,"quote_count":0},"lang":"en"},{"author_id":"953666671381762048","text":"‘Apocalyptic’ scenes hit Greece as Athens besieged by fire https://t.co/vxF2mmSCoR","id":"1425960603089317890","created_at":"2021-08-12T23:21:15.000Z","public_metrics":{"retweet_count":1,"reply_count":0,"like_count":1,"quote_count":0},"lang":"en"},{"author_id":"66002678","text":"Fire Consumes Large Swaths of Greece #Nasa via https://t.co/gwG7Duur7Z https://t.co/3jfKrrV74d","id":"1425958149501165578","created_at":"2021-08-12T23:11:30.000Z","public_metrics":{"retweet_count":0,"reply_count":0,"like_count":0,"quote_count":0},"lang":"en"},{"author_id":"1339987203712307202","text":"Fire Consumes Large Swaths of Greece #Nasa via https://t.co/YJATIVbljI https://t.co/VwpvDgymS5","id":"1425957143564496897","created_at":"2021-08-12T23:07:30.000Z","public_metrics":{"retweet_count":0,"reply_count":0,"like_count":0,"quote_count":0},"lang":"en"},{"author_id":"874205856","attachments":{"media_keys":["3_1425956524028006405"]},"text":"The devastating scale of destruction from a week of #wildfires in Greece and Italy was being assessed as the EU mounted one of its largest firefighting operations ever and smoke from forest fires in Siberia reached the north pole.\n\nMore here: https://t.co/0vH7XwARYO by @guardian. https://t.co/rESEzwvbLI","id":"1425956525093400584","created_at":"2021-08-12T23:05:03.000Z","public_metrics":{"retweet_count":0,"reply_count":0,"like_count":2,"quote_count":0},"lang":"en"},{"author_id":"1155918428101722113","text":"Greece qualifies local fires as ecological catastrophe | News https://t.co/F2AWVeBeOq","id":"1425956323708096512","created_at":"2021-08-12T23:04:15.000Z","public_metrics":{"retweet_count":0,"reply_count":0,"like_count":0,"quote_count":0},"lang":"en"},{"author_id":"278649241","text":"Fire Consumes Large Swaths of Greece #Nasa via https://t.co/RwjTuwk77Q https://t.co/eT5VxPvtff","id":"1425956255860994049","created_at":"2021-08-12T23:03:59.000Z","public_metrics":{"retweet_count":0,"reply_count":0,"like_count":0,"quote_count":0},"lang":"en"},{"author_id":"8510242","attachments":{"media_keys":["13_1425955512034775041"]},"text":"In the aftermath of wildfires burning in #Greece, a video recorded before and after shots of what the landscape looked like prior to the fire and after the fire burned through the area: \n#GreeceFires https://t.co/3s4vpPDLaM https://t.co/4PjUGHSrPe","id":"1425955571518300166","created_at":"2021-08-12T23:01:15.000Z","public_metrics":{"retweet_count":1,"reply_count":0,"like_count":7,"quote_count":0},"lang":"en"},{"author_id":"1373664574810025992","text":"@ajplus yes it is a catastrophe\uD83D\uDE3F\uD83D\uDE3F\uD83D\uDE3F\uD83D\uDE3F\nand sad that even arson is reason for fires  next to climate...according citizen s reports\n\nthank y @ajplus for reporting about greece\uD83D\uDE4F\uD83D\uDC99\n\nno bees no life\uD83D\uDE3F\uD83D\uDE3F\uD83D\uDE3F","id":"1425955400868900867","created_at":"2021-08-12T23:00:35.000Z","public_metrics":{"retweet_count":0,"reply_count":0,"like_count":0,"quote_count":0},"lang":"en"},{"author_id":"981461508822478848","text":"Wildfires in Greece: After a Long Battle, Firefighters Contain Blazes https://t.co/Ke3xQVTPa9","id":"1425954885112004608","created_at":"2021-08-12T22:58:32.000Z","public_metrics":{"retweet_count":0,"reply_count":0,"like_count":2,"quote_count":0},"lang":"en"},{"author_id":"14621797","text":"Solidarity is our only weapon! @bandcamp https://t.co/zcfiHDRcPe - some small support for the people of fire ravaged Greece","id":"1425954841319284738","created_at":"2021-08-12T22:58:21.000Z","public_metrics":{"retweet_count":0,"reply_count":0,"like_count":0,"quote_count":0},"lang":"en"},{"author_id":"1409945578008678411","attachments":{"media_keys":["13_1425603983935168517"]},"text":"Smoke from Siberia’s wildfires has reached the North Pole for the first time in recorded history.\nThe fires are larger than those in Greece, Turkey, Italy, the US, and Canada—combined. https://t.co/onVJZpHRY7","id":"1425954579393482756","created_at":"2021-08-12T22:57:19.000Z","public_metrics":{"retweet_count":0,"reply_count":0,"like_count":0,"quote_count":0},"lang":"en"},{"author_id":"4264328781","text":"@paulogala \nNosso verão promete\n\nhttps://t.co/fs9L281MTN","id":"1425954519050080256","created_at":"2021-08-12T22:57:04.000Z","public_metrics":{"retweet_count":0,"reply_count":0,"like_count":0,"quote_count":0},"lang":"pt"},{"author_id":"1409945578008678411","attachments":{"media_keys":["7_1425617579154968580"]},"text":"Greek fires devastate livestock and beehives.\n\nNearly 100,000 hectares of forestry and farmland have burned in less than two weeks in Greece in the worst wave of wildfires since 2007, the European Forest Fire Information System (EFFIS) says https://t.co/gvFTk8LgS6","id":"1425953943138471937","created_at":"2021-08-12T22:54:47.000Z","public_metrics":{"retweet_count":0,"reply_count":1,"like_count":0,"quote_count":0},"lang":"en"},{"author_id":"714538612109533184","text":"#GreeceFires: The #KKE exposes the criminal responsibilities of all governments https://t.co/vq2SHZN3lf","id":"1425953692721815557","created_at":"2021-08-12T22:53:47.000Z","public_metrics":{"retweet_count":1,"reply_count":0,"like_count":7,"quote_count":0},"lang":"en"},{"author_id":"1409945578008678411","attachments":{"media_keys":["13_1425714081571368965"]},"text":"At least 65 people have been killed in fires raging through northern Algeria. The flames have been stoked by sweltering temperatures that have also exacerbated fires in Greece and Italy https://t.co/NFRPZFjDb0","id":"1425953548878155780","created_at":"2021-08-12T22:53:13.000Z","public_metrics":{"retweet_count":0,"reply_count":1,"like_count":0,"quote_count":0},"lang":"en"},{"author_id":"1389298332250476548","text":"Fire Consumes Large Swaths of Greece #Nasa  https://t.co/OGIvcXCyfR","id":"1425953257655087110","created_at":"2021-08-12T22:52:04.000Z","public_metrics":{"retweet_count":0,"reply_count":0,"like_count":0,"quote_count":0},"lang":"en"},{"author_id":"1479997092","text":"Fire Consumes Large Swaths of Greece #Nasa via https://t.co/u14WxAYdRI https://t.co/e4qdGpjFkP","id":"1425952832914661376","created_at":"2021-08-12T22:50:22.000Z","public_metrics":{"retweet_count":0,"reply_count":0,"like_count":0,"quote_count":0},"lang":"en"},{"author_id":"2990118391","text":"Anyone else sad about Greece and their fires? I've always dreamt of visiting there, and hope I get to one day.","id":"1425951731872145412","created_at":"2021-08-12T22:46:00.000Z","public_metrics":{"retweet_count":1,"reply_count":0,"like_count":7,"quote_count":0},"lang":"en"},{"author_id":"781701900","text":"On fire: Canada, California, Siberia, Sicily, Greece, among others. 150 million Americans are under a heat alert. And the world's governments are still moving too slowly. #ClimateChange","id":"1425951227385319428","created_at":"2021-08-12T22:44:00.000Z","public_metrics":{"retweet_count":0,"reply_count":0,"like_count":0,"quote_count":0},"lang":"en"},{"author_id":"385732310","text":"SenSanders: Huge fires in Siberia with smoke spreading more than 3,000 miles. Major fires in Greece, California and Oregon. Heat wave in Italy. Increased drought throughout the planet.  We're in this together. The entire world must unite to combat climate change. There is no…","id":"1425950417914060803","created_at":"2021-08-12T22:40:47.000Z","public_metrics":{"retweet_count":0,"reply_count":0,"like_count":0,"quote_count":0},"lang":"en"},{"author_id":"24919888","attachments":{"media_keys":["16_1425949473835032578"]},"text":"Fires in #Greece have consumed five times as much land as they do in an average year. \uD83D\uDD25 https://t.co/s9QtUR6yMg https://t.co/7StVyh3O52","id":"1425949505317490695","created_at":"2021-08-12T22:37:09.000Z","public_metrics":{"retweet_count":328,"reply_count":12,"like_count":679,"quote_count":20},"lang":"en"},{"author_id":"2632047284","text":"https://t.co/GcsTi5yaM4","id":"1425948883008503808","created_at":"2021-08-12T22:34:41.000Z","public_metrics":{"retweet_count":0,"reply_count":0,"like_count":0,"quote_count":0},"lang":"und"},{"author_id":"925042549789671424","text":"The latest Greece Insights! https://t.co/bK0O6muhDI Thanks to @SoberLook @GreekReporter #fires #greece","id":"1425948724472258575","created_at":"2021-08-12T22:34:03.000Z","public_metrics":{"retweet_count":0,"reply_count":0,"like_count":0,"quote_count":0},"lang":"en"},{"author_id":"348382448","text":"Greece is on fire: capitalism, crisis and climate chaos https://t.co/eAtoXSHmHn","id":"1425948383513022469","created_at":"2021-08-12T22:32:42.000Z","public_metrics":{"retweet_count":0,"reply_count":2,"like_count":0,"quote_count":1},"lang":"en"},{"author_id":"1050516384185245697","text":"@Quicktake Not Greece is on fire .","id":"1425947730535321604","created_at":"2021-08-12T22:30:06.000Z","public_metrics":{"retweet_count":0,"reply_count":0,"like_count":0,"quote_count":0},"lang":"en"},{"author_id":"716173666539667456","text":"SenSanders: Huge fires in Siberia with smoke spreading more than 3,000 miles. Major fires in Greece, California and Oregon. Heat wave in Italy. Increased drought throughout the planet.  We're in this together. The entire world must unite to combat climate change. There is no…","id":"1425946345299451906","created_at":"2021-08-12T22:24:36.000Z","public_metrics":{"retweet_count":0,"reply_count":0,"like_count":0,"quote_count":0},"lang":"en"},{"author_id":"968225305734402049","text":"@AedanDQ @btc_battousai @0xbags @Pollo2x @Bitcephus @pepecasso1 @adrian_trident @Th0t_Provoker @0xElm0 @smilinglllama @GendoCrypto @Colinthecrypto1 @ICOffenderII @Ezcaron @inversebrah @GrindingPoet @DiscoBtc @Karnickleon @Crypto_Pepper1 @FunkNoobDentist @MDegenMonkey @Mister_Ch0c @FarbridgeXBT @RektEli Yeah I get it... \n*Removes Greece from travel destination*\n\nThink there's a chance I can get my money back from the guy that set fire to a bit of forest so I could buy some cheap land in Greece?","id":"1425946107725631513","created_at":"2021-08-12T22:23:39.000Z","public_metrics":{"retweet_count":0,"reply_count":0,"like_count":5,"quote_count":0},"lang":"en"},{"author_id":"359087476","text":"The UAE sent fire-related aid to Greece on Thursday: https://t.co/XkOd71yJ5C via @AlMonitor","id":"1425945976968257539","created_at":"2021-08-12T22:23:08.000Z","public_metrics":{"retweet_count":1,"reply_count":0,"like_count":2,"quote_count":0},"lang":"en"},{"author_id":"42050052","text":"Fire Consumes Large Swaths of Greece https://t.co/02yUBcmEYL","id":"1425945799658201101","created_at":"2021-08-12T22:22:26.000Z","public_metrics":{"retweet_count":0,"reply_count":0,"like_count":0,"quote_count":0},"lang":"en"},{"author_id":"1228834686362963968","text":"If you can donate to people living in crisis, fighting against fires everywhere, Algeria, Greece, Turkey, Siberia, Syria, Lebanon... Please do it, also Afghans people fleeing massively right now \uD83D\uDC94\n\nThere are many websites where you can donate, even a small donation is something.","id":"1425944807696961538","created_at":"2021-08-12T22:18:29.000Z","public_metrics":{"retweet_count":0,"reply_count":0,"like_count":0,"quote_count":0},"lang":"en"},{"author_id":"1285954032813649923","text":"Moshe Report from Israel -  Droughts, Floods, Hail, Fires, Iran\n#USA #drought #DroughtMonitor #Bible #Iran #Israel #Afghanistan #Taliban #wildfires #wildfires2021Russia #Greece #greeceisburning #Turkey #COVID19 \nhttps://t.co/4tswMCg4UN","id":"1425944145147875338","created_at":"2021-08-12T22:15:51.000Z","public_metrics":{"retweet_count":0,"reply_count":0,"like_count":0,"quote_count":0},"lang":"en"},{"author_id":"30947214","text":"@shaindelr So sorry Shaindel. How is the air quality? Everyone inside? Our flooding in June one weekend was apocalyptic. Global climate change is very evident now. The fires in Greece &amp; Turkey, flooding in Europe, etc.","id":"1425943376600330242","created_at":"2021-08-12T22:12:48.000Z","public_metrics":{"retweet_count":0,"reply_count":1,"like_count":1,"quote_count":0},"lang":"en"},{"author_id":"954446475467153412","text":"This past week, Greece, Turkey, Italy, Lebanon, Syria, Spain, Algeria were one fire. \n\nThe entire Mediterranean is burning. Climate change is real but oil companies don’t care. As long as they make money.","id":"1425942802710605827","created_at":"2021-08-12T22:10:31.000Z","public_metrics":{"retweet_count":1,"reply_count":0,"like_count":4,"quote_count":0},"lang":"en"},{"author_id":"165234575","text":"In bleak, brilliant Ex.Hale release, a plea for fire-ravaged Greece - CDM Create Digital Music https://t.co/MRDyl5Gy7e via @instapaper","id":"1425942692328972290","created_at":"2021-08-12T22:10:05.000Z","public_metrics":{"retweet_count":0,"reply_count":0,"like_count":0,"quote_count":0},"lang":"en"},{"author_id":"3141955221","text":"@KingJames No one's thinking about how poor Greece is on fire bless life world peace oh how history repeats. ) not 2020","id":"1425942682606743553","created_at":"2021-08-12T22:10:02.000Z","public_metrics":{"retweet_count":0,"reply_count":0,"like_count":0,"quote_count":0},"lang":"en"},{"author_id":"1151082542952529920","text":"@KrosusC @dagensnyheter prexis. \n\nDet var lika torrt där förra året och då brann det inte.\n\nAlltså har någon/några tänt på.\n\nKanske det var SVT, MP, Greta eller Erika Bjärström som var där med tändstickorna.\n\nhttps://t.co/Z88MnM5tKZ","id":"1425942574259445765","created_at":"2021-08-12T22:09:37.000Z","public_metrics":{"retweet_count":0,"reply_count":0,"like_count":0,"quote_count":0},"lang":"sv"},{"author_id":"900607693236215808","text":"Strong heat and fires wreak havoc in Algeria, Italy, Greece and Russia\nhttps://t.co/gpKqh7ak32","id":"1425941933722062858","created_at":"2021-08-12T22:07:04.000Z","public_metrics":{"retweet_count":0,"reply_count":0,"like_count":1,"quote_count":0},"lang":"en"},{"author_id":"448586460","text":"@SenSanders The fires in California are due to the states restrictions on not allowing people to come in and clean the dead wood out.  Greece was arson…stop the fear mongering.","id":"1425941717912539142","created_at":"2021-08-12T22:06:12.000Z","public_metrics":{"retweet_count":0,"reply_count":0,"like_count":0,"quote_count":0},"lang":"en"},{"author_id":"260109740","text":"The volunteers saved #Evia\nCorrespondence @tony_rgps \nvia @csmonitor\n#Πυρκαγια\n#Greece\nhttps://t.co/86Ieh0zKUu","id":"1425940700563185664","created_at":"2021-08-12T22:02:10.000Z","public_metrics":{"retweet_count":3,"reply_count":0,"like_count":2,"quote_count":0},"lang":"en"},{"author_id":"449600949","text":"The nightmare of Greece's Evia, an island devoured by flames || Via CNN https://t.co/79LgHEkOe4","id":"1425940346756796421","created_at":"2021-08-12T22:00:46.000Z","public_metrics":{"retweet_count":3,"reply_count":1,"like_count":6,"quote_count":0},"lang":"en"},{"author_id":"82347945","text":"While it seemed like all the fires were in #Greece, 2021 has been hellish all across #Europe where blazes destroyed huge swathes of forests but nowhere more so than Greece's second-biggest island of #Evia, 69 miles northeast of the capital #Athens. https://t.co/2Z1WRQ5oUT","id":"1425938906529386496","created_at":"2021-08-12T21:55:02.000Z","public_metrics":{"retweet_count":3,"reply_count":0,"like_count":0,"quote_count":0},"lang":"en"},{"author_id":"900607693236215808","text":"Strong heat and fires wreak havoc in Algeria, Italy, Greece and Russia\nhttps://t.co/klMAiysNlP","id":"1425938784630284288","created_at":"2021-08-12T21:54:33.000Z","public_metrics":{"retweet_count":0,"reply_count":0,"like_count":0,"quote_count":0},"lang":"en"},{"author_id":"2167549219","text":"RT SenSanders \"Huge fires in Siberia with smoke spreading more than 3,000 miles. Major fires in Greece, California and Oregon. Heat wave in Italy. Increased drought throughout the planet.  We're in this together. The entire world must unite to combat climate change. There is…","id":"1425938316789174275","created_at":"2021-08-12T21:52:42.000Z","public_metrics":{"retweet_count":0,"reply_count":0,"like_count":0,"quote_count":0},"lang":"en"},{"author_id":"274369575","text":"'Nothing's left:' Residents detail devastating fires\n\nhttps://t.co/thHDtu8Z9s","id":"1425938235981660162","created_at":"2021-08-12T21:52:22.000Z","public_metrics":{"retweet_count":0,"reply_count":0,"like_count":0,"quote_count":0},"lang":"en"},{"author_id":"1371245816657162243","text":"there are also fires on algeria, greece and turkey ;-; idk what to cry for at this point","id":"1425938172614172673","created_at":"2021-08-12T21:52:07.000Z","public_metrics":{"retweet_count":0,"reply_count":0,"like_count":1,"quote_count":0},"lang":"en"},{"author_id":"3001410510","text":"All fires in Europe right now!\nWe need to pull together to put them out. No one is exempt or we all die. Retweet raise awareness. Only the loud voice of the masses can stir government to action!\nhttps://t.co/OuK9sH39FW","id":"1425937901938937856","created_at":"2021-08-12T21:51:03.000Z","public_metrics":{"retweet_count":0,"reply_count":0,"like_count":0,"quote_count":0},"lang":"en"},{"author_id":"2457208771","text":"@autismmaniamkj This is my friend's grandmother, mourning the catastrophe after the fires burning all around Greece...","id":"1425937763061411851","created_at":"2021-08-12T21:50:30.000Z","public_metrics":{"retweet_count":0,"reply_count":0,"like_count":0,"quote_count":0},"lang":"en"},{"author_id":"702311189506691072","text":"#RT @SenSanders: Huge fires in Siberia with smoke spreading more than 3,000 miles. Major fires in Greece, California and Oregon. Heat wave in Italy. Increased drought throughout the planet.  We're in this together. The entire world must unite to combat climate change. There …","id":"1425937625727344644","created_at":"2021-08-12T21:49:57.000Z","public_metrics":{"retweet_count":0,"reply_count":0,"like_count":0,"quote_count":0},"lang":"en"},{"author_id":"1395647516260118528","text":"@RojH123 @jhalcrojohnston There's your Greek fires explained.\n\nhttps://t.co/nFy5Ldk0XU","id":"1425937339788976135","created_at":"2021-08-12T21:48:49.000Z","public_metrics":{"retweet_count":0,"reply_count":1,"like_count":0,"quote_count":0},"lang":"en"},{"author_id":"3161520110","text":"#RT @SenSanders: Huge fires in Siberia with smoke spreading more than 3,000 miles. Major fires in Greece, California and Oregon. Heat wave in Italy. Increased drought throughout the planet.  We're in this together. The entire world must unite to combat climate change. There …","id":"1425937334072233987","created_at":"2021-08-12T21:48:47.000Z","public_metrics":{"retweet_count":0,"reply_count":0,"like_count":1,"quote_count":0},"lang":"en"},{"author_id":"535459924","text":"@SenSanders Lebanon, Greece, Turkey &amp; Algiers! It’s all over the world, we’re on fire because of the heat waves?? We ought to unite efforts from Lebanon, to Turkey, Greece, Europe, USA?American Lebanese, Maher Salloum :( “Together We Are Responsible”","id":"1425937164332945410","created_at":"2021-08-12T21:48:07.000Z","public_metrics":{"retweet_count":0,"reply_count":0,"like_count":0,"quote_count":0},"lang":"en"},{"author_id":"3274820030","text":"@SenSanders CA fire started by a transformer\nGreece fire started by 3 guys\nOregon fire started by lightening\nNo new Dams, poor forrest management. All manmade reasons NOT climate. Prove me wrong","id":"1425937098926923781","created_at":"2021-08-12T21:47:51.000Z","public_metrics":{"retweet_count":0,"reply_count":1,"like_count":2,"quote_count":0},"lang":"en"},{"author_id":"811552207107747844","text":"@greekcitytimes 2 planes are in Greece.\nYes. Good.\n\nOurs..yours..?\n\nWtf\n\nİmportant thing is fight to fires together\n\nStop bullshit politics","id":"1425937050608472074","created_at":"2021-08-12T21:47:40.000Z","public_metrics":{"retweet_count":0,"reply_count":0,"like_count":0,"quote_count":0},"lang":"en"},{"author_id":"49518125","text":"Greece’s fires cause choking smoke, threaten heritage sites https://t.co/H5mgZawZpO","id":"1425936149692960771","created_at":"2021-08-12T21:44:05.000Z","public_metrics":{"retweet_count":0,"reply_count":0,"like_count":0,"quote_count":0},"lang":"en"},{"author_id":"22009570","text":"@kmitsotakis Why would you allow those that set fires on purpose to be let go\uD83D\uDC7F\uD83D\uDC7F\uD83D\uDC7F are you part of the Spira to destroy Greece\uD83D\uDC7F\uD83D\uDC7F\uD83D\uDC7F\uD83D\uDC7Fyou are a communist","id":"1425935850270072832","created_at":"2021-08-12T21:42:53.000Z","public_metrics":{"retweet_count":0,"reply_count":0,"like_count":0,"quote_count":0},"lang":"en"},{"author_id":"29442313","text":"Huge fires in Siberia with smoke spreading more than 3,000 miles. Major fires in Greece, California and Oregon. Heat wave in Italy. Increased drought throughout the planet.  We're in this together. The entire world must unite to combat climate change. There is no choice.","id":"1425935438603227142","created_at":"2021-08-12T21:41:15.000Z","public_metrics":{"retweet_count":2602,"reply_count":617,"like_count":14556,"quote_count":102},"lang":"en"},{"author_id":"769466197","text":"Why there are fires in greece\nhttps://t.co/krarrpyRWY","id":"1425935139809472522","created_at":"2021-08-12T21:40:04.000Z","public_metrics":{"retweet_count":1,"reply_count":0,"like_count":2,"quote_count":0},"lang":"en"},{"author_id":"15838516","text":"‘Apocalyptic’ scenes hit Greece as Athens besieged by fire https://t.co/iUkDn6kquf","id":"1425935067562582022","created_at":"2021-08-12T21:39:47.000Z","public_metrics":{"retweet_count":0,"reply_count":0,"like_count":0,"quote_count":0},"lang":"en"},{"author_id":"1189621997157920769","text":"Just read more articles about the fires in Greece. I was born there and even if these fires occure every year, it's never been this bad. \nThe greek government will, one day, maybe, hopefully, properly support and help the people living on Greek soil. \nDear gov, you had one job.","id":"1425934381944803331","created_at":"2021-08-12T21:37:03.000Z","public_metrics":{"retweet_count":0,"reply_count":0,"like_count":0,"quote_count":0},"lang":"en"},{"author_id":"186933748","attachments":{"media_keys":["3_1425934110988587010"]},"text":"After 10 days of battling blazes across the country, firefighters in Greece have managed to contain some of them. A thunderstorm helped douse the smoldering fires, though lightning sparked new ones https://t.co/B1Jk8PzBD3 #Greece #Wildfires #φωτιες #Πυρκαγια https://t.co/XJhUcdTyXJ","id":"1425934115111587844","created_at":"2021-08-12T21:36:00.000Z","public_metrics":{"retweet_count":1,"reply_count":1,"like_count":3,"quote_count":0},"lang":"en"},{"author_id":"1384376634787000323","text":"@Murraykeen The suffering of others haunts me. I can’t imagine. The fires in Greece is painful to watch too. Older people struggling to escape the fires \uD83D\uDE22\uD83D\uDE22\uD83D\uDE22","id":"1425932059860639745","created_at":"2021-08-12T21:27:50.000Z","public_metrics":{"retweet_count":0,"reply_count":1,"like_count":0,"quote_count":0},"lang":"en"},{"author_id":"1366654373540077576","text":"Omg a priest in Greece thinks that the fires that we have here are supernatural connected with homosexuality.","id":"1425932010812477444","created_at":"2021-08-12T21:27:38.000Z","public_metrics":{"retweet_count":0,"reply_count":0,"like_count":1,"quote_count":0},"lang":"en"},{"author_id":"334753503","text":"On fire - USA, Russia, Peru, Turkey, Greece, Italy, Algeria\nHave I missed any?\n#ClimateEmergency","id":"1425930500523405321","created_at":"2021-08-12T21:21:38.000Z","public_metrics":{"retweet_count":0,"reply_count":0,"like_count":0,"quote_count":0},"lang":"en"},{"author_id":"82347945","text":"The risk of fire will be very high (category 4) on Friday in four Greek regions, according to the Wildfire Hazard map released by the General Secretariat for Civil Protection on Thursday. #Greece #wildfires #Europe https://t.co/wPJI6vZ037","id":"1425930097744285701","created_at":"2021-08-12T21:20:02.000Z","public_metrics":{"retweet_count":2,"reply_count":0,"like_count":0,"quote_count":0},"lang":"en"},{"author_id":"1344256982858010624","text":"Regardez \"Greece: Ferry evacuates hundreds by sea as fires close in on Evia village\" sur YouTube https://t.co/ZXI99AyunN","id":"1425929903845871621","created_at":"2021-08-12T21:19:16.000Z","public_metrics":{"retweet_count":0,"reply_count":0,"like_count":0,"quote_count":0},"lang":"en"},{"author_id":"755519062352994305","attachments":{"media_keys":["3_1425929455223156737","3_1425929455244087308","3_1425929455210483719","3_1425929455608999943"]},"text":"\uD83C\uDDF5\uD83C\uDDF1 Polish firefighters supporting their brothers and sisters in Greece and Turkey as they try to put the fires raging across the region. Images of these heroes in action.  Solidarity was born in Poland! Our whole country is so proud of our firefighters \uD83D\uDC69‍\uD83D\uDE92\n\uD83C\uDDF5\uD83C\uDDF1\uD83E\uDD1D\uD83C\uDDEC\uD83C\uDDF7\uD83C\uDDF9\uD83C\uDDF7 https://t.co/ZG8iBtDmtm","id":"1425929470196785161","created_at":"2021-08-12T21:17:32.000Z","public_metrics":{"retweet_count":34,"reply_count":0,"like_count":87,"quote_count":1},"lang":"en"},{"author_id":"1076726631195041792","text":"‘Apocalyptic’ scenes hit Greece as Athens besieged by fire https://t.co/pKOFJHEyn2","id":"1425929416627023872","created_at":"2021-08-12T21:17:20.000Z","public_metrics":{"retweet_count":1,"reply_count":0,"like_count":1,"quote_count":0},"lang":"en"},{"author_id":"34860936","text":"Greenpeace Russia estimates the fires have burned around 62,000 square miles across Russia since the start of the year. The current fires are larger than the wildfires in Greece, Turkey, Canada and the United States. https://t.co/mX81cGKmIH","id":"1425929025470361601","created_at":"2021-08-12T21:15:46.000Z","public_metrics":{"retweet_count":0,"reply_count":0,"like_count":0,"quote_count":0},"lang":"en"},{"author_id":"198491721","text":"@dakuenn I guess so... It's so devastating how people are destroying the world so fast and money is the only thing that seems to matter for the governments. How are the things in Greece at the moment? \uD83D\uDE23 Have they gotten fires under control at all...?","id":"1425928621135384580","created_at":"2021-08-12T21:14:10.000Z","public_metrics":{"retweet_count":0,"reply_count":1,"like_count":1,"quote_count":0},"lang":"en"},{"author_id":"923974966323838976","text":"Pray for Algeria \uD83C\uDDE9\uD83C\uDDFF  Greece \uD83C\uDDEC\uD83C\uDDF7 and Turkey \uD83C\uDDF9\uD83C\uDDF7 \uD83D\uDE4F #fires","id":"1425927740839108614","created_at":"2021-08-12T21:10:40.000Z","public_metrics":{"retweet_count":0,"reply_count":0,"like_count":0,"quote_count":0},"lang":"en"},{"author_id":"43948964","text":"New post (Global wildfires: Greece surveys damage from fires of \"exceptional magnitude\") published on https://t.co/RaBjl5DDcP - https://t.co/dUp9LBBPno","id":"1425927222192492547","created_at":"2021-08-12T21:08:36.000Z","public_metrics":{"retweet_count":0,"reply_count":0,"like_count":0,"quote_count":0},"lang":"en"},{"author_id":"1401773701885014016","attachments":{"media_keys":["3_1425926837738393606"]},"text":"Egyptian Air Force over Greece helping put out the fires https://t.co/3JgxfqunwZ","id":"1425926840074571780","created_at":"2021-08-12T21:07:05.000Z","public_metrics":{"retweet_count":1,"reply_count":0,"like_count":3,"quote_count":0},"lang":"en"},{"author_id":"1230214352","text":"@steve_weitzman @mount_bees @revrrlewis Hey, those flamers are making it to California, British Columbia, Greece and Turkey and starting forest fires!!","id":"1425923915650580491","created_at":"2021-08-12T20:55:28.000Z","public_metrics":{"retweet_count":0,"reply_count":0,"like_count":0,"quote_count":0},"lang":"en"},{"author_id":"411564538","text":"@TIME Fires in California, Turkey, Greece, Algeria. \nThree continents and at the same time. \nThis evidence will Trump, even Trumpian logic. \nClimate change has landed on this Globe.","id":"1425923699149099010","created_at":"2021-08-12T20:54:36.000Z","public_metrics":{"retweet_count":0,"reply_count":0,"like_count":1,"quote_count":0},"lang":"en"},{"author_id":"895812336723779584","attachments":{"media_keys":["3_1425923684863143939"]},"text":"Greece fires: Foreign teams join battle on Evia island https://t.co/iRQWdMmeII https://t.co/gpFe8waCwd","id":"1425923686595383296","created_at":"2021-08-12T20:54:33.000Z","public_metrics":{"retweet_count":0,"reply_count":0,"like_count":0,"quote_count":0},"lang":"en"},{"author_id":"899327890264924161","text":"@Lucas_Long_ @SoggyBread4077 @ulrich5000 @Aspiration oh i dunno maybe the thosands of people that were just evacuated from evia island in greece? https://t.co/HZoqbfae8q","id":"1425923085551742984","created_at":"2021-08-12T20:52:10.000Z","public_metrics":{"retweet_count":0,"reply_count":0,"like_count":0,"quote_count":0},"lang":"en"},{"author_id":"885800543897223168","text":"\uD83C\uDDE9\uD83C\uDDF0INF006.) 12 AĞUSTOS 2021\nRITZAU acans haberi\n\nGreek wildfires have ravaged over \n100,000 hectares of land\n\nPrime Minister calls natural fires \n\n\"the biggest ecological disaster\" in Greece for decades\n\nhttps://t.co/6XiCEkN6TX","id":"1425922434872586242","created_at":"2021-08-12T20:49:35.000Z","public_metrics":{"retweet_count":0,"reply_count":0,"like_count":0,"quote_count":0},"lang":"en"},{"author_id":"3001410510","text":"@KamalaHarris Put out the fires. The U.S. Canada Greece Turkey Siberia Nigeria on fire!!!\nThe fire in Siberia is bigger than all the others put together. The one in California is over 150,000 acres by itself. We need all hands on deck. If this continues we won't last a decade.","id":"1425921920369893381","created_at":"2021-08-12T20:47:32.000Z","public_metrics":{"retweet_count":0,"reply_count":0,"like_count":2,"quote_count":0},"lang":"en"},{"author_id":"633580141","text":"Evening Briefing: Fires rage in Greece · least affordable places in the UK  ·  Taliban advances\n\nhttps://t.co/kzPM7wq8PM\n\nEnviado desde @updayUK","id":"1425921744112660488","created_at":"2021-08-12T20:46:50.000Z","public_metrics":{"retweet_count":0,"reply_count":0,"like_count":0,"quote_count":0},"lang":"en"},{"author_id":"1395950989518295041","text":"@elonmusk i would humbly ask you if you could somehow help Greece we got over 100 wild fires and many people lost their homes we got fires 7 days straight if you could donate or help somehow \n\nGreek Red Cross\nhttps://t.co/pmCe9DLMWW","id":"1425921649195560960","created_at":"2021-08-12T20:46:28.000Z","public_metrics":{"retweet_count":0,"reply_count":0,"like_count":0,"quote_count":0},"lang":"en"},{"author_id":"3001410510","text":"@POTUS Put out the fires. The U.S. Canada Greece Turkey Siberia Nigeria on fire!!!\nThe fire in Siberia is bigger than all the others put together. The one in California is over 150,000 acres by itself. We need all hands on deck. If this continues we won't last a decade.","id":"1425921505339269128","created_at":"2021-08-12T20:45:53.000Z","public_metrics":{"retweet_count":1,"reply_count":0,"like_count":3,"quote_count":0},"lang":"en"},{"author_id":"1395950989518295041","text":"@loltyler1 i would humbly ask you if you could somehow help Greece we got over 100 wild fires and many people lost their homes we got fires 7 days straight if you could donate or let your community know they can donate on \nGreek Red Cross\nhttps://t.co/pmCe9DLMWW","id":"1425921465787031554","created_at":"2021-08-12T20:45:44.000Z","public_metrics":{"retweet_count":0,"reply_count":0,"like_count":0,"quote_count":0},"lang":"en"},{"author_id":"1395950989518295041","text":"@xQc i would humbly ask you if you could somehow help Greece we got over 100 wild fires and many people lost their homes we got fires 7 days straight if you could donate or let your community know they can donate on \nGreek Red Cross\nhttps://t.co/pmCe9DLMWW","id":"1425921341199470593","created_at":"2021-08-12T20:45:14.000Z","public_metrics":{"retweet_count":0,"reply_count":0,"like_count":0,"quote_count":0},"lang":"en"},{"author_id":"1395950989518295041","text":"@Skeppy i would humbly ask you if you could somehow help Greece we got over 100 wild fires and many people lost their homes we got fires 7 days straight if you could donate or let your community know they can donate on \nGreek Red Cross\nhttps://t.co/pmCe9DLMWW","id":"1425921180284903427","created_at":"2021-08-12T20:44:36.000Z","public_metrics":{"retweet_count":0,"reply_count":0,"like_count":0,"quote_count":0},"lang":"en"},{"author_id":"1395950989518295041","text":"@sapnapalt i would humbly ask you if you could somehow help Greece we got over 100 wild fires and many people lost their homes we got fires 7 days straight if you could donate or let your community know they can donate on \nGreek Red Cross\nhttps://t.co/pmCe9DLMWW","id":"1425921110848253954","created_at":"2021-08-12T20:44:19.000Z","public_metrics":{"retweet_count":0,"reply_count":0,"like_count":0,"quote_count":0},"lang":"en"},{"author_id":"1395950989518295041","text":"@GeorgeNootFound i would humbly ask you if you could somehow help Greece we got over 100 wild fires and many people lost their homes we got fires 7 days straight if you could donate or let your community know they can donate on \nGreek Red Cross\nhttps://t.co/pmCe9DLMWW","id":"1425921084914913280","created_at":"2021-08-12T20:44:13.000Z","public_metrics":{"retweet_count":0,"reply_count":0,"like_count":0,"quote_count":0},"lang":"en"},{"author_id":"15345179","text":"Stark predictions of the worsening climate emergency come as fires rage across the US, Greece and Turkey, and record-breaking rains bring floods to Germany and China | @Cat_Early76 #IPCCReport https://t.co/M2VlbjhlaE","id":"1425921032775421954","created_at":"2021-08-12T20:44:01.000Z","public_metrics":{"retweet_count":0,"reply_count":0,"like_count":0,"quote_count":0},"lang":"en"},{"author_id":"1264231845538955268","text":"Evia Fire Enters Villages in Greece https://t.co/ayNAKalLIE via @YouTube","id":"1425920229809459204","created_at":"2021-08-12T20:40:49.000Z","public_metrics":{"retweet_count":0,"reply_count":0,"like_count":0,"quote_count":0},"lang":"en"},{"author_id":"29580693","text":"Ντροπή και κρίμα.\nhttps://t.co/56Xuyzjv48","id":"1425919618888179713","created_at":"2021-08-12T20:38:24.000Z","public_metrics":{"retweet_count":0,"reply_count":0,"like_count":0,"quote_count":0},"lang":"el"},{"author_id":"1266894836994641920","text":"FIRE RESPONSE / READ REMARKS at 3084 DEWEY AVE, Greece: @ BARF","id":"1425919459982729216","created_at":"2021-08-12T20:37:46.000Z","public_metrics":{"retweet_count":0,"reply_count":0,"like_count":0,"quote_count":0},"lang":"en"},{"author_id":"1025828072606642177","text":"#Fires have caused devastation in several #Mediterranean countries in recent days, including #Turkey, #Greece, #Lebanon and #Cyprus.| BBC\n#Europe\n#Wildfires\n#Heatwave \n#ClimateCrisis\n#Environment \nhttps://t.co/5DXuLGUvn0","id":"1425919459378843649","created_at":"2021-08-12T20:37:46.000Z","public_metrics":{"retweet_count":0,"reply_count":0,"like_count":0,"quote_count":0},"lang":"en"},{"author_id":"1395950989518295041","text":"@timthetatman i would humbly ask you if you could somehow help Greece we got over 100 wild fires and many people lost their homes we got fires 7 days straight if you could donate or let your community know they can donate on \nGreek Red Cross\nhttps://t.co/pmCe9DLMWW","id":"1425919284434423808","created_at":"2021-08-12T20:37:04.000Z","public_metrics":{"retweet_count":0,"reply_count":0,"like_count":0,"quote_count":0},"lang":"en"},{"author_id":"1395950989518295041","text":"@summit1g i would humbly ask you if you could somehow help Greece we got over 100 wild fires and many people lost their homes we got fires 7 days straight if you could donate or let your community know they can donate on \nGreek Red Cross\nhttps://t.co/pmCe9DLMWW","id":"1425919272346325005","created_at":"2021-08-12T20:37:01.000Z","public_metrics":{"retweet_count":0,"reply_count":0,"like_count":0,"quote_count":0},"lang":"en"},{"author_id":"1395950989518295041","text":"@Greekgodx i would humbly ask you if you could somehow help Greece we got over 100 wild fires and many people lost their homes we got fires 7 days straight if you could donate or let your community know they can donate on \nGreek Red Cross\nhttps://t.co/pmCe9DLMWW","id":"1425919258559721474","created_at":"2021-08-12T20:36:58.000Z","public_metrics":{"retweet_count":0,"reply_count":0,"like_count":0,"quote_count":0},"lang":"en"},{"author_id":"1395950989518295041","text":"@EsfandTV i would humbly ask you if you could somehow help Greece we got over 100 wild fires and many people lost their homes we got fires 7 days straight if you could donate or let your community know they can donate on \nGreek Red Cross\nhttps://t.co/pmCe9DLMWW","id":"1425919242101219339","created_at":"2021-08-12T20:36:54.000Z","public_metrics":{"retweet_count":0,"reply_count":0,"like_count":0,"quote_count":0},"lang":"en"},{"author_id":"1395950989518295041","text":"@REALMizkif i would humbly ask you if you could somehow help Greece we got over 100 wild fires and many people lost their homes we got fires 7 days straight if you could donate or let your community know they can donate on \nGreek Red Cross\nhttps://t.co/pmCe9DLMWW","id":"1425919229656764417","created_at":"2021-08-12T20:36:51.000Z","public_metrics":{"retweet_count":0,"reply_count":0,"like_count":0,"quote_count":0},"lang":"en"},{"author_id":"1395950989518295041","text":"@tommyaltinnit i would humbly ask you if you could somehow help Greece we got over 100 wild fires and many people lost their homes we got fires 7 days straight if you could donate or let your community know they can donate on \nGreek Red Cross\nhttps://t.co/pmCe9DLMWW","id":"1425919217266737155","created_at":"2021-08-12T20:36:48.000Z","public_metrics":{"retweet_count":0,"reply_count":0,"like_count":0,"quote_count":0},"lang":"en"},{"author_id":"1395950989518295041","text":"@CORPSE i would humbly ask you if you could somehow help Greece we got over 100 wild fires and many people lost their homes we got fires 7 days straight if you could donate or let your community know they can donate on \nGreek Red Cross\nhttps://t.co/pmCe9DLMWW","id":"1425919204021133316","created_at":"2021-08-12T20:36:45.000Z","public_metrics":{"retweet_count":0,"reply_count":0,"like_count":0,"quote_count":0},"lang":"en"},{"author_id":"2428208376","text":"@jackhutton @LindaCipriano3 @Azarias_Ananias @Graziano_Montes Extremadura, Spain: 49°C\nGreece: 45 and hundreds of fires, Turkey as well.\nSicilia suffers from 51°C (they never had such temperatures)\nRoma: 41\nPerugia: 44\nNorth Italy, Tyrol: after rain, storm, mudslides and first snow in the Alpes: 26°C (they should have 35°C in August).\nCrazy","id":"1425919192717529089","created_at":"2021-08-12T20:36:42.000Z","public_metrics":{"retweet_count":0,"reply_count":1,"like_count":0,"quote_count":0},"lang":"en"}],"includes":{"media":[{"media_key":"3_1425956524028006405","type":"photo","url":"https://pbs.twimg.com/media/E8oD50_XEAUjchh.jpg"},{"media_key":"13_1425955512034775041","public_metrics":{"view_count":487},"type":"video"},{"media_key":"13_1425603983935168517","public_metrics":{"view_count":169768},"type":"video"},{"media_key":"7_1425617579154968580","public_metrics":{"view_count":7540},"type":"video"},{"media_key":"13_1425714081571368965","public_metrics":{"view_count":53229},"type":"video"},{"media_key":"16_1425949473835032578","type":"animated_gif"},{"media_key":"3_1425934110988587010","type":"photo","url":"https://pbs.twimg.com/media/E8nvhN6WUAI3yrU.jpg"},{"media_key":"3_1425929455223156737","type":"photo","url":"https://pbs.twimg.com/media/E8nrSN1XsAE1NxA.jpg"},{"media_key":"3_1425929455244087308","type":"photo","url":"https://pbs.twimg.com/media/E8nrSN6XEAw2ATA.jpg"},{"media_key":"3_1425929455210483719","type":"photo","url":"https://pbs.twimg.com/media/E8nrSNyWUAc70GU.jpg"},{"media_key":"3_1425929455608999943","type":"photo","url":"https://pbs.twimg.com/media/E8nrSPRXMAc_CGX.jpg"},{"media_key":"3_1425926837738393606","type":"photo","url":"https://pbs.twimg.com/media/E8no528X0AYnAVC.jpg"},{"media_key":"3_1425923684863143939","type":"photo","url":"https://pbs.twimg.com/media/E8nmCVkVcAMHfqP.jpg"}]},"meta":{"newest_id":"1425961170759000068","oldest_id":"1425919192717529089","result_count":100,"next_token":"b26v89c19zqg8o3fpdm8kx1biza7qwdvgqacxug8w22kd"}}