{"data":[{"author_id":"1395950989518295041","created_at":"2021-08-12T20:36:42.000Z","lang":"en","public_metrics":{"retweet_count":0,"reply_count":0,"like_count":0,"quote_count":0},"text":"@Asmongold i would humbly ask you if you could somehow help Greece we got over 100 wild fires and many people lost their homes we got fires 7 days straight if you could donate or let your community know they can donate on \nGreek Red Cross\nhttps://t.co/pmCe9DLMWW","id":"1425919192453324803"},{"author_id":"1395950989518295041","created_at":"2021-08-12T20:36:39.000Z","lang":"en","public_metrics":{"retweet_count":0,"reply_count":0,"like_count":0,"quote_count":0},"text":"@sapnap i would humbly ask you if you could somehow help Greece we got over 100 wild fires and many people lost their homes we got fires 7 days straight if you could donate or let your community know they can donate on \nGreek Red Cross\nhttps://t.co/pmCe9DLMWW","id":"1425919180453318660"},{"author_id":"1395950989518295041","created_at":"2021-08-12T20:36:34.000Z","lang":"en","public_metrics":{"retweet_count":0,"reply_count":0,"like_count":0,"quote_count":0},"text":"@Ninja i would humbly ask you if you could somehow help Greece we got over 100 wild fires and many people lost their homes we got fires 7 days straight if you could donate or let your community know they can donate on \nGreek Red Cross\nhttps://t.co/pmCe9DLMWW","id":"1425919160836665350"},{"author_id":"1395950989518295041","created_at":"2021-08-12T20:36:31.000Z","lang":"en","public_metrics":{"retweet_count":0,"reply_count":0,"like_count":0,"quote_count":0},"text":"@drdisrespect i would humbly ask you if you could somehow help Greece we got over 100 wild fires and many people lost their homes we got fires 7 days straight if you could donate or let your community know they can donate on \nGreek Red Cross\nhttps://t.co/pmCe9DLMWW","id":"1425919146919858186"},{"author_id":"1395950989518295041","created_at":"2021-08-12T20:36:22.000Z","lang":"en","public_metrics":{"retweet_count":0,"reply_count":0,"like_count":0,"quote_count":0},"text":"@Dream \ni would humbly ask you if you could somehow help Greece we got over 100 wild fires and many people lost their homes we got fires 7 days straight if you could donate or let your community know they can donate on \nGreek Red Cross\nhttps://t.co/pmCe9DLMWW","id":"1425919110513315845"},{"author_id":"1196171624439074817","created_at":"2021-08-12T20:35:55.000Z","lang":"und","public_metrics":{"retweet_count":5,"reply_count":0,"like_count":13,"quote_count":0},"text":"#ΒασίληςΦιλώρας #VasilisFiloras #θαρσειν_σωζειν #πυροσβεστικο_σωμα_ελλαδας #hellenic_fire_corps #hellenicfireservice #hellenicfirecorps #πυροσβεστική #πυρκαγιά #firefighters #courage #motivation #fire #φωτιά #Greece https://t.co/Dzhb5vkErJ","id":"1425918993538469895","attachments":{"media_keys":["7_1425918217202044932"]}},{"author_id":"1575659701","created_at":"2021-08-12T20:33:07.000Z","lang":"en","public_metrics":{"retweet_count":0,"reply_count":0,"like_count":0,"quote_count":0},"text":"#FIRE #GREECE \nFire Consumes Large Swaths of Greece https://t.co/eHblJNAh8w","id":"1425918291248357377"},{"author_id":"1395950989518295041","created_at":"2021-08-12T20:32:08.000Z","lang":"en","public_metrics":{"retweet_count":0,"reply_count":0,"like_count":0,"quote_count":0},"text":"@shroud i would humbly ask you if you could somehow help Greece we got over 100 wild fires and many people lost their homes we got fires 7 days straight if you could donate or let your community know they can donate on \nGreek Red Cross\nhttps://t.co/pmCe9DLMWW\n@shroud @summit1g","id":"1425918044170248193"},{"author_id":"82347945","created_at":"2021-08-12T20:25:01.000Z","lang":"en","public_metrics":{"retweet_count":3,"reply_count":0,"like_count":0,"quote_count":0},"text":"€15 Million Emergency Grant from @SNForg Responds to Fire Crisis in #Greece https://t.co/h7h57nKRoh","id":"1425916254481694721"},{"author_id":"22166017","created_at":"2021-08-12T20:24:00.000Z","lang":"en","public_metrics":{"retweet_count":4,"reply_count":0,"like_count":6,"quote_count":0},"text":"Wildfires in Greece have been identified as the biggest threat to priceless heritage sites such as Olympia, which narrowly escaped destruction in the current wave of fire.\n\nThe #ClimateCrisis is a threat to our cultures around the world. https://t.co/oNrUJQNOIa","id":"1425915996276146183"},{"author_id":"2438339976","created_at":"2021-08-12T20:21:21.000Z","lang":"en","public_metrics":{"retweet_count":0,"reply_count":0,"like_count":3,"quote_count":0},"text":"‘The fires raging in Siberia are bigger than fires in Greece, Turkey, Italy, the United States &amp; Canada combined,’ ...so many beings now smoke particulates. Tech solutions, tricky carbon offsets &amp; accounting will not  stop the extinguishments. #IPCC  https://t.co/VaHGQ7gYVA","id":"1425915331403419648"},{"author_id":"20354761","created_at":"2021-08-12T20:21:07.000Z","lang":"en","public_metrics":{"retweet_count":2,"reply_count":0,"like_count":5,"quote_count":0},"text":"A fund raiser for those affected by the fires in Greece @okinmakesart https://t.co/u8t7nK1c1d","id":"1425915270711808003"},{"author_id":"1010905349090566144","created_at":"2021-08-12T20:20:44.000Z","lang":"en","public_metrics":{"retweet_count":0,"reply_count":0,"like_count":0,"quote_count":0},"text":"Global wildfires: Greece surveys damage from fires of \"exceptional magnitude\" https://t.co/MWivZlu6ue \nEarth reads what needs to burn, houses are dead wood like dry forests, nature reads it as waste to burn to make ash. Ash is needed for seed to grow. Burn-&gt;Ash-&gt;Seed-&gt;New Growth","id":"1425915173269737472"},{"author_id":"73683803","created_at":"2021-08-12T20:17:45.000Z","lang":"en","public_metrics":{"retweet_count":0,"reply_count":1,"like_count":1,"quote_count":0},"text":"@NorgiePaul @Exxon_Knew @ExxonMobil_EU @ExxonMobil_UK @exxonmobil_ind @ExxonMobil_PNG @TrueCostChevron @chevronphillips @ChevronHouston @bp_America @arco @Shell Yes, they are. Down the coast here, it's been a gigantic wildfire. Been burning &amp; burning. California, Greece, Albania, peat fires in Russia. I have changed several habits personally, to do my part/not contribute. But we have to stop raping our earth, or we are screwed pooches.","id":"1425914423651180544"},{"author_id":"706277716757053440","created_at":"2021-08-12T20:16:34.000Z","lang":"en","public_metrics":{"retweet_count":0,"reply_count":0,"like_count":1,"quote_count":0},"text":"@ZoeyCatBell @StruttLuke Greece is a beautiful country.  The fires  are so devastating.","id":"1425914124295229442"},{"author_id":"1208396175839285250","created_at":"2021-08-12T20:15:07.000Z","lang":"en","public_metrics":{"retweet_count":0,"reply_count":2,"like_count":1,"quote_count":1},"text":"@robintransition @ArchRose90 Is it true that climate change activist ,have been setting fires in Greece and other countries to try and make the narrative for there being a climate emergency .","id":"1425913759617462276"},{"author_id":"4909522369","created_at":"2021-08-12T20:13:26.000Z","lang":"en","public_metrics":{"retweet_count":0,"reply_count":0,"like_count":0,"quote_count":0},"text":"Ancient Olympics’ Birthplace Saved as Fires Rage Across Southern Europe\n\nA massive heatwave sparked blazes along the Mediterranean, threatening cultural heritage sites and forcing mass evacuations.\nhttps://t.co/rFFTMJmcEi","id":"1425913339163529216"},{"author_id":"205770556","created_at":"2021-08-12T20:10:57.000Z","lang":"en","public_metrics":{"retweet_count":1,"reply_count":0,"like_count":2,"quote_count":0},"text":"Where to donate and how to help Greece wildfire victims in Turkey, Algeria, Italy and Spain https://t.co/DvZfWbujC3","id":"1425912712312262657"},{"author_id":"1347277471482138624","created_at":"2021-08-12T20:08:19.000Z","lang":"en","public_metrics":{"retweet_count":0,"reply_count":0,"like_count":0,"quote_count":0},"text":"Europe isn't known for wildfires but large parts of Italy, North Macedonia, Greece, and Turkey are on fire right now.  Yay, climate change.","id":"1425912051575099393"},{"author_id":"3223815979","created_at":"2021-08-12T20:07:53.000Z","lang":"en","public_metrics":{"retweet_count":0,"reply_count":0,"like_count":0,"quote_count":0},"text":"yes Canavan on QandA\nwas a grave error\nthe same b/s as ten yrs ago\n\nbut after GREECE fires\nCanavan is a pariah\n\nCARBON TAX IS GOING TO HIT AUSTRALIA\n&amp; AUSTRALIA DESERVES IT https://t.co/I1ILK7ISGt","id":"1425911941164244992"},{"author_id":"1535172385","created_at":"2021-08-12T20:05:16.000Z","lang":"en","public_metrics":{"retweet_count":7,"reply_count":0,"like_count":12,"quote_count":1},"text":"‘Apocalyptic’ scenes hit Greece as Athens besieged by fire https://t.co/lQIejEQbrA","id":"1425911283115646983"},{"author_id":"2789328987","created_at":"2021-08-12T20:04:02.000Z","lang":"en","public_metrics":{"retweet_count":0,"reply_count":0,"like_count":0,"quote_count":0},"text":"Our planet is literally on fire.\n\nMeanwhile, #Biden's government is pressing #OPEC for more #oil output so that American consumers can buy cheaper gasoline!  WTF!\n\n------\nWildfires rage across Algeria, Greece and Italy https://t.co/i58vCCWQBh","id":"1425910972800176130"},{"author_id":"868112707","created_at":"2021-08-12T20:02:00.000Z","lang":"en","public_metrics":{"retweet_count":22,"reply_count":2,"like_count":103,"quote_count":4},"text":"GREECE: 'Bath time': Volunteer vets tend to Greece's fire-hit pets\n\uD83D\uDCF8 #AFP \nhttps://t.co/7SqmciP74d https://t.co/7m5Bu9G1Gj","id":"1425910459274645504","attachments":{"media_keys":["3_1425844961761763332","3_1425844986986311683","3_1425845004556197902","3_1425845020725284871"]}},{"author_id":"1189474829134643202","created_at":"2021-08-12T20:01:37.000Z","lang":"en","public_metrics":{"retweet_count":2,"reply_count":0,"like_count":3,"quote_count":0},"text":"“The fires raging in Siberia are bigger than fires in Greece, Turkey, Italy, the United States and Canada combined”\n\n\uD83D\uDD25\uD83D\uDD25\uD83D\uDD25\uD83D\uDD25\uD83D\uDD25\uD83D\uDD25\uD83D\uDD25\uD83D\uDD25\uD83D\uDD25\uD83D\uDD25\uD83D\uDD25\uD83D\uDD25\uD83D\uDD25\uD83D\uDD25\uD83D\uDD25\uD83D\uDD25\uD83D\uDD25\uD83D\uDD25\uD83D\uDD25\uD83D\uDD25\uD83D\uDD25\uD83D\uDD25\uD83D\uDD25\uD83D\uDD25\uD83D\uDD25\uD83D\uDD25\uD83D\uDD25\uD83D\uDD25\uD83D\uDD25\uD83D\uDD25\uD83D\uDD25\uD83D\uDD25\uD83D\uDD25\uD83D\uDD25\uD83D\uDD25\uD83D\uDD25\uD83D\uDD25\uD83D\uDD25\uD83D\uDD25\uD83D\uDD25\uD83D\uDD25\uD83D\uDD25\uD83D\uDD25\uD83D\uDD25\uD83D\uDD25\uD83D\uDD25\uD83D\uDD25\uD83D\uDD25\uD83D\uDD25\uD83D\uDD25\uD83D\uDD25\uD83D\uDD25\uD83D\uDD25\uD83D\uDD25\uD83D\uDD25\uD83D\uDD25\uD83D\uDD25\uD83D\uDD25\uD83D\uDD25\uD83D\uDD25\uD83D\uDD25\uD83D\uDD25\uD83D\uDD25\uD83D\uDD25\uD83D\uDD25\uD83D\uDD25\uD83D\uDD25\uD83D\uDD25\n\n https://t.co/VYUeiXjxac","id":"1425910365456588807"},{"author_id":"1625272760","created_at":"2021-08-12T20:01:19.000Z","lang":"en","public_metrics":{"retweet_count":0,"reply_count":1,"like_count":0,"quote_count":0},"text":"@HairFlipsNChips Wtf? Omg. Girl Wth is going on? I seen Greece was on fire as well.","id":"1425910286981107715"},{"author_id":"1347226880450170883","created_at":"2021-08-12T20:00:37.000Z","lang":"en","public_metrics":{"retweet_count":0,"reply_count":1,"like_count":0,"quote_count":0},"text":"The damage caused by the fires near Athens was exacerbated by funding cuts to the fire departments (https://t.co/I46EMJ2nTi).","id":"1425910113035079698"},{"author_id":"3242852904","created_at":"2021-08-12T20:00:34.000Z","lang":"en","public_metrics":{"retweet_count":0,"reply_count":1,"like_count":1,"quote_count":0},"text":"Greece is on fire.  Sicily is on fire.  Record breaking temperatures in the triple digits all around the world.  Massive flooding in Europe, Asia, and the Americas.  Coral reefs dying.  This is just the tip of the (melting) iceberg.  We need climate change action NOW.","id":"1425910101001392128"},{"author_id":"110482636","created_at":"2021-08-12T19:58:05.000Z","lang":"en","public_metrics":{"retweet_count":0,"reply_count":0,"like_count":0,"quote_count":0},"text":"Greek wildfires a major ecological catastrophe, PM says: Greece's largest fire broke out on the country’s second-largest island of Evia and was still smoldering more than a week later, after having destroyed most of the island’s north https://t.co/70a7qyxPjM Haaretz https://t.co/9fcmV2dAZM","id":"1425909473487462401","attachments":{"media_keys":["3_1425909471964909569"]}},{"author_id":"1250415659760017408","created_at":"2021-08-12T19:53:57.000Z","lang":"en","public_metrics":{"retweet_count":0,"reply_count":0,"like_count":0,"quote_count":0},"text":"@GretaThunberg HAVE YOU NOT LIGHTED THE RED CODE FOR FIRE IN GREECE?\nWHY?","id":"1425908435883810821"},{"author_id":"14753993","created_at":"2021-08-12T19:48:29.000Z","lang":"en","public_metrics":{"retweet_count":2,"reply_count":0,"like_count":0,"quote_count":0},"text":"Situation Update - Update No. 9 - Outdoor fire - Greece - Evia Fires: The Largest Environmental Catastrophe of Greece - https://t.co/jAADX6QihL","id":"1425907056759001091"},{"author_id":"39261197","created_at":"2021-08-12T19:45:34.000Z","lang":"und","public_metrics":{"retweet_count":7,"reply_count":0,"like_count":10,"quote_count":0},"text":"#volunteers #dog #foster #adoptme #attica #donotabandonme #AdoptDontShop #doggy  #Greece #rt #fires #GreeceFires #animals #Emergency #love #save #saveanimals #cats #lookforme #πυρκαγιες #Αττική #ζωα @EmptyTheCages_ https://t.co/zDllSpRWfZ","id":"1425906325620502533"},{"author_id":"1282423427865829377","created_at":"2021-08-12T19:44:58.000Z","lang":"en","public_metrics":{"retweet_count":0,"reply_count":0,"like_count":4,"quote_count":0},"text":"Nvm that greece, ca, australia is on fire,   and that China &amp; Germany are being flooded for the first time in thousands of years for SOME reason\n\nIT'S HER OUTFIT THAT NEEDS TO BE DISCUSSED\n\nSeriously? I may not always agree with her but she have a point on the climate and waste. https://t.co/oU2VTGpYNK","id":"1425906172297576448"},{"author_id":"77626182","created_at":"2021-08-12T19:42:00.000Z","lang":"en","public_metrics":{"retweet_count":2,"reply_count":1,"like_count":11,"quote_count":0},"text":"Algeria, Greece, Italy, Siberia, California, and the Amazin on fire ATM. Altho the Amazon is intentional. Does it still count \uD83D\uDE44 https://t.co/zRPu2yu8Kx","id":"1425905426177032196"},{"author_id":"1391055790895734789","created_at":"2021-08-12T19:41:47.000Z","lang":"en","public_metrics":{"retweet_count":0,"reply_count":1,"like_count":0,"quote_count":0},"text":"@DeborahMeaden @aBitSquirrely News coverage showing fake fire engines putting out fake forest fires in Greece &amp; Turkey. It’s all #FakeNews\nFake record high temperatures in Sicily, Italy. #FakeHeatwave","id":"1425905373752483848"},{"author_id":"2738095608","created_at":"2021-08-12T19:41:28.000Z","lang":"en","public_metrics":{"retweet_count":0,"reply_count":4,"like_count":5,"quote_count":0},"text":"@dogdaysinitaly @OrchestraDog @Darcie212 @NeddlePeddle @jamessbond20 @parsleysmum @TashaSpunSugar @Charlot31041072 @Ted1Inquisitive @OdinAllbother @Alfie77617391 @ByrneCocker @daisy_pom @pacer_t @JoyceWallach @debrabyrne7 Yes completely …\uD83D\uDE2D\uD83D\uDE2D there are many fires still burning in southern greece but i do believe things are improving","id":"1425905293288947722"},{"author_id":"1036816881347219457","created_at":"2021-08-12T19:41:14.000Z","lang":"en","public_metrics":{"retweet_count":0,"reply_count":1,"like_count":1,"quote_count":0},"text":"@DrVivianS Am so sorry to hear about Greece and the devastating fires. I have distant relatives in Rhodes.\uD83D\uDE2D","id":"1425905233331474439"},{"author_id":"56463517","created_at":"2021-08-12T19:37:37.000Z","lang":"en","public_metrics":{"retweet_count":0,"reply_count":0,"like_count":3,"quote_count":0},"text":"SEE/SMELL SMOKE/APPLIANCE FIRE - 141 CLEARWATER CIR, Greece #roc","id":"1425904323112878082"},{"author_id":"1419345780511494144","created_at":"2021-08-12T19:37:35.000Z","lang":"en","public_metrics":{"retweet_count":0,"reply_count":0,"like_count":0,"quote_count":0},"text":"Forest fires rage in Greece, threaten #Olympics birthplace One of the major #forest fires burning in Greece amid a protracted heat wave threatened the archaeological site at the birthplace of the modern Olympics as the Greek military prepared https://t.co/4n7BWvMLBZ #tech #me","id":"1425904313918889985"},{"author_id":"1266894836994641920","created_at":"2021-08-12T19:37:20.000Z","lang":"en","public_metrics":{"retweet_count":0,"reply_count":0,"like_count":0,"quote_count":0},"text":"SEE/SMELL SMOKE/APPLIANCE FIRE at 141 CLEARWATER CIR, Greece","id":"1425904250643693570"},{"author_id":"33794732","created_at":"2021-08-12T19:34:44.000Z","lang":"en","public_metrics":{"retweet_count":0,"reply_count":0,"like_count":2,"quote_count":0},"text":"@drvolts In the meantime the poles are melting Sea levels are rising are Ca Oregon and Greece are on fire or a hoax according to former guy","id":"1425903598945271817"},{"author_id":"1340007793970077697","created_at":"2021-08-12T19:33:47.000Z","lang":"en","public_metrics":{"retweet_count":8,"reply_count":1,"like_count":24,"quote_count":0},"text":"Algeria, Tunisia, Turkey, Greece\ni really hope the fire stop. I offer my deepest condolences to the families of the dead https://t.co/ES7z5VVEzi","id":"1425903357244452866","attachments":{"media_keys":["3_1425903345147973633","3_1425903347920429064","3_1425903351271731206","3_1425903354316828672"]}},{"author_id":"1240960261873434624","created_at":"2021-08-12T19:30:49.000Z","lang":"en","public_metrics":{"retweet_count":0,"reply_count":0,"like_count":0,"quote_count":0},"text":"Greece: improvement on the fire front, government remains cautious https://t.co/3UFS9fuWng","id":"1425902613493604364"},{"author_id":"20751449","created_at":"2021-08-12T19:30:20.000Z","lang":"en","public_metrics":{"retweet_count":10,"reply_count":2,"like_count":53,"quote_count":1},"text":"#Greece is just one of a number of countries in the Mediterranean region that have been hit by a savage fire season which authorities have blamed on climate change\nhttps://t.co/xGgloE3DZH","id":"1425902490214707205"},{"author_id":"2815511911","created_at":"2021-08-12T19:30:17.000Z","lang":"en","public_metrics":{"retweet_count":0,"reply_count":1,"like_count":0,"quote_count":0},"text":"undefined https://t.co/gChpmF5fcH","id":"1425902478927835143"},{"author_id":"794403898714947585","created_at":"2021-08-12T19:28:35.000Z","lang":"en","public_metrics":{"retweet_count":0,"reply_count":0,"like_count":1,"quote_count":0},"text":"The organized fans normally in Gate 4, kept it vacant in protest. The banner in English (oh really?) is in protest against keeping unvaccinated fans out of the stadium. Should’ve taken the opportunity to support the fire stricken people of Greece instead IMO. #PAOK https://t.co/w5Ahg0G3wF","id":"1425902049833758721"},{"author_id":"1147136656857849857","created_at":"2021-08-12T19:24:35.000Z","lang":"en","public_metrics":{"retweet_count":0,"reply_count":1,"like_count":0,"quote_count":0},"text":"2,500-Year-Old Ancient Olive Tree Burned Down in Evia Fires in Greece https://t.co/couDGF3xTV via @greekreporter","id":"1425901045759217668"},{"author_id":"2432287297","created_at":"2021-08-12T19:22:58.000Z","lang":"en","public_metrics":{"retweet_count":0,"reply_count":0,"like_count":0,"quote_count":0},"text":"#Serbian #police #chopper crews continue #battling #fires in #Greece https://t.co/fPgbFMcRgX","id":"1425900637208911877"},{"author_id":"4784731463","created_at":"2021-08-12T19:22:14.000Z","lang":"und","public_metrics":{"retweet_count":0,"reply_count":1,"like_count":0,"quote_count":0},"text":"PAOK SALONIKA fans who do not attend any games due to the Covid vaccine bullshit, protested after the fires by the gov all over Greece.\n('Γ@ΜΙΕΤΑΙ Η ΝΔ!!' the main slogan!)\n \nhttps://t.co/QNyy7dkgYF","id":"1425900453305401344"},{"author_id":"1274461415148081155","created_at":"2021-08-12T19:20:56.000Z","lang":"en","public_metrics":{"retweet_count":1,"reply_count":0,"like_count":5,"quote_count":1},"text":"586 fires in 10 days only in Greece... and the motherfucker we have for a minister ain't doing shit","id":"1425900126439096325"},{"author_id":"14076534","created_at":"2021-08-12T19:19:28.000Z","lang":"en","public_metrics":{"retweet_count":0,"reply_count":0,"like_count":0,"quote_count":0},"text":"'Bath time': Volunteer vets tend to Greece's fire-hit pets https://t.co/zaIqIvHAKa @FRANCE24から","id":"1425899757587685376"},{"author_id":"132467553","created_at":"2021-08-12T19:18:24.000Z","lang":"en","public_metrics":{"retweet_count":0,"reply_count":1,"like_count":1,"quote_count":0},"text":"@strange_geoff @shaun_robo @PeterStefanovi2 @BBCNews @BBCBreakfast @BBCPolitics I wonder if he’s gone back to Greece to help fight the vicious fires that threaten his second home.","id":"1425899485834665992"},{"author_id":"266635682","created_at":"2021-08-12T19:10:03.000Z","lang":"en","public_metrics":{"retweet_count":1,"reply_count":0,"like_count":4,"quote_count":0},"text":"With fires raging across the West, the United Nations has issued a “code red” for the climate. https://t.co/d5Uq5vLIOP https://t.co/Etv8KmGTQS","id":"1425897385805422592","attachments":{"media_keys":["3_1425897384576438277"]}},{"author_id":"386072477","created_at":"2021-08-12T19:04:56.000Z","lang":"en","public_metrics":{"retweet_count":0,"reply_count":0,"like_count":0,"quote_count":0},"text":"Greece Fires Continue for 8th Day, More Than 230,000 Acres Burned https://t.co/rioDsNMnXR","id":"1425896100603604997"},{"author_id":"341445799","created_at":"2021-08-12T19:04:48.000Z","lang":"en","public_metrics":{"retweet_count":0,"reply_count":2,"like_count":0,"quote_count":0},"text":"@gjwmsu @AP_Europe @AP Turkey and Greece don’t even have the equipment to fight fires like California, such as air planes and helicopters to drop water on the fires.  They haven’t spent money on equipment in years.  This is why it’s so bad, other countries are coming in to help.","id":"1425896065794981888"},{"author_id":"386072477","created_at":"2021-08-12T19:04:38.000Z","lang":"en","public_metrics":{"retweet_count":0,"reply_count":0,"like_count":0,"quote_count":0},"text":"Greece Promises Billions in Aid for Fire Victims, Reforestation https://t.co/5jkg9yw96i","id":"1425896023461871623"},{"author_id":"386072477","created_at":"2021-08-12T19:03:37.000Z","lang":"en","public_metrics":{"retweet_count":0,"reply_count":0,"like_count":0,"quote_count":0},"text":"Greece Fires: Evia, Arcadia Continue to Battle Huge Blazes https://t.co/onO1tmir7F","id":"1425895767982710787"},{"author_id":"942826806192861185","created_at":"2021-08-12T19:02:55.000Z","lang":"en","public_metrics":{"retweet_count":5,"reply_count":6,"like_count":10,"quote_count":0},"text":"@AceBearstrom @Raymond_LLM @LiberalDogMom @Sexy_kittykat13 @Rubicon1313 @Msdesignerlady @katalva3 @billie4short1 @RaymondEsq2 @BlueWaveSurfer6 @maknanners @GrayZPoo @ektaka @EKLOCYRAG @EusebiaAq @KathyA70426555 @DocBass4 @2old4thishappy1 @goshorn_s @psepi @Mars51Mar @TheTrueAmerica5 @bdk1521 @GrandMasterE1 @DJZJCZ @Meghanduggan1 @1UnrulySquirrel @Applelaw1Sandra @clarity_rules @DesignationSix @designsbycary @yogaservant @reddogsusie @FryerTuck7 @MRidgemere @silver_labrador @justlouieandme @cjcrew3 @yoksig Huh fossil fuel \uD83E\uDDD0 aren't we in a climate crisis point of no return \uD83E\uDD14 that's bizarre @AceBearstrom turkey / Greece fires \uD83D\uDE33 west Europe floods / Africa drought #ClimateReport check it out we are ☠ https://t.co/PMeYOfq3wo","id":"1425895589884174338","attachments":{"media_keys":["7_1425895547634954244"]}},{"author_id":"1048341575217160199","created_at":"2021-08-12T19:00:49.000Z","lang":"en","public_metrics":{"retweet_count":0,"reply_count":0,"like_count":0,"quote_count":0},"text":"If Dante had filmed the Inferno on his iPhone, it would look like this | Francine Prose https://t.co/GUVLj6xW4u","id":"1425895061146030081"},{"author_id":"1343958083530321922","created_at":"2021-08-12T18:59:38.000Z","lang":"en","public_metrics":{"retweet_count":1,"reply_count":0,"like_count":7,"quote_count":1},"text":"More than happy to support the charity auction organised by @zakalwe_x and @itstheAGAH  for the people affected by the wild fires in Greece\uD83C\uDDEC\uD83C\uDDF7 \uD83D\uDE4F\n\n#nfttogether #NFTCommunity #NFT #Greecewildfires #greeceisburning https://t.co/OUZg2VtXsQ","id":"1425894766961700871"},{"author_id":"708058034816294912","created_at":"2021-08-12T18:59:25.000Z","lang":"en","public_metrics":{"retweet_count":0,"reply_count":2,"like_count":3,"quote_count":0},"text":"@olasempruch @danieltilles1 In English, one can also say for example that \"Greece asked other countries to help them with the fires\", but it of course means that Greece wants other countries to help them stop the fires.","id":"1425894711991144461"},{"author_id":"1065699150925320193","created_at":"2021-08-12T18:58:46.000Z","lang":"en","public_metrics":{"retweet_count":0,"reply_count":0,"like_count":9,"quote_count":0},"text":"Home sweet home after a lovely week. No signal, no work, much needed respite. \n\nSeems it has been quite a week. I’m proud as always of our fire family helping out in Greece &amp; my thoughts are with all those affected \uD83D\uDE92 https://t.co/jwZf2rzpqY","id":"1425894545389129732","attachments":{"media_keys":["3_1425894536878989313","3_1425894538061750282"]}},{"author_id":"1264340239025352704","created_at":"2021-08-12T18:58:17.000Z","lang":"en","public_metrics":{"retweet_count":0,"reply_count":1,"like_count":1,"quote_count":0},"text":"@nathanpriv_ isnt greece like on fire","id":"1425894424354168839"},{"author_id":"2506635420","created_at":"2021-08-12T18:56:50.000Z","lang":"en","public_metrics":{"retweet_count":0,"reply_count":0,"like_count":0,"quote_count":0},"text":"https://t.co/HOubwTY3t3 // In bleak, brilliant Ex.Hale release, a plea for fire-ravaged Greece https://t.co/URxJw8UEOr","id":"1425894058950549504"},{"author_id":"1338722316","created_at":"2021-08-12T18:56:14.000Z","lang":"en","public_metrics":{"retweet_count":0,"reply_count":0,"like_count":1,"quote_count":0},"text":"‘Apocalyptic’ scenes hit Greece as Athens besieged by fire https://t.co/8MZ5hbUU7e","id":"1425893911227162624"},{"author_id":"114287926","created_at":"2021-08-12T18:54:18.000Z","lang":"en","public_metrics":{"retweet_count":0,"reply_count":0,"like_count":0,"quote_count":0},"text":"Prime Minister of #Greece Kyriakos Mitsotakis: Devastating #Wildfires Are A Global #Ecological &amp; #Economic #Catastrophe:  https://t.co/Wiy1uEru1E #Europe","id":"1425893423010168834"},{"author_id":"232725933","created_at":"2021-08-12T18:54:09.000Z","lang":"en","public_metrics":{"retweet_count":0,"reply_count":0,"like_count":1,"quote_count":0},"text":"@calico_heart_ A friend who lives in Turkey said that the reason why they have not been able to control the fires in both Turkey and Greece, is because they don't have airplanes that carry water or sand. She said they are not prepared for this kind of disaster. She also mentioned that the fires","id":"1425893384653361154"},{"author_id":"1307577516547280898","created_at":"2021-08-12T18:50:53.000Z","lang":"en","public_metrics":{"retweet_count":18,"reply_count":3,"like_count":31,"quote_count":5},"text":"OMG, what a line up we have for this Saturday with @itstheAGAH! Charity auction for those affected by the wild fires in Greece. Artists include: (follow the thread). Time TBC. Please show support for this amazing cause. All funds going to help efforts. #nftogether #nft #nftart","id":"1425892561718218764"},{"author_id":"1137505954558357504","created_at":"2021-08-12T18:48:55.000Z","lang":"en","public_metrics":{"retweet_count":1,"reply_count":0,"like_count":0,"quote_count":0},"text":"Banner Ad:\n\"Why not book a flight to Athens in Greece?\"\n\nMe:\nOh there's a very good reason for that.\nIt's on fire.","id":"1425892066102587402"},{"author_id":"755937003036938240","created_at":"2021-08-12T18:47:05.000Z","lang":"en","public_metrics":{"retweet_count":0,"reply_count":1,"like_count":0,"quote_count":0},"text":"@danicalynn1988 @hierophantess Oregon is in the oven, He has a Greece fire on the stove.","id":"1425891604699693066"},{"author_id":"2527072987","created_at":"2021-08-12T18:45:34.000Z","lang":"en","public_metrics":{"retweet_count":1,"reply_count":0,"like_count":2,"quote_count":0},"text":"Thank you, firemen of the #Czech Republic, #Russia, #France, #Ukraine and many other countries for helping to fight the terrible fires in #Greece","id":"1425891224527966210"},{"author_id":"2842517351","created_at":"2021-08-12T18:44:59.000Z","lang":"en","public_metrics":{"retweet_count":3,"reply_count":2,"like_count":5,"quote_count":0},"text":"Burnt area by forest fires in Greece in 2021 (up till yesterday) compared to previous years. 2020 data missing. https://t.co/kDFKKKobrY","id":"1425891079098970113","attachments":{"media_keys":["3_1425891071821762576"]}},{"author_id":"1391450520410157059","created_at":"2021-08-12T18:44:38.000Z","lang":"en","public_metrics":{"retweet_count":0,"reply_count":0,"like_count":5,"quote_count":0},"text":"@iAsura_ @narendramodi Greece has twice the number of fire fighting aircrafts than turkey.","id":"1425890991496564737"},{"author_id":"549480305","created_at":"2021-08-12T18:44:07.000Z","lang":"en","public_metrics":{"retweet_count":0,"reply_count":0,"like_count":1,"quote_count":0},"text":"Greece on Fire, Italy on Fire, California on Fire, China on Fire","id":"1425890858398855171"},{"author_id":"598353458","created_at":"2021-08-12T18:44:01.000Z","lang":"und","public_metrics":{"retweet_count":1,"reply_count":0,"like_count":1,"quote_count":0},"text":"#Greece #GreeceFires \n#Greek #fires \n#ClimateCrisis \n#europe\n#UN https://t.co/a2l3UoKwho","id":"1425890833899851777"},{"author_id":"1430665214","created_at":"2021-08-12T18:43:36.000Z","lang":"en","public_metrics":{"retweet_count":0,"reply_count":0,"like_count":0,"quote_count":0},"text":"Awful for them fleeing horror fire as well how sad. Wishing all well #Milos  #GreeceFires\nAll passengers rescued after British-flagged vessel sinks off the coast of Milos, Greece, coast guard says | World News | Sky News https://t.co/3LhT4azunV","id":"1425890731714035716"},{"author_id":"1141047558","created_at":"2021-08-12T18:42:18.000Z","lang":"en","public_metrics":{"retweet_count":1,"reply_count":0,"like_count":0,"quote_count":0},"text":"Prime Minister @kmitsotakis will brief #Parliament on the recent #wildfires in #Greece on August 25. \n\nhttps://t.co/pyHAstQDyr\n\n#GreeceFires https://t.co/tl8fwvVQZA","id":"1425890404461944833","attachments":{"media_keys":["3_1425890359478005765"]}},{"author_id":"2728982333","created_at":"2021-08-12T18:40:36.000Z","lang":"en","public_metrics":{"retweet_count":0,"reply_count":0,"like_count":0,"quote_count":0},"text":"#wildfires #firesafety #GreeceFires  #KMitsotakis What will you do Mr. PM to prevent future fires? Why is there no infrastructure for fires in Greece? https://t.co/t4xFbltoDt","id":"1425889975334211596"},{"author_id":"2598653714","created_at":"2021-08-12T18:37:48.000Z","lang":"en","public_metrics":{"retweet_count":0,"reply_count":0,"like_count":0,"quote_count":0},"text":"@IsabelOakeshott Get on your Broomstick go and fight the fires in Greece with it...don't beat about the Bush","id":"1425889271324499970"},{"author_id":"705121858580934657","created_at":"2021-08-12T18:37:46.000Z","lang":"en","public_metrics":{"retweet_count":0,"reply_count":0,"like_count":0,"quote_count":0},"text":"‘Apocalyptic’ scenes hit Greece as Athens besieged by fire https://t.co/eLnuSywIl9","id":"1425889261820121090"},{"author_id":"2182807308","created_at":"2021-08-12T18:37:30.000Z","lang":"en","public_metrics":{"retweet_count":2,"reply_count":0,"like_count":9,"quote_count":0},"text":"After the deadly fire disaster in Mati in 2018, Greece´s then Prime Minister Alexis Tsipras hired a world-renowned expert as consultant on forest fire prevention. Kyriakos Mitsotakis pledged to follow his recommendations. But did he? A conversation with Georg Goldammer. (F.A.Z.) https://t.co/4QFlJW1d0m","id":"1425889195390799876","attachments":{"media_keys":["3_1425888331813036037"]}},{"author_id":"20174943","created_at":"2021-08-12T18:36:28.000Z","lang":"en","public_metrics":{"retweet_count":0,"reply_count":0,"like_count":1,"quote_count":0},"text":"Does this guy know that Greece is on actual fire? https://t.co/AEtlAf5GSY","id":"1425888937084588034"},{"author_id":"52715735","created_at":"2021-08-12T18:36:14.000Z","lang":"en","public_metrics":{"retweet_count":1,"reply_count":0,"like_count":2,"quote_count":0},"text":"When asked about why he wrote \"Pray for Greece\" in the camera, Stefanos Tsitsipas discussed the suffering many people in his home country are facing due to the forest fires:\n\n#NBO21 #ATPToronto https://t.co/zwBTOBk0HN","id":"1425888875055026177","attachments":{"media_keys":["3_1425888646352326658"]}},{"author_id":"16790655","created_at":"2021-08-12T18:36:01.000Z","lang":"en","public_metrics":{"retweet_count":0,"reply_count":0,"like_count":0,"quote_count":0},"text":"‘Apocalyptic’ scenes hit Greece as Athens besieged by fire | Wildfires | The Guardian https://t.co/N9PCkNtvZ8","id":"1425888823800733705"},{"author_id":"394573779","created_at":"2021-08-12T18:32:15.000Z","lang":"en","public_metrics":{"retweet_count":0,"reply_count":1,"like_count":1,"quote_count":0},"text":"@Fout_NL Stay safe fam! Are you in one of the areas with insane temperatures? Or is that just all of Sicilly? I am in Greece atm and sometimes we can smell the fires :(","id":"1425887871794286601"},{"author_id":"2949092680","created_at":"2021-08-12T18:31:53.000Z","lang":"en","public_metrics":{"retweet_count":1,"reply_count":0,"like_count":3,"quote_count":0},"text":"Prayers for all humanity and wildlife, animals, trees of #lifeweb caught in #Greecewildfires\n#Turkeyburning\n#AlgeriaIsBurning\n#italy &amp; #wildfires on dozens parts of Earth\nNot a lot can help now, leave forests wild, pull humans back!\n#ClimateAction\nhttps://t.co/QjmvDkKtFJ @updayUK","id":"1425887781084180501"},{"author_id":"46671396","created_at":"2021-08-12T18:30:04.000Z","lang":"en","public_metrics":{"retweet_count":4,"reply_count":1,"like_count":4,"quote_count":0},"text":"In #Greece, #wildfires have forced thousands to evacuate by land and sea. During the 2018 wildfires, @yanisvaroufakis explained why not only #climatechange, but also unregulated real-estate development and a decade of EU-enforced austerity were to blame. https://t.co/NFtzj5VgUT","id":"1425887323309305860"},{"author_id":"2679176306","created_at":"2021-08-12T18:27:22.000Z","lang":"en","public_metrics":{"retweet_count":1,"reply_count":0,"like_count":0,"quote_count":0},"text":"Greece to purchase firefighting aircraft, other equipment as fires rage https://t.co/bcmua9yw08","id":"1425886644574556165"},{"author_id":"1028638395160047616","created_at":"2021-08-12T18:27:07.000Z","lang":"en","public_metrics":{"retweet_count":3,"reply_count":1,"like_count":4,"quote_count":0},"text":"@AlanAlan5240751 @BTWsanctuary Please can you share this go fund me set up by Vegans in Greece who are helping animals caught in the terrible fire \uD83D\uDE30\nhttps://t.co/2BiiWoygHu","id":"1425886580934381571"},{"author_id":"1080140856861044736","created_at":"2021-08-12T18:26:18.000Z","lang":"en","public_metrics":{"retweet_count":0,"reply_count":0,"like_count":1,"quote_count":0},"text":"@ShinyBoles Yes! I said that to my old governess! I said, the world is falling apart, between COVID, droughts, extreme temperatures &amp; fires throughout the entire world (poor Greece as well), &amp; war (seeing the way the taliban speaks) I feel like earth just wants to be done with us all. \uD83D\uDE14","id":"1425886378580221961"},{"author_id":"1028638395160047616","created_at":"2021-08-12T18:25:01.000Z","lang":"en","public_metrics":{"retweet_count":0,"reply_count":0,"like_count":0,"quote_count":0},"text":"Please help our vegan family in Greece help animals caught up in the fires \uD83D\uDE30\nhttps://t.co/2BiiWoygHu","id":"1425886053311909891"},{"author_id":"1028638395160047616","created_at":"2021-08-12T18:23:51.000Z","lang":"en","public_metrics":{"retweet_count":0,"reply_count":0,"like_count":0,"quote_count":0},"text":"@FrasierHarry Please support our vegan family in Greece helping animals caught up in the fires \uD83D\uDE30\nhttps://t.co/2BiiWoygHu","id":"1425885761778429952"},{"author_id":"37238513","created_at":"2021-08-12T18:23:45.000Z","lang":"en","public_metrics":{"retweet_count":0,"reply_count":0,"like_count":1,"quote_count":0},"text":"@RoznamaLifafa What can be the real purpose God knows as people put on fire their overgrown grassy lands. It happen in Turkey also. Wind blowing is a routine matter of such fires but this time it was unusual...in both Turkey and Greece....","id":"1425885735362703360"},{"author_id":"710844287341170688","created_at":"2021-08-12T18:23:00.000Z","lang":"en","public_metrics":{"retweet_count":8,"reply_count":0,"like_count":9,"quote_count":1},"text":"IMPLACABLE \nINEXORABLE \nRELENTLESS\nUNSTOPPABLE \npart 11\n\n\"I can't take it anymore,\" said farmer Kostis Angelou as he wandered between the corpses of his goats, all 372 of them burnt by a fire that devoured forests on #Evia.\n\n#Greece #wildfires \n\nhttps://t.co/vd3k1urKLv","id":"1425885545012547592"},{"author_id":"436835851","created_at":"2021-08-12T18:19:17.000Z","lang":"en","public_metrics":{"retweet_count":3,"reply_count":0,"like_count":11,"quote_count":0},"text":"‘A decade of austerity has significantly weakened Greece’s firefighting services, according to the head of Greece’s firefighters federation, Dimitris Stathopoulos. Since the 2008 economic crisis, the Greek fire department has been left understaffed and unequipped…’ https://t.co/LsoNOscZSQ","id":"1425884610081263622"},{"author_id":"1255127420304121856","created_at":"2021-08-12T18:18:35.000Z","lang":"fr","public_metrics":{"retweet_count":0,"reply_count":1,"like_count":0,"quote_count":0},"text":"@CAnsermoz @CalatravaCH @TobCasey @Tamedia @key_ATS_news Et vous vous devriez faire des statistiques sur le nombre d'incendies volontaires dans l'épisode actuel. Voilà une source, assurément plus sérieuse que le ton apocalyptique du 24H..... https://t.co/BjyWC3eCAk","id":"1425884435988234243"},{"author_id":"1362177019","created_at":"2021-08-12T18:17:39.000Z","lang":"en","public_metrics":{"retweet_count":0,"reply_count":0,"like_count":0,"quote_count":0},"text":"Wildfires devastate Turkey and Greece in 'worst fire crisis in a decade'... https://t.co/1aUQoYZtSR via @YouTube","id":"1425884199559606281"},{"author_id":"183281748","created_at":"2021-08-12T18:16:49.000Z","lang":"en","public_metrics":{"retweet_count":0,"reply_count":3,"like_count":1,"quote_count":0},"text":"@EdithUhia @Riseupmovt @GretaThunberg There are literally tons of scientific studies about the increase of fire weather due to climate change. Just off the top of my head this one from Greece: https://t.co/TBvkFMmips","id":"1425883991312408577"},{"author_id":"1068189874350694400","created_at":"2021-08-12T18:15:05.000Z","lang":"tr","public_metrics":{"retweet_count":2,"reply_count":0,"like_count":6,"quote_count":0},"text":"#ClimateEmergency #Europe #Europa #ClimateCrisis #ClimateAction #Turquia #Turquie #Ireland #news #Newsnight #fires #wildfires #Greece #BreakingNews #Breaking_news_update #BREAKING #Espana #Germany #Spain #floods\n#Flood\nDün Türkiyede olan sel\n\nJaponya'daki tsunamiden farkı yok. \uD83D\uDE22 https://t.co/RtlB2NzCq7","id":"1425883555415068672"},{"author_id":"1396115222960611329","created_at":"2021-08-12T18:15:04.000Z","lang":"en","public_metrics":{"retweet_count":0,"reply_count":0,"like_count":0,"quote_count":0},"text":"@elitepredatorss #Turkey threw a part of its fire cross border to trouble #Greece since they can't stop getting kick out of it\n\uD83C\uDDF9\uD83C\uDDF7\uD83E\uDD1C\uD83E\uDD1B\uD83C\uDDEC\uD83C\uDDF7","id":"1425883547844288517"},{"author_id":"2589102967","created_at":"2021-08-12T18:14:42.000Z","lang":"en","public_metrics":{"retweet_count":0,"reply_count":0,"like_count":0,"quote_count":0},"text":"https://t.co/dRdVQPMEtm // In bleak, brilliant Ex.Hale release, a plea for fire-ravaged Greece https://t.co/fCpOGc8Vj4","id":"1425883455410298880"}],"includes":{"media":[{"media_key":"7_1425918217202044932","public_metrics":{"view_count":178},"type":"video"},{"media_key":"3_1425844961761763332","type":"photo","url":"https://pbs.twimg.com/media/E8mecDKXIAQIlDg.jpg"},{"media_key":"3_1425844986986311683","type":"photo","url":"https://pbs.twimg.com/media/E8medhIXMAMIOA9.jpg"},{"media_key":"3_1425845004556197902","type":"photo","url":"https://pbs.twimg.com/media/E8meeilWYA4uCDw.jpg"},{"media_key":"3_1425845020725284871","type":"photo","url":"https://pbs.twimg.com/media/E8mefe0XEAcft7P.jpg"},{"media_key":"3_1425909471964909569","type":"photo","url":"https://pbs.twimg.com/media/E8nZHCZVUAEA_Op.jpg"},{"media_key":"3_1425903345147973633","type":"photo","url":"https://pbs.twimg.com/media/E8nTiaOWEAE7pif.jpg"},{"media_key":"3_1425903347920429064","type":"photo","url":"https://pbs.twimg.com/media/E8nTikjWYAgD7Xo.jpg"},{"media_key":"3_1425903351271731206","type":"photo","url":"https://pbs.twimg.com/media/E8nTixCXMAYLdcN.jpg"},{"media_key":"3_1425903354316828672","type":"photo","url":"https://pbs.twimg.com/media/E8nTi8YXsAAQQRP.jpg"},{"media_key":"3_1425897384576438277","type":"photo","url":"https://pbs.twimg.com/media/E8nOHdXWUAUmqU-.jpg"},{"media_key":"7_1425895547634954244","public_metrics":{"view_count":104},"type":"video"},{"media_key":"3_1425894536878989313","type":"photo","url":"https://pbs.twimg.com/media/E8nLhs3XoAEx902.jpg"},{"media_key":"3_1425894538061750282","type":"photo","url":"https://pbs.twimg.com/media/E8nLhxRXIAo8rF0.jpg"},{"media_key":"3_1425891071821762576","type":"photo","url":"https://pbs.twimg.com/media/E8nIYAhWUBA2wp6.png"},{"media_key":"3_1425890359478005765","type":"photo","url":"https://pbs.twimg.com/media/E8nHui1XMAUxCqW.png"},{"media_key":"3_1425888331813036037","type":"photo","url":"https://pbs.twimg.com/media/E8nF4hMXIAU8JYh.jpg"},{"media_key":"3_1425888646352326658","type":"photo","url":"https://pbs.twimg.com/media/E8nGK08X0AIacJ0.png"}]},"meta":{"newest_id":"1425919192453324803","oldest_id":"1425883455410298880","result_count":100,"next_token":"b26v89c19zqg8o3fpdm8kuyonjuj92qvbcb12gyevki9p"}}