{"data":[{"lang":"und","public_metrics":{"retweet_count":0,"reply_count":0,"like_count":4,"quote_count":0},"created_at":"2021-08-12T18:14:33.000Z","id":"1425883420161413124","author_id":"1032254840305602560","text":"https://t.co/4wT18ACQGx"},{"lang":"en","public_metrics":{"retweet_count":0,"reply_count":0,"like_count":3,"quote_count":0},"created_at":"2021-08-12T18:12:29.000Z","id":"1425882900814209025","author_id":"2908534435","text":"Can't sleep and started watching the fires in Greece - utter madness. Very scary. Hope Australia doesn't have a bad summer - we won't be able to get the planes from the US to help us next time"},{"lang":"de","public_metrics":{"retweet_count":0,"reply_count":0,"like_count":1,"quote_count":0},"created_at":"2021-08-12T18:11:52.000Z","id":"1425882745436348416","author_id":"3242128984","text":"@FeuerwehrBonn @SDIS83 @eu_echo @Feuerwehr_Lev @at_fire @BBK_Bund @GSCP_GR Passt auf euch auf. \uD83C\uDF40Und hoffentlich könnt ihr viele Feuer löschen. #GreeceFires  #Greece  #peleponnes \uD83C\uDDE9\uD83C\uDDEA\uD83C\uDDEC\uD83C\uDDF7"},{"lang":"en","public_metrics":{"retweet_count":0,"reply_count":0,"like_count":0,"quote_count":0},"created_at":"2021-08-12T18:07:10.000Z","id":"1425881562403512320","author_id":"3432934311","text":"The world is on fire and the news isnt saying anything about it. US, Canada, Italy, Greece, Turkey, Russia, and more are all on fire right now. \n\n@FoxNews @CNN @CNBC @NBCNews @ABC7NY DO YOUR JOBS AND REPORT THE NEWS"},{"lang":"en","public_metrics":{"retweet_count":0,"reply_count":1,"like_count":0,"quote_count":0},"created_at":"2021-08-12T18:06:59.000Z","id":"1425881515746025483","author_id":"935384124579135488","text":"@BrightAndHollow @TheLastMohicans @ForAmerica you can’t be serious - floods in Germany, in China, in Italy - wild fires in Turkey, Greece and Russia??  I mean what source - just google any of these unless you have been living under a rock the past two years. Do your own research - right?!"},{"lang":"en","public_metrics":{"retweet_count":0,"reply_count":0,"like_count":1,"quote_count":0},"created_at":"2021-08-12T18:06:53.000Z","id":"1425881490899050504","author_id":"943045495727026177","text":"Heartbroken for Greece, a country I have such happy memories of. World leaders must do more to counteract the #ClimateEmergency  @COP26 \n‘Apocalyptic’ scenes hit Greece as Athens besieged by fire https://t.co/deJRSGbMrt"},{"lang":"en","public_metrics":{"retweet_count":12,"reply_count":0,"like_count":8,"quote_count":0},"created_at":"2021-08-12T18:05:00.000Z","id":"1425881015470366722","author_id":"961997551015682049","text":"‘Apocalyptic’ scenes hit Greece as Athens besieged by fire \n\nhttps://t.co/Cl8kIlzVMT #wildfires #ethoslifestyle"},{"lang":"en","public_metrics":{"retweet_count":0,"reply_count":1,"like_count":0,"quote_count":0},"created_at":"2021-08-12T18:02:45.000Z","id":"1425880450157924354","author_id":"4498209202","text":"@ABC Fires AND flooding???  God help us all. \uD83D\uDE4Ffor all people affected in Turkey and Greece...."},{"lang":"en","public_metrics":{"retweet_count":0,"reply_count":0,"like_count":0,"quote_count":0},"created_at":"2021-08-12T18:02:17.000Z","id":"1425880333950521346","author_id":"234807726","text":"https://t.co/fPgWU5Mnwr // In bleak, brilliant Ex.Hale release, a plea for fire-ravaged Greece https://t.co/RPj32AQygq"},{"lang":"en","attachments":{"media_keys":["3_1425880044799504393"]},"public_metrics":{"retweet_count":0,"reply_count":0,"like_count":0,"quote_count":0},"created_at":"2021-08-12T18:01:09.000Z","id":"1425880046993088517","author_id":"1055534008921153536","text":"Greek PM Speaks on Fires and Impact of Climate Change on Greece https://t.co/hRb8ZREN3q via @greekreporter https://t.co/Q71g4omZKW"},{"lang":"en","attachments":{"media_keys":["3_1425879453851394050"]},"public_metrics":{"retweet_count":0,"reply_count":0,"like_count":0,"quote_count":0},"created_at":"2021-08-12T17:58:48.000Z","id":"1425879456313487361","author_id":"1055534008921153536","text":"SNF Donates €15 Million to Help Fire Recovery Effort in Greece https://t.co/rHCxhomwvR via @greekreporter https://t.co/BrCDVKBdug"},{"lang":"en","public_metrics":{"retweet_count":10,"reply_count":6,"like_count":132,"quote_count":1},"created_at":"2021-08-12T17:56:28.000Z","id":"1425878867139571722","author_id":"1214211312126812160","text":"Praying for Turkey,Greece,Italy and every country who is suffering from fires and/or floods \uD83D\uDE4F\uD83D\uDC94"},{"lang":"en","public_metrics":{"retweet_count":0,"reply_count":1,"like_count":4,"quote_count":0},"created_at":"2021-08-12T17:55:46.000Z","id":"1425878691905777673","author_id":"34501723","text":"@ScienceSrg I’m sorry that Greece is being through such terrible fires! We also suffered that in a recent past! I love Greece!"},{"lang":"en","public_metrics":{"retweet_count":0,"reply_count":0,"like_count":1,"quote_count":0},"created_at":"2021-08-12T17:54:27.000Z","id":"1425878362698878979","author_id":"1043963448751783938","text":"At least 65 killed in Algerian wildfires, Greece and Italy burn https://t.co/2hDvNtHewh via @Yahoo Fire"},{"lang":"en","public_metrics":{"retweet_count":0,"reply_count":0,"like_count":0,"quote_count":0},"created_at":"2021-08-12T17:54:16.000Z","id":"1425878314518990850","author_id":"1366461691563761664","text":"What's going wrong on this planet?! In some european countries flood, many deaths, especially in Germany. In Greece Fire, in Turkey Fire too, then in Algeria. And now i read, in Germany a helicopter crashed on the Highway near Berlin\uD83D\uDE48"},{"lang":"en","attachments":{"media_keys":["3_1425878252766248967"]},"public_metrics":{"retweet_count":0,"reply_count":0,"like_count":0,"quote_count":0},"created_at":"2021-08-12T17:54:02.000Z","id":"1425878257711321094","author_id":"1425827864369266818","text":"https://t.co/Fcbz730oVJ\n\nhttps://t.co/Cg1GVQFmMW\n\nhttps://t.co/MLZRzhH9yr\n\nhttps://t.co/x7kpFpDqMC\n\nMy account was permanently deleted with no warning or appeal this morning but if you want more of the same, follow me here…\n\nNews VS Propaganda #Turkey #Greece #Algeria #Italy https://t.co/RUA3p1gewf https://t.co/4UKf6jZmCG"},{"lang":"en","public_metrics":{"retweet_count":1,"reply_count":1,"like_count":1,"quote_count":0},"created_at":"2021-08-12T17:51:56.000Z","id":"1425877726389489669","author_id":"1356584251144232961","text":"@os6mudazai @bibigaynor You telling me you're more concerned over some pixels (which is obviously fake lmaoo game of thrones exist bruh) rather than worrying about the fires in Greece... people are dying and you're worried about pixels...lmaoo"},{"lang":"en","public_metrics":{"retweet_count":0,"reply_count":0,"like_count":2,"quote_count":1},"created_at":"2021-08-12T17:51:07.000Z","id":"1425877520449114119","author_id":"185824578","text":"Siberian fires are as big as all the fires in the US, Canada, Turkey and Greece combined. https://t.co/FtsouIMF6T"},{"lang":"en","public_metrics":{"retweet_count":1,"reply_count":0,"like_count":1,"quote_count":0},"created_at":"2021-08-12T17:50:00.000Z","id":"1425877240290582533","author_id":"16577649","text":"\"The media mostly show us photos of Greenville in flames or destroyed, not the life that existed there before the Dixie Fire. There was a post office and a library and a gas station. There was Jane’s office. All gone now.\"\n\n@dawnstover @BulletinAtomic \n\nhttps://t.co/adcSmwfaCV"},{"lang":"en","public_metrics":{"retweet_count":0,"reply_count":0,"like_count":0,"quote_count":0},"created_at":"2021-08-12T17:49:50.000Z","id":"1425877199865925636","author_id":"1190695121622306823","text":"One of the fires currently burning in Yakutsk in northeast Siberia is \"impossible to contain\" and set to become the largest in human history.\n\nAltogether, the region's fires are bigger than Greece's, Turkey's, Italy's and North America's *combined*...\n\n➡️https://t.co/IYTM8l3HD5"},{"lang":"en","public_metrics":{"retweet_count":0,"reply_count":0,"like_count":1,"quote_count":0},"created_at":"2021-08-12T17:49:32.000Z","id":"1425877122564853760","author_id":"20457323","text":"This goes out to Greenville resident and environmental journalist extraordinaire @JBraxtonLittle. When she's able, I know she'll tell the Dixie Fire story better than anyone else.  https://t.co/0PkVDKf5tC via @BulletinAtomic"},{"lang":"en","public_metrics":{"retweet_count":1,"reply_count":0,"like_count":1,"quote_count":1},"created_at":"2021-08-12T17:48:01.000Z","id":"1425876743680839681","author_id":"1106177386717036545","text":"“Indignation is pervasive... Anger has taken on a collective form and we now hope for its creative expression.” https://t.co/ygkUU2s9aK"},{"lang":"en","attachments":{"media_keys":["3_1425876504785817604"]},"public_metrics":{"retweet_count":0,"reply_count":0,"like_count":0,"quote_count":0},"created_at":"2021-08-12T17:47:05.000Z","id":"1425876506845204486","author_id":"2437832221","text":"In bleak, brilliant Ex.Hale release, a plea for fire-ravaged Greece https://t.co/2ckh3X0XzL https://t.co/KAJo8ZoOH2"},{"lang":"en","attachments":{"media_keys":["3_1425876192444485641"]},"public_metrics":{"retweet_count":0,"reply_count":0,"like_count":3,"quote_count":1},"created_at":"2021-08-12T17:45:53.000Z","id":"1425876204289155074","author_id":"15739035","text":"In bleak, brilliant Ex.Hale release, a plea for fire-ravaged Greece https://t.co/NhOfoXzXPL #bandcamp https://t.co/fAwV5Do65E"},{"lang":"en","public_metrics":{"retweet_count":0,"reply_count":0,"like_count":0,"quote_count":0},"created_at":"2021-08-12T17:43:45.000Z","id":"1425875666646540288","author_id":"1575659701","text":"#FIRE #GREECE #TURKEY \n'Both in Greece and Turkey public anger grew over the response to wildfires'"},{"lang":"en","public_metrics":{"retweet_count":0,"reply_count":0,"like_count":0,"quote_count":0},"created_at":"2021-08-12T17:38:54.000Z","id":"1425874449635631104","author_id":"404163484","text":"Greece fires: Foreign teams join battle on Evia island - techheat: Several European countries are helping Greece to tackle the blazes ravaging parched …Via BBC News https://t.co/Wj57Qo2Tr0"},{"lang":"en","attachments":{"media_keys":["3_1425874351774121994","3_1425874356081676291","3_1425874367288840195"]},"public_metrics":{"retweet_count":0,"reply_count":0,"like_count":1,"quote_count":0},"created_at":"2021-08-12T17:38:36.000Z","id":"1425874372548513802","author_id":"1425865920031903747","text":"#GreeceFires #turkeyfire\n\nMore than 100,000 hectares have been burnt by wildfires raging in Greece over the last two weeks, the most destructive fires in the country since 2007, data from the European Forest Fire Information System (EFFIS).\n\n#Turkey #Turkeyisburning https://t.co/f8RZkSZRpL"},{"lang":"en","public_metrics":{"retweet_count":0,"reply_count":1,"like_count":6,"quote_count":0},"created_at":"2021-08-12T17:38:27.000Z","id":"1425874335697408007","author_id":"1423654082015862792","text":"2. It is clear that 'megafire' is a term that lacks scientific definition, but simply refers to uncontrolled fires burning large hectares of land. Forests (or land in general) in Greece cannot be compared to those of the US.\n#Μητσοτακη_ξερεις_εσυ \n #Συνεντευξη_Τυπου"},{"lang":"en","public_metrics":{"retweet_count":0,"reply_count":0,"like_count":1,"quote_count":0},"created_at":"2021-08-12T17:38:20.000Z","id":"1425874304022024197","author_id":"1684232640","text":"@trutherbluechef 10 arrested in Greece for setting fires deliberately.\nThe timing was just too perfect for the release of the IPCC fiction."},{"lang":"en","public_metrics":{"retweet_count":0,"reply_count":0,"like_count":0,"quote_count":0},"created_at":"2021-08-12T17:35:22.000Z","id":"1425873560329916425","author_id":"559167382","text":"EVIA FIRE: GREECE RELIEF FUND https://t.co/zgzRh8OsfY"},{"lang":"en","public_metrics":{"retweet_count":0,"reply_count":1,"like_count":4,"quote_count":0},"created_at":"2021-08-12T17:33:23.000Z","id":"1425873060456927242","author_id":"1159677126347411456","text":"@patriottakes Southern Europe is still baking and Greece is still on fire. \n https://t.co/yGNVRokT36"},{"lang":"en","public_metrics":{"retweet_count":0,"reply_count":1,"like_count":1,"quote_count":0},"created_at":"2021-08-12T17:32:45.000Z","id":"1425872899982827522","author_id":"1314506385560752129","text":"@DeviPeeta @DOGA13891797 thanks!\n\n\"...nine aircraft, 236 fire trucks, and 1,014 firefighters and rescuers are deployed under the umbrella of the European Union in Greece. Brussels is covering at least 75 percent of the operational costs of this titanic operation.\""},{"lang":"en","public_metrics":{"retweet_count":0,"reply_count":0,"like_count":0,"quote_count":0},"created_at":"2021-08-12T17:29:22.000Z","id":"1425872050481209349","author_id":"3377257708","text":"FIRE IN MY COUNTRY GREECE  https://t.co/Vhcw535cTw"},{"lang":"ja","public_metrics":{"retweet_count":1,"reply_count":0,"like_count":1,"quote_count":0},"created_at":"2021-08-12T17:29:01.000Z","id":"1425871959997304834","author_id":"771329175206580228","text":"アストロピクス：8/12 #温暖化\nギリシアの大規模な山火事の煙を宇宙からとらえた\n\n地中海付近\n◇イタリアやトルコ、アルジェリアなどでも大規模火災発生\n\n↓これらの画像は地球観測衛星ランドサット8が、2021年8月10日にギリシアのエヴィア島を捉えたもの https://t.co/JbshyjdDuq"},{"lang":"en","public_metrics":{"retweet_count":0,"reply_count":1,"like_count":0,"quote_count":0},"created_at":"2021-08-12T17:25:16.000Z","id":"1425871015054348297","author_id":"1325225135394140160","text":"@Grimezsz There was so much emphasis on trying to colonize this dead planet but we have a living one ..and it can still be salvaged...but it's in BAD shape Grimes..like Australian wildfires, Amazon fires, now Greece is on fire...endless animals killed and dogs...."},{"lang":"en","public_metrics":{"retweet_count":0,"reply_count":0,"like_count":0,"quote_count":0},"created_at":"2021-08-12T17:23:04.000Z","id":"1425870464044384258","author_id":"2803195166","text":"God bless Greece \uD83D\uDE4F Evening Briefing: Fires rage in Greece · least affordable places in the UK  ·  Taliban advances\n\nhttps://t.co/ZaAn6REVBG\n\nSent via @updayUK"},{"lang":"en","attachments":{"media_keys":["3_1425869390235451401","3_1425869438054711298","3_1425869805287055365","3_1425869841244753921"]},"public_metrics":{"retweet_count":9,"reply_count":1,"like_count":19,"quote_count":0},"created_at":"2021-08-12T17:21:34.000Z","id":"1425870086368342022","author_id":"113203280","text":"After winning his 3rd round match at the #NBO21 with the support of Toronto's Greek community, Stefanos Tsitsipas of Greece signs a camera with \"Pray of Greece\" after wild fires have been raging across the country for 8 days. @steftsitsipas was also celebrating his birthday. https://t.co/7ZInmEmWUI"},{"lang":"und","attachments":{"media_keys":["3_1425869887172395014","3_1425869887151480840","3_1425869887222788096","3_1425869887239593984"]},"public_metrics":{"retweet_count":0,"reply_count":0,"like_count":2,"quote_count":0},"created_at":"2021-08-12T17:21:07.000Z","id":"1425869970597089282","author_id":"1413802879123484678","text":"#Fire in #Greece https://t.co/b8GcxrLUz4"},{"lang":"en","public_metrics":{"retweet_count":0,"reply_count":0,"like_count":0,"quote_count":0},"created_at":"2021-08-12T17:20:51.000Z","id":"1425869904662745088","author_id":"762196238917853186","text":"Humanity has failed, is failing, and the world burns right now. https://t.co/9dNgPzb21l @arisroussinos via @unherd #ClimateCrisis #Greece #Politics #History"},{"lang":"en","attachments":{"media_keys":["3_1425869805660295177"]},"public_metrics":{"retweet_count":0,"reply_count":0,"like_count":0,"quote_count":0},"created_at":"2021-08-12T17:20:31.000Z","id":"1425869821938442246","author_id":"2758478855","text":"#Fires It’s not just Greece ! https://t.co/d57o6lSw23"},{"lang":"en","attachments":{"media_keys":["3_1425869715662987264"]},"public_metrics":{"retweet_count":0,"reply_count":0,"like_count":0,"quote_count":0},"created_at":"2021-08-12T17:20:06.000Z","id":"1425869717768589316","author_id":"50283258","text":"Tatra Trucks sends support team to fire-ravaged Greece https://t.co/28CwtW8BxP https://t.co/ppsdzlUwPG"},{"lang":"ja","public_metrics":{"retweet_count":0,"reply_count":0,"like_count":0,"quote_count":0},"created_at":"2021-08-12T17:17:56.000Z","id":"1425869170353197060","author_id":"1220711048149291008","text":"ギリシャでは、10日間にわたって各地で火災が発生していましたが、そのうちのいくつかを食い止めることができました。雷雨のおかげでくすぶっていた火が消えましたが、雷が新たな火をつけました。 https://t.co/BdLLNbG3OM\nhttps://t.co/JmCrQ4CiBO"},{"lang":"en","public_metrics":{"retweet_count":6,"reply_count":2,"like_count":7,"quote_count":0},"created_at":"2021-08-12T17:15:40.000Z","id":"1425868599084847114","author_id":"158044902","text":"#Greece gov't offered relief package to fire-stricken and people were pleased ...until they saw the fine print: Several categories excluded from compensation or debt belated repayment just to mention a few. - No surprise here, move on!"},{"lang":"en","public_metrics":{"retweet_count":49,"reply_count":19,"like_count":174,"quote_count":2},"created_at":"2021-08-12T17:15:08.000Z","id":"1425868466444283916","author_id":"807095","text":"After 10 days of battling blazes across the country, firefighters in Greece have managed to contain some of them. A thunderstorm helped douse the smoldering fires, though lightning sparked new ones. https://t.co/hfgou7tCPS"},{"lang":"en","attachments":{"media_keys":["3_1425868042391756807"]},"public_metrics":{"retweet_count":0,"reply_count":0,"like_count":1,"quote_count":0},"created_at":"2021-08-12T17:14:36.000Z","id":"1425868331588984832","author_id":"2195969270","text":"Thermal cameras on drones recorded ground temperature in #Athens at 55 °C \n\n\"The city is surrounded by flames. On the ground, there are tales of heroism &amp; fear for the future...\" \n\n@guardianeco #ClimateCrisis : https://t.co/coXXmNkQi4 https://t.co/M4Brjq5XQJ"},{"lang":"en","public_metrics":{"retweet_count":0,"reply_count":0,"like_count":0,"quote_count":0},"created_at":"2021-08-12T17:13:36.000Z","id":"1425868079750332419","author_id":"1115596788310757377","text":"Italy, Greece, Turkey, and Algeria\n\nIt has been been a tragic situation of wildfire everywhere. \n\uD83D\uDE2D\n\nMy team and I have been working on a fire emergency app and we will appreciate your feedback on your experience on it to make it go live.\n\nhttps://t.co/xEcCINN4yq"},{"lang":"en","public_metrics":{"retweet_count":0,"reply_count":0,"like_count":0,"quote_count":0},"created_at":"2021-08-12T17:09:05.000Z","id":"1425866945841098754","author_id":"2183877523","text":"SNF Donates \"15 Million to Help Fire Recovery Effort in Greece https://t.co/Gqh077xOxK"},{"lang":"en","public_metrics":{"retweet_count":0,"reply_count":0,"like_count":0,"quote_count":0},"created_at":"2021-08-12T17:09:05.000Z","id":"1425866942229803019","author_id":"3242998813","text":"Climate change worsens extreme weather. A revolution in attribution science proved it.: Earlier this month, wildfires in Evia, about 115 miles north of Athens, Greece, devoured pristine forests and triggered evacuations. | Petros Karadjias/AP From heat… https://t.co/C9cTo6eP2K"},{"lang":"en","public_metrics":{"retweet_count":0,"reply_count":0,"like_count":3,"quote_count":0},"created_at":"2021-08-12T17:04:35.000Z","id":"1425865813685411847","author_id":"1018717541231833088","text":"After impressive tennis win in Toronto today, Stefanos Tsitsipas messaged \"Pray for Greece.\" Did he mean fires, internal politics, world politics -- maybe all three?"},{"lang":"en","attachments":{"media_keys":["3_1425865598471340039"]},"public_metrics":{"retweet_count":0,"reply_count":0,"like_count":0,"quote_count":0},"created_at":"2021-08-12T17:03:46.000Z","id":"1425865604276252672","author_id":"142020856","text":"GREECE IS ON FIRE | Extinction Rebellion UK https://t.co/VWP7HnphBT https://t.co/w63UjhRrMZ"},{"lang":"en","public_metrics":{"retweet_count":0,"reply_count":0,"like_count":1,"quote_count":0},"created_at":"2021-08-12T17:01:32.000Z","id":"1425865042877063171","author_id":"823736","text":"\"The nightmare of Greece's Evia, an island devoured by flames\"\nhttps://t.co/oNLL0NLunc"},{"lang":"en","public_metrics":{"retweet_count":0,"reply_count":0,"like_count":0,"quote_count":0},"created_at":"2021-08-12T17:00:58.000Z","id":"1425864902573494274","author_id":"901601940173455360","text":"When i think of Greece, fire is nowhere in my mind. https://t.co/dg7a5sdA5U"},{"lang":"en","public_metrics":{"retweet_count":0,"reply_count":0,"like_count":0,"quote_count":0},"created_at":"2021-08-12T17:00:42.000Z","id":"1425864834290274305","author_id":"17415124","text":"@eu_echo @EU_Commission @JanezLenarcic @MichouParaskevi @EEAthina @francediplo_EN @UEFrance @PompiersFR @GSCP_GR But @yanisvaroufakis / @VaroufakisDE continues to spread the fairy tale of the evil EU blackmailing Greece economically and doing nothing for fire safety there. This is how egomaniacal populists act who don't care about the facts."},{"lang":"en","public_metrics":{"retweet_count":0,"reply_count":0,"like_count":0,"quote_count":0},"created_at":"2021-08-12T17:00:18.000Z","id":"1425864735426240512","author_id":"155556580","text":"Tsipras from Ilia: The government should not make a communication policy on the burn https://t.co/Q0P8LaO3S2"},{"lang":"en","public_metrics":{"retweet_count":0,"reply_count":0,"like_count":0,"quote_count":0},"created_at":"2021-08-12T16:58:22.000Z","id":"1425864247901396995","author_id":"1396888031748050950","text":"Scary stuff; \nFires rage in Greece \nhttps://t.co/ufsmHKO236"},{"lang":"en","public_metrics":{"retweet_count":0,"reply_count":0,"like_count":0,"quote_count":0},"created_at":"2021-08-12T16:57:48.000Z","id":"1425864103512485900","author_id":"135835400","text":"@RealCandaceO Those Extinction Rebellion are probably the ones starting all these fires in Greece and Turkey etc. Fires like these don't just start simultaneously at the same time so not climate change more activists."},{"lang":"en","public_metrics":{"retweet_count":12,"reply_count":0,"like_count":17,"quote_count":0},"created_at":"2021-08-12T16:56:03.000Z","id":"1425863664934932482","author_id":"38090709","text":"SNF Donates €15 Million to Help Fire Recovery Effort in Greece https://t.co/Bkrtb3sEDZ"},{"lang":"en","public_metrics":{"retweet_count":0,"reply_count":1,"like_count":0,"quote_count":0},"created_at":"2021-08-12T16:54:33.000Z","id":"1425863288383025156","author_id":"3008224477","text":"@davidschneider I rinsed before cleaning! Hence the fires in Greece. This is the butterfly effect."},{"lang":"en","public_metrics":{"retweet_count":0,"reply_count":0,"like_count":0,"quote_count":0},"created_at":"2021-08-12T16:53:52.000Z","id":"1425863113384075264","author_id":"604278309","text":"WHAT'S ABOUT HELP BY NATO!?!: ‘Apocalyptic’ scenes hit Greece as Athens besieged by fire https://t.co/3okU6plWEB"},{"lang":"und","attachments":{"media_keys":["3_1425862139089231878","3_1425862291019403268"]},"public_metrics":{"retweet_count":0,"reply_count":1,"like_count":1,"quote_count":0},"created_at":"2021-08-12T16:53:36.000Z","id":"1425863047680339982","author_id":"1291528665566785541","text":"@DOGA13891797 @depressiposting https://t.co/grtRZpSS9Z https://t.co/6YjRcgPsxQ"},{"lang":"en","public_metrics":{"retweet_count":0,"reply_count":0,"like_count":0,"quote_count":0},"created_at":"2021-08-12T16:51:52.000Z","id":"1425862610990379009","author_id":"730883651341303809","text":"Europe getting hammered with these storms and don't forget the insane fires in Greece. https://t.co/qozursLfSN"},{"lang":"en","public_metrics":{"retweet_count":0,"reply_count":0,"like_count":0,"quote_count":0},"created_at":"2021-08-12T16:51:25.000Z","id":"1425862497764974593","author_id":"1263557386842697729","text":"‘Apocalyptic’ scenes hit Greece as Athens besieged by fire https://t.co/WJr8v66lZR"},{"lang":"en","public_metrics":{"retweet_count":0,"reply_count":1,"like_count":5,"quote_count":0},"created_at":"2021-08-12T16:51:09.000Z","id":"1425862431990063105","author_id":"1418578721791954945","text":"Gofundme set up by @weshwis! May Allah protect those affected by the forest fires across Turkey, Greece, Kurdistan and Algeria \uD83E\uDD32\uD83C\uDFFE"},{"lang":"en","public_metrics":{"retweet_count":0,"reply_count":9,"like_count":0,"quote_count":1},"created_at":"2021-08-12T16:48:49.000Z","id":"1425861845999489033","author_id":"1425850740451397633","text":"@cikmiiiii @Nbello_ @Tanjehazuro @HemanJamelHD2 Knp tak support non Muslims yg going through same things kat tempat lain?! Knp tak support Greece yg going through fires rn?! YOU GET MY POINT?! Yall do it just cause they’re Muslim. If they were not yall won’t bother. HYPOCRITES!!"},{"lang":"en","public_metrics":{"retweet_count":0,"reply_count":1,"like_count":1,"quote_count":0},"created_at":"2021-08-12T16:47:05.000Z","id":"1425861409628373000","author_id":"1350136072727121920","text":"@Patrice60207818 That's the 1 pati! sorry i'm just getting back to you now.I have just been to the shops.Hope you cali crew are not near the massive fires on the west coast.GREECE is the same near here."},{"lang":"en","public_metrics":{"retweet_count":0,"reply_count":0,"like_count":0,"quote_count":0},"created_at":"2021-08-12T16:45:06.000Z","id":"1425860909239517185","author_id":"842288667750195200","text":"‘Apocalyptic’ scenes hit Greece as Athens besieged by fire https://t.co/mYNONWxRKp"},{"lang":"en","public_metrics":{"retweet_count":0,"reply_count":1,"like_count":1,"quote_count":0},"created_at":"2021-08-12T16:43:49.000Z","id":"1425860586747793408","author_id":"1207391397482876928","text":"@depressiposting Italy and greece both had fallen from the grace of european assitance,greece in perticuler is alieanated long ago..tecnically western europe is somehow not touched by fire abhi tak."},{"lang":"en","public_metrics":{"retweet_count":0,"reply_count":0,"like_count":0,"quote_count":0},"created_at":"2021-08-12T16:43:24.000Z","id":"1425860481944854531","author_id":"4187960985","text":"€15 Million Emergency Grant from Stavros Niarchos Foundation (SNF)  Responds to Fire Crisis in Greece #GreeceFires #φωτιες_αλληλεγγυη \nhttps://t.co/cZd4KcJc8a"},{"lang":"en","public_metrics":{"retweet_count":2,"reply_count":3,"like_count":8,"quote_count":0},"created_at":"2021-08-12T16:42:43.000Z","id":"1425860307616927748","author_id":"255134219","text":"Just watched the Channel 5 News. Main headline was Climate Change. Not surprising really considering all the fires across Italy, Greece, Algeria, Turkey and others. VERY STRANGE THAT THEY DID NOT MENTION THE DELIBERATE ARSON FOR MANY OF THE FIRES. \uD83E\uDD14\uD83E\uDD14More brainwashing?"},{"lang":"en","public_metrics":{"retweet_count":0,"reply_count":1,"like_count":0,"quote_count":0},"created_at":"2021-08-12T16:42:36.000Z","id":"1425860279259303937","author_id":"1551172352","text":"@EndGameWW3 this is about power and control. It is impractical and silly. Do you know how many people  could died during the fires in Greece, for example, if instead of letting them aboard evacuation ships, green passports were to be checked?"},{"lang":"en","public_metrics":{"retweet_count":0,"reply_count":1,"like_count":0,"quote_count":0},"created_at":"2021-08-12T16:40:01.000Z","id":"1425859628378857475","author_id":"1304116464543313920","text":"@zoeclusoe1 That's the point. I'm here addressing the things happening with us. For example, i tweet about the fire in greece, i should also tweet that we should also save our Uyghurs brothers !!! Doesn't make sense to me. It is your fault you judge so quick, not mine"},{"lang":"en","public_metrics":{"retweet_count":0,"reply_count":0,"like_count":1,"quote_count":0},"created_at":"2021-08-12T16:37:23.000Z","id":"1425858966022762498","author_id":"70454221","text":"Hello @greta, @EmmanuelMacron, @giseleofficial, @LeoDiCaprio is everything ok with the fires in Russia Greece Italy Usa? You disappeared off the map! What happened? Have you been burned? @jairbolsonaro @mmeioambiente @taoquei1 @LessaCG @augustosnunes @AnaPaulaVolei @OsPingosJP"},{"lang":"en","public_metrics":{"retweet_count":0,"reply_count":1,"like_count":2,"quote_count":0},"created_at":"2021-08-12T16:36:59.000Z","id":"1425858867691499521","author_id":"695443086357303301","text":"@NawalNadal IKR? It’s his birthday, they’re singing to him …. And nothing. The fires in Greece might be it tho."},{"lang":"en","public_metrics":{"retweet_count":0,"reply_count":1,"like_count":2,"quote_count":0},"created_at":"2021-08-12T16:33:55.000Z","id":"1425858094580514822","author_id":"1129585002994425856","text":"@Michele12945853 She’s really struggling. They have no air con and the nights are unbearable, I know, I’ve lived there for periods at lesser temperatures and it’s relentless. You see the fires in Italy, Turkey, Greece etc.. it’s an urgent issue x"},{"lang":"en","public_metrics":{"retweet_count":0,"reply_count":0,"like_count":0,"quote_count":0},"created_at":"2021-08-12T16:33:39.000Z","id":"1425858027845033987","author_id":"1374325356","text":"Here’s how you can help the European countries affected by wildfires https://t.co/h13lz17KI6"},{"lang":"en","public_metrics":{"retweet_count":0,"reply_count":0,"like_count":0,"quote_count":0},"created_at":"2021-08-12T16:33:26.000Z","id":"1425857971440001032","author_id":"1264210616257875968","text":"@xr_cambridge Fires in Greece were arson. They have arrested a number of people involved.Probably set by climate alarmists \nI would suspect same in the states and Canada and elsewhere. \nRadical climate alarmists"},{"lang":"en","public_metrics":{"retweet_count":0,"reply_count":0,"like_count":4,"quote_count":0},"created_at":"2021-08-12T16:32:40.000Z","id":"1425857778103558144","author_id":"247306840","text":"The shocking extent of the devastation wrought by the forest fires in northern #Evia is clearly visible from satellite images\uD83D\uDC47 Evia is #Greece’s second largest island, hugging the east coast of the central Greek mainland https://t.co/gsatolIq47"},{"lang":"und","public_metrics":{"retweet_count":0,"reply_count":0,"like_count":0,"quote_count":0},"created_at":"2021-08-12T16:32:00.000Z","id":"1425857613200302082","author_id":"208980634","text":"Wildfires rage across Italy, Greece and Turkey https://t.co/URBEJODMai μέσω @wef"},{"lang":"en","attachments":{"media_keys":["7_1425857223792660488"]},"public_metrics":{"retweet_count":7,"reply_count":2,"like_count":10,"quote_count":0},"created_at":"2021-08-12T16:31:03.000Z","id":"1425857372195598339","author_id":"1004283186891943937","text":"The raging fires in Greece are not happening because of intense climate change\n\nThis well equipped man is litting up fires on purpose https://t.co/V30sSZkeNr"},{"lang":"en","public_metrics":{"retweet_count":0,"reply_count":1,"like_count":0,"quote_count":0},"created_at":"2021-08-12T16:29:08.000Z","id":"1425856890421006344","author_id":"2567292679","text":"2) Extreme heat temps have fueled the recent regional forest fires in Greece, Turkey, Italy and Algeria, https://t.co/Rm92mfRlB9"},{"lang":"en","attachments":{"media_keys":["16_1425855010726887428"]},"public_metrics":{"retweet_count":0,"reply_count":0,"like_count":0,"quote_count":0},"created_at":"2021-08-12T16:28:20.000Z","id":"1425856687970324488","author_id":"139932950","text":"Me trying to put out the fires in Greece https://t.co/xnLryyJ7nH"},{"lang":"en","public_metrics":{"retweet_count":0,"reply_count":0,"like_count":0,"quote_count":0},"created_at":"2021-08-12T16:28:04.000Z","id":"1425856623419920384","author_id":"1943127451","text":"‘Apocalyptic’ scenes hit Greece as Athens besieged by fire | https://t.co/7WkJqjEzAY https://t.co/NpNQe4la6A via @VanEcosocialist"},{"lang":"en","attachments":{"media_keys":["3_1425855704724819973","3_1425855705110786051","3_1425855704720621574","3_1425855705270083588"]},"public_metrics":{"retweet_count":6,"reply_count":0,"like_count":7,"quote_count":0},"created_at":"2021-08-12T16:24:26.000Z","id":"1425855706637512704","author_id":"266635682","text":"From Greece to California, wildfires are impacting many parts of the world in 2021.\n\nBulletin editor @dawnstover provides perspective on how fires are affecting communities and what can still be done to limit future destruction from fires: https://t.co/xDbndWPVEv https://t.co/AKPBxAhinw"},{"lang":"en","attachments":{"media_keys":["3_1425855528761233411"]},"public_metrics":{"retweet_count":0,"reply_count":1,"like_count":1,"quote_count":0},"created_at":"2021-08-12T16:23:44.000Z","id":"1425855532989095947","author_id":"349305376","text":"Guys and girls please, I beg you: after all these wild fires are over (US, Russia, Greece, Spain, Turkey, etc) PLANT A SEED/GROW a TREE, we need this desperately and it’s free, it just requires a tiny bit of human energy and a little water. This planet needs it urgently. https://t.co/8vXIYi6hY7"},{"lang":"en","attachments":{"media_keys":["3_1425855268387184648"]},"public_metrics":{"retweet_count":2,"reply_count":2,"like_count":28,"quote_count":0},"created_at":"2021-08-12T16:23:31.000Z","id":"1425855476823207946","author_id":"116672876","text":"1/6) The devastating #fires in #Greece have once again demonstrated the distressing consequences of #climate #change. https://t.co/8tBTLr9kzV"},{"lang":"en","public_metrics":{"retweet_count":0,"reply_count":0,"like_count":0,"quote_count":0},"created_at":"2021-08-12T16:21:38.000Z","id":"1425855003235737600","author_id":"18448459","text":"I was listening to a newsreader referring to the fires in Sicily and how Greece, too, had been affected. I heard this as “GREASE 2” and for a moment I wondered how the 1982 movie musical rom-com was involved."},{"lang":"en","public_metrics":{"retweet_count":2,"reply_count":0,"like_count":1,"quote_count":0},"created_at":"2021-08-12T16:20:10.000Z","id":"1425854634183249920","author_id":"113158328","text":"Greece is on fire: capitalism, crisis and climate chaos https://t.co/cubealHXfx #GreeceFires #Greece #ClimateAction #COP26 #bbcpm"},{"lang":"en","public_metrics":{"retweet_count":0,"reply_count":0,"like_count":1,"quote_count":0},"created_at":"2021-08-12T16:16:57.000Z","id":"1425853824372203527","author_id":"966443691324911616","text":"@evolastraea They also mentioned record highs in Greece this Summer, where other fires have taken place. 46.1 C/ 115 F!!!!! That's INSANE"},{"lang":"en","public_metrics":{"retweet_count":3,"reply_count":0,"like_count":1,"quote_count":0},"created_at":"2021-08-12T16:16:14.000Z","id":"1425853645397139463","author_id":"815698956000882688","text":"Apocalypse now https://t.co/jVAxk2dwzB citizens unite 23 Aug-2 Sept with XR. #COP26 last chance to agree action to achieve net zero if we are to avoid mass extinction. Our way of life has to radically change in a drastically short timescale\nto stay within 1.5 degree warming."},{"lang":"en","attachments":{"media_keys":["3_1425853322800640002","3_1425853325015191559"]},"public_metrics":{"retweet_count":0,"reply_count":1,"like_count":9,"quote_count":0},"created_at":"2021-08-12T16:14:58.000Z","id":"1425853326474817544","author_id":"1336871167194501121","text":"Seems like the collapse of Ottoman Empire is not working for #Turkey #Greece #Cyprus #Algeria #Tunisia Lacking a common antifire airforce, former Ottoman countries are begging planes from France and Russia (which has a bigger fire than combined). A house divided cannot stand https://t.co/4gXE1HqFx9"},{"lang":"en","attachments":{"media_keys":["3_1425853204298874881","3_1425853204332433409","3_1425853204345020424","3_1425853204491874313"]},"public_metrics":{"retweet_count":1,"reply_count":1,"like_count":1,"quote_count":0},"created_at":"2021-08-12T16:14:30.000Z","id":"1425853209302781952","author_id":"1381559619894575109","text":"Since 2020 forest fires were in:-\n\nAustralia\nBrazil\nN. America\nTurkey\nGreece\nNorth Africa\n\nand each one of’em was one of the most dangerous and widest recorded fires ever! #Climatecrisis is real! There aren’t enough steps are taken to solve the biggest humanitarian crisis ever https://t.co/K3KIbRrFky"},{"lang":"en","public_metrics":{"retweet_count":1,"reply_count":1,"like_count":0,"quote_count":0},"created_at":"2021-08-12T16:14:25.000Z","id":"1425853188159250432","author_id":"1106177386717036545","text":"\"While Greece’s government presents the fires as an uncontrollable consequence of climate change, public anger has been directed at delays and breakdowns in the government’s response...\"\n https://t.co/ygkUU2s9aK"},{"lang":"en","public_metrics":{"retweet_count":3,"reply_count":0,"like_count":10,"quote_count":0},"created_at":"2021-08-12T16:14:16.000Z","id":"1425853150657982467","author_id":"20426939","text":"“The fires and floods now spreading across the world are a reminder of the importance of caring for ecology,” Archbishop Ieronymos II of Athens said in a statement at the weekend. https://t.co/ZAaM3KRLXZ"},{"lang":"en","public_metrics":{"retweet_count":0,"reply_count":0,"like_count":0,"quote_count":0},"created_at":"2021-08-12T16:12:32.000Z","id":"1425852714802507777","author_id":"2183877523","text":"Greek PM Speaks on Fires and Impact of Climate Change on Greece https://t.co/Nzo0n41MrU"},{"lang":"en","attachments":{"media_keys":["16_1425852216573894663"]},"public_metrics":{"retweet_count":0,"reply_count":0,"like_count":0,"quote_count":0},"created_at":"2021-08-12T16:10:35.000Z","id":"1425852222672359435","author_id":"1421091510141992970","text":"Is Greece &amp; Turkey still on fire? https://t.co/LUNx2HbmSC"},{"lang":"en","public_metrics":{"retweet_count":0,"reply_count":2,"like_count":0,"quote_count":0},"created_at":"2021-08-12T16:09:24.000Z","id":"1425851925703057412","author_id":"3373066209","text":"@earthandsandba I thought I was seeing the fires in Greece for a moment, then I thought it was some kind of fungus, then I read the words \uD83D\uDE02"},{"lang":"en","public_metrics":{"retweet_count":0,"reply_count":1,"like_count":1,"quote_count":0},"created_at":"2021-08-12T16:08:43.000Z","id":"1425851750968221699","author_id":"1207436027473715205","text":"Greece: Solidarity with victims of the fires.\n\n\"The responsibilities for the fires are timeless and bear the signature of all the previous governments PASOK – SW – SYRIZA, since all of them treat the land as a commodity.\" https://t.co/7ulYK7bPM7"},{"lang":"en","public_metrics":{"retweet_count":0,"reply_count":2,"like_count":0,"quote_count":0},"created_at":"2021-08-12T16:08:17.000Z","id":"1425851645523644435","author_id":"1320741517691150337","text":"@Ye_Olde_Holborn Green text syntax, 4chan anon confirmed \uD83D\uDE09\n\nAs for the pier in Cleethorpes (nice place imo), this is a fallacious argument, firstly it is not what we have now, although it's still bad with increased fire weather (Greece, California, Aus), but what will come. There is lag time"},{"lang":"en","attachments":{"media_keys":["3_1425850099532451845"]},"public_metrics":{"retweet_count":1,"reply_count":0,"like_count":9,"quote_count":1},"created_at":"2021-08-12T16:02:10.000Z","id":"1425850105224122372","author_id":"614647731","text":"Council of the European Union\n\uD83C\uDDEA\uD83C\uDDFA EU countries have sent help to \uD83C\uDDEC\uD83C\uDDF7 Greece during these difficult times. This is EU solidarity in action:\n\uD83D\uDC68‍\uD83D\uDE92 1000 fire fighters\n\uD83D\uDE92 200 emergency vehicles\n✈️ 9 planes\n#Ευβοια #ΠυρκαγιαΕυβοια #Πυρκαγια #φωτιες https://t.co/mMs0eUMJIa"}],"includes":{"media":[{"media_key":"3_1425880044799504393","type":"photo","url":"https://pbs.twimg.com/media/E8m-WJqXsAkarTP.jpg"},{"media_key":"3_1425879453851394050","type":"photo","url":"https://pbs.twimg.com/media/E8m9zwNXIAIxTjE.jpg"},{"media_key":"3_1425878252766248967","type":"photo","url":"https://pbs.twimg.com/media/E8m8t10WQAcKBXX.jpg"},{"media_key":"3_1425876504785817604","type":"photo","url":"https://pbs.twimg.com/media/E8m7IGFVkAQq8fY.jpg"},{"media_key":"3_1425876192444485641","type":"photo","url":"https://pbs.twimg.com/media/E8m616hXEAkCYOV.jpg"},{"media_key":"3_1425874351774121994","type":"photo","url":"https://pbs.twimg.com/media/E8m5KxfWQAoewRN.jpg"},{"media_key":"3_1425874356081676291","type":"photo","url":"https://pbs.twimg.com/media/E8m5LBiWUAMCSBH.jpg"},{"media_key":"3_1425874367288840195","type":"photo","url":"https://pbs.twimg.com/media/E8m5LrSWEAMuWIX.jpg"},{"media_key":"3_1425869390235451401","type":"photo","url":"https://pbs.twimg.com/media/E8m0p-UWQAkI0il.jpg"},{"media_key":"3_1425869438054711298","type":"photo","url":"https://pbs.twimg.com/media/E8m0swdWQAISF8j.jpg"},{"media_key":"3_1425869805287055365","type":"photo","url":"https://pbs.twimg.com/media/E8m1CIgXIAUWeTJ.jpg"},{"media_key":"3_1425869841244753921","type":"photo","url":"https://pbs.twimg.com/media/E8m1EOdWEAEgGWO.jpg"},{"media_key":"3_1425869887172395014","type":"photo","url":"https://pbs.twimg.com/media/E8m1G5jWQAYql9K.jpg"},{"media_key":"3_1425869887151480840","type":"photo","url":"https://pbs.twimg.com/media/E8m1G5eXIAgwXpK.jpg"},{"media_key":"3_1425869887222788096","type":"photo","url":"https://pbs.twimg.com/media/E8m1G5vXMAAgo9x.jpg"},{"media_key":"3_1425869887239593984","type":"photo","url":"https://pbs.twimg.com/media/E8m1G5zXoAACCTf.jpg"},{"media_key":"3_1425869805660295177","type":"photo","url":"https://pbs.twimg.com/media/E8m1CJ5WUAk1vRS.jpg"},{"media_key":"3_1425869715662987264","type":"photo","url":"https://pbs.twimg.com/media/E8m086oUYAA7RP3.jpg"},{"media_key":"3_1425868042391756807","type":"photo","url":"https://pbs.twimg.com/media/E8mzbhNXoAcxgdH.jpg"},{"media_key":"3_1425865598471340039","type":"photo","url":"https://pbs.twimg.com/media/E8mxNQ5VgAcx4IH.jpg"},{"media_key":"3_1425862139089231878","type":"photo","url":"https://pbs.twimg.com/media/E8muD5sXoAYRRK0.jpg"},{"media_key":"3_1425862291019403268","type":"photo","url":"https://pbs.twimg.com/media/E8muMvrWEAQUGns.jpg"},{"media_key":"7_1425857223792660488","public_metrics":{"view_count":194},"type":"video"},{"media_key":"16_1425855010726887428","type":"animated_gif"},{"media_key":"3_1425855704724819973","type":"photo","url":"https://pbs.twimg.com/media/E8moNX0WUAUINxu.jpg"},{"media_key":"3_1425855705110786051","type":"photo","url":"https://pbs.twimg.com/media/E8moNZQXsAMw6HU.jpg"},{"media_key":"3_1425855704720621574","type":"photo","url":"https://pbs.twimg.com/media/E8moNXzWQAY_SzX.jpg"},{"media_key":"3_1425855705270083588","type":"photo","url":"https://pbs.twimg.com/media/E8moNZ2WYAQ0YKK.jpg"},{"media_key":"3_1425855528761233411","type":"photo","url":"https://pbs.twimg.com/media/E8moDITXEAMzwym.jpg"},{"media_key":"3_1425855268387184648","type":"photo","url":"https://pbs.twimg.com/media/E8mnz-VWYAgMOqW.jpg"},{"media_key":"3_1425853322800640002","type":"photo","url":"https://pbs.twimg.com/media/E8mmCudXsAIM-Fu.jpg"},{"media_key":"3_1425853325015191559","type":"photo","url":"https://pbs.twimg.com/media/E8mmC2tXEAcNDe7.jpg"},{"media_key":"3_1425853204298874881","type":"photo","url":"https://pbs.twimg.com/media/E8ml71AWQAEAZX4.jpg"},{"media_key":"3_1425853204332433409","type":"photo","url":"https://pbs.twimg.com/media/E8ml71IWUAEH8ON.jpg"},{"media_key":"3_1425853204345020424","type":"photo","url":"https://pbs.twimg.com/media/E8ml71LWYAgneU5.jpg"},{"media_key":"3_1425853204491874313","type":"photo","url":"https://pbs.twimg.com/media/E8ml71uXMAktRX3.jpg"},{"media_key":"16_1425852216573894663","type":"animated_gif"},{"media_key":"3_1425850099532451845","type":"photo","url":"https://pbs.twimg.com/media/E8mjHG2WUAURnfo.jpg"}]},"meta":{"newest_id":"1425883420161413124","oldest_id":"1425850105224122372","result_count":99,"next_token":"b26v89c19zqg8o3fpdm8kuxs5p7mcx3wbi48z7bqykoe5"}}