{"data":[{"text":"Thousands flee fires in Greece, Turkey; some rescued by sea https://t.co/aMKHY3SR3i","public_metrics":{"retweet_count":0,"reply_count":0,"like_count":0,"quote_count":0},"lang":"en","author_id":"20732804","id":"1425849834674827264","created_at":"2021-08-12T16:01:06.000Z"},{"text":"The nightmare of Greece's Evia, an island devoured by flames  - Cnn / More stories at https://t.co/hkcunoILr5 https://t.co/PCaG2cVFdJ","public_metrics":{"retweet_count":1,"reply_count":0,"like_count":1,"quote_count":0},"lang":"en","author_id":"1319838918829731840","id":"1425849817809387526","created_at":"2021-08-12T16:01:02.000Z"},{"text":"\uD83D\uDC4F Thank you to the 21 British firefighters now on the ground in Greece helping to tackle the devastating wild fires. Our emergency services represent the very best of British. \uD83C\uDDEC\uD83C\uDDE7\uD83C\uDDEC\uD83C\uDDF7 #WeStandWithGreece https://t.co/tYDvKUot2a","public_metrics":{"retweet_count":3,"reply_count":0,"like_count":11,"quote_count":0},"attachments":{"media_keys":["3_1425849700033437704"]},"lang":"en","author_id":"2792589217","id":"1425849702969495554","created_at":"2021-08-12T16:00:34.000Z"},{"text":"Stop Ryanair travel for the planet.\n#earth #climatechange #stayhome\nhttps://t.co/IYtILPqk5j https://t.co/oDwt9UrpaC","public_metrics":{"retweet_count":0,"reply_count":0,"like_count":0,"quote_count":0},"attachments":{"media_keys":["3_1425849663048011788"]},"lang":"en","author_id":"494814362","id":"1425849665480704006","created_at":"2021-08-12T16:00:25.000Z"},{"text":"Wildfires in Greece: After a Long Battle, Firefighters Contain Blazes https://t.co/w3bv0RqrF6","public_metrics":{"retweet_count":0,"reply_count":0,"like_count":0,"quote_count":0},"lang":"en","author_id":"1275081265587253250","id":"1425849579115847683","created_at":"2021-08-12T16:00:05.000Z"},{"text":"Wildfires in Greece: After a Long Battle, Firefighters Contain Blazes - The New York Times https://t.co/mpKCxxuxSi","public_metrics":{"retweet_count":1,"reply_count":0,"like_count":1,"quote_count":0},"lang":"en","author_id":"108944513","id":"1425849578293714948","created_at":"2021-08-12T16:00:05.000Z"},{"text":"#PrayForGreece\n\n\uD83D\uDCCCThe wildfires fires have been raging in Greece and have entered a second week.\n\n#Greecewildfires https://t.co/bMJVvhBHGc","public_metrics":{"retweet_count":4,"reply_count":1,"like_count":8,"quote_count":0},"attachments":{"media_keys":["7_1425351615997833217"]},"lang":"en","author_id":"1246765161433595904","id":"1425849386387394565","created_at":"2021-08-12T15:59:19.000Z"},{"text":"Wildfires in Greece: After a Long Battle, Firefighters Contain Blazes https://t.co/774aaTDcFl","public_metrics":{"retweet_count":0,"reply_count":0,"like_count":0,"quote_count":0},"lang":"en","author_id":"1310758116959514624","id":"1425849300161019912","created_at":"2021-08-12T15:58:58.000Z"},{"text":"@HelenaSmithGDN unbelievable- you flew into Athen for this report. Please explain how you/your boss can justify adding more emissions to cover the tragedy caused by emissions. There will have been a way to report on this and remain  zero-carbon https://t.co/iEApY0yrbB","public_metrics":{"retweet_count":0,"reply_count":0,"like_count":0,"quote_count":0},"lang":"en","author_id":"892018004661350400","id":"1425848910224953353","created_at":"2021-08-12T15:57:25.000Z"},{"text":"#DESFA actively supports the fire-affected areas all around Greece by making donations of fuel, clothes and food, in collaboration with Life Guard Hellas and the Greek Red Cross.\n#operatingwithresponsibility #act4evia #act4varibobi #act4peloponese https://t.co/CojLFxY5H5","public_metrics":{"retweet_count":0,"reply_count":0,"like_count":0,"quote_count":0},"attachments":{"media_keys":["3_1425848486524768259","3_1425848486529052679","3_1425848486537347073","3_1425848486533140481"]},"lang":"en","author_id":"1305481114425925633","id":"1425848862586114048","created_at":"2021-08-12T15:57:14.000Z"},{"text":"This afternoon we had for an hour some lovely sunshine and warmth. Now it has gone back to being damp cold. UK is so damp/could that we @Wiblicks are sure that if we all went to #Greece the sheer level of damp we have in our bones would ooze out and put fires out for ever.","public_metrics":{"retweet_count":0,"reply_count":0,"like_count":0,"quote_count":0},"lang":"en","author_id":"822845135293714433","id":"1425847754711048194","created_at":"2021-08-12T15:52:50.000Z"},{"text":"@seattletimes You can't put out Greece fires with water, it only makes them worse.\n\nI thought we all knew this.","public_metrics":{"retweet_count":0,"reply_count":0,"like_count":0,"quote_count":0},"lang":"en","author_id":"17003666","id":"1425847373612343302","created_at":"2021-08-12T15:51:19.000Z"},{"text":"@clydebestsboots I think there are only 2 fires in Turkey still going.  Now it is Greece that seems to be the worst. Temps have been rising over the years.\nIn the past locals would come to the mountains in the summer for cooler temps that is not the case now.  We have been 45c most days for 2 wks","public_metrics":{"retweet_count":0,"reply_count":0,"like_count":1,"quote_count":0},"lang":"en","author_id":"1196652246","id":"1425847099145469954","created_at":"2021-08-12T15:50:14.000Z"},{"text":"Wildfires in Greece: After a Long Battle, Firefighters Contain Blazes https://t.co/b7u0sSpfHv","public_metrics":{"retweet_count":0,"reply_count":0,"like_count":0,"quote_count":0},"lang":"en","author_id":"937690441629171712","id":"1425846910510899203","created_at":"2021-08-12T15:49:29.000Z"},{"text":"NEW: Our Eleni Koumoundouros discusses the Mediterranean wildfires and the possibilities for a more integrated EU security and climate policy. https://t.co/FofUcZlV0M","public_metrics":{"retweet_count":0,"reply_count":0,"like_count":1,"quote_count":0},"lang":"en","author_id":"72687594","id":"1425846345189974020","created_at":"2021-08-12T15:47:14.000Z"},{"text":"Praying for Greece/Algeria and basically all of S EU / N Africa. Scary scary fires with this drought \uD83D\uDE4F\uD83C\uDFFE Strength to all the firefighters across the world","public_metrics":{"retweet_count":0,"reply_count":0,"like_count":3,"quote_count":0},"lang":"en","author_id":"177808995","id":"1425846317062922241","created_at":"2021-08-12T15:47:07.000Z"},{"text":"Wildfires in Greece: After a Long Battle, Firefighters Contain Blazes https://t.co/9vFENMu3b8 #BreakingNews","public_metrics":{"retweet_count":0,"reply_count":0,"like_count":0,"quote_count":0},"lang":"en","author_id":"1310467273296027649","id":"1425845906918756354","created_at":"2021-08-12T15:45:29.000Z"},{"text":"#Italy, #California, #Greece, #Siberia, #Canada, #Turkey all on fire, whats wrong? \n#wildfire \nhttps://t.co/TveQ7k4I2Y","public_metrics":{"retweet_count":0,"reply_count":0,"like_count":1,"quote_count":0},"lang":"en","author_id":"1167334896496513025","id":"1425845689376968704","created_at":"2021-08-12T15:44:37.000Z"},{"text":"@Riseupmovt @GretaThunberg Argélia, Greece and California on fire\uD83D\uDD25\uD83D\uDD25\uD83D\uDD25Greta, Di Caprio and Macron\uD83D\uDE34\uD83D\uDE34\uD83D\uDE34\uD83D\uDE34\uD83D\uDE4A\uD83D\uDE49\uD83D\uDE48\nAmazônia a little bit \uD83D\uDD25\nGreta, Di Caprio and Macron\uD83D\uDC40\uD83E\uDD2C\uD83E\uDD2C\uD83E\uDD2C\uD83E\uDD2C\uD83E\uDD2C\uD83E\uDD2C\uD83E\uDD2C\uD83E\uDD2C\uD83E\uDD2C\uD83D\uDE21\uD83D\uDE21\uD83D\uDE21\uD83D\uDE21\uD83D\uDE21\uD83D\uDE21","public_metrics":{"retweet_count":0,"reply_count":0,"like_count":0,"quote_count":0},"lang":"pt","author_id":"2664425008","id":"1425845549236998149","created_at":"2021-08-12T15:44:04.000Z"},{"text":"Greece’s largest fire broke out on the country’s second-largest island of Evia on Aug. 3 and was still smoldering on Thursday, after having destroyed most of the island’s north.\n\nMore than 50,900 hectares were damaged in northern Evia… https://t.co/rqlSTxjXKr","public_metrics":{"retweet_count":0,"reply_count":0,"like_count":0,"quote_count":0},"lang":"en","author_id":"246810025","id":"1425844989146411014","created_at":"2021-08-12T15:41:50.000Z"},{"text":"@Janetdennie1 Yes . Smoke was sadly seen in the sky over the island showing the scale of the wild fires elsewhere in Greece. \uD83D\uDE3F","public_metrics":{"retweet_count":0,"reply_count":0,"like_count":0,"quote_count":0},"lang":"en","author_id":"1045714819167531008","id":"1425844853582217217","created_at":"2021-08-12T15:41:18.000Z"},{"text":"At the edge of the forests, being devoured by flames as tall as the trees themselves, exhausted firefighters mingle with desperate villagers. United in their struggle against this relentless, ravenous enemy, they fight to defend their land https://t.co/H8VsAmGGxK #GreeceFires","public_metrics":{"retweet_count":0,"reply_count":0,"like_count":0,"quote_count":0},"lang":"en","author_id":"2489940738","id":"1425844784304988162","created_at":"2021-08-12T15:41:02.000Z"},{"text":"I’ve written a piece for @TheBFPG that’s close to home on the fires in Greece, how responses have differed compared to Turkey and why the EU needs its own firefighting capabilities and a more integrated security &amp; climate policy.\nhttps://t.co/xJTMx7vqwU","public_metrics":{"retweet_count":1,"reply_count":0,"like_count":6,"quote_count":0},"lang":"en","author_id":"1015228559378604033","id":"1425844707716907020","created_at":"2021-08-12T15:40:43.000Z"},{"text":"\"After a long battle, firefighters contain some wildfires in Greece.\" by BY NIKI KITSANTONIS via NYT New York Times https://t.co/OPn7otzVDM","public_metrics":{"retweet_count":0,"reply_count":0,"like_count":0,"quote_count":0},"lang":"en","author_id":"15716541","id":"1425844653455200260","created_at":"2021-08-12T15:40:30.000Z"},{"text":"At the edge of the forests, being devoured by flames as tall as the trees themselves, exhausted firefighters and desperate villagers are united in their struggle against this relentless enemy, fighting to defend their land, their homes &amp; their livelihoods.\nhttps://t.co/lmmJPnYHwX","public_metrics":{"retweet_count":0,"reply_count":0,"like_count":0,"quote_count":0},"lang":"en","author_id":"85218923","id":"1425844584190386182","created_at":"2021-08-12T15:40:14.000Z"},{"text":"The way Greece is on fire and nobody is talking about it","public_metrics":{"retweet_count":0,"reply_count":0,"like_count":0,"quote_count":0},"lang":"en","author_id":"785608453767229440","id":"1425844502846132226","created_at":"2021-08-12T15:39:55.000Z"},{"text":"It’s impossible to not take this personally, as someone who loves this country and nature in general. Fires in Greece are annual. They have been for decades.  He didn’t provide enough funding for fire services. He did basically nothing to protect and preserve human life. https://t.co/AnrcVm8Awa","public_metrics":{"retweet_count":0,"reply_count":0,"like_count":0,"quote_count":0},"lang":"en","author_id":"26800438","id":"1425844281131028480","created_at":"2021-08-12T15:39:02.000Z"},{"text":"@ATPTennisRadio Good afternoon from really hot 36 C Corfu. After devastating fires all over Greece are finally mostly under control I can finally in your company enjoy Stefano’s match. If he wins today hope he reaches the final. Thank you as always for stupendous coverage\uD83D\uDC4F\uD83E\uDD17","public_metrics":{"retweet_count":0,"reply_count":0,"like_count":0,"quote_count":0},"lang":"en","author_id":"2537508088","id":"1425844205830787079","created_at":"2021-08-12T15:38:44.000Z"},{"text":"The Prime Minister of Greece laughing during a press conference following the most catastrophic wildfires the country has experienced after WWII. The fires rendered more than 650,000 acres of forest land burned. This is not just inappropriate; it is upsetting... #συνεντευξη_τυπου https://t.co/kLQWTUxkFG","public_metrics":{"retweet_count":515,"reply_count":37,"like_count":963,"quote_count":36},"attachments":{"media_keys":["3_1425843679680503814"]},"lang":"en","author_id":"20479445","id":"1425843845447749633","created_at":"2021-08-12T15:37:18.000Z"},{"text":"Greece fires, Sicily heat...and this.\n\nThings are happening *much* quicker than they said.\n\nMaybe it's time to feel scared. https://t.co/hEXo18diWz","public_metrics":{"retweet_count":0,"reply_count":0,"like_count":1,"quote_count":0},"lang":"en","author_id":"469299856","id":"1425843202133839872","created_at":"2021-08-12T15:34:44.000Z"},{"text":"Storm Fred inundated the Dominican Republic, California is on fire, Turkey, Russia, Greece are ablaze, Taiwan was under a deluge and a dam ruptured. Our world is experiencing terrible climate changes. This is a #ClimateEmergency","public_metrics":{"retweet_count":0,"reply_count":0,"like_count":1,"quote_count":0},"lang":"en","author_id":"1031190264755445760","id":"1425843164104077320","created_at":"2021-08-12T15:34:35.000Z"},{"text":"‘Apocalyptic’ scenes hit Greece as Athens besieged by fire https://t.co/tLTHI5JmVU","public_metrics":{"retweet_count":0,"reply_count":0,"like_count":0,"quote_count":0},"lang":"en","author_id":"1097769751","id":"1425842714197827585","created_at":"2021-08-12T15:32:48.000Z"},{"text":"Lucifer' heat dome sending temperatures soaring to 49 degrees across parts of Europe\n\nA firefighter driving as a fire rages around Palermo, Sicily\n\nA woman holds a dog in her arms as forest fires approach the village of Pefki on Evia Island, in Greece https://t.co/YEF0jhmF6K","public_metrics":{"retweet_count":0,"reply_count":0,"like_count":1,"quote_count":0},"attachments":{"media_keys":["3_1425842513781288974","3_1425842513798057992","3_1425842513798057993","3_1425842513798074373"]},"lang":"en","author_id":"2439092689","id":"1425842518004965386","created_at":"2021-08-12T15:32:01.000Z"},{"text":"@MalkyTHE @Mauerback @RogerPielkeJr https://t.co/bg8lt3XcWy \nBut of course that's The Guardian.","public_metrics":{"retweet_count":0,"reply_count":1,"like_count":0,"quote_count":0},"lang":"en","author_id":"20543890","id":"1425842506034524164","created_at":"2021-08-12T15:31:58.000Z"},{"text":"#Greece: PM @kmitsotakis peddled #FakeNews during his press conference live on national tv.\nAsked why his govt reinstated/promoted those operationally responsible for the fire disaster in Mati (2018), he  responded by lying, stating that it was the then SYRIZA govt that did so.","public_metrics":{"retweet_count":8,"reply_count":1,"like_count":15,"quote_count":1},"lang":"en","author_id":"27877430","id":"1425842247543705605","created_at":"2021-08-12T15:30:57.000Z"},{"text":"@zerohedge Add this \uD83D\uDC47\n\nThe region's fires are bigger than Greece's, Turkey's, Italy's and North America's *combined* !!!!! https://t.co/ACzg0EtTxf","public_metrics":{"retweet_count":0,"reply_count":0,"like_count":0,"quote_count":0},"lang":"en","author_id":"1133096171545792513","id":"1425842130623221767","created_at":"2021-08-12T15:30:29.000Z"},{"text":"#NotJustCrimeFighters Greek officers leading evacuation effort as hundreds of homes, property and forests destroyed by rampaging wildfires.\nhttps://t.co/J4FYnX84Ia","public_metrics":{"retweet_count":2,"reply_count":0,"like_count":3,"quote_count":0},"lang":"en","author_id":"2879416978","id":"1425842088072159232","created_at":"2021-08-12T15:30:19.000Z"},{"text":"'Bath time': Volunteer vets tend to Greece's fire-hit pets https://t.co/w9s7Vf2doo","public_metrics":{"retweet_count":2,"reply_count":0,"like_count":0,"quote_count":0},"lang":"en","author_id":"997454494781894657","id":"1425842033759952899","created_at":"2021-08-12T15:30:06.000Z"},{"text":"If Dante had filmed the Inferno on his iPhone, it would look like this | Francine Prose https://t.co/Y6q6efmJ4I https://t.co/PGBOCAPw3E","public_metrics":{"retweet_count":0,"reply_count":0,"like_count":0,"quote_count":0},"attachments":{"media_keys":["3_1425841879392964609"]},"lang":"en","author_id":"95962934","id":"1425841882006016000","created_at":"2021-08-12T15:29:30.000Z"},{"text":"18.6 million hectares were burnt in the Australian fires just pre-pandemic. Of course, Greece is a much smaller place, with a denser population, and isn't used to this horror. I hope they manage to safe as many lives as possible. https://t.co/UTwCWMDuZm","public_metrics":{"retweet_count":0,"reply_count":0,"like_count":0,"quote_count":0},"lang":"en","author_id":"15301830","id":"1425841843665735683","created_at":"2021-08-12T15:29:21.000Z"},{"text":"Is there a relationship between countries with constant summer fires and their governments' commitment to solar energy? #Spain #Greece #SolarEnergy #SustainableEnergy #RenewableEnergy @desdelamoncloa @angcastineira @andersen_inger https://t.co/UpN7EKLNh8","public_metrics":{"retweet_count":0,"reply_count":0,"like_count":0,"quote_count":0},"lang":"en","author_id":"74391883","id":"1425841841623216131","created_at":"2021-08-12T15:29:20.000Z"},{"text":"Fires are currently raging across Greece, Italy, Turkey, Lebanon, Algeria... https://t.co/CbhhDmdfHm","public_metrics":{"retweet_count":0,"reply_count":1,"like_count":0,"quote_count":0},"lang":"en","author_id":"1604908908","id":"1425841812338614277","created_at":"2021-08-12T15:29:13.000Z"},{"text":"The city is surrounded by flames. On the ground, there are tales of heroism – and fear for the future\n * * *\n/\nhttps://t.co/efUyfLfFWM","public_metrics":{"retweet_count":0,"reply_count":1,"like_count":1,"quote_count":0},"lang":"en","author_id":"355571256","id":"1425841717203329030","created_at":"2021-08-12T15:28:50.000Z"},{"text":"@Leighzus It looks like a universal studios ride for Backdraft 2. I know we have fires out here in Oregon but the Greece fires are on another level.","public_metrics":{"retweet_count":0,"reply_count":0,"like_count":1,"quote_count":0},"lang":"en","author_id":"2981713309","id":"1425841149151834118","created_at":"2021-08-12T15:26:35.000Z"},{"text":"Wildfires in Greece: After a Long Battle, Firefighters Contain Blazes https://t.co/OkcPjve5Ay","public_metrics":{"retweet_count":0,"reply_count":0,"like_count":0,"quote_count":0},"lang":"en","author_id":"897399651481120768","id":"1425841085423702016","created_at":"2021-08-12T15:26:20.000Z"},{"text":"\"After a long battle, firefighters contain some wildfires in Greece.\" by Niki Kitsantonis via NYT https://t.co/wmffxU1deh","public_metrics":{"retweet_count":0,"reply_count":0,"like_count":0,"quote_count":0},"lang":"en","author_id":"2243205762","id":"1425841040636923906","created_at":"2021-08-12T15:26:09.000Z"},{"text":"Greek PM Speaks on Fires and Impact of Climate Change on Greece https://t.co/owjLJmiYQW","public_metrics":{"retweet_count":4,"reply_count":0,"like_count":6,"quote_count":1},"lang":"en","author_id":"38090709","id":"1425840760390184960","created_at":"2021-08-12T15:25:02.000Z"},{"text":"Fake 'Global Warming' Agenda: Multiple Fires in Greece Linked to Arson, A Dozen Suspects Arrested https://t.co/Rtie9TA26D #ClimateCrisis #climatechange #ClimateEmergency #GlobalWarming #ClimateReport #GreenNewDeal #GreenEnergy #Europe #Greece #Turkey #fires","public_metrics":{"retweet_count":1,"reply_count":0,"like_count":1,"quote_count":0},"lang":"en","author_id":"3228616728","id":"1425840384333258752","created_at":"2021-08-12T15:23:33.000Z"},{"text":"@XRShrewsbury @Shropshire Get a flight to Greece or Turkey and put the fires out","public_metrics":{"retweet_count":0,"reply_count":0,"like_count":0,"quote_count":0},"lang":"en","author_id":"1280045325185679360","id":"1425840147661148160","created_at":"2021-08-12T15:22:36.000Z"},{"text":"Hell on Earth. ‘Apocalyptic’ scenes hit #Greece as Athens besieged by fire https://t.co/BioM3NRYYM","public_metrics":{"retweet_count":0,"reply_count":0,"like_count":0,"quote_count":0},"lang":"en","author_id":"13785352","id":"1425839797344608260","created_at":"2021-08-12T15:21:13.000Z"},{"text":"Yes turkey was on fire with Greece but now yesterday turkey is flooded out and underwater","public_metrics":{"retweet_count":0,"reply_count":0,"like_count":0,"quote_count":0},"lang":"en","author_id":"1303046695387684865","id":"1425839677970464771","created_at":"2021-08-12T15:20:44.000Z"},{"text":"Incendios forestales en Grecia: después de una larga batalla, los bomberos contienen incendios\nUna tormenta eléctrica fue una bendición mixta: La lluvia adormeció algunos de los incendios humeantes, pero los rayos provocaron otros nuevos.https://t.co/Nv1Cat8ARH","public_metrics":{"retweet_count":0,"reply_count":0,"like_count":0,"quote_count":0},"lang":"es","author_id":"2361737367","id":"1425839528208646144","created_at":"2021-08-12T15:20:08.000Z"},{"text":"The nightmare of Greece's Evia, an island devoured by flames | Via CNN https://t.co/79LgHEkOe4","public_metrics":{"retweet_count":2,"reply_count":0,"like_count":2,"quote_count":0},"lang":"en","author_id":"449600949","id":"1425839519161589768","created_at":"2021-08-12T15:20:06.000Z"},{"text":"@ScientistsX Why don't XR head to Greece and turkey and put the fires out then :)","public_metrics":{"retweet_count":0,"reply_count":0,"like_count":0,"quote_count":0},"lang":"en","author_id":"1280045325185679360","id":"1425839482301927430","created_at":"2021-08-12T15:19:58.000Z"},{"text":"Vast areas of forest in #Greece are lost in what the prime minister has described as a major environmental disaster.\n\n#GreeceFires #Forestfires \n\nhttps://t.co/6pLAHocaWH","public_metrics":{"retweet_count":11,"reply_count":1,"like_count":24,"quote_count":0},"lang":"en","author_id":"352299942","id":"1425839224947884035","created_at":"2021-08-12T15:18:56.000Z"},{"text":"The prime minister of Greece describes the wildfires that burned for more than a week in seaside resorts and mountain forests as the country's greatest ecological catastrophe in decades.  https://t.co/mflTCOoD5h","public_metrics":{"retweet_count":54,"reply_count":8,"like_count":74,"quote_count":3},"lang":"en","author_id":"834498430986809344","id":"1425839156308193281","created_at":"2021-08-12T15:18:40.000Z"},{"text":"@TiffanyToldYou Well laugh Tifanny ,the fire is in Greece now…And Turkey help https://t.co/3TiIB6UIIN is the likes of you ,self proclaimed Armenians…You are not https://t.co/ea7ekd9hLJ will never be Caucasian mentally.","public_metrics":{"retweet_count":0,"reply_count":0,"like_count":0,"quote_count":0},"lang":"en","author_id":"1330893969857912838","id":"1425838475597606914","created_at":"2021-08-12T15:15:58.000Z"},{"text":"Fire Consumes Large Swaths of Greece https://t.co/5MdWeAKHlT","public_metrics":{"retweet_count":0,"reply_count":0,"like_count":0,"quote_count":0},"lang":"en","author_id":"165902955","id":"1425838361009291276","created_at":"2021-08-12T15:15:30.000Z"},{"text":"A pall of acrid smoke from suburban forest fires descended on Athens at the start of August as #Greece suffered its worst heat wave in decades, prompting its prime minister to declare that climate change had turned his country into a powder keg.","public_metrics":{"retweet_count":0,"reply_count":0,"like_count":0,"quote_count":0},"lang":"en","author_id":"1419309159418273793","id":"1425838053591900174","created_at":"2021-08-12T15:14:17.000Z"},{"text":"@hbwriley and the funny thing is that the fires in north america are just the tip of the iceberg. there’s fires everywhere. especially in australia and recently, greece","public_metrics":{"retweet_count":0,"reply_count":1,"like_count":1,"quote_count":0},"lang":"en","author_id":"1316750957389193216","id":"1425837913267441667","created_at":"2021-08-12T15:13:43.000Z"},{"text":"Greece PM: Wildfires an Ecological Catastrophe  https://t.co/uuFodS0fcN","public_metrics":{"retweet_count":0,"reply_count":0,"like_count":1,"quote_count":0},"lang":"en","author_id":"33960482","id":"1425837865188089865","created_at":"2021-08-12T15:13:32.000Z"},{"text":"The wildfires in Russia are larger than all the fires burning in Greece, Turkey, Italy, Canada and the U.S., combined.\n\nNASA reported that smoke from the fires had reached the north pole, 3,000 km away, “a first in recorded history.”  #ClimateEmergency\n\nhttps://t.co/bAFTwJiXnb","public_metrics":{"retweet_count":2,"reply_count":0,"like_count":3,"quote_count":1},"lang":"en","author_id":"1254077828481630208","id":"1425837736125161475","created_at":"2021-08-12T15:13:01.000Z"},{"text":"https://t.co/bqHz9z9CtS","public_metrics":{"retweet_count":2,"reply_count":2,"like_count":1,"quote_count":0},"lang":"und","author_id":"158044902","id":"1425837733197488129","created_at":"2021-08-12T15:13:01.000Z"},{"text":"Turkey on fire. Greece on fire. sicily on fire  California on fire.  Reason. Too many bloody Trees ?","public_metrics":{"retweet_count":0,"reply_count":0,"like_count":0,"quote_count":0},"lang":"en","author_id":"99161309","id":"1425837671482462215","created_at":"2021-08-12T15:12:46.000Z"},{"text":"Greek PM on fires: “Unprecedented attack by the nature” https://t.co/USoxmOgHWi","public_metrics":{"retweet_count":0,"reply_count":0,"like_count":0,"quote_count":0},"lang":"en","author_id":"210376076","id":"1425837595678937088","created_at":"2021-08-12T15:12:28.000Z"},{"text":"Wildfires in Greece: After a Long Battle, Firefighters Contain Blazes\n\nVia New York Times : Thu, 12 Aug 2021 15:01:57 +0000\n\nhttps://t.co/EoG4uuVpuo","public_metrics":{"retweet_count":0,"reply_count":0,"like_count":0,"quote_count":0},"lang":"en","author_id":"1417125620732080128","id":"1425837402795352064","created_at":"2021-08-12T15:11:42.000Z"},{"text":"ferry boat in Greece, Island Evia on fire https://t.co/1xzTlRfx6J","public_metrics":{"retweet_count":0,"reply_count":0,"like_count":0,"quote_count":0},"lang":"en","author_id":"708322006933114880","id":"1425837012641255424","created_at":"2021-08-12T15:10:09.000Z"},{"text":"Wildfires in Greece: After a Long Battle, Firefighters Contain Blazes https://t.co/sZtjgC5NCw","public_metrics":{"retweet_count":0,"reply_count":0,"like_count":0,"quote_count":0},"lang":"en","author_id":"44698675","id":"1425836864880009233","created_at":"2021-08-12T15:09:34.000Z"},{"text":"Fire Consumes Large Swaths of Greece https://t.co/Bit51Frfs9","public_metrics":{"retweet_count":2,"reply_count":3,"like_count":3,"quote_count":0},"lang":"en","author_id":"69546188","id":"1425836864603189248","created_at":"2021-08-12T15:09:33.000Z"},{"text":"Volunteers step up to fight fires in Greece as tourist hot spots are eva... https://t.co/XM3MMxIv9L","public_metrics":{"retweet_count":0,"reply_count":0,"like_count":0,"quote_count":0},"lang":"en","author_id":"700247593","id":"1425836499766026244","created_at":"2021-08-12T15:08:06.000Z"},{"text":"Volunteer vets tend to Greece’s fire-hit pets #FMTNews https://t.co/ylYy4gkMMZ","public_metrics":{"retweet_count":1,"reply_count":0,"like_count":2,"quote_count":0},"lang":"en","author_id":"102098902","id":"1425836322845986817","created_at":"2021-08-12T15:07:24.000Z"},{"text":"‘Apocalyptic’ scenes hit Greece as Athens besieged by fire #RedAlertOnClimate https://t.co/M3YrKp6mSu","public_metrics":{"retweet_count":0,"reply_count":0,"like_count":0,"quote_count":0},"lang":"en","author_id":"466892823","id":"1425836289346072585","created_at":"2021-08-12T15:07:16.000Z"},{"text":"\"Veteran firefighters in California say they are seeing extreme, unpredictable fire behavior unlike anything they have experienced before,\" writes @dawnstover.  https://t.co/tDiZfnFmRk https://t.co/iK0MzjZnu4","public_metrics":{"retweet_count":9,"reply_count":0,"like_count":6,"quote_count":1},"attachments":{"media_keys":["3_1425835745177001993"]},"lang":"en","author_id":"266635682","id":"1425835749035937792","created_at":"2021-08-12T15:05:07.000Z"},{"text":"Greek @PrimeministerGR Says Saving Lives a Priority in Natural #Disasters https://t.co/bxX89YPiqk #Mitsotakis #naturaldisasters #Greece #Athens #Evia #GreeceFires #wildfires #forestfires #fires #Πυρκαγια #ΠυρκαγιαΕυβοια","public_metrics":{"retweet_count":1,"reply_count":1,"like_count":0,"quote_count":0},"lang":"en","author_id":"377261185","id":"1425835650155114497","created_at":"2021-08-12T15:04:44.000Z"},{"text":"A challenging intervention far from home.\uD83D\uDE92 \uD83C\uDDE8\uD83C\uDDFF\uD83C\uDDEC\uD83C\uDDF7\n\uD83D\uDC68‍\uD83D\uDE92 A Czech expedition of 15 fire trucks with 36 firefighters is helping to extinguish fires in Greece.  \n\uD83D\uDC68‍\uD83D\uDE92 Eight firefighters with three vehicles joined from South Moravia. https://t.co/7PNoHaQcLe","public_metrics":{"retweet_count":1,"reply_count":1,"like_count":5,"quote_count":0},"attachments":{"media_keys":["7_1425800107031662599"]},"lang":"en","author_id":"1011580159743414272","id":"1425835213985247249","created_at":"2021-08-12T15:03:00.000Z"},{"text":"@cpc_yes @peterdaou Forests on fire in Greece isn't enough for you?\n\nThis you? https://t.co/Xq3pHEUnZG","public_metrics":{"retweet_count":0,"reply_count":0,"like_count":0,"quote_count":0},"attachments":{"media_keys":["16_1425835058846310403"]},"lang":"en","author_id":"322669866","id":"1425835065154498560","created_at":"2021-08-12T15:02:24.000Z"},{"text":"Large chunks of #Greece are on fire. The heat goes on . . . https://t.co/AZRUEBYuvC","public_metrics":{"retweet_count":0,"reply_count":0,"like_count":0,"quote_count":0},"attachments":{"media_keys":["3_1425834772022980616"]},"lang":"en","author_id":"543577448","id":"1425834786010984460","created_at":"2021-08-12T15:01:18.000Z"},{"text":"!! https://t.co/E2bGWmw3Rd","public_metrics":{"retweet_count":0,"reply_count":0,"like_count":0,"quote_count":0},"lang":"und","author_id":"1347512343052382208","id":"1425834721947250695","created_at":"2021-08-12T15:01:03.000Z"},{"text":"‘Apocalyptic’ scenes hit Greece as Athens besieged by fire\nWe knew we were hurtling in this direction and yet it is still hard to believe\n#ClimateEmergency #ClimateAction  https://t.co/t98ZySGhST","public_metrics":{"retweet_count":3,"reply_count":0,"like_count":0,"quote_count":0},"lang":"en","author_id":"3907165878","id":"1425834582121730072","created_at":"2021-08-12T15:00:29.000Z"},{"text":"NEW Blog Post featuring the most eclectic links around the web along with my sometimes incendiary commentary: #Canada #Travel, #Crypto Thefts, #Delta Surge, Japanese Shareholder Perks, Fires in  #Greece, #Chase Sapphire Cards Refresh and more! https://t.co/pAw00j1EZ7 https://t.co/I6Ije6PCrv","public_metrics":{"retweet_count":1,"reply_count":0,"like_count":1,"quote_count":0},"attachments":{"media_keys":["3_1425834569912127502"]},"lang":"en","author_id":"36352707","id":"1425834575066959872","created_at":"2021-08-12T15:00:28.000Z"},{"text":"God they need rain. Amen \n\nhttps://t.co/HCnAhxDDd1","public_metrics":{"retweet_count":0,"reply_count":0,"like_count":0,"quote_count":0},"lang":"en","author_id":"1221863396045443072","id":"1425834198242250752","created_at":"2021-08-12T14:58:58.000Z"},{"text":"\"the fires in Siberia are larger than ongoing fires in Greece, Turkey, Italy, the US, and Canada combined.\" https://t.co/wbMiQNyaMh","public_metrics":{"retweet_count":0,"reply_count":0,"like_count":0,"quote_count":0},"lang":"en","author_id":"308809283","id":"1425833911402127370","created_at":"2021-08-12T14:57:49.000Z"},{"text":"‘Apocalyptic’ scenes hit Greece as Athens besieged by fire https://t.co/kRJ0kq6gNM","public_metrics":{"retweet_count":0,"reply_count":0,"like_count":0,"quote_count":0},"lang":"en","author_id":"2761671067","id":"1425833859585773578","created_at":"2021-08-12T14:57:37.000Z"},{"text":"‘Apocalyptic’ scenes hit Greece as Athens besieged by fire https://t.co/qqoPwr6JxC","public_metrics":{"retweet_count":0,"reply_count":0,"like_count":1,"quote_count":0},"lang":"en","author_id":"22695460","id":"1425833773304729606","created_at":"2021-08-12T14:57:16.000Z"},{"text":"The fires in #Greece are gradually waning. #COVID19 is not.\n3,605 new cases, 20 deaths announced today\n\nTotal confirmed cases: 528,474\nTotal deaths: 13,158\nIntubated: 240 (+14)\nDischarged from ICU: 2,863 (+9)\nNew hospitalizations: 200 (-19%)\nPCR tests:: 12,969\nRapid tests: 88,692","public_metrics":{"retweet_count":10,"reply_count":0,"like_count":10,"quote_count":0},"lang":"en","author_id":"352299942","id":"1425833494698020875","created_at":"2021-08-12T14:56:10.000Z"},{"text":"130 degrees Fahrenheit in Athens... https://t.co/0V0TQlYo0H","public_metrics":{"retweet_count":0,"reply_count":0,"like_count":0,"quote_count":0},"lang":"de","author_id":"132279870","id":"1425833395683315713","created_at":"2021-08-12T14:55:46.000Z"},{"text":"Forest fires in Greece: Thousands live in evacuation centers as fire destroys homes | world News https://t.co/2rY3vTuRVj","public_metrics":{"retweet_count":0,"reply_count":0,"like_count":0,"quote_count":0},"lang":"en","author_id":"1398687202507472904","id":"1425833287876956160","created_at":"2021-08-12T14:55:21.000Z"},{"text":"Forest fires in Greece: Thousands live in evacuation centers as fire destroys homes | world News https://t.co/sZBIfCeYDP","public_metrics":{"retweet_count":0,"reply_count":0,"like_count":0,"quote_count":0},"lang":"en","author_id":"891382950436229120","id":"1425833283812687892","created_at":"2021-08-12T14:55:20.000Z"},{"text":"Det går skidt i Grækenland - Athen er næsten omringet - røg og apokalyptiske nattehimle er hverdagen #dkpol #dkmedier #dkgreen Apocalyptic’ scenes hit Greece as Athens besieged by fire https://t.co/YjmjFM88P5","public_metrics":{"retweet_count":0,"reply_count":1,"like_count":0,"quote_count":0},"lang":"da","author_id":"22453513","id":"1425832556507717644","created_at":"2021-08-12T14:52:26.000Z"},{"text":"‘Apocalyptic’ scenes hit #Greece as #Athens besieged by fire https://t.co/LjasnGib2p #wildfires","public_metrics":{"retweet_count":0,"reply_count":2,"like_count":1,"quote_count":0},"lang":"en","author_id":"1402746085","id":"1425832097076457472","created_at":"2021-08-12T14:50:37.000Z"},{"text":"@onkar @Stayathomemum6 Greece has heat and fires.","public_metrics":{"retweet_count":0,"reply_count":0,"like_count":0,"quote_count":0},"lang":"en","author_id":"2902392862","id":"1425831946781741061","created_at":"2021-08-12T14:50:01.000Z"},{"text":"As morbid as it is, I really wish I could set up monitoring stations in the estuaries &amp; coastal areas downriver from these nightmare fires in California, Siberia, Italy, Greece…\n\nbut it’s not much of a missed opportunity. After all, there’s always next year, right? \uD83D\uDE2C\uD83D\uDE2C\uD83D\uDE2C","public_metrics":{"retweet_count":0,"reply_count":0,"like_count":0,"quote_count":0},"lang":"en","author_id":"1419854022308024323","id":"1425831688131678208","created_at":"2021-08-12T14:48:59.000Z"},{"text":"There's so many wildfires going on right now it's insane from the catastrophic fires in Siberia which you probably haven't heard about to the fires in turkey, u.s., Canada Greece. Fucking everywhere. Anyone downplaying climate change when the entire planet is on fire are evil.","public_metrics":{"retweet_count":0,"reply_count":1,"like_count":0,"quote_count":0},"lang":"en","author_id":"868253180","id":"1425831622595600384","created_at":"2021-08-12T14:48:44.000Z"},{"text":"WILDFIRES - FAKE CLIMATE CHANGE - Footage of people starting deliberate fires so the media can report it as climate change.. \n\nGreece and many other countries are having disgusting terrorism enforced on them by state assets while the gullible among us lap up the lies. https://t.co/AKpE5rvbYZ","public_metrics":{"retweet_count":0,"reply_count":0,"like_count":0,"quote_count":0},"attachments":{"media_keys":["7_1425831500595941378"]},"lang":"en","author_id":"1341802434503569408","id":"1425831610688032778","created_at":"2021-08-12T14:48:41.000Z"},{"text":"„Altogether, the region's fires are bigger than Greece's, Turkey's, Italy's and North America's *combined*“ #Siberia \uD83D\uDD25 https://t.co/MimEnEyWwR","public_metrics":{"retweet_count":1,"reply_count":1,"like_count":3,"quote_count":0},"lang":"en","author_id":"815241883626520577","id":"1425831303094497291","created_at":"2021-08-12T14:47:27.000Z"},{"text":"the world is literally on fire. First lebanon, Greece, Turkey, Canada, Australia, now it’s Algeria, Russia, Siberia and reaching up to the North Pole. #ClimateCrisis #ClimateEmergency what is it gonna take for leaders and humanity to wake the f up.","public_metrics":{"retweet_count":0,"reply_count":0,"like_count":0,"quote_count":0},"lang":"en","author_id":"47678814","id":"1425830907915608078","created_at":"2021-08-12T14:45:53.000Z"},{"text":"Fires have been so devastating here in Greece this summer… if you want to help, pls donate to one of the many funds set up to help those affected get back on their feet. Here’s one ❤️ https://t.co/fjCLLz2wfE #GreekFires","public_metrics":{"retweet_count":1,"reply_count":1,"like_count":5,"quote_count":1},"lang":"en","author_id":"1643201","id":"1425830825262665737","created_at":"2021-08-12T14:45:34.000Z"},{"text":"Forest #fires in the island of #Evia, the 2nd largest Greek island in area and population after Crete, have been raging in #Greece for nearly a week. #Heatwaves are becoming more likely and more extreme due to human-induced #climatechange.\n#EOBrowser @sentinel_hub #Sentinel2 https://t.co/r2FquxMrEF","public_metrics":{"retweet_count":3,"reply_count":0,"like_count":6,"quote_count":0},"attachments":{"media_keys":["16_1425830530470203400"]},"lang":"en","author_id":"1370737406564052993","id":"1425830556554596358","created_at":"2021-08-12T14:44:29.000Z"},{"text":"Covid cases, ICU admissions and deaths rising fast in Greece. A stark reminder that once the devastating fires stop, \uD83C\uDDEC\uD83C\uDDF7 will still have to deal with a pandemic that has eased but shows no signs of leaving our lives any time soon (especially given high # of unvaccinated Greeks). https://t.co/rbUS0mf2I2","public_metrics":{"retweet_count":7,"reply_count":2,"like_count":33,"quote_count":0},"lang":"en","author_id":"2977900810","id":"1425830096007467008","created_at":"2021-08-12T14:42:40.000Z"}],"includes":{"media":[{"media_key":"3_1425849700033437704","type":"photo","url":"https://pbs.twimg.com/media/E8miv2mXIAgr4SU.jpg"},{"media_key":"3_1425849663048011788","type":"photo","url":"https://pbs.twimg.com/media/E8mits0WUAwGCYx.jpg"},{"media_key":"7_1425351615997833217","public_metrics":{"view_count":360},"type":"video"},{"media_key":"3_1425848486524768259","type":"photo","url":"https://pbs.twimg.com/media/E8mhpN7WUAM6i3S.jpg"},{"media_key":"3_1425848486529052679","type":"photo","url":"https://pbs.twimg.com/media/E8mhpN8XsAcP7xM.jpg"},{"media_key":"3_1425848486537347073","type":"photo","url":"https://pbs.twimg.com/media/E8mhpN-WQAEfHTT.jpg"},{"media_key":"3_1425848486533140481","type":"photo","url":"https://pbs.twimg.com/media/E8mhpN9WEAEfQYa.jpg"},{"media_key":"3_1425843679680503814","type":"photo","url":"https://pbs.twimg.com/media/E8mdRbCXoAYFR_6.jpg"},{"media_key":"3_1425842513781288974","type":"photo","url":"https://pbs.twimg.com/media/E8mcNjuVcA4Fg-j.jpg"},{"media_key":"3_1425842513798057992","type":"photo","url":"https://pbs.twimg.com/media/E8mcNjyVUAg7-3E.jpg"},{"media_key":"3_1425842513798057993","type":"photo","url":"https://pbs.twimg.com/media/E8mcNjyVUAkUhfS.jpg"},{"media_key":"3_1425842513798074373","type":"photo","url":"https://pbs.twimg.com/media/E8mcNjyVkAUy928.jpg"},{"media_key":"3_1425841879392964609","type":"photo","url":"https://pbs.twimg.com/media/E8mboocX0AE0YmM.jpg"},{"media_key":"3_1425835745177001993","type":"photo","url":"https://pbs.twimg.com/media/E8mWDktUYAk9oct.jpg"},{"media_key":"7_1425800107031662599","public_metrics":{"view_count":141},"type":"video"},{"media_key":"16_1425835058846310403","type":"animated_gif"},{"media_key":"3_1425834772022980616","type":"photo","url":"https://pbs.twimg.com/media/E8mVK7bUcAgOQU2.jpg"},{"media_key":"3_1425834569912127502","type":"photo","url":"https://pbs.twimg.com/media/E8mU_KgVkA4rY3I.jpg"},{"media_key":"7_1425831500595941378","public_metrics":{"view_count":22},"type":"video"},{"media_key":"16_1425830530470203400","type":"animated_gif"}]},"meta":{"newest_id":"1425849834674827264","oldest_id":"1425830096007467008","result_count":99,"next_token":"b26v89c19zqg8o3fpdm8kux6ku97ybsfrqbogdmyd6ikd"}}