{"data":[{"created_at":"2021-08-12T14:38:31.000Z","author_id":"2234653442","lang":"und","public_metrics":{"retweet_count":0,"reply_count":0,"like_count":29,"quote_count":0},"attachments":{"media_keys":["3_1425829045522952201"]},"id":"1425829053701885961","text":"That miraculous moment of rain and thunderstorms on Evia island in Greece after 10 days of devastating fires. \nPhoto by Γιάννης Φλουρής https://t.co/squf6zSEIf"},{"created_at":"2021-08-12T14:38:25.000Z","author_id":"1163173104375554048","lang":"en","public_metrics":{"retweet_count":1,"reply_count":0,"like_count":1,"quote_count":0},"id":"1425829027332251655","text":"@scottiebateman Spanish Air Force Canadair CL415 fighting recent fires on Turkey and Greece"},{"created_at":"2021-08-12T14:37:04.000Z","author_id":"479387351","lang":"en","public_metrics":{"retweet_count":0,"reply_count":0,"like_count":0,"quote_count":0},"id":"1425828689527279618","text":"Archbishop Of Greek Orthodox Church: ‘We Ask For The Support Of The Whole World’ As Hundreds Of Fires Break Out Across Greece https://t.co/dMplA6iDYO"},{"created_at":"2021-08-12T14:36:00.000Z","author_id":"1271746363953278976","lang":"en","public_metrics":{"retweet_count":0,"reply_count":0,"like_count":0,"quote_count":0},"id":"1425828419917340687","text":"More than 100,000 hectares burned as Greece faces an “ecological disaster” caused by forest fires https://t.co/t7H8WjPXya"},{"created_at":"2021-08-12T14:34:22.000Z","author_id":"4869855508","lang":"en","public_metrics":{"retweet_count":0,"reply_count":0,"like_count":0,"quote_count":0},"id":"1425828010549145612","text":"Wildfires have forced hundreds of people to leave the Greek island of Evia. The fires have destroyed houses and brought down power lines.  #Attualità #BBC #estero\n\nhttps://t.co/SuIbj6DFU3"},{"created_at":"2021-08-12T14:33:21.000Z","author_id":"1180571821491589120","lang":"en","public_metrics":{"retweet_count":1,"reply_count":1,"like_count":5,"quote_count":0},"id":"1425827752813420544","text":"In the past week I’ve texted friends in Greece, Turkey, California, and Algeria to check if they/their families were safe from the fires. This is not normal."},{"created_at":"2021-08-12T14:32:45.000Z","author_id":"1263199815107837954","lang":"en","public_metrics":{"retweet_count":17,"reply_count":1,"like_count":45,"quote_count":0},"id":"1425827601042612224","text":"\uD83D\uDE4F Prayer Request \uD83D\uDE4F\n\nSent in by ARMY:\n“Hi. Asking for prayers for Turkey, Greece and Algeria. These countries are on fire right now. \uD83D\uDE4F\uD83D\uDE47‍♀️”\n\nLord, we ask for your supernatural interference to stop the fires, heal the burnt land and keep your people safe. Only you can help us! \uD83D\uDE4C"},{"created_at":"2021-08-12T14:32:40.000Z","author_id":"29426528","lang":"en","public_metrics":{"retweet_count":0,"reply_count":1,"like_count":2,"quote_count":0},"id":"1425827582684004370","text":"@MoneyB96666356 @TheMarkTalbot @GBNEWS Hmm, may be the forest fires in Greece are down to poor forest management and idiots starting fires?"},{"created_at":"2021-08-12T14:31:37.000Z","author_id":"727431343240400896","lang":"en","public_metrics":{"retweet_count":0,"reply_count":0,"like_count":2,"quote_count":0},"attachments":{"media_keys":["3_1425827314311471113"]},"id":"1425827316001693712","text":"High risk of fire in four Greek regions on Friday https://t.co/c4me5884vO\n#greece #greek #greekcitytimes https://t.co/wxuwgpl1Hu"},{"created_at":"2021-08-12T14:29:46.000Z","author_id":"1425130030292680711","lang":"en","public_metrics":{"retweet_count":0,"reply_count":0,"like_count":0,"quote_count":0},"id":"1425826850622767104","text":"Please help the dogs, cats and other animals affected by the fires in Greece. Give whatever you can. Thankyou."},{"created_at":"2021-08-12T14:29:28.000Z","author_id":"1258878177381769216","lang":"fr","public_metrics":{"retweet_count":0,"reply_count":0,"like_count":0,"quote_count":0},"id":"1425826775737663490","text":"@KurtSchlichter (((CLIMATE CHANGE)))\nhttps://t.co/CYUAuOBg17"},{"created_at":"2021-08-12T14:29:19.000Z","author_id":"15599302","lang":"en","public_metrics":{"retweet_count":1,"reply_count":0,"like_count":2,"quote_count":0},"id":"1425826735866613765","text":"The fires around Evia, Greece’s second-largest island, have destroyed more than 120,000 acres of pine forest, razed homes and displaced hundreds. \nPrime Minister Mitsotakis declared the blazes “a natural disaster of unprecedented dimensions - https://t.co/L185lgXZPE"},{"created_at":"2021-08-12T14:29:03.000Z","author_id":"425599572","lang":"en","public_metrics":{"retweet_count":0,"reply_count":0,"like_count":1,"quote_count":0},"id":"1425826668648681487","text":"65 ppl dead in Algeria from fighting fires; Greece is in flames, fires elsewhere in Mediterranean as well. When are we going to wake up &amp; DO SOMETHING about climate change?!??"},{"created_at":"2021-08-12T14:28:04.000Z","author_id":"199601800","lang":"en","public_metrics":{"retweet_count":0,"reply_count":1,"like_count":1,"quote_count":0},"id":"1425826424988999687","text":"@kevpluck @EponymousBreeze @HotEarthBot A few days ago, a Greek newspaper said there were ~546 fires in Greece. Doubt that many have already been put out.\n@GreekReporter"},{"created_at":"2021-08-12T14:26:29.000Z","author_id":"37446158","lang":"en","public_metrics":{"retweet_count":0,"reply_count":0,"like_count":1,"quote_count":0},"id":"1425826023510212609","text":"@Art63clarkstw Right. I tell ya - like the UN said….the world better wake up - all these fires: in the West, Greece, Algeria, Turkey - flooding, ice caps &amp; glaciers will be gone in 10-20 years and by next year (without rain) CA will be out of water \uD83D\uDE22\uD83D\uDE29\uD83D\uDE33"},{"created_at":"2021-08-12T14:20:02.000Z","author_id":"20583993","lang":"en","public_metrics":{"retweet_count":1,"reply_count":0,"like_count":6,"quote_count":0},"id":"1425824401811857412","text":"Migrants and refugees are being praised for assisting with emergency efforts during the disastrous heatwave in Greece https://t.co/p5MLtvVCPT"},{"created_at":"2021-08-12T14:19:40.000Z","author_id":"114437053","lang":"en","public_metrics":{"retweet_count":0,"reply_count":0,"like_count":0,"quote_count":0},"id":"1425824307796533252","text":"Do we have helicopters or winged aircraft in Kenya that can put off wild fires especially in forest either by releasing anti fire oxidants or water @NDMA_Kenya ?\nRefer to California, Greece and now Algeria."},{"created_at":"2021-08-12T14:17:55.000Z","author_id":"1421119505334374401","lang":"und","public_metrics":{"retweet_count":0,"reply_count":0,"like_count":0,"quote_count":0},"id":"1425823868736860169","text":"https://t.co/eN2Z0QVzqN"},{"created_at":"2021-08-12T14:17:16.000Z","author_id":"1406438633490554881","lang":"en","public_metrics":{"retweet_count":0,"reply_count":0,"like_count":1,"quote_count":0},"id":"1425823706438324224","text":"@HillsideHomie @AstroRookies My mama just told me she just found out also and that’s VERY close to where her island is located — right between Greece and Turkey. \uD83D\uDE2D She said there aren’t any fires on Samos thankfully but it’s so sad. Thank you for tagging me in this!"},{"created_at":"2021-08-12T14:17:12.000Z","author_id":"1421119505334374401","lang":"en","public_metrics":{"retweet_count":1,"reply_count":0,"like_count":1,"quote_count":0},"id":"1425823690097184776","text":"CNN news last night fire erea in Greece evia.fires....., https://t.co/eN2Z0QVzqN"},{"created_at":"2021-08-12T14:15:26.000Z","author_id":"1182981554911334400","lang":"und","public_metrics":{"retweet_count":0,"reply_count":0,"like_count":0,"quote_count":0},"id":"1425823242510503952","text":"https://t.co/jonJOfQBx0"},{"created_at":"2021-08-12T14:14:30.000Z","author_id":"549197221","lang":"en","public_metrics":{"retweet_count":0,"reply_count":0,"like_count":3,"quote_count":0},"attachments":{"media_keys":["3_1425822998670442515"]},"id":"1425823007604461568","text":"@MdM_Greece teams go door to door in the villages of Northern #Evia to provide emergency medical assistance and psychosocial care to people affected by the devastating fire.\n \n#Wildfires #Greekfires #Healthcare #LeaveNoOneBehind #MdMGreece #greeceisburning https://t.co/HJN0K6TQSs"},{"created_at":"2021-08-12T14:14:23.000Z","author_id":"206717989","lang":"en","public_metrics":{"retweet_count":23,"reply_count":5,"like_count":104,"quote_count":6},"id":"1425822980785926152","text":"\uD83E\uDD1D EU solidarity in action: \uD83C\uDDEA\uD83C\uDDFA EU countries sent help to \uD83C\uDDEC\uD83C\uDDF7 #Greece during these difficult times:\n\n\uD83D\uDC68‍\uD83D\uDE92 1000 fire fighters\n\n\uD83D\uDE92 200 emergency vehicles\n\n✈️ 9 planes\n\nThe help comes through the EU civil protection mechanism #StrongerTogether\n\nFind out more about EU civil protection \uD83D\uDC47"},{"created_at":"2021-08-12T14:12:21.000Z","author_id":"1263898793012916224","lang":"en","public_metrics":{"retweet_count":0,"reply_count":0,"like_count":0,"quote_count":0},"id":"1425822469688938501","text":"#Global : More than 100,000 hectares burned in Greek fires: EU data : More than 100,000 hectares have been burnt by wildfires raging in Greece over the last two weeks, the most destructive fires in the country since 200 by #TheHindu https://t.co/NiYnm31BpE"},{"created_at":"2021-08-12T14:12:15.000Z","author_id":"1341414246","lang":"en","public_metrics":{"retweet_count":0,"reply_count":1,"like_count":1,"quote_count":0},"id":"1425822442614714368","text":"Pray #WA #NSW #QLD #SA #NT #ACT #TAS #Victoria #Australia - as several states in #Australia are in #lockdown - we #pray\n\nWe pray for #SyriacMonk\n\nWe pray for #Greece as the fires rage... God have mercy\n\n#faith #hope #pray #bible #simplelife #safelife #peace #mercy"},{"created_at":"2021-08-12T14:09:49.000Z","author_id":"1057966146161438720","lang":"en","public_metrics":{"retweet_count":0,"reply_count":0,"like_count":0,"quote_count":0},"id":"1425821830707810305","text":"SA &amp; AAAS are now political activists! Ontario has 1000's fires /year, almost all by lighting strikes. If people want to live near forest, they need to 'clean' ('manage') them, like their house. In Greece, hottest in MANY DECADES means if was even hotter then, when CO2 was low. https://t.co/Xmw9S3vQwB"},{"created_at":"2021-08-12T14:09:33.000Z","author_id":"885138608574918658","lang":"en","public_metrics":{"retweet_count":0,"reply_count":0,"like_count":0,"quote_count":0},"id":"1425821763313668096","text":"‘Bath time’ : Volunteer vets tend to Greece’s fire-hit pets https://t.co/IVqQKZJIxH #World"},{"created_at":"2021-08-12T14:09:33.000Z","author_id":"1268170440717094914","lang":"en","public_metrics":{"retweet_count":1,"reply_count":0,"like_count":2,"quote_count":0},"id":"1425821761287954432","text":"Fires in Turkey, Greece, Algeria, Lebanon, Syria, Italy, and Cyprus. We burnt our own world with our hands. #wildfires"},{"created_at":"2021-08-12T14:09:03.000Z","author_id":"2183877523","lang":"en","public_metrics":{"retweet_count":0,"reply_count":0,"like_count":0,"quote_count":0},"id":"1425821635387400195","text":"Evia Fires: The Largest Environmental Catastrophe of Greece https://t.co/I55RRu8t0n"},{"created_at":"2021-08-12T14:08:14.000Z","author_id":"240675176","lang":"en","public_metrics":{"retweet_count":0,"reply_count":0,"like_count":1,"quote_count":0},"id":"1425821431753965572","text":"I'm waiting for the media to blame global warming as they have with bush fires in Greece and Turkey.\n\nMurdered woman found in layby was 'driven to site and set alight' https://t.co/LecVsa6ggn"},{"created_at":"2021-08-12T14:06:34.000Z","author_id":"1155918428101722113","lang":"en","public_metrics":{"retweet_count":0,"reply_count":0,"like_count":0,"quote_count":0},"id":"1425821012147412993","text":"Algeria, Italy, Greece, California … fires ravage several regions of the world https://t.co/Ymkgh4eh3c"},{"created_at":"2021-08-12T14:06:25.000Z","author_id":"22798934","lang":"en","public_metrics":{"retweet_count":0,"reply_count":0,"like_count":0,"quote_count":0},"id":"1425820975036207112","text":"Anglicans ‘ready to help’ after devastating fires in Greece https://t.co/xs1via7pqc from @churchtimes"},{"created_at":"2021-08-12T14:05:42.000Z","author_id":"1273026650574389248","lang":"und","public_metrics":{"retweet_count":0,"reply_count":0,"like_count":0,"quote_count":0},"id":"1425820795016785920","text":"https://t.co/ASWeyOHE4e"},{"created_at":"2021-08-12T14:05:31.000Z","author_id":"1155918428101722113","lang":"en","public_metrics":{"retweet_count":0,"reply_count":0,"like_count":0,"quote_count":0},"id":"1425820747985874950","text":"Greece: improvement on the fire front, the government remains cautious https://t.co/aIdgMPC7OV"},{"created_at":"2021-08-12T14:02:04.000Z","author_id":"549197221","lang":"en","public_metrics":{"retweet_count":0,"reply_count":0,"like_count":0,"quote_count":0},"id":"1425819880067145728","text":"@MdM_Greece teams are mobilized to provide medical and psychological care to fire-affected people in the areas devastated by the wildfires in #Greece\nhttps://t.co/Mx5Q3mzKj0\n\n#Wildfires #Evia #Greekfires #Healthcare"},{"created_at":"2021-08-12T14:00:27.000Z","author_id":"146812572","lang":"en","public_metrics":{"retweet_count":0,"reply_count":1,"like_count":5,"quote_count":0},"attachments":{"media_keys":["3_1425819468853243919"]},"id":"1425819471395004437","text":"\"Ritsopi Panayiota, 81, reacts as the wildfire is reaching her house in the village of Gouves on Evia island, Greece on August 8, 2021. Photo by Konstantinos Tsakalidis / SOOC\nFull story: https://t.co/mb8bMSENu4 HELP: https://t.co/XMPSJz53uU\"\n\n#helpgreece https://t.co/4wFKAxtr1H"},{"created_at":"2021-08-12T13:59:59.000Z","author_id":"3957180826","lang":"en","public_metrics":{"retweet_count":1,"reply_count":0,"like_count":2,"quote_count":0},"id":"1425819357788000257","text":"@spikedonline In this context worth noting that multiple arrests have happened in both Greece and Cali for arson: fires being started deliberately for whatever reason"},{"created_at":"2021-08-12T13:59:05.000Z","author_id":"52397102","lang":"en","public_metrics":{"retweet_count":0,"reply_count":0,"like_count":0,"quote_count":0},"id":"1425819129664131073","text":"@CassandraKy Reason 121, 122 and 123not to be in Greece;  120 degree days, wild fires, no breathable air..."},{"created_at":"2021-08-12T13:59:03.000Z","author_id":"1476931","lang":"en","public_metrics":{"retweet_count":0,"reply_count":0,"like_count":0,"quote_count":0},"id":"1425819120457555968","text":"curious about the turkey Greece forest fire and the lambda variant but worried how reading up on it will affect my ability to sleep tonight. times like this when ignorance is bliss."},{"created_at":"2021-08-12T13:58:57.000Z","author_id":"1356897448455626752","lang":"en","public_metrics":{"retweet_count":0,"reply_count":0,"like_count":0,"quote_count":0},"id":"1425819096080207874","text":"@YourAnonCentral I'm sorry for the fire in Greece.I feel the same way about them."},{"created_at":"2021-08-12T13:58:37.000Z","author_id":"1417424503177728000","lang":"en","public_metrics":{"retweet_count":0,"reply_count":0,"like_count":1,"quote_count":0},"id":"1425819011519066112","text":"Anticyclone named Lucifer is burning parts of Europe. Hottest temperatures ever recorded. Greece is on fire, Italy is  hotter than ever….California is burning, Oregon is breaking heat records. Climate change is real!! We need to do something about it!!"},{"created_at":"2021-08-12T13:57:30.000Z","author_id":"2349070724","lang":"en","public_metrics":{"retweet_count":0,"reply_count":0,"like_count":2,"quote_count":0},"id":"1425818729904971785","text":"Thread \n\n#EU French firefighting planes ✈️ leave #Greece to fight devastating fires  \uD83D\uDD25 in Italy \uD83C\uDDEE\uD83C\uDDF9 and Algeria \uD83C\uDDE9\uD83C\uDDFF \n\nThank you France \uD83D\uDC4F\uD83C\uDFFB @eu_echo https://t.co/g05dZkgec5"},{"created_at":"2021-08-12T13:56:54.000Z","author_id":"839418901335158784","lang":"en","public_metrics":{"retweet_count":0,"reply_count":2,"like_count":5,"quote_count":0},"id":"1425818578670874629","text":"@flo_summer Dear Flo,\nHow are you?Is the fire fighting going on? May you, your family and your friends be safe and healthy.I have a friend on Corffe Island in Greece.I supported her."},{"created_at":"2021-08-12T13:55:54.000Z","author_id":"944552775060406275","lang":"en","public_metrics":{"retweet_count":0,"reply_count":0,"like_count":0,"quote_count":0},"id":"1425818329315307530","text":"Greece wildfires: Hundreds of fires burn across the country as people evacuate villages – CNN Video https://t.co/BrxFDFUgzl"},{"created_at":"2021-08-12T13:55:33.000Z","author_id":"1046892076007337987","lang":"en","public_metrics":{"retweet_count":0,"reply_count":0,"like_count":0,"quote_count":0},"id":"1425818240576495618","text":"The fucking fires this summer are breaking my heart.\n\nGreece and Algeria in my thoughts."},{"created_at":"2021-08-12T13:54:15.000Z","author_id":"1160331909664165888","lang":"en","public_metrics":{"retweet_count":1,"reply_count":1,"like_count":0,"quote_count":0},"id":"1425817914758733828","text":"The GLOBAL spectre of #ClimateChange really sinks in when viewing this satellite video of wildfires in Russia’s Siberia region. \nFires in the former “permafrost” are bigger than all the blazes in Greece, Turkey, Italy, the United States and Canada COMBINED\uD83C\uDD98‼️\n@DNC @GOP @NOAA https://t.co/qm0ZDW5q40"},{"created_at":"2021-08-12T13:51:50.000Z","author_id":"216189219","lang":"en","public_metrics":{"retweet_count":0,"reply_count":1,"like_count":1,"quote_count":0},"id":"1425817304152035329","text":"Imagine boarding a ferry to escape your burning community\n\nhttps://t.co/ktYjkF4au7\n\n#ClimateCrisis #TheClimatePledge"},{"created_at":"2021-08-12T13:51:41.000Z","author_id":"2258709854","lang":"en","public_metrics":{"retweet_count":0,"reply_count":0,"like_count":7,"quote_count":0},"id":"1425817265497276417","text":"Greece is on fire \nItaly is on fire ….\nHonestly the news requires a counsellor to help you process \uD83D\uDE1E"},{"created_at":"2021-08-12T13:51:11.000Z","author_id":"1258731697098629120","lang":"en","public_metrics":{"retweet_count":0,"reply_count":0,"like_count":0,"quote_count":0},"id":"1425817140477628421","text":"@BorisJohnson @AlokSharma_RDG @Laura__Farris \nPlease cancel Cambo oil and gas\nTurkey, Greece and Portugal are on fire \nSpain has the highest ever temperature \nWe need to get brave now https://t.co/GdhmHHqs54"},{"created_at":"2021-08-12T13:50:57.000Z","author_id":"1211251107063713793","lang":"ja","public_metrics":{"retweet_count":0,"reply_count":0,"like_count":0,"quote_count":0},"id":"1425817084156530697","text":"ギリシアの大規模な山火事の煙を宇宙からとらえた https://t.co/hyVvUu7bHI"},{"created_at":"2021-08-12T13:49:55.000Z","author_id":"30701862","lang":"en","public_metrics":{"retweet_count":0,"reply_count":0,"like_count":0,"quote_count":0},"id":"1425816821580578816","text":"More than 100,000 hectares have been burnt by wildfires raging in Greece over the last two weeks, the most destructive fires in the country since 2007, data from the European Forest Fire Information System (EFFIS) showed Thursday"},{"created_at":"2021-08-12T13:48:41.000Z","author_id":"3307431550","lang":"en","public_metrics":{"retweet_count":0,"reply_count":1,"like_count":0,"quote_count":0},"id":"1425816511596347397","text":"https://t.co/KpYVIG5505 here's a link so people can learn about these wildfires that they blame on global warming yet there's assholes deliberately setting fires!"},{"created_at":"2021-08-12T13:47:57.000Z","author_id":"1913720288","lang":"und","public_metrics":{"retweet_count":0,"reply_count":0,"like_count":0,"quote_count":0},"id":"1425816328099700740","text":"Српски ватрогасци у акцији!!! Disaster: forest fire in Greece 2021 https://t.co/xKcRTyirOZ via @YouTube"},{"created_at":"2021-08-12T13:43:26.000Z","author_id":"1156222469818245120","lang":"en","public_metrics":{"retweet_count":0,"reply_count":0,"like_count":0,"quote_count":0},"id":"1425815191082520577","text":"#RT @GSCP_GR: More than grateful to #Germany for further supporting #Greece over the forest #fires \n\nTotal \uD83C\uDDE9\uD83C\uDDEA assistance in \uD83C\uDDEC\uD83C\uDDF7 via the #EUCivPro Mechanism reached 244 \uD83D\uDC68‍\uD83D\uDE92 &amp; 56 \uD83D\uDE92\n\n\uD83D\uDE4F\uD83C\uDFFB Herzlichen Dank!\n\n \uD83C\uDDEA\uD83C\uDDFA \uD83E\uDD1D #EUsolidarity at its best!\n\n@eu_echo\n@GermanyinGreece @GreeceInGermany"},{"created_at":"2021-08-12T13:42:16.000Z","author_id":"933466884015579139","lang":"und","public_metrics":{"retweet_count":0,"reply_count":0,"like_count":0,"quote_count":0},"id":"1425814898500509698","text":"2⃣https://t.co/bCwuM9Fr9w"},{"created_at":"2021-08-12T13:41:54.000Z","author_id":"1392637550163017729","lang":"en","public_metrics":{"retweet_count":0,"reply_count":0,"like_count":0,"quote_count":0},"id":"1425814806288867328","text":"* We thank the 22 countries that help us put out the fires in Greece. We, here, experienced the feeling of a world that is coming to an end.\nNow we are trying to recover."},{"created_at":"2021-08-12T13:41:54.000Z","author_id":"1327843160","lang":"en","public_metrics":{"retweet_count":0,"reply_count":0,"like_count":0,"quote_count":0},"id":"1425814804472553483","text":"As #Greece comes to terms with the devastation of fires that have burned tens of thousands of acres of land and destroyed entire villages, resin farmers on the island of #Evia are beginning to count the cost to their livelihoods. https://t.co/AEUlzQx0HG #GreeceFires"},{"created_at":"2021-08-12T13:39:39.000Z","author_id":"110525656","lang":"en","public_metrics":{"retweet_count":2,"reply_count":1,"like_count":22,"quote_count":0},"id":"1425814238287650819","text":"@ArgyleLoz @SandraDunn1955 @GMB Meanwhile Greece is on fire and Sicily have record high temperatures, but hey, let's talk to a Z-lister about peeing in the sea. Jeez."},{"created_at":"2021-08-12T13:39:10.000Z","author_id":"301849713","lang":"en","public_metrics":{"retweet_count":0,"reply_count":0,"like_count":1,"quote_count":0},"id":"1425814116694962180","text":"Horror, Destruction and loss by fire in Argelia, Túnez, Greece, Sicily, Turkey and California.\nHelp and Solidarity.\n#deathbyfire #firefighters_daily #loss #horror #thistimethefire #algeria #sicily #tunez #turkey #greece https://t.co/ThKVE4zw41"},{"created_at":"2021-08-12T13:38:26.000Z","author_id":"783719151684685824","lang":"en","public_metrics":{"retweet_count":4,"reply_count":0,"like_count":10,"quote_count":0},"id":"1425813932481077250","text":"There’s a risk the high temperatures could worsen dry conditions fueling Greece’s fires https://t.co/3CudUQKufk"},{"created_at":"2021-08-12T13:37:36.000Z","author_id":"590147379","lang":"en","public_metrics":{"retweet_count":0,"reply_count":0,"like_count":0,"quote_count":0},"attachments":{"media_keys":["3_1425813719611711489"]},"id":"1425813721805328389","text":"The team has continued with the removal of trees and creating fire breaks in key areas using hand tools and chainsaws, creating a positive effect in areas around village electrical power feeds.\nChainsaw operations commenced to remove brush to allow\n\nhttps://t.co/HfD2KfRAX4 https://t.co/Qu6l5uPSb5"},{"created_at":"2021-08-12T13:37:29.000Z","author_id":"898442239","lang":"en","public_metrics":{"retweet_count":0,"reply_count":0,"like_count":0,"quote_count":0},"id":"1425813694420713473","text":"#UPDATE More than 100,000 hectares have been burnt by wildfires raging in Greece over the last two weeks, the most destructive fires in the country since 2007, data from the European Forest Fire Information System (EFFIS) showed Thursday #END"},{"created_at":"2021-08-12T13:37:04.000Z","author_id":"1075946492","lang":"en","public_metrics":{"retweet_count":1,"reply_count":0,"like_count":1,"quote_count":0},"id":"1425813586580893696","text":"..the #wildfires burning in #Russia now are bigger thsn all the fires reaching across the globe combined .. ..bigger than those in #US, #Canada, #Turkey and #Greece together !! https://t.co/6QFHGyUT1T"},{"created_at":"2021-08-12T13:33:10.000Z","author_id":"107171328","lang":"en","public_metrics":{"retweet_count":0,"reply_count":1,"like_count":0,"quote_count":0},"id":"1425812607475326976","text":"After Greece, Turkey, Italy, Bolivia, Canada, Russia, America and Algeria.. Fires break out in Tunisia. It reaches the populated areas\n\n@RepPressley @IlhanMN @SpeakerPelosi @ewarren\n@RepRashida @GovPritzker @SecondGentleman @AOC @VP"},{"created_at":"2021-08-12T13:31:38.000Z","author_id":"1425080779948834830","lang":"en","public_metrics":{"retweet_count":0,"reply_count":0,"like_count":0,"quote_count":0},"id":"1425812223218405380","text":"Wildfires are getting worse around the Mediterranean Sea. These fires touch Algeria, Greece, Turkey, Italy, and Tunisia. The very high temperatures don't help at all. #encs282\n\nMore information here:\nhttps://t.co/RnN3FoUVDW\nhttps://t.co/ZD67ZUPhHY"},{"created_at":"2021-08-12T13:31:26.000Z","author_id":"2791424236","lang":"en","public_metrics":{"retweet_count":0,"reply_count":1,"like_count":5,"quote_count":0},"id":"1425812168893616136","text":"@danwootton @ScienceNotDogma @deedeesmiles4u @lushgrove @PythagoreanGirl @MylesArtLtd I don’t agree with Extinction Rebellion breaking things, but dangerous? How do you think people experiencing the extreme forest fires in Greece, Turkey, Algeria, Siberia feel? Italy was 48.8C yesterday…. https://t.co/g7ZBxSfZSW"},{"created_at":"2021-08-12T13:31:19.000Z","author_id":"2868584641","lang":"en","public_metrics":{"retweet_count":3,"reply_count":2,"like_count":13,"quote_count":0},"attachments":{"media_keys":["3_1425812139067928578"]},"id":"1425812141064417282","text":"@AthanasiaTrian1 @ZoeyCatBell @StruttLuke Glad you and your family are okay. We in California know about fires and we are praying for Greece, it's people, animals and land. \uD83D\uDE4F\n***\n#Outlander fandom please help our friends in Greece affected by these horrific fires by donating to the HELLENIC RED CROSS at @greekredcross https://t.co/W00n6IC7mX"},{"created_at":"2021-08-12T13:31:17.000Z","author_id":"1143431624404561920","lang":"ja","public_metrics":{"retweet_count":4,"reply_count":0,"like_count":23,"quote_count":0},"id":"1425812134043144206","text":"このところギリシアで発生している大規模な山火事の煙を宇宙から捉えた画像が公開されました。エヴィア島を捉えたランドサット8の画像や、より広範囲を捉えたスオミNPP衛星の画像を紹介。\n\nhttps://t.co/pvtL9Jvr51"},{"created_at":"2021-08-12T13:30:34.000Z","author_id":"1962655608","lang":"en","public_metrics":{"retweet_count":0,"reply_count":0,"like_count":2,"quote_count":0},"id":"1425811952924692483","text":"Evia Fires: The Largest #Environmental #Catastrophe of #Greece \n\n#ClimateJustice #GreenCrimes #ClimateCrimes #ClimateEmergency\nhttps://t.co/S0fEaZqNIh"},{"created_at":"2021-08-12T13:30:28.000Z","author_id":"15762575","lang":"en","public_metrics":{"retweet_count":61,"reply_count":2,"like_count":58,"quote_count":7},"attachments":{"media_keys":["3_1425811830123864073","3_1425811851045081098"]},"id":"1425811928279134208","text":"\uD83D\uDEA8 The fires raging in Siberia are now bigger than the fires in Greece, Turkey, Italy, the U.S and Canada combined.\n\n@GreenpeaceRU analysts are warning that this year could surpass Russia’s worst-ever fire year in 2012. #ClimateCrisis https://t.co/ZNTWnRRzbE"},{"created_at":"2021-08-12T13:30:03.000Z","author_id":"325579102","lang":"en","public_metrics":{"retweet_count":2,"reply_count":0,"like_count":2,"quote_count":0},"id":"1425811824436523013","text":"Lest you think the PNW fires are the worst: Siberian wildfires dwarf all others on Earth combined.\n\"The fires in Siberia are bigger than this season's wildfires in Greece, Turkey, Italy, the United States and Canada combined.\" \uD83E\uDD75\n https://t.co/McHjdVDkKw"},{"created_at":"2021-08-12T13:29:09.000Z","author_id":"1133509232945500160","lang":"en","public_metrics":{"retweet_count":0,"reply_count":0,"like_count":2,"quote_count":0},"id":"1425811595905486851","text":"here is our prime minister, grinning like a little child that urinated in the bathtub; during a press conference on the fires that have devastated Greece over the past week. https://t.co/oxA7fXRPFk"},{"created_at":"2021-08-12T13:28:05.000Z","author_id":"16113249","lang":"en","public_metrics":{"retweet_count":0,"reply_count":1,"like_count":0,"quote_count":0},"id":"1425811327793209347","text":"@verbalghost1 @cgarrxtt @atrupar You mean the economics like Germany spending 26 billion on flood damage? Or the cost of the Greece and west coast forest fires? Let's start with shutting down the world's worst coal plants. https://t.co/FoE8H9Di14"},{"created_at":"2021-08-12T13:27:43.000Z","author_id":"1080483420","lang":"en","public_metrics":{"retweet_count":0,"reply_count":0,"like_count":0,"quote_count":0},"id":"1425811237556867075","text":"@GretaThunberg Where are you dear! Russia, US, Greece and Canada on fire and you're gone? Now, if it were in Brazil, I would already have my mouth on the microphone. you are puppet of Communism!!!"},{"created_at":"2021-08-12T13:27:14.000Z","author_id":"1404837679","lang":"en","public_metrics":{"retweet_count":1,"reply_count":0,"like_count":6,"quote_count":0},"id":"1425811114781118472","text":"@MikeSalazar777 Also big fires all around the world: Greece, Turkey, Algeria, Siberia etc."},{"created_at":"2021-08-12T13:26:26.000Z","author_id":"167592685","lang":"en","public_metrics":{"retweet_count":1,"reply_count":0,"like_count":3,"quote_count":0},"id":"1425810914184421380","text":"So the Notre-Dame de Paris fire had millionaires pledging to donate for the repairs. What about the multiple forest fires which are happening in Morocco, Algeria, Turkey, Greece etc? Where's all the tweets &amp; statuses now?"},{"created_at":"2021-08-12T13:22:23.000Z","author_id":"377261185","lang":"en","public_metrics":{"retweet_count":1,"reply_count":0,"like_count":0,"quote_count":0},"id":"1425809893584379905","text":"' @cultureGR Minister Presents Actions to Restore Athens’ Fire-hit #Tatoi Estate https://t.co/8shYNGXqz7 #Greece #Athens #fires #GreeceFires #wildfires #forestfires #CulturalHeritage #Τατόι #Πυρκαγια #ΥΠΠΟΑ #MinCultureGr"},{"created_at":"2021-08-12T13:22:04.000Z","author_id":"1637650700","lang":"en","public_metrics":{"retweet_count":23,"reply_count":1,"like_count":149,"quote_count":2},"id":"1425809813506727942","text":"More than grateful to #Germany for further supporting #Greece over the forest #fires \n\nTotal \uD83C\uDDE9\uD83C\uDDEA assistance in \uD83C\uDDEC\uD83C\uDDF7 via the #EUCivPro Mechanism reached 244 \uD83D\uDC68‍\uD83D\uDE92 &amp; 56 \uD83D\uDE92\n\n\uD83D\uDE4F\uD83C\uDFFB Herzlichen Dank!\n\n \uD83C\uDDEA\uD83C\uDDFA \uD83E\uDD1D #EUsolidarity at its best!\n\n@eu_echo\n@GermanyinGreece @GreeceInGermany"},{"created_at":"2021-08-12T13:20:02.000Z","author_id":"541068411","lang":"en","public_metrics":{"retweet_count":1,"reply_count":0,"like_count":1,"quote_count":0},"id":"1425809303819145216","text":"Intense heat-impacted fires continue to burn in #Greece. Thousands of homes have been destroyed along with more than 140,000 acres of land. Learn more about this &amp; other disasters we're tracking: https://t.co/yI4vsjXLGL #DisasterUpdate"},{"created_at":"2021-08-12T13:19:08.000Z","author_id":"87320798","lang":"en","public_metrics":{"retweet_count":0,"reply_count":0,"like_count":0,"quote_count":0},"id":"1425809076605181962","text":"Everywhere is on fire, not just California.\n\nGreece: https://t.co/lnBm6Zx6hx\n\nAlgeria: https://t.co/mwbTcfdTPz"},{"created_at":"2021-08-12T13:16:24.000Z","author_id":"268482852","lang":"en","public_metrics":{"retweet_count":5,"reply_count":10,"like_count":57,"quote_count":1},"id":"1425808389049835522","text":"When a country (like #Greece, which just came out of an 11y economic crisis) faces simultaneously more than 150 fires across the country (not because of climate change but because of arsonists) there is nothing more a government could do. This article is as bad as it gets https://t.co/54zcVql4xo"},{"created_at":"2021-08-12T13:15:00.000Z","author_id":"117733767","lang":"en","public_metrics":{"retweet_count":2,"reply_count":2,"like_count":11,"quote_count":0},"id":"1425808034119385091","text":"Fires fanned by #Greece's most severe heatwave in decades have burnt through nearly 100,000 hectares over the last fortnight. #GreeceFires #ClimateChange https://t.co/BJYvBezPZE"},{"created_at":"2021-08-12T13:14:47.000Z","author_id":"493933812","lang":"en","public_metrics":{"retweet_count":1,"reply_count":0,"like_count":1,"quote_count":0},"id":"1425807979580989440","text":"Get ready for COP26.  In two months Turkey, Greece and Italy have seen fires spring up due to extraordinary temperature rises, whilst Rio Grande in Brazil experienced a blanket of snowfall.  Does COP26 have the answers to halt climate change?"},{"created_at":"2021-08-12T13:12:03.000Z","author_id":"1230082593380556800","lang":"en","public_metrics":{"retweet_count":1,"reply_count":0,"like_count":5,"quote_count":0},"id":"1425807294026194952","text":"Wildfire in various parts of the world is a clear display of ClimateCrisis. Several lives have been engulfed by the fire in Turkey, Greece and Italy. The situation of climate change is no different in Pakistan. Only considerable greenenergy can counter the risk. @Rehbar_Taraqi"},{"created_at":"2021-08-12T13:08:42.000Z","author_id":"29387827","lang":"en","public_metrics":{"retweet_count":0,"reply_count":0,"like_count":0,"quote_count":0},"id":"1425806449750409216","text":"Fire Consumes Large Swaths of Greece https://t.co/4lE0fXcFBk"},{"created_at":"2021-08-12T13:08:06.000Z","author_id":"2607703608","lang":"en","public_metrics":{"retweet_count":0,"reply_count":0,"like_count":0,"quote_count":0},"id":"1425806298575216641","text":"@lygerosstavros is it true that Evia was burnt down to create wind farms and that the firefighters were given an order not to try and put out the fires Mr @lygerosstavros @kostarakos.\nThat there is also a terrorist war being waged Against Greece @BBCWorld @ft @nytimes @vonderleyen"},{"created_at":"2021-08-12T13:07:50.000Z","author_id":"30781469","lang":"en","public_metrics":{"retweet_count":0,"reply_count":0,"like_count":8,"quote_count":0},"attachments":{"media_keys":["3_1425806229872549898"]},"id":"1425806233563500546","text":"To use Greece to rail against climate politics, when its literally on fire, is just expected far right stupidity https://t.co/0PmZYwWQL9"},{"created_at":"2021-08-12T13:06:38.000Z","author_id":"1283099249291526145","lang":"en","public_metrics":{"retweet_count":0,"reply_count":0,"like_count":1,"quote_count":0},"id":"1425805929249902594","text":"Metropolis of Germany organizes fundraiser for relief of fire victims in Greece\nhttps://t.co/WsS42PX0qc"},{"created_at":"2021-08-12T13:05:56.000Z","author_id":"1241085590952706048","lang":"ar","public_metrics":{"retweet_count":0,"reply_count":0,"like_count":1,"quote_count":0},"attachments":{"media_keys":["3_1425805747435225089"]},"id":"1425805755123388417","text":"هذه الصورة ليست من حرائق الجزائر بل من حرائق \nاليونان !\n نسأل الله اللطف والسلامة للشعبين الجزائري واليوناني، والرحمة لشهداء الحرائق \uD83D\uDE4F\uD83C\uDFFB\nالمصادر ✅:\nhttps://t.co/x8MeNvzK1P\nhttps://t.co/PS1j03113L\n#تحقق #مكافحة_الأخبار_الزائفة #sosfakenews  #الجزائر #حرائق_الجزائر #الجزائر_تحترق https://t.co/1jzNLa697q"},{"created_at":"2021-08-12T13:05:29.000Z","author_id":"1211214892008529921","lang":"en","public_metrics":{"retweet_count":0,"reply_count":0,"like_count":0,"quote_count":0},"id":"1425805642191851526","text":"E JUST HAPPEN: EU data dey show say ova 10,000 hectares of land don burn for fires across Greece"},{"created_at":"2021-08-12T13:05:21.000Z","author_id":"1211214892008529921","lang":"en","public_metrics":{"retweet_count":0,"reply_count":1,"like_count":1,"quote_count":0},"id":"1425805607509151753","text":"@spectatorindex E JUST HAPPEN: EU data dey show say ova 10,000 hectares of land don burn for fires across Greece"},{"created_at":"2021-08-12T13:04:32.000Z","author_id":"2183877523","lang":"en","public_metrics":{"retweet_count":0,"reply_count":0,"like_count":0,"quote_count":0},"id":"1425805403204456455","text":"New Fires Break Out in Greece, Arcadia Remains on High Alert https://t.co/ZdignywHbp"},{"created_at":"2021-08-12T13:02:12.000Z","author_id":"14516384","lang":"en","public_metrics":{"retweet_count":1,"reply_count":0,"like_count":3,"quote_count":0},"id":"1425804815368691717","text":"Forest fires in Greece and Turkey this year and then flooding. Climate change is only starting. \uD83E\uDD2B Goodluck talaga sa ating lahat."},{"created_at":"2021-08-12T13:00:21.000Z","author_id":"474932878","lang":"en","public_metrics":{"retweet_count":0,"reply_count":0,"like_count":0,"quote_count":0},"id":"1425804346965561344","text":"The nightmare of Greece's Evia, an island devoured by flames https://t.co/JvylAFE0Wv"},{"created_at":"2021-08-12T12:59:15.000Z","author_id":"144569635","lang":"en","public_metrics":{"retweet_count":2,"reply_count":0,"like_count":6,"quote_count":0},"attachments":{"media_keys":["7_1425803717190864896"]},"id":"1425804073744355332","text":"2. #Greece| There was a fire on Hydra island yesterday and the CL-415s have been suppressing the aftermath with sea water. No audio here but you can go to the link below. #GreeceFires \n\nhttps://t.co/gsYLRgqg4q https://t.co/oQUOP6vThi"},{"created_at":"2021-08-12T12:56:47.000Z","author_id":"748835671","lang":"en","public_metrics":{"retweet_count":3,"reply_count":1,"like_count":3,"quote_count":0},"id":"1425803452609933316","text":"Evia Fires: The Largest Environmental Catastrophe of Greece https://t.co/0dx4woLnTx"},{"created_at":"2021-08-12T12:55:58.000Z","author_id":"804605049859145728","lang":"en","public_metrics":{"retweet_count":2,"reply_count":0,"like_count":4,"quote_count":0},"attachments":{"media_keys":["7_1425803017341874177"]},"id":"1425803243385462791","text":"Greek PM Mitsotakis says the fires are probably the greatest ecological catastrophe the country has faced in decades. TRT World’s Ali Mustafa has more from Greece’s Evia island https://t.co/i74GZOyA7K"},{"created_at":"2021-08-12T12:55:33.000Z","author_id":"38090709","lang":"en","public_metrics":{"retweet_count":6,"reply_count":1,"like_count":5,"quote_count":0},"id":"1425803139110752256","text":"#Evia #Fires: The Largest Environmental Catastrophe of #Greece https://t.co/j3NZoLkxfM"},{"created_at":"2021-08-12T12:55:02.000Z","author_id":"397325190","lang":"en","public_metrics":{"retweet_count":0,"reply_count":0,"like_count":0,"quote_count":0},"id":"1425803012409372673","text":"@thebooktrailer Going to #Greece? Pls enjoy my piece about village life #Santorini in 1972. Then check out my romantic thriller, FIRE ON THE ISLAND, set on island of #Lesvos. Gold Medal in Faulkner-Wisdom Competition. Make it your Greek read!\n\nhttps://t.co/8RHqpZRJet"},{"created_at":"2021-08-12T12:52:49.000Z","author_id":"397325190","lang":"en","public_metrics":{"retweet_count":0,"reply_count":0,"like_count":0,"quote_count":0},"id":"1425802451685412865","text":"@GreeceByAGreek Going to #Greece? Pls enjoy my piece about village life #Santorini in 1972. Then check out my romantic thriller, FIRE ON THE ISLAND, set on island of #Lesvos. Gold Medal in Faulkner-Wisdom Competition. Make it your Greek read!\n\nhttps://t.co/8RHqpZRJet"}],"includes":{"media":[{"media_key":"3_1425829045522952201","type":"photo","url":"https://pbs.twimg.com/media/E8mP9mjUcAkV5eQ.jpg"},{"media_key":"3_1425827314311471113","type":"photo","url":"https://pbs.twimg.com/media/E8mOY1SVoAkozNX.jpg"},{"media_key":"3_1425822998670442515","type":"photo","url":"https://pbs.twimg.com/media/E8mKdoRVgBMHvjV.jpg"},{"media_key":"3_1425819468853243919","type":"photo","url":"https://pbs.twimg.com/media/E8mHQKrVcA8Ukz-.jpg"},{"media_key":"3_1425813719611711489","type":"photo","url":"https://pbs.twimg.com/media/E8mCBhFVoAEyMFA.jpg"},{"media_key":"3_1425812139067928578","type":"photo","url":"https://pbs.twimg.com/media/E8mAlhGVcAIfMaT.jpg"},{"media_key":"3_1425811830123864073","type":"photo","url":"https://pbs.twimg.com/media/E8mATiMVIAkRf1B.jpg"},{"media_key":"3_1425811851045081098","type":"photo","url":"https://pbs.twimg.com/media/E8mAUwIVkAo9eFq.jpg"},{"media_key":"3_1425806229872549898","type":"photo","url":"https://pbs.twimg.com/media/E8l7NjoXoAoCEMR.jpg"},{"media_key":"3_1425805747435225089","type":"photo","url":"https://pbs.twimg.com/media/E8l6xeaWQAEdabf.jpg"},{"media_key":"7_1425803717190864896","public_metrics":{"view_count":206},"type":"video"},{"media_key":"7_1425803017341874177","public_metrics":{"view_count":365},"type":"video"}]},"meta":{"newest_id":"1425829053701885961","oldest_id":"1425802451685412865","result_count":100,"next_token":"b26v89c19zqg8o3fpdm8kuwaam85zczk6e5gsaf4rfrst"}}