{"data":[{"created_at":"2021-08-12T12:52:39.000Z","author_id":"397325190","lang":"en","public_metrics":{"retweet_count":0,"reply_count":0,"like_count":0,"quote_count":0},"id":"1425802410786689030","text":"@feelgreece Going to #Greece? Pls enjoy my piece about village life #Santorini in 1972. Then check out my romantic thriller, FIRE ON THE ISLAND, set on island of #Lesvos. Gold Medal in Faulkner-Wisdom Competition. Make it your Greek read!\n\nhttps://t.co/8RHqpZRJet"},{"created_at":"2021-08-12T12:51:17.000Z","author_id":"1424253261515685892","lang":"en","public_metrics":{"retweet_count":0,"reply_count":0,"like_count":0,"quote_count":0},"id":"1425802066853646344","text":"It's been fire everywhere. My prayers for everyone affected in USA, Greece, Algeria and...\n\n\"Papa papa papa yo, send down the rain\" Majek Fasek"},{"created_at":"2021-08-12T12:50:58.000Z","author_id":"4703049377","lang":"en","public_metrics":{"retweet_count":0,"reply_count":0,"like_count":0,"quote_count":0},"id":"1425801988399407106","text":"@BernieSanders Just to be clear though, the extent of the fires in Greece, is a a crime that the Greek government allowed (if not promoted-the fire department had orders just to evacuate and was PREVENTING civilians efforts to save their homes) @PrimeministerGR is solely responsible"},{"created_at":"2021-08-12T12:50:35.000Z","author_id":"397325190","lang":"en","public_metrics":{"retweet_count":0,"reply_count":0,"like_count":0,"quote_count":0},"id":"1425801891473235970","text":"@InSETEgreece Going to #Greece? Pls enjoy my piece about village life #Santorini in 1972. Then check out my romantic thriller, FIRE ON THE ISLAND, set on island of #Lesvos. Gold Medal in Faulkner-Wisdom Competition. Make it your Greek read!\n\nhttps://t.co/8RHqpZRJet"},{"created_at":"2021-08-12T12:50:21.000Z","author_id":"397325190","lang":"en","public_metrics":{"retweet_count":0,"reply_count":0,"like_count":0,"quote_count":0},"id":"1425801833038090241","text":"@gtpgr Going to #Greece? Pls enjoy my piece about village life #Santorini in 1972. Then check out my romantic thriller, FIRE ON THE ISLAND, set on island of #Lesvos. Gold Medal in Faulkner-Wisdom Competition. Make it your Greek read!\n\nhttps://t.co/8RHqpZRJet"},{"created_at":"2021-08-12T12:50:13.000Z","author_id":"397325190","lang":"en","public_metrics":{"retweet_count":0,"reply_count":0,"like_count":0,"quote_count":0},"id":"1425801799903105024","text":"@CityofAthens Going to #Greece? Pls enjoy my piece about village life #Santorini in 1972. Then check out my romantic thriller, FIRE ON THE ISLAND, set on island of #Lesvos. Gold Medal in Faulkner-Wisdom Competition. Make it your Greek read!\n\nhttps://t.co/8RHqpZRJet"},{"created_at":"2021-08-12T12:50:03.000Z","author_id":"397325190","lang":"en","public_metrics":{"retweet_count":0,"reply_count":0,"like_count":0,"quote_count":0},"id":"1425801756634664964","text":"@DiscoverGRcom Going to #Greece? Pls enjoy my piece about village life #Santorini in 1972. Then check out my romantic thriller, FIRE ON THE ISLAND, set on island of #Lesvos. Gold Medal in Faulkner-Wisdom Competition. Make it your Greek read!\n\nhttps://t.co/8RHqpZRJet"},{"created_at":"2021-08-12T12:49:24.000Z","author_id":"397325190","lang":"en","public_metrics":{"retweet_count":0,"reply_count":0,"like_count":0,"quote_count":0},"id":"1425801591710535692","text":"@VisitGreecegr Going to #Greece? Pls enjoy my piece about village life #Santorini in 1972. Then check out my romantic thriller, FIRE ON THE ISLAND, set on island of #Lesvos. Gold Medal in Faulkner-Wisdom Competition. Make it your Greek read!\n\nhttps://t.co/8RHqpZRJet"},{"created_at":"2021-08-12T12:49:15.000Z","author_id":"397325190","lang":"en","public_metrics":{"retweet_count":0,"reply_count":0,"like_count":0,"quote_count":0},"id":"1425801554972512258","text":"@AroundGreece Going to #Greece? Pls enjoy my piece about village life #Santorini in 1972. Then check out my romantic thriller, FIRE ON THE ISLAND, set on island of #Lesvos. Gold Medal in Faulkner-Wisdom Competition. Make it your Greek read!\n\nhttps://t.co/8RHqpZRJet"},{"created_at":"2021-08-12T12:49:01.000Z","author_id":"397325190","lang":"en","public_metrics":{"retweet_count":0,"reply_count":0,"like_count":0,"quote_count":0},"id":"1425801496357134341","text":"@greece_travels Going to #Greece? Pls enjoy my piece about village life #Santorini in 1972. Then check out my romantic thriller, FIRE ON THE ISLAND, set on island of #Lesvos. Gold Medal in Faulkner-Wisdom Competition. Make it your Greek read!\n\nhttps://t.co/8RHqpZRJet"},{"created_at":"2021-08-12T12:48:49.000Z","author_id":"120584931","lang":"und","public_metrics":{"retweet_count":0,"reply_count":0,"like_count":0,"quote_count":0},"id":"1425801445966761992","text":"https://t.co/sf5udHx86r"},{"created_at":"2021-08-12T12:48:39.000Z","author_id":"397325190","lang":"en","public_metrics":{"retweet_count":0,"reply_count":0,"like_count":0,"quote_count":0},"id":"1425801402773876737","text":"@TravellingGr Going to #Greece? Pls enjoy my piece about village life #Santorini in 1972. Then check out my romantic thriller, FIRE ON THE ISLAND, set on island of #Lesvos. Gold Medal in Faulkner-Wisdom Competition. Make it your Greek read!\n\nhttps://t.co/8RHqpZRJet"},{"created_at":"2021-08-12T12:48:30.000Z","author_id":"397325190","lang":"en","public_metrics":{"retweet_count":0,"reply_count":0,"like_count":0,"quote_count":0},"id":"1425801366337949698","text":"@Taksidi2Greece Going to #Greece? Pls enjoy my piece about village life #Santorini in 1972. Then check out my romantic thriller, FIRE ON THE ISLAND, set on island of #Lesvos. Gold Medal in Faulkner-Wisdom Competition. Make it your Greek read!\n\nhttps://t.co/8RHqpZRJet"},{"created_at":"2021-08-12T12:48:15.000Z","author_id":"397325190","lang":"en","public_metrics":{"retweet_count":0,"reply_count":0,"like_count":0,"quote_count":0},"id":"1425801303301709831","text":"@4TravelGreece Going to #Greece? Pls enjoy my piece about village life #Santorini in 1972. Then check out my romantic thriller, FIRE ON THE ISLAND, set on island of #Lesvos. Gold Medal in Faulkner-Wisdom Competition. Make it your Greek read!\n\nhttps://t.co/8RHqpZRJet"},{"created_at":"2021-08-12T12:47:56.000Z","author_id":"397325190","lang":"en","public_metrics":{"retweet_count":0,"reply_count":0,"like_count":0,"quote_count":0},"id":"1425801222934732807","text":"@Greekacom Going to #Greece? Pls enjoy my piece about village life #Santorini in 1972. Then check out my romantic thriller, FIRE ON THE ISLAND, set on island of #Lesvos. Gold Medal in Faulkner-Wisdom Competition. Make it your Greek read!\n\nhttps://t.co/8RHqpZRJet"},{"created_at":"2021-08-12T12:47:24.000Z","author_id":"397325190","lang":"en","public_metrics":{"retweet_count":0,"reply_count":0,"like_count":0,"quote_count":0},"id":"1425801090805735431","text":"@Passion4Greece Going to #Greece? Pls enjoy my piece about village life #Santorini in 1972. Then check out my romantic thriller, FIRE ON THE ISLAND, set on island of #Lesvos. Gold Medal in Faulkner-Wisdom Competition. Make it your Greek read!\n\nhttps://t.co/8RHqpZRJet"},{"created_at":"2021-08-12T12:47:10.000Z","author_id":"397325190","lang":"en","public_metrics":{"retweet_count":0,"reply_count":0,"like_count":0,"quote_count":0},"id":"1425801029661208576","text":"@GreekGuidecom Going to #Greece? Pls enjoy my piece about village life #Santorini in 1972. Then check out my romantic thriller, FIRE ON THE ISLAND, set on island of #Lesvos. Gold Medal in Faulkner-Wisdom Competition. Make it your Greek read!\n\nhttps://t.co/8RHqpZRJet"},{"created_at":"2021-08-12T12:46:57.000Z","author_id":"397325190","lang":"en","public_metrics":{"retweet_count":0,"reply_count":0,"like_count":0,"quote_count":0},"id":"1425800974367608837","text":"@Greek_Spirit Going to #Greece? Pls enjoy my piece about village life #Santorini in 1972. Then check out my romantic thriller, FIRE ON THE ISLAND, set on island of #Lesvos. Gold Medal in Faulkner-Wisdom Competition. Make it your Greek read!\n\nhttps://t.co/8RHqpZRJet"},{"created_at":"2021-08-12T12:46:35.000Z","author_id":"397325190","lang":"en","public_metrics":{"retweet_count":0,"reply_count":0,"like_count":0,"quote_count":0},"id":"1425800882785079299","text":"@secretgreece Going to #Greece? Pls enjoy my piece about village life #Santorini in 1972. Then check out my romantic thriller, FIRE ON THE ISLAND, set on island of #Lesvos. Gold Medal in Faulkner-Wisdom Competition. Make it your Greek read!\n\nhttps://t.co/8RHqpZRJet"},{"created_at":"2021-08-12T12:45:50.000Z","author_id":"371723043","lang":"en","public_metrics":{"retweet_count":0,"reply_count":0,"like_count":0,"quote_count":0},"id":"1425800693793837068","text":"@MichouParaskevi @SecCivileFrance A \uD83D\uDC4D\nB \nForest fires in Greece: firefighters from Lower Saxony help[Kreiszeitung. de &amp; Google Translate]\nhttps://t.co/7Cu2oWpwcH\nSince it takes a long time 4 a vehicle convoy travelling +-2000 km wouldn't it be better to organize (military) airlift capacity 4 staff &amp; equipment?\uD83E\uDD14"},{"created_at":"2021-08-12T12:45:22.000Z","author_id":"446321924","lang":"en","public_metrics":{"retweet_count":0,"reply_count":0,"like_count":1,"quote_count":0},"attachments":{"media_keys":["3_1425800382308134912"]},"id":"1425800576982454281","text":"I can't upload a video of a group of Arabs setting fire to Greece islands. https://t.co/mEnsb1KyUl https://t.co/iKpNsjIkWy"},{"created_at":"2021-08-12T12:44:25.000Z","author_id":"2268854223","lang":"en","public_metrics":{"retweet_count":0,"reply_count":0,"like_count":0,"quote_count":0},"id":"1425800338129440769","text":"@XRebellionUK \nWhat part of self - flagellation do the people of this World,  or\nwhat's left of it understand,  as man - made destruction is\nallowed to explode. Fires of country - size raging: Greece/Algeria/\nTurkey/most of Europe on smaller scale/America. Flooding &amp;\nheatwaves \uD83C\uDD98"},{"created_at":"2021-08-12T12:42:36.000Z","author_id":"1304381521747476482","lang":"en","public_metrics":{"retweet_count":0,"reply_count":0,"like_count":0,"quote_count":0},"id":"1425799882393243661","text":"I am not here to dismiss climate change, because it is a real problem and it is happening, but the fires in Greece were arson. It would be naive to assume that is all due to climate change. Arsonist just take advantage of the climate change."},{"created_at":"2021-08-12T12:41:43.000Z","author_id":"395288618","lang":"en","public_metrics":{"retweet_count":1,"reply_count":0,"like_count":2,"quote_count":1},"id":"1425799657402245133","text":"\".....the region's fires are bigger than Greece's, Turkey's, Italy's and North America's c-o-m-b-i-n-e-d\"\nhttps://t.co/8fdJIsEmsL"},{"created_at":"2021-08-12T12:39:04.000Z","author_id":"570927672","lang":"en","public_metrics":{"retweet_count":0,"reply_count":1,"like_count":0,"quote_count":0},"attachments":{"media_keys":["3_1425782478707515394"]},"id":"1425798992030433283","text":"More than 100,000 hectares have been burnt by wildfires raging in Greece over the last two weeks, the most destructive fires in the country since 2007, data from the European Forest Fire Information System (EFFIS) showed Thursday https://t.co/U26Do2lPz0"},{"created_at":"2021-08-12T12:38:52.000Z","author_id":"982658238767185920","lang":"en","public_metrics":{"retweet_count":0,"reply_count":1,"like_count":0,"quote_count":0},"id":"1425798943745601544","text":"The fires in greece getting a little close to yiayia’s village…."},{"created_at":"2021-08-12T12:38:51.000Z","author_id":"120002948","lang":"en","public_metrics":{"retweet_count":0,"reply_count":1,"like_count":1,"quote_count":0},"id":"1425798939891044366","text":"@fourlarks3d As are the fires in Greece, Turkey, Armenia etc"},{"created_at":"2021-08-12T12:34:10.000Z","author_id":"19723900","lang":"en","public_metrics":{"retweet_count":0,"reply_count":0,"like_count":0,"quote_count":0},"id":"1425797758120775691","text":"Russian Be-200 aircraft makes over 30 flights to put out fires in Greece - News - Russian Aviation - https://t.co/50JytRle2h https://t.co/BcCeDwxDvG"},{"created_at":"2021-08-12T12:31:24.000Z","author_id":"900607693236215808","lang":"en","public_metrics":{"retweet_count":0,"reply_count":0,"like_count":0,"quote_count":0},"id":"1425797063984439298","text":"After two weeks of heatwave, Greece hopes that the first showers signal the end of the fires\nhttps://t.co/xpma77s0FJ"},{"created_at":"2021-08-12T12:31:03.000Z","author_id":"756796452","lang":"en","public_metrics":{"retweet_count":0,"reply_count":1,"like_count":5,"quote_count":0},"id":"1425796976042385414","text":"Prime Minister Kyriakos Mistotakis described the 586 fires that ravaged several regions of Greece in just a few days as \"a natural disaster of exceptional magnitude.\"\n\nhttps://t.co/gZfeX6e9KE"},{"created_at":"2021-08-12T12:30:42.000Z","author_id":"2825927976","lang":"en","public_metrics":{"retweet_count":0,"reply_count":0,"like_count":2,"quote_count":0},"id":"1425796885277679616","text":"@greekcitytimes Greece has zero land management. No clearing of forest floor fuel. Zero investment in fire fighting.Wastes it's money on fighter jets and corruption and permanently a slave state of Germany. Mitsotakis is a disgrace. Commie Syriza and Pasok even worse. Sad for my Greek relatives"},{"created_at":"2021-08-12T12:30:32.000Z","author_id":"1370070552648560644","lang":"el","public_metrics":{"retweet_count":0,"reply_count":0,"like_count":1,"quote_count":0},"attachments":{"media_keys":["3_1425796843326279684"]},"id":"1425796845998063625","text":"Όχι δεν είναι προϊόν επεξεργασίας. #greece #fires #πυρκαγια #Ευβοια   #νεμουτα #λαλας #γορτυνια #νεοχωρι #δωδεκαμετρο #καστρακι #πυρι #καλλιανι #δαφνη #Μανη #γυθειο #αρκαδια https://t.co/645G3KFEjn"},{"created_at":"2021-08-12T12:30:10.000Z","author_id":"290603801","lang":"en","public_metrics":{"retweet_count":5,"reply_count":0,"like_count":12,"quote_count":0},"id":"1425796753576669190","text":"‘How many decades of human habitation are left for… the northern Mediterranean? It does not seem fanciful… to imagine climate refugees within Europe in the coming years, joining the desperate masses pressing on the continent from outside.’ @arisroussinos https://t.co/JqxksjWX38"},{"created_at":"2021-08-12T12:29:49.000Z","author_id":"1261678012036243458","lang":"en","public_metrics":{"retweet_count":0,"reply_count":1,"like_count":2,"quote_count":0},"id":"1425796666330959879","text":"THIS BIRD PROTECTED EGGBABYS UNTIL BURNING IN GREECE FIRE\uD83D\uDEA8\uD83E\uDDD0https://t.co/gGUtr7z33D"},{"created_at":"2021-08-12T12:29:37.000Z","author_id":"431005487","lang":"en","public_metrics":{"retweet_count":2,"reply_count":3,"like_count":12,"quote_count":0},"id":"1425796613730099201","text":"Pray for Greece!\uD83D\uDE30#fires Pray for Argelia \uD83D\uDE30#FiresInAlgeria Pray for Turkey!\uD83D\uDE30#firesturkey https://t.co/Xi9DIVGPb8"},{"created_at":"2021-08-12T12:28:04.000Z","author_id":"1024214886849626113","lang":"en","public_metrics":{"retweet_count":0,"reply_count":0,"like_count":0,"quote_count":0},"id":"1425796225098559489","text":"JUST IN: EU data shows that over 100,000 hectares have been burned in fires across Greece #News #Economy #Politics"},{"created_at":"2021-08-12T12:27:50.000Z","author_id":"1129867448822456321","lang":"en","public_metrics":{"retweet_count":0,"reply_count":0,"like_count":0,"quote_count":0},"attachments":{"media_keys":["3_1425794855083642885","3_1425794855083692034"]},"id":"1425796165992337418","text":"Fell in love with Greece after my first-ever trip there this July with my lovely sisterhood of Girlfriends. Let’s send out collective prayers for healing as fires continue wreak devastation https://t.co/UeZAPreZb0"},{"created_at":"2021-08-12T12:25:33.000Z","author_id":"38090709","lang":"en","public_metrics":{"retweet_count":7,"reply_count":0,"like_count":6,"quote_count":0},"id":"1425795588877033474","text":"New #Fires Break Out in #Greece, #Arcadia Remains on High Alert https://t.co/07M0KKSlav"},{"created_at":"2021-08-12T12:25:30.000Z","author_id":"1216789182665887744","lang":"en","public_metrics":{"retweet_count":0,"reply_count":0,"like_count":9,"quote_count":0},"id":"1425795579423121413","text":"The reason I'm not uploading content anymore, is because I'm frustrated with Niantic and I want to see some critical changes in September 1st. \nAlso, Greece and some more countries are having issues with Fire all along the country.\nNo motivation to create new content.\n#PokemonGO"},{"created_at":"2021-08-12T12:24:56.000Z","author_id":"727316106843574272","lang":"en","public_metrics":{"retweet_count":0,"reply_count":0,"like_count":1,"quote_count":0},"id":"1425795436254801928","text":"'I'm lost': Greek farmer overcome after fire burns goat herd @salhaj @riadmeddeb \nhttps://t.co/ZxZ5CUVVTc\nStunned, Kostis Angelou wanders between the corpses of his goats, all 372 of them burnt by a fire that devoured forests on Evia island in Greece. \"I'm lost,\""},{"created_at":"2021-08-12T12:23:24.000Z","author_id":"976060702552215553","lang":"en","public_metrics":{"retweet_count":0,"reply_count":1,"like_count":1,"quote_count":0},"id":"1425795051452616704","text":"@kelly_owner @ZoeyCatBell @StruttLuke Thank you so much. I am from a small town in West Greece and we didn't have fires. Its really sad what happens"},{"created_at":"2021-08-12T12:23:22.000Z","author_id":"37019939","lang":"en","public_metrics":{"retweet_count":0,"reply_count":0,"like_count":0,"quote_count":0},"id":"1425795040228614148","text":"Greece wildfires: Hundreds of fires burn across the country as people evacuate villages – CNN Video https://t.co/8tx6hoDg4h"},{"created_at":"2021-08-12T12:22:10.000Z","author_id":"976060702552215553","lang":"en","public_metrics":{"retweet_count":0,"reply_count":0,"like_count":2,"quote_count":0},"id":"1425794737680916484","text":"@shawsome872 @ZoeyCatBell @StruttLuke I am from West Greece and here we didn't have fires. Its really sad to watch it. Yesterday in my town we gathered foods for the fire victims. I am looking if is an account where we can donate."},{"created_at":"2021-08-12T12:20:10.000Z","author_id":"297436821","lang":"en","public_metrics":{"retweet_count":8,"reply_count":0,"like_count":13,"quote_count":0},"attachments":{"media_keys":["7_1425792941675712520"]},"id":"1425794237338202117","text":"As #wildfires rage in Greece, Turkey and California, we must also acknowledge the detrimental impact that man-made fires in the Amazon are having on  people, nature and climate. Learn more about the fires in our latest insight here: https://t.co/eYY8Cqpv8R https://t.co/utB5ZqXlrv"},{"created_at":"2021-08-12T12:16:57.000Z","author_id":"2402692703","lang":"en","public_metrics":{"retweet_count":1,"reply_count":1,"like_count":3,"quote_count":0},"id":"1425793426277163012","text":"GOOD READ: Who set Greece on fire? @arisroussinos \nvia @UnHerd https://t.co/aNuXxk1pjZ"},{"created_at":"2021-08-12T12:14:56.000Z","author_id":"1333607604","lang":"en","public_metrics":{"retweet_count":2,"reply_count":1,"like_count":2,"quote_count":0},"id":"1425792918019874824","text":"@AlrantAl @DaleGeldart Fires in Greece. Killer floods in Turkey, Belgium, Germany &amp; Holland. Record heat in Sicily &amp; north-west US. Largest forest fire in California. Mutating global virus. No snowfall in the Andes. Nagging stupidity &amp; incoherence of leaders. It's all seriously frightening &amp; sad."},{"created_at":"2021-08-12T12:13:38.000Z","author_id":"594527714","lang":"und","public_metrics":{"retweet_count":0,"reply_count":0,"like_count":0,"quote_count":0},"id":"1425792591824576512","text":"@dancalegria https://t.co/MiLkAYLxhs"},{"created_at":"2021-08-12T12:13:33.000Z","author_id":"3149729430","lang":"en","public_metrics":{"retweet_count":0,"reply_count":0,"like_count":0,"quote_count":0},"attachments":{"media_keys":["3_1425792566172151812"]},"id":"1425792568806154243","text":"#NATO Allies stand together against wildfires \nhttps://t.co/uDotkXtyl5\n#Disaster #Earthquake #Emergency #European #Fire #FireBrigade #Force #Greece #Hurricane #Kosovo #Macedonia #Pakistan #Pilots #Turkey #Water https://t.co/Qxz0w3olfN"},{"created_at":"2021-08-12T12:12:58.000Z","author_id":"814904340448215040","lang":"en","public_metrics":{"retweet_count":1,"reply_count":0,"like_count":0,"quote_count":0},"id":"1425792423960195078","text":"JUST IN: EU data shows that over 100,000 hectares have been burned in fires across Greece\nx"},{"created_at":"2021-08-12T12:12:06.000Z","author_id":"14173315","lang":"en","public_metrics":{"retweet_count":34,"reply_count":14,"like_count":56,"quote_count":2},"id":"1425792204539367427","text":"WATCH: Wildfires in Algeria have killed at least 65 people and in Italy some fires have been burning for five weeks, meanwhile Greek firefighters have received help from international teams to battle over 500 wildfires. https://t.co/7CtvqV4Mu4"},{"created_at":"2021-08-12T12:10:44.000Z","author_id":"1318120016714354688","lang":"en","public_metrics":{"retweet_count":0,"reply_count":0,"like_count":0,"quote_count":0},"id":"1425791860770017281","text":"@renshten @dwnews The government extinguishes the fire, not the people. I did not blame my citizens, you are too ignorant to understand this. Countries ask for help from other countries in extraordinary situations, just like Australia,Greece, what's wrong with this?"},{"created_at":"2021-08-12T12:08:22.000Z","author_id":"1287349167501783041","lang":"en","public_metrics":{"retweet_count":4,"reply_count":7,"like_count":47,"quote_count":0},"attachments":{"media_keys":["3_1425791259264835584","3_1425791265329844229"]},"id":"1425791268244893696","text":"This is the prime minister of Greece talking about the wild fires. \n\nOn the other picture an old lady that lost everything. \n\nEnough said. https://t.co/jdWfe3dbtD"},{"created_at":"2021-08-12T12:06:35.000Z","author_id":"1243475956213268482","lang":"en","public_metrics":{"retweet_count":0,"reply_count":0,"like_count":7,"quote_count":0},"id":"1425790819353563138","text":"All praise to the international fire fighters in Greece.\n\n#GreeceFires"},{"created_at":"2021-08-12T12:06:33.000Z","author_id":"26800438","lang":"en","public_metrics":{"retweet_count":0,"reply_count":0,"like_count":1,"quote_count":0},"id":"1425790808490401794","text":"@ElenaBec This isn’t new information. He hired cops and ignored the needs of fire protective services in Greece."},{"created_at":"2021-08-12T12:05:03.000Z","author_id":"52571677","lang":"en","public_metrics":{"retweet_count":1,"reply_count":1,"like_count":1,"quote_count":0},"attachments":{"media_keys":["3_1425790382563078149"]},"id":"1425790432160718848","text":"More than 100,000 hectares burned in Greek fires: #EU data\nMore than 100,000 hectares have been burnt by #WildFires raging in #Greece over the last 2 weeks, the most destructive fires in the country since 2007, data from the European Forest Fire Information System (#EFFIS) showed https://t.co/GFNZmdR9DU"},{"created_at":"2021-08-12T12:04:02.000Z","author_id":"819500973232164868","lang":"en","public_metrics":{"retweet_count":22,"reply_count":0,"like_count":47,"quote_count":1},"attachments":{"media_keys":["3_1425790169639178240"]},"id":"1425790176828272645","text":"Our team is now in Arcadia - assisting a small group of villages. They are protecting villagers &amp; properties, creating fire breaks, damping down and carrying out road clearances so fire vehicles can access routes. Read the latest update on work underway \uD83D\uDC47 https://t.co/tt4LPzJwMH https://t.co/BcFIxPDYGJ"},{"created_at":"2021-08-12T12:01:54.000Z","author_id":"40433794","lang":"en","public_metrics":{"retweet_count":9,"reply_count":6,"like_count":113,"quote_count":0},"id":"1425789637075812354","text":"Overhead in the barbershop earlier:\n\n\"Aren't them fires in Greece awful. 48 degrees in Italy, climate change innit.\"\n\n(5 minutes later)\n\n\"Aren't them low traffic zones awful.\"\n\n/facepalm repeatedly."},{"created_at":"2021-08-12T12:01:25.000Z","author_id":"934399189","lang":"en","public_metrics":{"retweet_count":7,"reply_count":0,"like_count":9,"quote_count":0},"attachments":{"media_keys":["13_1425788602873782274"]},"id":"1425789517315907585","text":"Evia fires leave behind great damage to local villages\n\n#Greece #Eviaisland #wildfires https://t.co/kfpcfxynSM"},{"created_at":"2021-08-12T12:00:42.000Z","author_id":"1371894376624979978","lang":"en","public_metrics":{"retweet_count":0,"reply_count":0,"like_count":0,"quote_count":0},"id":"1425789337761890307","text":"@PrimeministerGR Firefighter make 15 euros an hour.  How about cutting the pensions of the politicians and giving these heroes a much deserved raise. Make up for your mistake of not having a proper fire service in Greece."},{"created_at":"2021-08-12T12:00:00.000Z","author_id":"1257785277403115520","lang":"en","public_metrics":{"retweet_count":2,"reply_count":1,"like_count":2,"quote_count":0},"attachments":{"media_keys":["3_1425762070201442305"]},"id":"1425789159965282310","text":"Greece, Turkey, Algeria and southern Italy are suffering through huge wildfires and one of the highest temperatures in decades. Firefighters are unable to control the blazes while several have died in the fire.\n#briflynews #greece #turkey #algeria #southernitaly #wildfires https://t.co/YWHCpB5HUU"},{"created_at":"2021-08-12T11:59:59.000Z","author_id":"2855499784","lang":"en","public_metrics":{"retweet_count":0,"reply_count":1,"like_count":0,"quote_count":0},"id":"1425789155062259714","text":"@GeraldKutney i’m worried about the western fires, and now they’re happening in greece, which means it’s not a localized semi-ish controllable phenomenon, i don’t understand the mechanics, so, is this a new global normal, or is it just cyclical, or is this the beginning of a systemic failure"},{"created_at":"2021-08-12T11:57:50.000Z","author_id":"1626294277","lang":"en","public_metrics":{"retweet_count":392,"reply_count":34,"like_count":1388,"quote_count":48},"id":"1425788614445715458","text":"JUST IN: EU data shows that over 100,000 hectares have been burned in fires across Greece"},{"created_at":"2021-08-12T11:55:00.000Z","author_id":"960129987998244865","lang":"en","public_metrics":{"retweet_count":0,"reply_count":0,"like_count":0,"quote_count":0},"id":"1425787901594439688","text":"More than 100,000 hectares have been burnt by wildfires raging in #Greece over the last two weeks, the most destructive fires in the country since 2007, data from the European Forest Fire Information System (#EFFIS) showed Thursday. \nhttps://t.co/TqdKyC99hf"},{"created_at":"2021-08-12T11:53:12.000Z","author_id":"3059118880","lang":"en","public_metrics":{"retweet_count":5,"reply_count":0,"like_count":6,"quote_count":1},"id":"1425787450484576259","text":"Forest fires in #Greece destroy more than 100,000 hectar of land within two weeks."},{"created_at":"2021-08-12T11:51:38.000Z","author_id":"298665450","lang":"en","public_metrics":{"retweet_count":0,"reply_count":0,"like_count":1,"quote_count":0},"id":"1425787054517067776","text":"Absolutely devastating to see wild fires destroying parts of these beautiful Mediterranean countries \uD83D\uDC94 #Algeria #Greece #Turkey #horror #wildfires #firefighters #heatwave #ClimateEmergency #ClimateCrisis #ClimateAction"},{"created_at":"2021-08-12T11:51:03.000Z","author_id":"365503489","lang":"en","public_metrics":{"retweet_count":1,"reply_count":0,"like_count":4,"quote_count":0},"id":"1425786908886642690","text":"@dbirch214 Most fires in Greece were set on deliberately and several arsonists across the country were arrested, nothing new here. Some fires also started by negligence. Lots of talking about government not putting much effort to tackle them either."},{"created_at":"2021-08-12T11:50:01.000Z","author_id":"1411720215105355777","lang":"en","public_metrics":{"retweet_count":7,"reply_count":1,"like_count":12,"quote_count":1},"attachments":{"media_keys":["3_1425786431860092935"]},"id":"1425786649015996417","text":"We are pleased to announce the third tranche of $1000 fire relief donation to @ahbapplatformu in Turkey! We have committed to donate $1000 for every 50 #Rookie minted at https://t.co/8xCxOeK5Lm to NGOs in #Greece and #Turkey, with total target of $200k support! \uD83D\uDE80 https://t.co/H4T7mDpG7D https://t.co/zqUHLIPXh2"},{"created_at":"2021-08-12T11:48:08.000Z","author_id":"1402526643256713220","lang":"en","public_metrics":{"retweet_count":0,"reply_count":0,"like_count":0,"quote_count":0},"id":"1425786173650345989","text":"Wildfires rage in Greece, Turkey and Algeria DW News\nhttps://t.co/ONOIDhlGeF\nhttps://t.co/ahMcW7GH7b\nEurope after the rain DW Documentary\nhttps://t.co/A8DprVHNAf"},{"created_at":"2021-08-12T11:46:42.000Z","author_id":"964396531355799552","lang":"en","public_metrics":{"retweet_count":0,"reply_count":2,"like_count":2,"quote_count":0},"attachments":{"media_keys":["3_1425784753786081288","3_1425784824414056449"]},"id":"1425785814190067715","text":"@bullterrier80 (sorry to interrupt) This is a picture of Greece's biggest island-Evoia.Covered by forests-ALL over till down by the seaside..now, look the same (famous-1st beach of nudists in EU+hippies' place 2)beach here...before the fires &amp; after. Isn;t THAT a shame? \n*pic by Kostas Dimou https://t.co/JtLMLJfAhI"},{"created_at":"2021-08-12T11:45:57.000Z","author_id":"1408137462577352709","lang":"en","public_metrics":{"retweet_count":0,"reply_count":0,"like_count":0,"quote_count":0},"attachments":{"media_keys":["3_1425785623164637184"]},"id":"1425785625781973002","text":"Sicily records Europe’s ‘highest ever’ temperature as fires rage\nTap the link in bio for full story.\n#wildfires #Greece #ClimateReport #Sicily https://t.co/Ux5lxUl3Q1"},{"created_at":"2021-08-12T11:45:47.000Z","author_id":"240060518","lang":"en","public_metrics":{"retweet_count":1,"reply_count":0,"like_count":7,"quote_count":0},"id":"1425785582236676099","text":"A great, sobering must-read by @arisroussinos: \nhttps://t.co/QqGcBfXO76"},{"created_at":"2021-08-12T11:45:38.000Z","author_id":"256489534","lang":"en","public_metrics":{"retweet_count":6,"reply_count":1,"like_count":10,"quote_count":0},"attachments":{"media_keys":["3_1425785146553389059"]},"id":"1425785545293279233","text":"We are providing more aid to fight forest fires.\n\nFrance mobilised 5 aircrafts to help Italy and Algeria after a new request for assistance via #EUCivPro.\n\nWe also continue the firefighting operations in Greece, Albania and North Macedonia.\n\n#RescEU https://t.co/nr7RJ7hUSy"},{"created_at":"2021-08-12T11:45:00.000Z","author_id":"380648579","lang":"en","public_metrics":{"retweet_count":248,"reply_count":14,"like_count":354,"quote_count":31},"attachments":{"media_keys":["3_1425782478707515394"]},"id":"1425785385200750604","text":"#UPDATE More than 100,000 hectares have been burnt by wildfires raging in Greece over the last two weeks, the most destructive fires in the country since 2007, data from the European Forest Fire Information System (EFFIS) showed Thursday https://t.co/JJOM5Tp7aK"},{"created_at":"2021-08-12T11:45:00.000Z","author_id":"17268987","lang":"ro","public_metrics":{"retweet_count":0,"reply_count":0,"like_count":0,"quote_count":0},"attachments":{"media_keys":["3_1425747095768768513"]},"id":"1425785384890417156","text":"The remains of a fire-ravaged 18th-century Orthodox church in Kokino Milia, Greece\nCredit: Miloš Bičanski/Getty Images https://t.co/kq4TKzOI6E"},{"created_at":"2021-08-12T11:41:00.000Z","author_id":"241926072","lang":"en","public_metrics":{"retweet_count":0,"reply_count":0,"like_count":0,"quote_count":0},"id":"1425784378156888067","text":"@JebBrooks @ParisAeroport Isn't Greece on fire at the moment?"},{"created_at":"2021-08-12T11:40:56.000Z","author_id":"421051570","lang":"en","public_metrics":{"retweet_count":0,"reply_count":0,"like_count":1,"quote_count":0},"id":"1425784362411433991","text":"Miracle in Greece!  St. David’s Monastery in Evia, untouched by flames larger than 40 meters.  The monks put out the fire with firefighters https://t.co/tJrpEKpL9b"},{"created_at":"2021-08-12T11:40:36.000Z","author_id":"1129097034978533376","lang":"en","public_metrics":{"retweet_count":0,"reply_count":0,"like_count":0,"quote_count":0},"id":"1425784277447413761","text":"Saudi Arabia ready to help Greece battle fires:..really opening a front against Turkey...remember you were once under Turkish empire ..without Lawrence you would still be under Turks .."},{"created_at":"2021-08-12T11:40:23.000Z","author_id":"1243087954307887109","lang":"en","public_metrics":{"retweet_count":0,"reply_count":0,"like_count":0,"quote_count":0},"id":"1425784222560706563","text":"There's a fire in the forest surrounding my hometown, it's very close. It's kinda scary when I think about it, especially when I remembered how Greece is burning right now, it's very depressing how much trouble this heat causes."},{"created_at":"2021-08-12T11:39:00.000Z","author_id":"45179658","lang":"en","public_metrics":{"retweet_count":0,"reply_count":0,"like_count":1,"quote_count":0},"id":"1425783875847004168","text":"@Schwarzenegger @ArnoldSCI Sad...just read your statement on masks that have no scientific evidence of stopping infection, whilst you infect the climate on your flight in the midst of Greece on fire and Italy in dia need of cooler weather. Seriously out of touch."},{"created_at":"2021-08-12T11:36:15.000Z","author_id":"1351999845016469507","lang":"en","public_metrics":{"retweet_count":1,"reply_count":1,"like_count":6,"quote_count":0},"id":"1425783181983330304","text":"praying for the fires to stop in greece and turkey \uD83E\uDD7A"},{"created_at":"2021-08-12T11:36:14.000Z","author_id":"1255850474483433472","lang":"en","public_metrics":{"retweet_count":0,"reply_count":1,"like_count":0,"quote_count":0},"id":"1425783180632723458","text":"@Hectorvonspectr @Cr6zyMonk @DarrenPlymouth No, it's never been hotter. Algeria, America, Greece &amp; Turkey engulfed in fires and Siberia is worse than all combined. \n\nIf you understand feedback loops you'll be even more scared. \n\nTime is ticking to save humanity boyo. Billionaires pay, won't be harsh on you"},{"created_at":"2021-08-12T11:35:33.000Z","author_id":"1209739080310890503","lang":"en","public_metrics":{"retweet_count":0,"reply_count":0,"like_count":5,"quote_count":0},"id":"1425783009513463809","text":"Turkey, Greece, Algeria...world is on fire literally \uD83D\uDE14 https://t.co/RYaVovNWhM"},{"created_at":"2021-08-12T11:34:04.000Z","author_id":"31161851","lang":"en","public_metrics":{"retweet_count":8,"reply_count":0,"like_count":19,"quote_count":0},"id":"1425782634391785474","text":"Firefighters from @MerseyFire continue to work alongside local firefighting teams in #Greece. They have been speaking to the media about the deployment &amp; the challenges these devastating fires pose.\n\nWe're incredibly proud of the entire team's efforts.\n\n#OneTeam https://t.co/001EKHv8Qi"},{"created_at":"2021-08-12T11:32:12.000Z","author_id":"1665188173","lang":"en","public_metrics":{"retweet_count":0,"reply_count":0,"like_count":1,"quote_count":0},"id":"1425782165007122436","text":"@RachelB97062555 @FarukMe00518522 @KhaledBeydoun yes - that's my strong guess. Fires are globally at the moment: USA: Westcoast / Europe: Italy, Turkey, Greece   / Africa: Algerie.  \nNot of eco! fascism. But of \"eco\" fascism. Reading recommandation: The Great Reset (by Klaus Schwab)"},{"created_at":"2021-08-12T11:30:59.000Z","author_id":"11855772","lang":"en","public_metrics":{"retweet_count":3,"reply_count":0,"like_count":5,"quote_count":0},"id":"1425781860685262854","text":"WATCH: Wildfires in Algeria have killed at least 65 people and in Italy some fires have been burning for five weeks, meanwhile Greek firefighters have received help from international teams to battle over 500 wildfires. https://t.co/1TZbxMt67f"},{"created_at":"2021-08-12T11:29:56.000Z","author_id":"82347945","lang":"en","public_metrics":{"retweet_count":1,"reply_count":0,"like_count":1,"quote_count":0},"id":"1425781592421801986","text":"€15 Million Emergency Grant from @SNForg Responds to #Fire Crisis in #Greece\nhttps://t.co/hXm2aQQznA"},{"created_at":"2021-08-12T11:29:47.000Z","author_id":"146194591","lang":"en","public_metrics":{"retweet_count":0,"reply_count":0,"like_count":0,"quote_count":0},"id":"1425781555159502857","text":"@bbcbrasil @GretaThunberg Greta, we await your INTERNATIONAL PRONOUNCEMENT CONDEMNING THE PRESIDENT BOLSONARO FOR THE FIRES IN GREECE! Ditto for those in america. We're looking for a culprit and we haven't found....."},{"created_at":"2021-08-12T11:28:41.000Z","author_id":"1106927792099418112","lang":"en","public_metrics":{"retweet_count":0,"reply_count":2,"like_count":0,"quote_count":0},"id":"1425781280801755141","text":"@Pewpew4life @DDAndrews @ewarren We’re on the brink of tipping points.  We may already be too late.   There is no time left to lose when it comes to climate change legislation.   None.  Look at what’s happening right now in CA, Italy, Hawaii, Greece, etc.   Catastrophic fires.  Catastrophic drought."},{"created_at":"2021-08-12T11:28:35.000Z","author_id":"704211854101508096","lang":"en","public_metrics":{"retweet_count":1,"reply_count":0,"like_count":1,"quote_count":0},"id":"1425781254096621568","text":"Greece battles out of control fires for eighth day as PM promises help https://t.co/KyvU0UWlvo"},{"created_at":"2021-08-12T11:27:33.000Z","author_id":"1371120838662053889","lang":"und","public_metrics":{"retweet_count":0,"reply_count":0,"like_count":1,"quote_count":1},"id":"1425780993106006022","text":"Help me to make a transplant https://t.co/61uM7le6PH μέσω @GoGetFunding\nΟποιος θελει να διαβασει την ιστορια μου…..❤️\n\n#me #love #eye #transplant #fires #COVID19 #greece #athens #PrayForGreece"},{"created_at":"2021-08-12T11:26:07.000Z","author_id":"431777800","lang":"en","public_metrics":{"retweet_count":11,"reply_count":7,"like_count":128,"quote_count":0},"id":"1425780633247391750","text":"UAE \uD83C\uDDE6\uD83C\uDDEA continues to operate relief air bridge to help those affected by fires in #Greece \uD83C\uDDEC\uD83C\uDDF7 \n#GreeceFires @uaeembassygr @GreeceMFA \n https://t.co/f2Bpebnm58"},{"created_at":"2021-08-12T11:25:32.000Z","author_id":"1106177386717036545","lang":"en","public_metrics":{"retweet_count":3,"reply_count":0,"like_count":5,"quote_count":0},"id":"1425780485494648841","text":"NEW: Greece is burning – with both fire and an anger towards those who let it spread\n\nPeople in Greece are angry, not only at the impacts of human-induced climate change, but at the consequences of years of austerity and fire service cuts.\n\nhttps://t.co/ygkUU2s9aK"},{"created_at":"2021-08-12T11:24:37.000Z","author_id":"1409309506094383104","lang":"en","public_metrics":{"retweet_count":0,"reply_count":0,"like_count":0,"quote_count":0},"id":"1425780255516676100","text":"@Channel4News @Anja_Popp @c4uncovered To all you climate numpties and panickers:\n\nhttps://t.co/wSORlabcLj"},{"created_at":"2021-08-12T11:24:29.000Z","author_id":"220365524","lang":"en","public_metrics":{"retweet_count":0,"reply_count":0,"like_count":0,"quote_count":0},"id":"1425780222792802310","text":"Greek wildfires a major ecological catastrophe, PM says\n#Wildfires \n#Europe\n#Greece \n#Athens \n#Evia \n#Weather \n#Evacuations \nhttps://t.co/Gyxh4nNWJA"},{"created_at":"2021-08-12T11:24:13.000Z","author_id":"1409309506094383104","lang":"en","public_metrics":{"retweet_count":0,"reply_count":0,"like_count":0,"quote_count":0},"id":"1425780154102685697","text":"@adriangilson5 @Channel4News @Anja_Popp @c4uncovered @haringeycouncil @mikehakata @LabourCycles @mragilligan @MuswellHMums Right....\n\nhttps://t.co/wSORlabcLj"},{"created_at":"2021-08-12T11:23:50.000Z","author_id":"17704418","lang":"en","public_metrics":{"retweet_count":0,"reply_count":0,"like_count":2,"quote_count":0},"id":"1425780058384384003","text":"Powerful and sometime politically incorrect column by @arisroussinos.\n\nWorth the read: \n\nhttps://t.co/PGAsHeQWbG"},{"created_at":"2021-08-12T11:22:47.000Z","author_id":"3317016051","lang":"en","public_metrics":{"retweet_count":2,"reply_count":0,"like_count":0,"quote_count":0},"attachments":{"media_keys":["3_1425779767853322241"]},"id":"1425779793354805257","text":"Devasting fires are currently raging across several countries (Albania, Algeria, Croatia, Greece, Italy, North Macedonia and Turkey) and are threatening cultural and natural sites including #WorldHeritage sites! \n\nMake sure to check our post on Instagram for more information. https://t.co/UmypUWhdrv"},{"created_at":"2021-08-12T11:22:44.000Z","author_id":"1311240768993071104","lang":"en","public_metrics":{"retweet_count":0,"reply_count":1,"like_count":1,"quote_count":0},"id":"1425779783657459716","text":"@Dog__Pope @LBeadman @mrow84 @AaronBastani What bullshit have I spouted ? That the fires were started deliberately? People have been arrested for exactly that. That people don’t visit Greece for their summer holidays to enjoy the rain ? What have I said that was incorrect?"},{"created_at":"2021-08-12T11:22:34.000Z","author_id":"737662502553722881","lang":"en","public_metrics":{"retweet_count":1,"reply_count":0,"like_count":4,"quote_count":0},"id":"1425779741857046528","text":"With much of the country smothered by haze &amp; Evia Island in ruins - the biggest worry now is over small flare ups turning into out of control fires. #Evia #GreeceFires https://t.co/v63t8ZzD8A"},{"created_at":"2021-08-12T11:21:28.000Z","author_id":"4382201721","lang":"und","public_metrics":{"retweet_count":1,"reply_count":0,"like_count":0,"quote_count":0},"id":"1425779465410465793","text":"https://t.co/vO6aD3YQjj\n\n#greeceisburning #Πυρκαγιά #Ευβοια"}],"includes":{"media":[{"media_key":"3_1425800382308134912","type":"photo","url":"https://pbs.twimg.com/media/E8l15LwXsAAIs1r.png"},{"media_key":"3_1425782478707515394","type":"photo","url":"https://pbs.twimg.com/media/E8llnDpWYAII0hY.jpg"},{"media_key":"3_1425796843326279684","type":"photo","url":"https://pbs.twimg.com/media/E8lyrMBWEAQXKub.jpg"},{"media_key":"3_1425794855083642885","type":"photo","url":"https://pbs.twimg.com/media/E8lw3dPXEAUmxrW.jpg"},{"media_key":"3_1425794855083692034","type":"photo","url":"https://pbs.twimg.com/media/E8lw3dPX0AIRdVS.jpg"},{"media_key":"7_1425792941675712520","public_metrics":{"view_count":171},"type":"video"},{"media_key":"3_1425792566172151812","type":"photo","url":"https://pbs.twimg.com/media/E8luyOYVcAQimIm.jpg"},{"media_key":"3_1425791259264835584","type":"photo","url":"https://pbs.twimg.com/media/E8ltmJxWYAAnTZ3.jpg"},{"media_key":"3_1425791265329844229","type":"photo","url":"https://pbs.twimg.com/media/E8ltmgXXEAUwbmd.jpg"},{"media_key":"3_1425790382563078149","type":"photo","url":"https://pbs.twimg.com/media/E8lszHzXMAUxBMq.png"},{"media_key":"3_1425790169639178240","type":"photo","url":"https://pbs.twimg.com/media/E8lsmumWUAAraAX.jpg"},{"media_key":"13_1425788602873782274","public_metrics":{"view_count":621},"type":"video"},{"media_key":"3_1425762070201442305","type":"photo","url":"https://pbs.twimg.com/media/E8lTDICVIAEXiZC.jpg"},{"media_key":"3_1425786431860092935","type":"photo","url":"https://pbs.twimg.com/media/E8lpNKSXsAcjwaH.jpg"},{"media_key":"3_1425784753786081288","type":"photo","url":"https://pbs.twimg.com/media/E8lnre-WUAgVCfU.jpg"},{"media_key":"3_1425784824414056449","type":"photo","url":"https://pbs.twimg.com/media/E8lnvmFXsAEMVIx.jpg"},{"media_key":"3_1425785623164637184","type":"photo","url":"https://pbs.twimg.com/media/E8loeFqWUAASHEA.jpg"},{"media_key":"3_1425785146553389059","type":"photo","url":"https://pbs.twimg.com/media/E8loCWJX0AMMsho.jpg"},{"media_key":"3_1425747095768768513","type":"photo","url":"https://pbs.twimg.com/media/E8lFbf7XoAEYWoY.jpg"},{"media_key":"3_1425779767853322241","type":"photo","url":"https://pbs.twimg.com/media/E8ljJQ7WEAEGP8n.jpg"}]},"meta":{"newest_id":"1425802410786689030","oldest_id":"1425779465410465793","result_count":100,"next_token":"b26v89c19zqg8o3fpdm8kstnyw8y63gxr0nke7dykzibh"}}