{"data":[{"id":"1426155869532733444","lang":"fr","text":"RT @SecCivileFrance: \uD83C\uDDEB\uD83C\uDDF7\uD83E\uDD1D\uD83C\uDDE9\uD83C\uDDFF Les 2 #Canadair et le Beech sont arrivés en #Algérie.\nLes premiers largages ont été réalisés pour faire face aux…","created_at":"2021-08-13T12:17:10.000Z","author_id":"856255318648643585","public_metrics":{"retweet_count":327,"reply_count":0,"like_count":0,"quote_count":0}},{"id":"1426155482360782848","lang":"fr","text":"RT @miassa65115794: Algérie mon amour, Algérie pour toujours. (Cr:Koussai.26 ig) #SaveAlgeria #AlgeriaIsBurning #savedz #Tiziouzou #TiziOuz…","created_at":"2021-08-13T12:15:38.000Z","author_id":"455061922","public_metrics":{"retweet_count":5,"reply_count":0,"like_count":0,"quote_count":0}},{"id":"1426155261409075209","lang":"fr","text":"RT @RoyalSegolene: Tristesse et soutien à l’Algérie et aux habitants de Kabylie qui subissent  un effroyable incendie #Algerie","created_at":"2021-08-13T12:14:45.000Z","author_id":"1254883174871707649","public_metrics":{"retweet_count":15,"reply_count":0,"like_count":0,"quote_count":0}},{"id":"1426155003262214145","lang":"fr","text":"\uD83C\uDDE9\uD83C\uDDFF Algérie. Kabylie  \uD83D\uDEA8 ALERTE INFO \uD83D\uDEA8 22 personnes arrêtées pour incendie criminel alors que les incendies de forêt meurtriers en Kabylie continuent de faire rage.\n « Des criminels étaient à l'origine de la plupart des incendies », explique le président Tebboune. https://t.co/zFZnUTuSEy","created_at":"2021-08-13T12:13:44.000Z","attachments":{"media_keys":["7_1426154942759309313"]},"author_id":"1324685103772160000","public_metrics":{"retweet_count":0,"reply_count":0,"like_count":1,"quote_count":0}},{"id":"1426154883284148225","lang":"fr","text":"RT @sofiane19e: \uD83D\uDD34 Douas \nUn frère m'envoie souvent des photos de son magnifique village natal de Kabylie.\n\nVoici 2 photos de celui-ci avant…","created_at":"2021-08-13T12:13:15.000Z","author_id":"1401869530729697281","public_metrics":{"retweet_count":181,"reply_count":0,"like_count":0,"quote_count":0}},{"id":"1426154741915131907","lang":"fr","text":"RT @titi77146: D’après plusieurs témoignages les incendies proviendraient des hélicoptères de l’Etat Algérien qui fait semblant d’aider le…","created_at":"2021-08-13T12:12:41.000Z","author_id":"1299000057400713217","public_metrics":{"retweet_count":1,"reply_count":0,"like_count":0,"quote_count":0}},{"id":"1426154223134257155","lang":"fr","text":"RT @SecCivileFrance: \uD83C\uDDEB\uD83C\uDDF7\uD83E\uDD1D\uD83C\uDDE9\uD83C\uDDFF Les 2 #Canadair et le Beech sont arrivés en #Algérie.\nLes premiers largages ont été réalisés pour faire face aux…","created_at":"2021-08-13T12:10:38.000Z","author_id":"1042137130900893698","public_metrics":{"retweet_count":327,"reply_count":0,"like_count":0,"quote_count":0}},{"id":"1426154062723141636","lang":"fr","text":"RT @sofiane19e: \uD83D\uDD34 Douas \nUn frère m'envoie souvent des photos de son magnifique village natal de Kabylie.\n\nVoici 2 photos de celui-ci avant…","created_at":"2021-08-13T12:09:59.000Z","author_id":"1113303311283892224","public_metrics":{"retweet_count":181,"reply_count":0,"like_count":0,"quote_count":0}},{"id":"1426154053554352132","lang":"fr","text":"D’après plusieurs témoignages les incendies proviendraient des hélicoptères de l’Etat Algérien qui fait semblant d’aider le peuple mais mettrai volontairement le feu. D’après les témoignages après passage d’hélicoptères plusieurs feux se déclarent. #kabylie_brûle @EmmanuelMacron","created_at":"2021-08-13T12:09:57.000Z","author_id":"1323374721040322568","public_metrics":{"retweet_count":1,"reply_count":0,"like_count":0,"quote_count":1}},{"id":"1426153824474050563","lang":"fr","text":"RT @SecCivileFrance: \uD83C\uDDEB\uD83C\uDDF7\uD83E\uDD1D\uD83C\uDDE9\uD83C\uDDFF Les 2 #Canadair et le Beech sont arrivés en #Algérie.\nLes premiers largages ont été réalisés pour faire face aux…","created_at":"2021-08-13T12:09:03.000Z","author_id":"1214607788732747783","public_metrics":{"retweet_count":327,"reply_count":0,"like_count":0,"quote_count":0}},{"id":"1426153665094692871","lang":"fr","text":"RT @_ElPistoleroo: @rexis_anas C la même chose en kabylie, qu'Allah viennent en aide à tout ses pays pris en feu \uD83E\uDD32(Maroc,Algérie, Tunisie)","created_at":"2021-08-13T12:08:25.000Z","author_id":"1413518170523119627","public_metrics":{"retweet_count":1,"reply_count":0,"like_count":0,"quote_count":0}},{"id":"1426153539903102978","lang":"fr","text":"RT @sofiane19e: \uD83D\uDD34 Douas \nUn frère m'envoie souvent des photos de son magnifique village natal de Kabylie.\n\nVoici 2 photos de celui-ci avant…","created_at":"2021-08-13T12:07:55.000Z","author_id":"793551661008621569","public_metrics":{"retweet_count":181,"reply_count":0,"like_count":0,"quote_count":0}},{"id":"1426153181952843780","lang":"fr","text":"RT @RachidTemal: Pensées et soutien au peuple algérien touché et meurtri par ces nombreux incendies notamment en Kabylie. \nIl faut un souti…","created_at":"2021-08-13T12:06:29.000Z","author_id":"1187331389634600965","public_metrics":{"retweet_count":32,"reply_count":0,"like_count":0,"quote_count":0}},{"id":"1426152936648945665","lang":"fr","text":"RT @sofiane19e: \uD83D\uDD34 Douas \nUn frère m'envoie souvent des photos de son magnifique village natal de Kabylie.\n\nVoici 2 photos de celui-ci avant…","created_at":"2021-08-13T12:05:31.000Z","author_id":"1366598058","public_metrics":{"retweet_count":181,"reply_count":0,"like_count":0,"quote_count":0}},{"id":"1426152144214835202","lang":"en","text":"RT @CopernicusEMS: #EMSR533 - #Kabylie #Algeria #wildfires\n\nDozens of km of fire fronts\uD83D\uDD25are active\n\nIt took our #RapidMappingTeam all night…","created_at":"2021-08-13T12:02:22.000Z","author_id":"965933653607026688","public_metrics":{"retweet_count":22,"reply_count":0,"like_count":0,"quote_count":0}},{"id":"1426151969475993608","lang":"fr","text":"RT @sofiane19e: \uD83D\uDD34 Douas \nUn frère m'envoie souvent des photos de son magnifique village natal de Kabylie.\n\nVoici 2 photos de celui-ci avant…","created_at":"2021-08-13T12:01:40.000Z","author_id":"1139483136696496128","public_metrics":{"retweet_count":181,"reply_count":0,"like_count":0,"quote_count":0}},{"id":"1426151865595666434","lang":"fr","text":"RT @_A_R_I_F_I_: La Kabylie (Tizi Ouzou) avant et après l’incendie, c’est triste de voir une magnifique terre rempli de végétation disparaî…","created_at":"2021-08-13T12:01:16.000Z","author_id":"1178245510035132416","public_metrics":{"retweet_count":30,"reply_count":0,"like_count":0,"quote_count":0}},{"id":"1426151240489111556","lang":"fr","text":"RT @SecCivileFrance: \uD83C\uDDEB\uD83C\uDDF7\uD83E\uDD1D\uD83C\uDDE9\uD83C\uDDFF Les 2 #Canadair et le Beech sont arrivés en #Algérie.\nLes premiers largages ont été réalisés pour faire face aux…","created_at":"2021-08-13T11:58:46.000Z","author_id":"4853477817","public_metrics":{"retweet_count":327,"reply_count":0,"like_count":0,"quote_count":0}},{"id":"1426151059064606721","lang":"fr","text":"RT @daoud_kamel: Ce pays est aujourd’hui à un tournant. Il a toutes les raisons de s’effondrer et toutes les autres de se relever (...)On p…","created_at":"2021-08-13T11:58:03.000Z","author_id":"1067854632599326720","public_metrics":{"retweet_count":32,"reply_count":0,"like_count":0,"quote_count":0}},{"id":"1426150798367547394","lang":"fr","text":"RT @Cita_Friends: J'ai jamais autant détester un gouvernement le gouvernement Algérien a vraiment refuser 2 canadaires pour aider les feu e…","created_at":"2021-08-13T11:57:01.000Z","author_id":"1209129946309898241","public_metrics":{"retweet_count":19,"reply_count":0,"like_count":0,"quote_count":0}},{"id":"1426150522650832905","lang":"und","text":"#kabyliebrule #PrayForAlgeria #TiziOuzouBrule #kabylie_brûle #الجزايٴر_تستغيث #EmmanuelMacron_merci\n#Algeriaburning #algeria_forest_fires #Algerie_brule\n\uD83D\uDE22\uD83D\uDE22\uD83D\uDE22\uD83D\uDE22\uD83D\uDE22\uD83D\uDE22\uD83D\uDE22\uD83D\uDE22\uD83D\uDE22\uD83D\uDE22\uD83D\uDE22 https://t.co/ycrY5KdTkr","created_at":"2021-08-13T11:55:55.000Z","attachments":{"media_keys":["3_1426150402400079873"]},"author_id":"703367437304111104","public_metrics":{"retweet_count":0,"reply_count":0,"like_count":0,"quote_count":0}},{"id":"1426150481899008003","lang":"fr","text":"@HouyemMe Pour ce geste , j’espère que toute la Kabylie disparaît sous le feu","created_at":"2021-08-13T11:55:46.000Z","author_id":"788935221194452992","public_metrics":{"retweet_count":0,"reply_count":0,"like_count":0,"quote_count":0}},{"id":"1426150367046287360","lang":"fr","text":"RT @TariqibnZiyad__: Si la charia était instauré en Algérie cet innocent qui est venu aider ces frères en Kabylie ne serait pas brûlé vif c…","created_at":"2021-08-13T11:55:18.000Z","author_id":"1386475442052472833","public_metrics":{"retweet_count":74,"reply_count":0,"like_count":0,"quote_count":0}},{"id":"1426150285001596929","lang":"fr","text":"RT @sofiane19e: \uD83D\uDD34 Douas \nUn frère m'envoie souvent des photos de son magnifique village natal de Kabylie.\n\nVoici 2 photos de celui-ci avant…","created_at":"2021-08-13T11:54:59.000Z","author_id":"1869198888","public_metrics":{"retweet_count":181,"reply_count":0,"like_count":0,"quote_count":0}},{"id":"1426150030793183242","lang":"fr","text":"RT @daoud_kamel: Ce pays est aujourd’hui à un tournant. Il a toutes les raisons de s’effondrer et toutes les autres de se relever (...)On p…","created_at":"2021-08-13T11:53:58.000Z","author_id":"3097221580","public_metrics":{"retweet_count":32,"reply_count":0,"like_count":0,"quote_count":0}},{"id":"1426149916510982144","lang":"fr","text":"RT @martine_live: Algérie : accusé d’avoir tenté de provoquer un incendie, un jeune lynché à mort en Kabylie https://t.co/tkvt3d7clV","created_at":"2021-08-13T11:53:31.000Z","author_id":"2913106030","public_metrics":{"retweet_count":1,"reply_count":0,"like_count":0,"quote_count":0}},{"id":"1426149802149097481","lang":"fr","text":"RT @TariqibnZiyad__: Si la charia était instauré en Algérie cet innocent qui est venu aider ces frères en Kabylie ne serait pas brûlé vif c…","created_at":"2021-08-13T11:53:04.000Z","author_id":"1273266386350071809","public_metrics":{"retweet_count":74,"reply_count":0,"like_count":0,"quote_count":0}},{"id":"1426149784797294594","lang":"fr","text":"Algérie : accusé d’avoir tenté de provoquer un incendie, un jeune lynché à mort en Kabylie https://t.co/tkvt3d7clV","created_at":"2021-08-13T11:52:59.000Z","author_id":"1522442348","public_metrics":{"retweet_count":1,"reply_count":1,"like_count":0,"quote_count":0}},{"id":"1426149595822895108","lang":"fr","text":"RT @sofiane19e: \uD83D\uDD34 Douas \nUn frère m'envoie souvent des photos de son magnifique village natal de Kabylie.\n\nVoici 2 photos de celui-ci avant…","created_at":"2021-08-13T11:52:14.000Z","author_id":"1020058871249981440","public_metrics":{"retweet_count":181,"reply_count":0,"like_count":0,"quote_count":0}},{"id":"1426149217249251328","lang":"fr","text":"RT @AkliStaifi: La Kabylie brûle, l'Algérie brûle...\nqu'Allah viennent en aide au peuple Kabyle et que toutes les victimes mortes par cet i…","created_at":"2021-08-13T11:50:44.000Z","author_id":"1203488963366989824","public_metrics":{"retweet_count":4132,"reply_count":0,"like_count":0,"quote_count":0}},{"id":"1426149052127879168","lang":"fr","text":"RT @sofiane19e: \uD83D\uDD34 Douas \nUn frère m'envoie souvent des photos de son magnifique village natal de Kabylie.\n\nVoici 2 photos de celui-ci avant…","created_at":"2021-08-13T11:50:05.000Z","author_id":"1248106250790940674","public_metrics":{"retweet_count":181,"reply_count":0,"like_count":0,"quote_count":0}},{"id":"1426148359677566980","lang":"fr","text":"RT @RachDeVaincre: J’viens d’regarder les story de la miff en Kabylie jai les larmes aux yeux.\nFaites des duaahs. Qu’Allah fasse que la plu…","created_at":"2021-08-13T11:47:20.000Z","author_id":"1157012460626427909","public_metrics":{"retweet_count":358,"reply_count":0,"like_count":0,"quote_count":0}},{"id":"1426148178689241089","lang":"fr","text":"RT @SecCivileFrance: \uD83C\uDDEB\uD83C\uDDF7\uD83E\uDD1D\uD83C\uDDE9\uD83C\uDDFF Les 2 #Canadair et le Beech sont arrivés en #Algérie.\nLes premiers largages ont été réalisés pour faire face aux…","created_at":"2021-08-13T11:46:37.000Z","author_id":"4048539622","public_metrics":{"retweet_count":327,"reply_count":0,"like_count":0,"quote_count":0}},{"id":"1426147909842636800","lang":"fr","text":"RT @_A_R_I_F_I_: La Kabylie (Tizi Ouzou) avant et après l’incendie, c’est triste de voir une magnifique terre rempli de végétation disparaî…","created_at":"2021-08-13T11:45:32.000Z","author_id":"565743731","public_metrics":{"retweet_count":30,"reply_count":0,"like_count":0,"quote_count":0}},{"id":"1426147704401448962","lang":"en","text":"RT @CopernicusEMS: #EMSR533 - #Kabylie #Algeria #wildfires\n\nDozens of km of fire fronts\uD83D\uDD25are active\n\nIt took our #RapidMappingTeam all night…","created_at":"2021-08-13T11:44:43.000Z","author_id":"4134412067","public_metrics":{"retweet_count":22,"reply_count":0,"like_count":0,"quote_count":0}},{"id":"1426147699045318657","lang":"fr","text":"RT @daoud_kamel: Ce pays est aujourd’hui à un tournant. Il a toutes les raisons de s’effondrer et toutes les autres de se relever (...)On p…","created_at":"2021-08-13T11:44:42.000Z","author_id":"2587263400","public_metrics":{"retweet_count":32,"reply_count":0,"like_count":0,"quote_count":0}},{"id":"1426147555537211397","lang":"fr","text":"RT @Hoossblk: Une pensée à mon pays la Kabylie, des incendies criminels … Merci au royaume du Maroc d’avoir proposé son aide mais le gouver…","created_at":"2021-08-13T11:44:08.000Z","author_id":"1179362313662615552","public_metrics":{"retweet_count":2,"reply_count":0,"like_count":0,"quote_count":0}},{"id":"1426147266033819649","lang":"fr","text":"RT @SecCivileFrance: \uD83C\uDDEB\uD83C\uDDF7\uD83E\uDD1D\uD83C\uDDE9\uD83C\uDDFF Les 2 #Canadair et le Beech sont arrivés en #Algérie.\nLes premiers largages ont été réalisés pour faire face aux…","created_at":"2021-08-13T11:42:59.000Z","author_id":"1364514460887625729","public_metrics":{"retweet_count":327,"reply_count":0,"like_count":0,"quote_count":0}},{"id":"1426146987167129602","lang":"fr","text":"RT @Hoossblk: Une pensée à mon pays la Kabylie, des incendies criminels … Merci au royaume du Maroc d’avoir proposé son aide mais le gouver…","created_at":"2021-08-13T11:41:52.000Z","author_id":"1392896918574047238","public_metrics":{"retweet_count":2,"reply_count":0,"like_count":0,"quote_count":0}},{"id":"1426146901645303808","lang":"fr","text":"RT @_A_R_I_F_I_: La Kabylie (Tizi Ouzou) avant et après l’incendie, c’est triste de voir une magnifique terre rempli de végétation disparaî…","created_at":"2021-08-13T11:41:32.000Z","author_id":"592020833","public_metrics":{"retweet_count":30,"reply_count":0,"like_count":0,"quote_count":0}},{"id":"1426146713438392323","lang":"fr","text":"RT @_A_R_I_F_I_: La Kabylie (Tizi Ouzou) avant et après l’incendie, c’est triste de voir une magnifique terre rempli de végétation disparaî…","created_at":"2021-08-13T11:40:47.000Z","author_id":"789223617087307777","public_metrics":{"retweet_count":30,"reply_count":0,"like_count":0,"quote_count":0}},{"id":"1426146568437182468","lang":"fr","text":"RT @_A_R_I_F_I_: La Kabylie (Tizi Ouzou) avant et après l’incendie, c’est triste de voir une magnifique terre rempli de végétation disparaî…","created_at":"2021-08-13T11:40:13.000Z","author_id":"1371220620621574145","public_metrics":{"retweet_count":30,"reply_count":0,"like_count":0,"quote_count":0}},{"id":"1426146497305972737","lang":"fr","text":"RT @SecCivileFrance: \uD83C\uDDEB\uD83C\uDDF7\uD83E\uDD1D\uD83C\uDDE9\uD83C\uDDFF Les 2 #Canadair et le Beech sont arrivés en #Algérie.\nLes premiers largages ont été réalisés pour faire face aux…","created_at":"2021-08-13T11:39:56.000Z","author_id":"2865869103","public_metrics":{"retweet_count":327,"reply_count":0,"like_count":0,"quote_count":0}},{"id":"1426146017360101377","lang":"fr","text":"@azwaaww Et les ivrognes yen a partout, sauf que dans le Sahara le sable peut pas prendre feu, et forcément dans le nord vu que ya des arbres bah ya des trucs à cramer. En particulier en Kabylie où la région est tres boisée","created_at":"2021-08-13T11:38:01.000Z","author_id":"1409984007861846017","public_metrics":{"retweet_count":0,"reply_count":0,"like_count":0,"quote_count":0}},{"id":"1426145898711687169","lang":"fr","text":"@_9afk @azwaaww bah pcq c'est voulu, en kabylie aussi ça prend feu n'importe cmt, dans mon village y'a un local qui a pris feu alors que yavait rien d'inflammable dedans et autour","created_at":"2021-08-13T11:37:33.000Z","author_id":"1401260464345075716","public_metrics":{"retweet_count":0,"reply_count":1,"like_count":0,"quote_count":0}},{"id":"1426145676560371719","lang":"en","text":"RT @CopernicusEMS: #EMSR533 - #Kabylie #Algeria #wildfires\n\nDozens of km of fire fronts\uD83D\uDD25are active\n\nIt took our #RapidMappingTeam all night…","created_at":"2021-08-13T11:36:40.000Z","author_id":"750502701457440768","public_metrics":{"retweet_count":22,"reply_count":0,"like_count":0,"quote_count":0}},{"id":"1426145191971500032","lang":"fr","text":"RT @sofiane19e: \uD83D\uDD34 Douas \nUn frère m'envoie souvent des photos de son magnifique village natal de Kabylie.\n\nVoici 2 photos de celui-ci avant…","created_at":"2021-08-13T11:34:44.000Z","author_id":"1012438795998973952","public_metrics":{"retweet_count":181,"reply_count":0,"like_count":0,"quote_count":0}},{"id":"1426145173768183809","lang":"en","text":"RT @CopernicusEMS: #EMSR533 - #Kabylie #Algeria #wildfires\n\nDozens of km of fire fronts\uD83D\uDD25are active\n\nIt took our #RapidMappingTeam all night…","created_at":"2021-08-13T11:34:40.000Z","author_id":"2201283403","public_metrics":{"retweet_count":22,"reply_count":0,"like_count":0,"quote_count":0}},{"id":"1426144929223479296","lang":"fr","text":"RT @SecCivileFrance: \uD83C\uDDEB\uD83C\uDDF7\uD83E\uDD1D\uD83C\uDDE9\uD83C\uDDFF Les 2 #Canadair et le Beech sont arrivés en #Algérie.\nLes premiers largages ont été réalisés pour faire face aux…","created_at":"2021-08-13T11:33:42.000Z","author_id":"75754965","public_metrics":{"retweet_count":327,"reply_count":0,"like_count":0,"quote_count":0}},{"id":"1426144928447467526","lang":"fr","text":"RT @SecCivileFrance: \uD83C\uDDEB\uD83C\uDDF7\uD83E\uDD1D\uD83C\uDDE9\uD83C\uDDFF Les 2 #Canadair et le Beech sont arrivés en #Algérie.\nLes premiers largages ont été réalisés pour faire face aux…","created_at":"2021-08-13T11:33:42.000Z","author_id":"1141066671685349377","public_metrics":{"retweet_count":327,"reply_count":0,"like_count":0,"quote_count":0}},{"id":"1426144757307281408","lang":"en","text":"#BREAKING \n22 arrested for arson as deadly #Algeria wildfires continue to rage. \"Criminals were behind most of the fires,\" says President #Tebboune.\n#Kabylie #TiziOuzou #ForestFires https://t.co/e5Vu0nfC4w","created_at":"2021-08-13T11:33:01.000Z","attachments":{"media_keys":["7_1426144659349385220"]},"author_id":"52571677","public_metrics":{"retweet_count":0,"reply_count":0,"like_count":0,"quote_count":0}},{"id":"1426144074269143041","lang":"fr","text":"RT @pagekabyle: Une femme pleure ses voisins encerclés par le feu \uD83D\uDE25 #TiziOuzou #Kabylie https://t.co/dISbzs6zhC","created_at":"2021-08-13T11:30:18.000Z","attachments":{"media_keys":["7_1424869669266239495"]},"author_id":"2663393175","public_metrics":{"retweet_count":83,"reply_count":0,"like_count":0,"quote_count":0}},{"id":"1426144004115107850","lang":"en","text":"RT @Reuters: Forest fires in Algeria killed 42 people, including 25 soldiers deployed to help put out the blaze, the government said, as th…","created_at":"2021-08-13T11:30:01.000Z","author_id":"816564894841479168","public_metrics":{"retweet_count":373,"reply_count":0,"like_count":0,"quote_count":0}},{"id":"1426143785877078021","lang":"en","text":"RT @CopernicusEMS: #EMSR533 - #Kabylie #Algeria #wildfires\n\nDozens of km of fire fronts\uD83D\uDD25are active\n\nIt took our #RapidMappingTeam all night…","created_at":"2021-08-13T11:29:09.000Z","author_id":"514688965","public_metrics":{"retweet_count":22,"reply_count":0,"like_count":0,"quote_count":0}},{"id":"1426143468037054465","lang":"fr","text":"RT @sofiane19e: \uD83D\uDD34 Douas \nUn frère m'envoie souvent des photos de son magnifique village natal de Kabylie.\n\nVoici 2 photos de celui-ci avant…","created_at":"2021-08-13T11:27:53.000Z","author_id":"1060574427941928960","public_metrics":{"retweet_count":181,"reply_count":0,"like_count":0,"quote_count":0}},{"id":"1426143366002188290","lang":"fr","text":"RT @sofiane19e: \uD83D\uDD34 Douas \nUn frère m'envoie souvent des photos de son magnifique village natal de Kabylie.\n\nVoici 2 photos de celui-ci avant…","created_at":"2021-08-13T11:27:29.000Z","author_id":"1199933866695385089","public_metrics":{"retweet_count":181,"reply_count":0,"like_count":0,"quote_count":0}},{"id":"1426143280765472774","lang":"fr","text":"RT @HindaBe0rlegui_: Après la Covid-19, le manque d’eau, les chutes de tension, c’est au tour des incendies. \nPlusieurs feu  d’incendie ont…","created_at":"2021-08-13T11:27:09.000Z","author_id":"1199933866695385089","public_metrics":{"retweet_count":181,"reply_count":0,"like_count":0,"quote_count":0}},{"id":"1426143247060152320","lang":"fr","text":"RT @daoud_kamel: Ce pays est aujourd’hui à un tournant. Il a toutes les raisons de s’effondrer et toutes les autres de se relever (...)On p…","created_at":"2021-08-13T11:27:01.000Z","author_id":"1403680796918038528","public_metrics":{"retweet_count":32,"reply_count":0,"like_count":0,"quote_count":0}},{"id":"1426143239107661825","lang":"fr","text":"RT @sofiane19e: \uD83D\uDD34 Douas \nUn frère m'envoie souvent des photos de son magnifique village natal de Kabylie.\n\nVoici 2 photos de celui-ci avant…","created_at":"2021-08-13T11:26:59.000Z","author_id":"382274099","public_metrics":{"retweet_count":181,"reply_count":0,"like_count":0,"quote_count":0}},{"id":"1426143107616317447","lang":"fr","text":"RT @SecCivileFrance: \uD83C\uDDEB\uD83C\uDDF7\uD83E\uDD1D\uD83C\uDDE9\uD83C\uDDFF Les 2 #Canadair et le Beech sont arrivés en #Algérie.\nLes premiers largages ont été réalisés pour faire face aux…","created_at":"2021-08-13T11:26:27.000Z","author_id":"119849250","public_metrics":{"retweet_count":327,"reply_count":0,"like_count":0,"quote_count":0}},{"id":"1426142876547878914","lang":"fr","text":"RT @_A_R_I_F_I_: La Kabylie (Tizi Ouzou) avant et après l’incendie, c’est triste de voir une magnifique terre rempli de végétation disparaî…","created_at":"2021-08-13T11:25:32.000Z","author_id":"1189469338010619904","public_metrics":{"retweet_count":30,"reply_count":0,"like_count":0,"quote_count":0}},{"id":"1426142840887906305","lang":"en","text":"#Algeria \nAt least 28 military men were among the dead as the North African country deployed the army to help firefighters contain fires that ravaged several houses in forested areas.\n#Kabylie #TiziOuzou #ForestFires \nhttps://t.co/dxC0ByXg3I https://t.co/5vRn4ZsKlg","created_at":"2021-08-13T11:25:24.000Z","attachments":{"media_keys":["7_1426142725179576327"]},"author_id":"52571677","public_metrics":{"retweet_count":0,"reply_count":1,"like_count":0,"quote_count":0}},{"id":"1426142781349707776","lang":"fr","text":"Il y a le feu en Kabylie https://t.co/xDQ1KLLzO5 via @FacebookWatch","created_at":"2021-08-13T11:25:10.000Z","author_id":"1221050195787554816","public_metrics":{"retweet_count":0,"reply_count":0,"like_count":0,"quote_count":0}},{"id":"1426142578651668481","lang":"fr","text":"RT @idiri_yo: Si vous pouvez donner, faites le. La Kabylie est en feu et besoin de notre aide. https://t.co/G5KJfUcaze","created_at":"2021-08-13T11:24:21.000Z","author_id":"827466824468017152","public_metrics":{"retweet_count":232,"reply_count":0,"like_count":0,"quote_count":0}},{"id":"1426142563673718794","lang":"fr","text":"Il y a le feu en Kabylie https://t.co/ahO25V5JW5 via @FacebookWatch","created_at":"2021-08-13T11:24:18.000Z","author_id":"1221050195787554816","public_metrics":{"retweet_count":0,"reply_count":0,"like_count":1,"quote_count":0}},{"id":"1426142528785485827","lang":"fr","text":"RT @sofiane19e: \uD83D\uDD34 Douas \nUn frère m'envoie souvent des photos de son magnifique village natal de Kabylie.\n\nVoici 2 photos de celui-ci avant…","created_at":"2021-08-13T11:24:09.000Z","author_id":"36640984","public_metrics":{"retweet_count":181,"reply_count":0,"like_count":0,"quote_count":0}},{"id":"1426142521919422464","lang":"fr","text":"RT @SecCivileFrance: \uD83C\uDDEB\uD83C\uDDF7\uD83E\uDD1D\uD83C\uDDE9\uD83C\uDDFF Les 2 #Canadair et le Beech sont arrivés en #Algérie.\nLes premiers largages ont été réalisés pour faire face aux…","created_at":"2021-08-13T11:24:08.000Z","author_id":"330429430","public_metrics":{"retweet_count":327,"reply_count":0,"like_count":0,"quote_count":0}},{"id":"1426142464751046658","lang":"fr","text":"RT @SecCivileFrance: \uD83C\uDDEB\uD83C\uDDF7\uD83E\uDD1D\uD83C\uDDE9\uD83C\uDDFF Les 2 #Canadair et le Beech sont arrivés en #Algérie.\nLes premiers largages ont été réalisés pour faire face aux…","created_at":"2021-08-13T11:23:54.000Z","author_id":"1423546421756809218","public_metrics":{"retweet_count":327,"reply_count":0,"like_count":0,"quote_count":0}},{"id":"1426142443590856705","lang":"fr","text":"RT @daoud_kamel: Ce pays est aujourd’hui à un tournant. Il a toutes les raisons de s’effondrer et toutes les autres de se relever (...)On p…","created_at":"2021-08-13T11:23:49.000Z","author_id":"2897364869","public_metrics":{"retweet_count":32,"reply_count":0,"like_count":0,"quote_count":0}},{"id":"1426142251168772096","lang":"fr","text":"RT @_fitamine: L’Homme qui a été lynché brûle vif accusé d’avoir de vouloir allumer un incendie, était en réalité un artiste de Miliana qui…","created_at":"2021-08-13T11:23:03.000Z","author_id":"795719160852529153","public_metrics":{"retweet_count":916,"reply_count":0,"like_count":0,"quote_count":0}},{"id":"1426142218604134404","lang":"en","text":"Dozens of #ForestFires have hit mountainous areas in northern #Algeria since Mon,mainly in #TiziOuzou,the main province of the #Kabylie region east of the capital, #Algiers\nSome fires have been caused by high temperatures but criminal hands were behind most of them,#Tebboune said https://t.co/6ot7zbBEYe","created_at":"2021-08-13T11:22:56.000Z","attachments":{"media_keys":["7_1426141894262800387"]},"author_id":"52571677","public_metrics":{"retweet_count":0,"reply_count":1,"like_count":3,"quote_count":0}},{"id":"1426142153311391749","lang":"fr","text":"RT @sofiane19e: \uD83D\uDD34 Douas \nUn frère m'envoie souvent des photos de son magnifique village natal de Kabylie.\n\nVoici 2 photos de celui-ci avant…","created_at":"2021-08-13T11:22:40.000Z","author_id":"1102673321555095557","public_metrics":{"retweet_count":181,"reply_count":0,"like_count":0,"quote_count":0}},{"id":"1426142120512036869","lang":"fr","text":"RT @sofiane19e: \uD83D\uDD34 Douas \nUn frère m'envoie souvent des photos de son magnifique village natal de Kabylie.\n\nVoici 2 photos de celui-ci avant…","created_at":"2021-08-13T11:22:32.000Z","author_id":"37472696","public_metrics":{"retweet_count":181,"reply_count":0,"like_count":0,"quote_count":0}},{"id":"1426141993680392193","lang":"fr","text":"RT @sofiane19e: \uD83D\uDD34 Douas \nUn frère m'envoie souvent des photos de son magnifique village natal de Kabylie.\n\nVoici 2 photos de celui-ci avant…","created_at":"2021-08-13T11:22:02.000Z","author_id":"625606657","public_metrics":{"retweet_count":181,"reply_count":0,"like_count":0,"quote_count":0}},{"id":"1426141741653037058","lang":"fr","text":"@bendjelel Mais vous voulez défendre la violence par la violence ! Y’en a pas un pour rattraper l’autre ! Et c’est bien des criminels qui ont mis le feu à la Kabylie ! C bien l’état qui a fait ça ça ne sert à rien de tout caché","created_at":"2021-08-13T11:21:02.000Z","author_id":"935950914732679170","public_metrics":{"retweet_count":0,"reply_count":3,"like_count":0,"quote_count":0}},{"id":"1426141011517087747","lang":"fr","text":"Les gens qui mettent le feu en Kabylie https://t.co/7HG32RhQ4o","created_at":"2021-08-13T11:18:08.000Z","attachments":{"media_keys":["3_1426140987915743237","3_1426140996241436673","3_1426141004537675778"]},"author_id":"955902340565012480","public_metrics":{"retweet_count":0,"reply_count":0,"like_count":0,"quote_count":0}},{"id":"1426140790061928448","lang":"fr","text":"RT @_A_R_I_F_I_: La Kabylie (Tizi Ouzou) avant et après l’incendie, c’est triste de voir une magnifique terre rempli de végétation disparaî…","created_at":"2021-08-13T11:17:15.000Z","author_id":"940944852728143872","public_metrics":{"retweet_count":30,"reply_count":0,"like_count":0,"quote_count":0}},{"id":"1426140497979060229","lang":"fr","text":"RT @sofiane19e: \uD83D\uDD34 Douas \nUn frère m'envoie souvent des photos de son magnifique village natal de Kabylie.\n\nVoici 2 photos de celui-ci avant…","created_at":"2021-08-13T11:16:05.000Z","author_id":"4793219201","public_metrics":{"retweet_count":181,"reply_count":0,"like_count":0,"quote_count":0}},{"id":"1426140275580280832","lang":"fr","text":"RT @sofiane19e: \uD83D\uDD34 Douas \nUn frère m'envoie souvent des photos de son magnifique village natal de Kabylie.\n\nVoici 2 photos de celui-ci avant…","created_at":"2021-08-13T11:15:12.000Z","author_id":"1401260464345075716","public_metrics":{"retweet_count":181,"reply_count":0,"like_count":0,"quote_count":0}},{"id":"1426139933165727749","lang":"fr","text":"RT @sofiane19e: \uD83D\uDD34 Douas \nUn frère m'envoie souvent des photos de son magnifique village natal de Kabylie.\n\nVoici 2 photos de celui-ci avant…","created_at":"2021-08-13T11:13:51.000Z","author_id":"910118808","public_metrics":{"retweet_count":181,"reply_count":0,"like_count":0,"quote_count":0}},{"id":"1426139814320123906","lang":"fr","text":"RT @sofiane19e: \uD83D\uDD34 Douas \nUn frère m'envoie souvent des photos de son magnifique village natal de Kabylie.\n\nVoici 2 photos de celui-ci avant…","created_at":"2021-08-13T11:13:22.000Z","author_id":"1078506729300742144","public_metrics":{"retweet_count":181,"reply_count":0,"like_count":0,"quote_count":0}},{"id":"1426139802106224648","lang":"fr","text":"@ouahiba_MS @LisaBxfl Apparement le feu est maîtrisé en Kabylie, j'espère que les autres régions vont maintenant benificier de maximum de renfort, à Taraf y a pas trop d'info relayées","created_at":"2021-08-13T11:13:19.000Z","author_id":"803023784","public_metrics":{"retweet_count":0,"reply_count":2,"like_count":4,"quote_count":0}},{"id":"1426139613148626949","lang":"fr","text":"RT @sofiane19e: \uD83D\uDD34 Douas \nUn frère m'envoie souvent des photos de son magnifique village natal de Kabylie.\n\nVoici 2 photos de celui-ci avant…","created_at":"2021-08-13T11:12:34.000Z","author_id":"4908805919","public_metrics":{"retweet_count":181,"reply_count":0,"like_count":0,"quote_count":0}},{"id":"1426139518168707078","lang":"fr","text":"RT @laib_nouara: La kabylie brûle en silence \uD83E\uDD7AAprès le covid c'est au tour du feu 19 incendies à tizi ouzou \n  \uD83D\uDE0Fdites moi encore que c'est…","created_at":"2021-08-13T11:12:12.000Z","author_id":"1187091098063245312","public_metrics":{"retweet_count":32,"reply_count":0,"like_count":0,"quote_count":0}},{"id":"1426139433896747019","lang":"fr","text":"RT @sofiane19e: \uD83D\uDD34 Douas \nUn frère m'envoie souvent des photos de son magnifique village natal de Kabylie.\n\nVoici 2 photos de celui-ci avant…","created_at":"2021-08-13T11:11:52.000Z","author_id":"969117320781103105","public_metrics":{"retweet_count":181,"reply_count":0,"like_count":0,"quote_count":0}},{"id":"1426139418969116676","lang":"und","text":"RT @KabbesAmine: #Incendie #Algerie #Solidarité #Kabylie #URGENCEALGERIE https://t.co/I1QCgQWiGS","created_at":"2021-08-13T11:11:48.000Z","attachments":{"media_keys":["3_1425410415916367873"]},"author_id":"1256833506723979264","public_metrics":{"retweet_count":2,"reply_count":0,"like_count":0,"quote_count":0}},{"id":"1426139034330533898","lang":"fr","text":"RT @_A_R_I_F_I_: La Kabylie (Tizi Ouzou) avant et après l’incendie, c’est triste de voir une magnifique terre rempli de végétation disparaî…","created_at":"2021-08-13T11:10:16.000Z","author_id":"1423724382908780545","public_metrics":{"retweet_count":30,"reply_count":0,"like_count":0,"quote_count":0}},{"id":"1426138825445761027","lang":"fr","text":"Kabylie : Après que Macron ait envoyé deux Canadairs en Kabylie pour aider à combattre le feu. Pour le remercier, les habitants de Tizi Ouzou ont érigé une statue à son effigie, ils l’ont baptisé Aït Emanuel et réclament que son amazighité ♊️ soit écrite dans la constitution \uD83C\uDDE9\uD83C\uDDFF https://t.co/nCQvCT6fX8","created_at":"2021-08-13T11:09:27.000Z","attachments":{"media_keys":["3_1426138822270652417"]},"author_id":"1410180155683786752","public_metrics":{"retweet_count":0,"reply_count":0,"like_count":1,"quote_count":0}},{"id":"1426138802280620032","lang":"en","text":"RT @CopernicusEMS: #EMSR533 - #Kabylie #Algeria #wildfires\n\nDozens of km of fire fronts\uD83D\uDD25are active\n\nIt took our #RapidMappingTeam all night…","created_at":"2021-08-13T11:09:21.000Z","author_id":"1145807948096167942","public_metrics":{"retweet_count":22,"reply_count":0,"like_count":0,"quote_count":0}},{"id":"1426138771741986822","lang":"fr","text":"RT @sofiane19e: \uD83D\uDD34 Douas \nUn frère m'envoie souvent des photos de son magnifique village natal de Kabylie.\n\nVoici 2 photos de celui-ci avant…","created_at":"2021-08-13T11:09:14.000Z","author_id":"751309387","public_metrics":{"retweet_count":181,"reply_count":0,"like_count":0,"quote_count":0}},{"id":"1426138389913477128","lang":"fr","text":"RT @sofiane19e: \uD83D\uDD34 Douas \nUn frère m'envoie souvent des photos de son magnifique village natal de Kabylie.\n\nVoici 2 photos de celui-ci avant…","created_at":"2021-08-13T11:07:43.000Z","author_id":"4857960455","public_metrics":{"retweet_count":181,"reply_count":0,"like_count":0,"quote_count":0}},{"id":"1426138350294011906","lang":"fr","text":"RT @laib_nouara: La kabylie brûle en silence \uD83E\uDD7AAprès le covid c'est au tour du feu 19 incendies à tizi ouzou \n  \uD83D\uDE0Fdites moi encore que c'est…","created_at":"2021-08-13T11:07:33.000Z","author_id":"1222879963097063424","public_metrics":{"retweet_count":32,"reply_count":0,"like_count":0,"quote_count":0}},{"id":"1426138186288410625","lang":"fr","text":"Il y a le feu en Kabylie https://t.co/nNkmYeZ2Hu via @LouPersonne1","created_at":"2021-08-13T11:06:54.000Z","author_id":"1221050195787554816","public_metrics":{"retweet_count":0,"reply_count":0,"like_count":1,"quote_count":0}},{"id":"1426137974954151938","lang":"fr","text":"Il y a le feu en Kabylie https://t.co/mKvplkCIZH via @YouTube #Kabylie #Algérie #incendies #Tiziouzou #Bejaia #kabyliebrule #savedz\nhttps://t.co/nNkmYeZ2Hu\nIl y a …","created_at":"2021-08-13T11:06:04.000Z","author_id":"1221050195787554816","public_metrics":{"retweet_count":0,"reply_count":1,"like_count":0,"quote_count":0}},{"id":"1426137937587097604","lang":"fr","text":"RT @sofiane19e: \uD83D\uDD34 Douas \nUn frère m'envoie souvent des photos de son magnifique village natal de Kabylie.\n\nVoici 2 photos de celui-ci avant…","created_at":"2021-08-13T11:05:55.000Z","author_id":"1063078680","public_metrics":{"retweet_count":181,"reply_count":0,"like_count":0,"quote_count":0}},{"id":"1426137790283194369","lang":"en","text":"RT @CopernicusEMS: #EMSR533 - #Kabylie #Algeria #wildfires\n\nDozens of km of fire fronts\uD83D\uDD25are active\n\nIt took our #RapidMappingTeam all night…","created_at":"2021-08-13T11:05:20.000Z","author_id":"801423164358230016","public_metrics":{"retweet_count":22,"reply_count":0,"like_count":0,"quote_count":0}},{"id":"1426137754321264640","lang":"fr","text":"RT @_fitamine: L’Homme qui a été lynché brûle vif accusé d’avoir de vouloir allumer un incendie, était en réalité un artiste de Miliana qui…","created_at":"2021-08-13T11:05:11.000Z","author_id":"1235215861612449792","public_metrics":{"retweet_count":916,"reply_count":0,"like_count":0,"quote_count":0}},{"id":"1426137752177893378","lang":"fr","text":"Il y a le feu en Kabylie https://t.co/mKvplkCIZH via @YouTube #Kabylie #Algérie #incendies #Tiziouzou #Bejaia #kabyliebrule #savedz","created_at":"2021-08-13T11:05:11.000Z","author_id":"1221050195787554816","public_metrics":{"retweet_count":0,"reply_count":0,"like_count":0,"quote_count":0}},{"id":"1426136950273200128","lang":"fr","text":"RT @sofiane19e: \uD83D\uDD34 Douas \nUn frère m'envoie souvent des photos de son magnifique village natal de Kabylie.\n\nVoici 2 photos de celui-ci avant…","created_at":"2021-08-13T11:01:59.000Z","author_id":"1580602808","public_metrics":{"retweet_count":181,"reply_count":0,"like_count":0,"quote_count":0}},{"id":"1426136903896678401","lang":"en","text":"RT @sebusher: #Algeria : Defence ministry has just said that 18 members of military have died as result of fires raging through forests &amp; h…","created_at":"2021-08-13T11:01:48.000Z","author_id":"1610802775","public_metrics":{"retweet_count":19,"reply_count":0,"like_count":0,"quote_count":0}}],"includes":{"media":[{"media_key":"7_1426154942759309313","public_metrics":{"view_count":5},"type":"video"},{"media_key":"3_1426150402400079873","type":"photo","url":"https://pbs.twimg.com/media/E8q0PCNWUAEffOX.jpg"},{"media_key":"7_1426144659349385220","public_metrics":{"view_count":11},"type":"video"},{"media_key":"7_1424869669266239495","public_metrics":{"view_count":4587},"type":"video"},{"media_key":"7_1426142725179576327","public_metrics":{"view_count":12},"type":"video"},{"media_key":"7_1426141894262800387","public_metrics":{"view_count":36},"type":"video"},{"media_key":"3_1426140987915743237","type":"photo","url":"https://pbs.twimg.com/media/E8qrrChXsAU5OEE.jpg"},{"media_key":"3_1426140996241436673","type":"photo","url":"https://pbs.twimg.com/media/E8qrrhiXsAENcrT.jpg"},{"media_key":"3_1426141004537675778","type":"photo","url":"https://pbs.twimg.com/media/E8qrsAcWQAIbM7o.jpg"},{"media_key":"3_1425410415916367873","type":"photo","url":"https://pbs.twimg.com/media/E8gTOJvWQAEp72w.jpg"},{"media_key":"3_1426138822270652417","type":"photo","url":"https://pbs.twimg.com/media/E8qps-3WEAEL1Rr.jpg"}]},"meta":{"newest_id":"1426155869532733444","oldest_id":"1426136903896678401","result_count":100,"next_token":"b26v89c19zqg8o3fpdm8zlm1pq6dizg80x2e1o13vxb3x"}}