{"data":[{"lang":"fr","author_id":"1392189721351266304","created_at":"2021-08-12T19:59:08.000Z","public_metrics":{"retweet_count":916,"reply_count":0,"like_count":0,"quote_count":0},"text":"RT @_fitamine: L’Homme qui a été lynché brûle vif accusé d’avoir de vouloir allumer un incendie, était en réalité un artiste de Miliana qui…","id":"1425909740169740290"},{"lang":"fr","author_id":"1376824310","created_at":"2021-08-12T19:59:04.000Z","public_metrics":{"retweet_count":4132,"reply_count":0,"like_count":0,"quote_count":0},"text":"RT @AkliStaifi: La Kabylie brûle, l'Algérie brûle...\nqu'Allah viennent en aide au peuple Kabyle et que toutes les victimes mortes par cet i…","id":"1425909720049725443"},{"lang":"fr","author_id":"1326589303422656514","created_at":"2021-08-12T19:57:35.000Z","public_metrics":{"retweet_count":74,"reply_count":0,"like_count":0,"quote_count":0},"text":"RT @TariqibnZiyad__: Si la charia était instauré en Algérie cet innocent qui est venu aider ces frères en Kabylie ne serait pas brûlé vif c…","id":"1425909349021634567"},{"lang":"fr","author_id":"1005471869087174656","created_at":"2021-08-12T19:57:14.000Z","public_metrics":{"retweet_count":74,"reply_count":0,"like_count":0,"quote_count":0},"text":"RT @TariqibnZiyad__: Si la charia était instauré en Algérie cet innocent qui est venu aider ces frères en Kabylie ne serait pas brûlé vif c…","id":"1425909261318688773"},{"lang":"fr","author_id":"946947530453118977","created_at":"2021-08-12T19:56:57.000Z","public_metrics":{"retweet_count":74,"reply_count":0,"like_count":0,"quote_count":0},"text":"RT @TariqibnZiyad__: Si la charia était instauré en Algérie cet innocent qui est venu aider ces frères en Kabylie ne serait pas brûlé vif c…","id":"1425909190846033920"},{"lang":"fr","author_id":"1305155889637269508","created_at":"2021-08-12T19:56:22.000Z","public_metrics":{"retweet_count":72,"reply_count":0,"like_count":0,"quote_count":0},"text":"RT @Islametinfo: ⭕ #DrameEnCours #Béjaia #SOS : Le feu encercle de tout bord les villages de Tala Hiba (Toudja). L'évacuation est devenu im…","id":"1425909043370110982"},{"lang":"fr","author_id":"1022972474013757440","created_at":"2021-08-12T19:55:58.000Z","public_metrics":{"retweet_count":0,"reply_count":2,"like_count":1,"quote_count":0},"text":"@Cita_Friends @enha_zzz Les gens y disent même que c ke gouvernement qui a mis le feu à la Kabylie donc c sur qu'ils veulent ps ns sauver","id":"1425908941872041992"},{"lang":"fr","author_id":"1195056480518656000","created_at":"2021-08-12T19:55:25.000Z","public_metrics":{"retweet_count":0,"reply_count":0,"like_count":3,"quote_count":0},"text":"@ElkadiIhsane Un journaliste objectif ne mit pas de huile sur le feu \uD83D\uDD25 la mort de djamel lah yarhem restera une tache noire dans notre kabylie tout les hirakiste recalment la justice un coupable présumé innocent avant le jugement  mes sincères condoléances à tout nos martyrs","id":"1425908805385297922"},{"lang":"fr","author_id":"1046064265","created_at":"2021-08-12T19:55:23.000Z","public_metrics":{"retweet_count":2897,"reply_count":0,"like_count":0,"quote_count":0},"text":"RT @Tizi_Ouzou15: Après la Covid-19, le manque d’eau, les chutes de tension, c’est au tour des incendies. \nPlusieurs feu  d’incendie ont ét…","id":"1425908796891795461"},{"lang":"fr","author_id":"732674631065317380","created_at":"2021-08-12T19:55:06.000Z","public_metrics":{"retweet_count":327,"reply_count":0,"like_count":0,"quote_count":0},"text":"RT @SecCivileFrance: \uD83C\uDDEB\uD83C\uDDF7\uD83E\uDD1D\uD83C\uDDE9\uD83C\uDDFF Les 2 #Canadair et le Beech sont arrivés en #Algérie.\nLes premiers largages ont été réalisés pour faire face aux…","id":"1425908723504107527"},{"lang":"fr","author_id":"1425902804942659585","created_at":"2021-08-12T19:54:05.000Z","public_metrics":{"retweet_count":40,"reply_count":0,"like_count":0,"quote_count":0},"text":"RT @sabkhl: \uD83C\uDDE9\uD83C\uDDFF\uD83C\uDD98 Les flammes atteignent des villages en #Kabylie jamais touchés jusqu'alors. Le feu et  l'absence d'eau depuis plusieurs sem…","id":"1425908466632253441"},{"lang":"fr","author_id":"1340715522707611652","created_at":"2021-08-12T19:53:19.000Z","public_metrics":{"retweet_count":50,"reply_count":0,"like_count":0,"quote_count":0},"text":"RT @kevinbossuet: Ce qui se passe en #Kabylie est très grave. Un incendie est en train de ravager la région. Qu’attend le président algérie…","id":"1425908276403769348"},{"lang":"fr","author_id":"1410642307997745153","created_at":"2021-08-12T19:52:37.000Z","public_metrics":{"retweet_count":72,"reply_count":0,"like_count":0,"quote_count":0},"text":"RT @Islametinfo: ⭕ #DrameEnCours #Béjaia #SOS : Le feu encercle de tout bord les villages de Tala Hiba (Toudja). L'évacuation est devenu im…","id":"1425908099328757762"},{"lang":"fr","author_id":"1390562985601548288","attachments":{"media_keys":["7_1425127311809126404"]},"created_at":"2021-08-12T19:52:20.000Z","public_metrics":{"retweet_count":24,"reply_count":0,"like_count":0,"quote_count":0},"text":"RT @amrix_d3: La belle Kabylie en feu\n #savekabylie https://t.co/heTOYhqkpf","id":"1425908027669065735"},{"lang":"fr","author_id":"2950195393","created_at":"2021-08-12T19:52:13.000Z","public_metrics":{"retweet_count":72,"reply_count":0,"like_count":0,"quote_count":0},"text":"RT @Islametinfo: ⭕ #DrameEnCours #Béjaia #SOS : Le feu encercle de tout bord les villages de Tala Hiba (Toudja). L'évacuation est devenu im…","id":"1425907999919558659"},{"lang":"fr","author_id":"721715485","created_at":"2021-08-12T19:51:13.000Z","public_metrics":{"retweet_count":19,"reply_count":0,"like_count":0,"quote_count":0},"text":"RT @Cita_Friends: J'ai jamais autant détester un gouvernement le gouvernement Algérien a vraiment refuser 2 canadaires pour aider les feu e…","id":"1425907748538097665"},{"lang":"fr","author_id":"1371906031039741953","created_at":"2021-08-12T19:50:52.000Z","public_metrics":{"retweet_count":10,"reply_count":0,"like_count":0,"quote_count":0},"text":"RT @YuvaZamoum4: La situation est encore très dangereuse , près de 16 villages envoient des appels à l'aide sur les RS , changement climati…","id":"1425907658046033921"},{"lang":"fr","author_id":"1407717205660389376","created_at":"2021-08-12T19:49:34.000Z","public_metrics":{"retweet_count":72,"reply_count":0,"like_count":0,"quote_count":0},"text":"RT @Islametinfo: ⭕ #DrameEnCours #Béjaia #SOS : Le feu encercle de tout bord les villages de Tala Hiba (Toudja). L'évacuation est devenu im…","id":"1425907331804565518"},{"lang":"fr","author_id":"1181642788049428486","created_at":"2021-08-12T19:49:33.000Z","public_metrics":{"retweet_count":2897,"reply_count":0,"like_count":0,"quote_count":0},"text":"RT @Tizi_Ouzou15: Après la Covid-19, le manque d’eau, les chutes de tension, c’est au tour des incendies. \nPlusieurs feu  d’incendie ont ét…","id":"1425907326402375689"},{"lang":"fr","author_id":"1077565109743034368","created_at":"2021-08-12T19:49:22.000Z","public_metrics":{"retweet_count":916,"reply_count":0,"like_count":0,"quote_count":0},"text":"RT @_fitamine: L’Homme qui a été lynché brûle vif accusé d’avoir de vouloir allumer un incendie, était en réalité un artiste de Miliana qui…","id":"1425907279027740683"},{"lang":"fr","author_id":"877167795259224065","created_at":"2021-08-12T19:48:21.000Z","public_metrics":{"retweet_count":0,"reply_count":2,"like_count":0,"quote_count":0},"text":"Il y a un lien de causalité entre l’incendie criminel volontaire (donc, l’objectif c’est de ne pas l’éteindre et donc, ne pas recevoir d’aide),  en Kabylie et le Polisario ? https://t.co/p7cXsApuNW","id":"1425907025213595659"},{"lang":"fr","author_id":"1064530833397166080","created_at":"2021-08-12T19:48:18.000Z","public_metrics":{"retweet_count":32,"reply_count":0,"like_count":0,"quote_count":0},"text":"RT @daoud_kamel: Ce pays est aujourd’hui à un tournant. Il a toutes les raisons de s’effondrer et toutes les autres de se relever (...)On p…","id":"1425907010504208388"},{"lang":"fr","author_id":"726370804208943105","attachments":{"media_keys":["3_1425745645537841153"]},"created_at":"2021-08-12T19:47:54.000Z","public_metrics":{"retweet_count":85,"reply_count":0,"like_count":0,"quote_count":0},"text":"RT @sirius1936: KABYLIE EN FEU\nUne pensée pour nos amis algériens eux aussi frappés par les incendies de forêts. https://t.co/0EE92y86ea","id":"1425906911992496130"},{"lang":"fr","author_id":"1168786789508816897","created_at":"2021-08-12T19:47:30.000Z","public_metrics":{"retweet_count":71,"reply_count":0,"like_count":0,"quote_count":0},"text":"RT @saintbrookdavis: Après le manque d'oxygène, c'est le feu qui ravage la Kabylie voilà l’état  actuellement, des bêtes mortes à causes de…","id":"1425906811161522181"},{"lang":"fr","author_id":"3337295067","attachments":{"media_keys":["7_1425127311809126404"]},"created_at":"2021-08-12T19:47:12.000Z","public_metrics":{"retweet_count":24,"reply_count":0,"like_count":0,"quote_count":0},"text":"RT @amrix_d3: La belle Kabylie en feu\n #savekabylie https://t.co/heTOYhqkpf","id":"1425906736569978887"},{"lang":"fr","author_id":"2402247031","created_at":"2021-08-12T19:46:54.000Z","public_metrics":{"retweet_count":327,"reply_count":0,"like_count":0,"quote_count":0},"text":"RT @SecCivileFrance: \uD83C\uDDEB\uD83C\uDDF7\uD83E\uDD1D\uD83C\uDDE9\uD83C\uDDFF Les 2 #Canadair et le Beech sont arrivés en #Algérie.\nLes premiers largages ont été réalisés pour faire face aux…","id":"1425906661575872521"},{"lang":"fr","author_id":"1168786789508816897","created_at":"2021-08-12T19:46:38.000Z","public_metrics":{"retweet_count":2897,"reply_count":0,"like_count":0,"quote_count":0},"text":"RT @Tizi_Ouzou15: Après la Covid-19, le manque d’eau, les chutes de tension, c’est au tour des incendies. \nPlusieurs feu  d’incendie ont ét…","id":"1425906592961101826"},{"lang":"fr","author_id":"1368277678139310086","created_at":"2021-08-12T19:44:30.000Z","public_metrics":{"retweet_count":327,"reply_count":0,"like_count":0,"quote_count":0},"text":"RT @SecCivileFrance: \uD83C\uDDEB\uD83C\uDDF7\uD83E\uDD1D\uD83C\uDDE9\uD83C\uDDFF Les 2 #Canadair et le Beech sont arrivés en #Algérie.\nLes premiers largages ont été réalisés pour faire face aux…","id":"1425906056434233344"},{"lang":"fr","author_id":"884784785830420481","created_at":"2021-08-12T19:43:40.000Z","public_metrics":{"retweet_count":72,"reply_count":0,"like_count":0,"quote_count":0},"text":"RT @Islametinfo: ⭕ #DrameEnCours #Béjaia #SOS : Le feu encercle de tout bord les villages de Tala Hiba (Toudja). L'évacuation est devenu im…","id":"1425905845804703751"},{"lang":"fr","author_id":"1373309692831748097","created_at":"2021-08-12T19:43:29.000Z","public_metrics":{"retweet_count":0,"reply_count":0,"like_count":2,"quote_count":0},"text":"@elkhabarlive Celui qui a dit que la kabylie  doit être rasée n est pas jugé. Il a dit que la kabylie sera en feu cet été. Zaghmati était occupé à mettre les personnes qui expriment leur opinion en prison au lieu de s occuper de lui. zaghmati et les procureurs sont complices de la situation","id":"1425905798945849352"},{"lang":"fr","author_id":"771037774833192960","created_at":"2021-08-12T19:41:51.000Z","public_metrics":{"retweet_count":1,"reply_count":0,"like_count":0,"quote_count":0},"text":"RT @pioupioupioou: @So_moi_ Sûrement par fierté ou bien juste que le feu en kabylie par exemple en arrange certains","id":"1425905389506342915"},{"lang":"fr","author_id":"3245130923","created_at":"2021-08-12T19:41:51.000Z","public_metrics":{"retweet_count":4132,"reply_count":0,"like_count":0,"quote_count":0},"text":"RT @AkliStaifi: La Kabylie brûle, l'Algérie brûle...\nqu'Allah viennent en aide au peuple Kabyle et que toutes les victimes mortes par cet i…","id":"1425905387723702277"},{"lang":"fr","author_id":"933033649938853894","attachments":{"media_keys":["7_1425127311809126404"]},"created_at":"2021-08-12T19:41:46.000Z","public_metrics":{"retweet_count":24,"reply_count":0,"like_count":0,"quote_count":0},"text":"RT @amrix_d3: La belle Kabylie en feu\n #savekabylie https://t.co/heTOYhqkpf","id":"1425905366622248960"},{"lang":"fr","author_id":"771037774833192960","created_at":"2021-08-12T19:41:45.000Z","public_metrics":{"retweet_count":4,"reply_count":0,"like_count":0,"quote_count":0},"text":"RT @Soussoide: Qu’Allah protège la Kabylie et toute les régions du monde en feu, la « fierté » au détriment du peuple kabyle, c’est une hon…","id":"1425905363942100993"},{"lang":"fr","author_id":"18764018","created_at":"2021-08-12T19:41:40.000Z","public_metrics":{"retweet_count":327,"reply_count":0,"like_count":0,"quote_count":0},"text":"RT @SecCivileFrance: \uD83C\uDDEB\uD83C\uDDF7\uD83E\uDD1D\uD83C\uDDE9\uD83C\uDDFF Les 2 #Canadair et le Beech sont arrivés en #Algérie.\nLes premiers largages ont été réalisés pour faire face aux…","id":"1425905343528415239"},{"lang":"fr","author_id":"2298116852","created_at":"2021-08-12T19:41:39.000Z","public_metrics":{"retweet_count":72,"reply_count":0,"like_count":0,"quote_count":0},"text":"RT @Islametinfo: ⭕ #DrameEnCours #Béjaia #SOS : Le feu encercle de tout bord les villages de Tala Hiba (Toudja). L'évacuation est devenu im…","id":"1425905340403658756"},{"lang":"fr","author_id":"1134353966773547009","created_at":"2021-08-12T19:40:54.000Z","public_metrics":{"retweet_count":0,"reply_count":0,"like_count":2,"quote_count":0},"text":"Svp donnez pour tout le pays ! Il n'y a pas que la Kabylie qui brûle. Toute l'Algérie est en feu. Nous devons aider notre pays entier !!! #PrayForAlgeria #PrayForKabylia https://t.co/SRmb621FEc","id":"1425905151165046784"},{"lang":"fr","author_id":"3077160676","created_at":"2021-08-12T19:40:32.000Z","public_metrics":{"retweet_count":327,"reply_count":0,"like_count":0,"quote_count":0},"text":"RT @SecCivileFrance: \uD83C\uDDEB\uD83C\uDDF7\uD83E\uDD1D\uD83C\uDDE9\uD83C\uDDFF Les 2 #Canadair et le Beech sont arrivés en #Algérie.\nLes premiers largages ont été réalisés pour faire face aux…","id":"1425905058315702290"},{"lang":"fr","author_id":"928044169","created_at":"2021-08-12T19:40:17.000Z","public_metrics":{"retweet_count":327,"reply_count":0,"like_count":0,"quote_count":0},"text":"RT @SecCivileFrance: \uD83C\uDDEB\uD83C\uDDF7\uD83E\uDD1D\uD83C\uDDE9\uD83C\uDDFF Les 2 #Canadair et le Beech sont arrivés en #Algérie.\nLes premiers largages ont été réalisés pour faire face aux…","id":"1425904994323152901"},{"lang":"fr","author_id":"771037774833192960","created_at":"2021-08-12T19:40:12.000Z","public_metrics":{"retweet_count":19,"reply_count":0,"like_count":0,"quote_count":0},"text":"RT @Cita_Friends: J'ai jamais autant détester un gouvernement le gouvernement Algérien a vraiment refuser 2 canadaires pour aider les feu e…","id":"1425904975926923272"},{"lang":"fr","author_id":"1072939926327562246","created_at":"2021-08-12T19:39:36.000Z","public_metrics":{"retweet_count":2897,"reply_count":0,"like_count":0,"quote_count":0},"text":"RT @Tizi_Ouzou15: Après la Covid-19, le manque d’eau, les chutes de tension, c’est au tour des incendies. \nPlusieurs feu  d’incendie ont ét…","id":"1425904822088314885"},{"lang":"fr","author_id":"771037774833192960","created_at":"2021-08-12T19:39:29.000Z","public_metrics":{"retweet_count":80,"reply_count":0,"like_count":0,"quote_count":0},"text":"RT @BenzLakhdar: Depuis hier, j'essaie de trouver des images de pompiers combattants le feu en Kabylie, mais en vain. Je ne trouve que des…","id":"1425904793814540294"},{"lang":"fr","author_id":"1084018355336605696","created_at":"2021-08-12T19:38:43.000Z","public_metrics":{"retweet_count":327,"reply_count":0,"like_count":0,"quote_count":0},"text":"RT @SecCivileFrance: \uD83C\uDDEB\uD83C\uDDF7\uD83E\uDD1D\uD83C\uDDE9\uD83C\uDDFF Les 2 #Canadair et le Beech sont arrivés en #Algérie.\nLes premiers largages ont été réalisés pour faire face aux…","id":"1425904602168373249"},{"lang":"fr","author_id":"771037774833192960","created_at":"2021-08-12T19:38:40.000Z","public_metrics":{"retweet_count":71,"reply_count":0,"like_count":0,"quote_count":0},"text":"RT @saintbrookdavis: Après le manque d'oxygène, c'est le feu qui ravage la Kabylie voilà l’état  actuellement, des bêtes mortes à causes de…","id":"1425904590235611140"},{"lang":"fr","author_id":"1250704154701545472","created_at":"2021-08-12T19:38:34.000Z","public_metrics":{"retweet_count":19,"reply_count":0,"like_count":0,"quote_count":0},"text":"RT @Cita_Friends: J'ai jamais autant détester un gouvernement le gouvernement Algérien a vraiment refuser 2 canadaires pour aider les feu e…","id":"1425904561642950659"},{"lang":"fr","author_id":"771037774833192960","attachments":{"media_keys":["7_1425127311809126404"]},"created_at":"2021-08-12T19:38:11.000Z","public_metrics":{"retweet_count":24,"reply_count":0,"like_count":0,"quote_count":0},"text":"RT @amrix_d3: La belle Kabylie en feu\n #savekabylie https://t.co/heTOYhqkpf","id":"1425904467182952451"},{"lang":"fr","author_id":"771037774833192960","created_at":"2021-08-12T19:37:35.000Z","public_metrics":{"retweet_count":54,"reply_count":0,"like_count":0,"quote_count":0},"text":"RT @FMAGHREB2: La #Kabylie menacée par plusieurs départs de feu\nRisque de catastrophe écologique et humaine s’il n’y a pas une maîtrise tot…","id":"1425904317534543877"},{"lang":"fr","author_id":"1152355716637888513","created_at":"2021-08-12T19:36:53.000Z","public_metrics":{"retweet_count":327,"reply_count":0,"like_count":0,"quote_count":0},"text":"RT @SecCivileFrance: \uD83C\uDDEB\uD83C\uDDF7\uD83E\uDD1D\uD83C\uDDE9\uD83C\uDDFF Les 2 #Canadair et le Beech sont arrivés en #Algérie.\nLes premiers largages ont été réalisés pour faire face aux…","id":"1425904140090228741"},{"lang":"fr","author_id":"3001812333","created_at":"2021-08-12T19:36:48.000Z","public_metrics":{"retweet_count":2897,"reply_count":0,"like_count":0,"quote_count":0},"text":"RT @Tizi_Ouzou15: Après la Covid-19, le manque d’eau, les chutes de tension, c’est au tour des incendies. \nPlusieurs feu  d’incendie ont ét…","id":"1425904119223668742"},{"lang":"fr","author_id":"1351878300143149059","created_at":"2021-08-12T19:36:44.000Z","public_metrics":{"retweet_count":327,"reply_count":0,"like_count":0,"quote_count":0},"text":"RT @SecCivileFrance: \uD83C\uDDEB\uD83C\uDDF7\uD83E\uDD1D\uD83C\uDDE9\uD83C\uDDFF Les 2 #Canadair et le Beech sont arrivés en #Algérie.\nLes premiers largages ont été réalisés pour faire face aux…","id":"1425904102723264518"},{"lang":"fr","author_id":"3001812333","attachments":{"media_keys":["3_1424849354947502081","3_1424849354934951937","3_1424849354939064327","3_1424849355727687699"]},"created_at":"2021-08-12T19:36:20.000Z","public_metrics":{"retweet_count":573,"reply_count":0,"like_count":0,"quote_count":0},"text":"RT @chahrazzzz: 25 départs de feu aujourd’hui en Kabylie, c’est horrible https://t.co/vA8UKhswzZ","id":"1425904001007108106"},{"lang":"fr","author_id":"1334144342647255043","created_at":"2021-08-12T19:36:11.000Z","public_metrics":{"retweet_count":0,"reply_count":0,"like_count":0,"quote_count":0},"text":"@KSekhaine @baroubeur Et ne représente pas la Kabylie qui a vu énormément de grand noms dans l'histoire du pays. Dsl je n'accepte pas un discours qui divise la Kabylie en feu c'est tt le pays qui pleure. Le régime n'a pas réussi avec tt le pays pas uniquement une seule région","id":"1425903963451371521"},{"lang":"fr","author_id":"771037774833192960","attachments":{"media_keys":["3_1424865639177588738"]},"created_at":"2021-08-12T19:36:00.000Z","public_metrics":{"retweet_count":14,"reply_count":0,"like_count":0,"quote_count":0},"text":"RT @dI929LC8qPCOtCq: LA KABYLIE EST EN FEU, AUCUNE RÉGION N'EST EPARGNÉE PAR CET ACTE CRIMINEL. https://t.co/qCw9LkSyTD\n#HelpKabylia https:…","id":"1425903917280419848"},{"lang":"fr","author_id":"771037774833192960","created_at":"2021-08-12T19:35:41.000Z","public_metrics":{"retweet_count":99,"reply_count":0,"like_count":0,"quote_count":0},"text":"RT @Onizuukaabyle: Ma Kabylie prend feu, 19 communes sont entrain de brûler. Pas d’eau, coupures d’électricité très fréquentes, le variant…","id":"1425903838939262978"},{"lang":"fr","author_id":"562287584","created_at":"2021-08-12T19:35:06.000Z","public_metrics":{"retweet_count":327,"reply_count":0,"like_count":0,"quote_count":0},"text":"RT @SecCivileFrance: \uD83C\uDDEB\uD83C\uDDF7\uD83E\uDD1D\uD83C\uDDE9\uD83C\uDDFF Les 2 #Canadair et le Beech sont arrivés en #Algérie.\nLes premiers largages ont été réalisés pour faire face aux…","id":"1425903690850963457"},{"lang":"fr","author_id":"1662690468","created_at":"2021-08-12T19:35:03.000Z","public_metrics":{"retweet_count":327,"reply_count":0,"like_count":0,"quote_count":0},"text":"RT @SecCivileFrance: \uD83C\uDDEB\uD83C\uDDF7\uD83E\uDD1D\uD83C\uDDE9\uD83C\uDDFF Les 2 #Canadair et le Beech sont arrivés en #Algérie.\nLes premiers largages ont été réalisés pour faire face aux…","id":"1425903676611235840"},{"lang":"fr","author_id":"771037774833192960","created_at":"2021-08-12T19:34:54.000Z","public_metrics":{"retweet_count":1108,"reply_count":0,"like_count":0,"quote_count":0},"text":"RT @_xAa09: vous préférez parler de Messi que de parler de la Kabylie qui est en train de prendre feu brf","id":"1425903638669668362"},{"lang":"fr","author_id":"2282293652","created_at":"2021-08-12T19:34:43.000Z","public_metrics":{"retweet_count":327,"reply_count":0,"like_count":0,"quote_count":0},"text":"RT @SecCivileFrance: \uD83C\uDDEB\uD83C\uDDF7\uD83E\uDD1D\uD83C\uDDE9\uD83C\uDDFF Les 2 #Canadair et le Beech sont arrivés en #Algérie.\nLes premiers largages ont été réalisés pour faire face aux…","id":"1425903594285506564"},{"lang":"fr","author_id":"394658733","created_at":"2021-08-12T19:33:21.000Z","public_metrics":{"retweet_count":72,"reply_count":0,"like_count":0,"quote_count":0},"text":"RT @Islametinfo: ⭕ #DrameEnCours #Béjaia #SOS : Le feu encercle de tout bord les villages de Tala Hiba (Toudja). L'évacuation est devenu im…","id":"1425903250725814281"},{"lang":"fr","author_id":"2938343687","created_at":"2021-08-12T19:32:53.000Z","public_metrics":{"retweet_count":327,"reply_count":0,"like_count":0,"quote_count":0},"text":"RT @SecCivileFrance: \uD83C\uDDEB\uD83C\uDDF7\uD83E\uDD1D\uD83C\uDDE9\uD83C\uDDFF Les 2 #Canadair et le Beech sont arrivés en #Algérie.\nLes premiers largages ont été réalisés pour faire face aux…","id":"1425903132895293440"},{"lang":"en","author_id":"1009519292436664320","attachments":{"media_keys":["3_1425252039798427648"]},"created_at":"2021-08-12T19:32:10.000Z","public_metrics":{"retweet_count":817,"reply_count":0,"like_count":0,"quote_count":0},"text":"RT @KhaledBeydoun: Prayers up for Algeria \uD83C\uDDE9\uD83C\uDDFF— at least 42 people killed by fires raging in Kabylie region https://t.co/UQR1iI34Rk","id":"1425902951139266564"},{"lang":"fr","author_id":"838089366","created_at":"2021-08-12T19:31:56.000Z","public_metrics":{"retweet_count":327,"reply_count":0,"like_count":0,"quote_count":0},"text":"RT @SecCivileFrance: \uD83C\uDDEB\uD83C\uDDF7\uD83E\uDD1D\uD83C\uDDE9\uD83C\uDDFF Les 2 #Canadair et le Beech sont arrivés en #Algérie.\nLes premiers largages ont été réalisés pour faire face aux…","id":"1425902893522165766"},{"lang":"fr","author_id":"1091070789795938305","created_at":"2021-08-12T19:31:46.000Z","public_metrics":{"retweet_count":2897,"reply_count":0,"like_count":0,"quote_count":0},"text":"RT @Tizi_Ouzou15: Après la Covid-19, le manque d’eau, les chutes de tension, c’est au tour des incendies. \nPlusieurs feu  d’incendie ont ét…","id":"1425902852740894722"},{"lang":"fr","author_id":"1229012805610856448","created_at":"2021-08-12T19:31:23.000Z","public_metrics":{"retweet_count":2897,"reply_count":0,"like_count":0,"quote_count":0},"text":"RT @Tizi_Ouzou15: Après la Covid-19, le manque d’eau, les chutes de tension, c’est au tour des incendies. \nPlusieurs feu  d’incendie ont ét…","id":"1425902755185573893"},{"lang":"fr","author_id":"896444293346414592","created_at":"2021-08-12T19:31:17.000Z","public_metrics":{"retweet_count":327,"reply_count":0,"like_count":0,"quote_count":0},"text":"RT @SecCivileFrance: \uD83C\uDDEB\uD83C\uDDF7\uD83E\uDD1D\uD83C\uDDE9\uD83C\uDDFF Les 2 #Canadair et le Beech sont arrivés en #Algérie.\nLes premiers largages ont été réalisés pour faire face aux…","id":"1425902731345158154"},{"lang":"fr","author_id":"1129036834422632448","created_at":"2021-08-12T19:31:12.000Z","public_metrics":{"retweet_count":74,"reply_count":0,"like_count":0,"quote_count":0},"text":"RT @TariqibnZiyad__: Si la charia était instauré en Algérie cet innocent qui est venu aider ces frères en Kabylie ne serait pas brûlé vif c…","id":"1425902710608510976"},{"lang":"fr","author_id":"856461392169365505","created_at":"2021-08-12T19:28:48.000Z","public_metrics":{"retweet_count":74,"reply_count":0,"like_count":0,"quote_count":0},"text":"RT @TariqibnZiyad__: Si la charia était instauré en Algérie cet innocent qui est venu aider ces frères en Kabylie ne serait pas brûlé vif c…","id":"1425902106196774916"},{"lang":"fr","author_id":"3400069834","created_at":"2021-08-12T19:28:39.000Z","public_metrics":{"retweet_count":327,"reply_count":0,"like_count":0,"quote_count":0},"text":"RT @SecCivileFrance: \uD83C\uDDEB\uD83C\uDDF7\uD83E\uDD1D\uD83C\uDDE9\uD83C\uDDFF Les 2 #Canadair et le Beech sont arrivés en #Algérie.\nLes premiers largages ont été réalisés pour faire face aux…","id":"1425902068712235010"},{"lang":"fr","author_id":"1394741809788727300","created_at":"2021-08-12T19:28:19.000Z","public_metrics":{"retweet_count":327,"reply_count":0,"like_count":0,"quote_count":0},"text":"RT @SecCivileFrance: \uD83C\uDDEB\uD83C\uDDF7\uD83E\uDD1D\uD83C\uDDE9\uD83C\uDDFF Les 2 #Canadair et le Beech sont arrivés en #Algérie.\nLes premiers largages ont été réalisés pour faire face aux…","id":"1425901982636724236"},{"lang":"fr","author_id":"1396869846588133382","created_at":"2021-08-12T19:28:13.000Z","public_metrics":{"retweet_count":1108,"reply_count":0,"like_count":0,"quote_count":0},"text":"RT @_xAa09: vous préférez parler de Messi que de parler de la Kabylie qui est en train de prendre feu brf","id":"1425901958339170306"},{"lang":"fr","author_id":"1156373975603306496","created_at":"2021-08-12T19:28:03.000Z","public_metrics":{"retweet_count":916,"reply_count":0,"like_count":0,"quote_count":0},"text":"RT @_fitamine: L’Homme qui a été lynché brûle vif accusé d’avoir de vouloir allumer un incendie, était en réalité un artiste de Miliana qui…","id":"1425901915293036546"},{"lang":"fr","author_id":"1094350917753888771","created_at":"2021-08-12T19:27:02.000Z","public_metrics":{"retweet_count":19,"reply_count":0,"like_count":0,"quote_count":0},"text":"RT @Cita_Friends: J'ai jamais autant détester un gouvernement le gouvernement Algérien a vraiment refuser 2 canadaires pour aider les feu e…","id":"1425901661621571590"},{"lang":"fr","author_id":"17214347","attachments":{"media_keys":["7_1424790773518774278"]},"created_at":"2021-08-12T19:26:15.000Z","public_metrics":{"retweet_count":163,"reply_count":0,"like_count":0,"quote_count":0},"text":"RT @pagekabyle: \uD83C\uDD98️ Déclenchement d'un énorme feu at Wassif, des foyers sont en danger !!! #TiziOuzou #Kabylie https://t.co/3PV1tKhbdO","id":"1425901464103305216"},{"lang":"fr","author_id":"17214347","created_at":"2021-08-12T19:25:36.000Z","public_metrics":{"retweet_count":1780,"reply_count":0,"like_count":0,"quote_count":0},"text":"RT @Tajmaat_Service: \uD83C\uDDE9\uD83C\uDDFF FLASH - Près de 19 départs de feu ont été recensés en #Kabylie, touchant actuellement 10 communes, les feux s'appro…","id":"1425901298524860421"},{"lang":"fr","author_id":"989571956398805002","created_at":"2021-08-12T19:25:05.000Z","public_metrics":{"retweet_count":19,"reply_count":0,"like_count":0,"quote_count":0},"text":"RT @Cita_Friends: J'ai jamais autant détester un gouvernement le gouvernement Algérien a vraiment refuser 2 canadaires pour aider les feu e…","id":"1425901169961017345"},{"lang":"fr","author_id":"911557799083208706","created_at":"2021-08-12T19:24:54.000Z","public_metrics":{"retweet_count":37,"reply_count":0,"like_count":0,"quote_count":0},"text":"RT @mishette_b: Mon village Tagmount Azouz (béni douala ) est entrain de brûler RT svp nous vous besoin de votre aide le feu arrive aux mai…","id":"1425901124649951238"},{"lang":"fr","author_id":"1012143183415922694","created_at":"2021-08-12T19:24:19.000Z","public_metrics":{"retweet_count":19,"reply_count":0,"like_count":0,"quote_count":0},"text":"RT @Cita_Friends: J'ai jamais autant détester un gouvernement le gouvernement Algérien a vraiment refuser 2 canadaires pour aider les feu e…","id":"1425900977262112771"},{"lang":"fr","author_id":"955479318980976641","created_at":"2021-08-12T19:23:57.000Z","public_metrics":{"retweet_count":19,"reply_count":4,"like_count":59,"quote_count":0},"text":"J'ai jamais autant détester un gouvernement le gouvernement Algérien a vraiment refuser 2 canadaires pour aider les feu en Kabylie??? Par fierté? Alors que des gens meurent ils ont vraiment rien a foutre des kabyles\n#PrayForKabylia #PrayForAlgeria #LaKabylieBrule #lakabyliebrûle","id":"1425900883980832774"},{"lang":"fr","author_id":"1101206514","created_at":"2021-08-12T19:23:46.000Z","public_metrics":{"retweet_count":17,"reply_count":0,"like_count":0,"quote_count":0},"text":"RT @sandraregol: Pensées pour la Kabylie en feu. Une catastrophe d'une ampleur jamais vue en Algérie, jamais vue chez les amazigh. La planè…","id":"1425900837637865472"},{"lang":"fr","author_id":"1198677767753256962","created_at":"2021-08-12T19:23:38.000Z","public_metrics":{"retweet_count":1108,"reply_count":0,"like_count":0,"quote_count":0},"text":"RT @_xAa09: vous préférez parler de Messi que de parler de la Kabylie qui est en train de prendre feu brf","id":"1425900806851678222"},{"lang":"en","author_id":"1261375223288541187","created_at":"2021-08-12T19:23:03.000Z","public_metrics":{"retweet_count":1,"reply_count":0,"like_count":0,"quote_count":0},"text":"RT @GeogBrixham: Extreme Weather and Wildfires in North Africa \n\nBBC News - Algeria forest fires: Dozens killed in Kabylie region\nhttps://t…","id":"1425900657559568386"},{"lang":"fr","author_id":"1329477878837284867","created_at":"2021-08-12T19:22:00.000Z","public_metrics":{"retweet_count":5,"reply_count":0,"like_count":0,"quote_count":0},"text":"RT @NellyOpigez62: Qui a mis le feu à la Kabylie ?\nhttps://t.co/Rb6mJd6dV6","id":"1425900394476150798"},{"lang":"fr","author_id":"471544268","created_at":"2021-08-12T19:21:44.000Z","public_metrics":{"retweet_count":43,"reply_count":0,"like_count":0,"quote_count":0},"text":"RT @Mrleconstateur: Donc le Maroc, La France et la Tunisie proposent leur aide à l’Algérie pour éteindre le feu en Kabylie mais le gouverne…","id":"1425900325341335554"},{"lang":"fr","author_id":"1108137271268728833","created_at":"2021-08-12T19:21:25.000Z","public_metrics":{"retweet_count":74,"reply_count":0,"like_count":0,"quote_count":0},"text":"RT @TariqibnZiyad__: Si la charia était instauré en Algérie cet innocent qui est venu aider ces frères en Kabylie ne serait pas brûlé vif c…","id":"1425900247398629382"},{"lang":"en","author_id":"962787020652367872","attachments":{"media_keys":["3_1425252039798427648"]},"created_at":"2021-08-12T19:21:20.000Z","public_metrics":{"retweet_count":817,"reply_count":0,"like_count":0,"quote_count":0},"text":"RT @KhaledBeydoun: Prayers up for Algeria \uD83C\uDDE9\uD83C\uDDFF— at least 42 people killed by fires raging in Kabylie region https://t.co/UQR1iI34Rk","id":"1425900225407987718"},{"lang":"fr","author_id":"572816150","created_at":"2021-08-12T19:21:17.000Z","public_metrics":{"retweet_count":327,"reply_count":0,"like_count":0,"quote_count":0},"text":"RT @SecCivileFrance: \uD83C\uDDEB\uD83C\uDDF7\uD83E\uDD1D\uD83C\uDDE9\uD83C\uDDFF Les 2 #Canadair et le Beech sont arrivés en #Algérie.\nLes premiers largages ont été réalisés pour faire face aux…","id":"1425900211625463808"},{"lang":"fr","author_id":"1255749782","created_at":"2021-08-12T19:20:59.000Z","public_metrics":{"retweet_count":1,"reply_count":0,"like_count":0,"quote_count":0},"text":"RT @milan_berreby: @_xAa09 A croire si on rt un tweet sur la Kabylie ça va éteindre le feu, bien sûr qu'on est triste pour ce qu'il se pass…","id":"1425900137877020675"},{"lang":"fr","author_id":"1242130209610051586","created_at":"2021-08-12T19:20:51.000Z","public_metrics":{"retweet_count":327,"reply_count":0,"like_count":0,"quote_count":0},"text":"RT @SecCivileFrance: \uD83C\uDDEB\uD83C\uDDF7\uD83E\uDD1D\uD83C\uDDE9\uD83C\uDDFF Les 2 #Canadair et le Beech sont arrivés en #Algérie.\nLes premiers largages ont été réalisés pour faire face aux…","id":"1425900104800735236"},{"lang":"fr","author_id":"3254319665","created_at":"2021-08-12T19:20:42.000Z","public_metrics":{"retweet_count":327,"reply_count":0,"like_count":0,"quote_count":0},"text":"RT @SecCivileFrance: \uD83C\uDDEB\uD83C\uDDF7\uD83E\uDD1D\uD83C\uDDE9\uD83C\uDDFF Les 2 #Canadair et le Beech sont arrivés en #Algérie.\nLes premiers largages ont été réalisés pour faire face aux…","id":"1425900067781816322"},{"lang":"fr","author_id":"778575500650377220","created_at":"2021-08-12T19:20:35.000Z","public_metrics":{"retweet_count":0,"reply_count":0,"like_count":0,"quote_count":0},"text":"@PopcornTalkshow Vu que je suis en kabylie est que j suis kabyle bahh FEU :'(","id":"1425900038505570307"},{"lang":"en","author_id":"1264648584575754241","attachments":{"media_keys":["3_1425252039798427648"]},"created_at":"2021-08-12T19:20:29.000Z","public_metrics":{"retweet_count":817,"reply_count":0,"like_count":0,"quote_count":0},"text":"RT @KhaledBeydoun: Prayers up for Algeria \uD83C\uDDE9\uD83C\uDDFF— at least 42 people killed by fires raging in Kabylie region https://t.co/UQR1iI34Rk","id":"1425900013645873169"},{"lang":"fr","author_id":"801539467098148872","created_at":"2021-08-12T19:19:28.000Z","public_metrics":{"retweet_count":2897,"reply_count":0,"like_count":0,"quote_count":0},"text":"RT @Tizi_Ouzou15: Après la Covid-19, le manque d’eau, les chutes de tension, c’est au tour des incendies. \nPlusieurs feu  d’incendie ont ét…","id":"1425899756258213890"},{"lang":"fr","author_id":"2730295761","created_at":"2021-08-12T19:19:15.000Z","public_metrics":{"retweet_count":2,"reply_count":0,"like_count":0,"quote_count":0},"text":"RT @NabilaKeramane: Si je comprends bien, le feu s’étend partout??\nSkikda, Medea, Blida, la Kabylie, etc? Je ne suis pas une spécialiste, m…","id":"1425899700604047360"},{"lang":"fr","author_id":"611723769","created_at":"2021-08-12T19:18:49.000Z","public_metrics":{"retweet_count":327,"reply_count":0,"like_count":0,"quote_count":0},"text":"RT @SecCivileFrance: \uD83C\uDDEB\uD83C\uDDF7\uD83E\uDD1D\uD83C\uDDE9\uD83C\uDDFF Les 2 #Canadair et le Beech sont arrivés en #Algérie.\nLes premiers largages ont été réalisés pour faire face aux…","id":"1425899592093155336"},{"lang":"und","author_id":"1193253710668935169","created_at":"2021-08-12T19:17:36.000Z","public_metrics":{"retweet_count":0,"reply_count":0,"like_count":1,"quote_count":0},"text":"#Incendie #Kabylie ➡️ https://t.co/gGLtdUXwjL","id":"1425899285695041547"},{"lang":"fr","author_id":"1053576036833808384","created_at":"2021-08-12T19:16:25.000Z","public_metrics":{"retweet_count":2897,"reply_count":0,"like_count":0,"quote_count":0},"text":"RT @Tizi_Ouzou15: Après la Covid-19, le manque d’eau, les chutes de tension, c’est au tour des incendies. \nPlusieurs feu  d’incendie ont ét…","id":"1425898986767065094"},{"lang":"fr","author_id":"1323905734921388032","created_at":"2021-08-12T19:15:52.000Z","public_metrics":{"retweet_count":32,"reply_count":0,"like_count":0,"quote_count":0},"text":"RT @daoud_kamel: Ce pays est aujourd’hui à un tournant. Il a toutes les raisons de s’effondrer et toutes les autres de se relever (...)On p…","id":"1425898851764944901"},{"lang":"fr","author_id":"1312517183239585792","created_at":"2021-08-12T19:15:43.000Z","public_metrics":{"retweet_count":8,"reply_count":0,"like_count":0,"quote_count":0},"text":"RT @bejaia_lyon: Tout était planifié. Les traces de feu et d’essence ne trompent pas. \uD83D\uDE22\uD83D\uDE22\uD83D\uDE22\uD83D\uDE22\uD83D\uDE22\uD83D\uDE22\uD83D\uDE22\uD83D\uDE22#kabylie #kabyliebrule #AlgeriaIsBurning #alg…","id":"1425898812200177665"}],"includes":{"media":[{"media_key":"7_1425127311809126404","public_metrics":{"view_count":1100},"type":"video"},{"media_key":"3_1425745645537841153","type":"photo","url":"https://pbs.twimg.com/media/E8lEHFZX0AE6k45.jpg"},{"media_key":"3_1424849354947502081","type":"photo","url":"https://pbs.twimg.com/media/E8YU8GwXIAEaVtd.jpg"},{"media_key":"3_1424849354934951937","type":"photo","url":"https://pbs.twimg.com/media/E8YU8GtXoAEXCRu.jpg"},{"media_key":"3_1424849354939064327","type":"photo","url":"https://pbs.twimg.com/media/E8YU8GuWYAcbbO-.jpg"},{"media_key":"3_1424849355727687699","type":"photo","url":"https://pbs.twimg.com/media/E8YU8JqX0BMgrdP.jpg"},{"media_key":"3_1424865639177588738","type":"photo","url":"https://pbs.twimg.com/media/E8Yjv-PXEAIokoT.jpg"},{"media_key":"3_1425252039798427648","type":"photo","url":"https://pbs.twimg.com/media/E8eDLcuWEAAHQzL.jpg"},{"media_key":"7_1424790773518774278","public_metrics":{"view_count":79104},"type":"video"}]},"meta":{"newest_id":"1425909740169740290","oldest_id":"1425898812200177665","result_count":98,"next_token":"b26v89c19zqg8o3fpdm8kuyznl6p04lw1ibnnezshkx31"}}