{"data":[{"created_at":"2021-08-12T19:15:17.000Z","text":"RT @LookTv_Officiel: Les Généraux algerien son t'il derrière la catastrophe en Algerie ? Feu , manque d'oxygène,  eau , manque de nourritur…","lang":"fr","author_id":"954746285873037313","public_metrics":{"retweet_count":3,"reply_count":0,"like_count":0,"quote_count":0},"id":"1425898702787563521"},{"created_at":"2021-08-12T19:15:11.000Z","text":"Monde  DW \"Incendies en Algérie : le sentiment d'abandon de la Kabylie\" https://t.co/Or47MjpQZk","lang":"fr","author_id":"1364153595059445761","public_metrics":{"retweet_count":0,"reply_count":0,"like_count":0,"quote_count":0},"id":"1425898679886655490"},{"created_at":"2021-08-12T19:12:26.000Z","text":"RT @SecCivileFrance: \uD83C\uDDEB\uD83C\uDDF7\uD83E\uDD1D\uD83C\uDDE9\uD83C\uDDFF Les 2 #Canadair et le Beech sont arrivés en #Algérie.\nLes premiers largages ont été réalisés pour faire face aux…","lang":"fr","author_id":"166643998","public_metrics":{"retweet_count":327,"reply_count":0,"like_count":0,"quote_count":0},"id":"1425897987604111370"},{"created_at":"2021-08-12T19:12:24.000Z","text":"#Monde #DW \"Incendies en Algérie : le sentiment d'abandon de la Kabylie\" https://t.co/1o9BpVJ3jW","lang":"fr","author_id":"443168589","public_metrics":{"retweet_count":0,"reply_count":0,"like_count":0,"quote_count":0},"id":"1425897977785298955"},{"created_at":"2021-08-12T19:10:47.000Z","text":"RT @SecCivileFrance: \uD83C\uDDEB\uD83C\uDDF7\uD83E\uDD1D\uD83C\uDDE9\uD83C\uDDFF Les 2 #Canadair et le Beech sont arrivés en #Algérie.\nLes premiers largages ont été réalisés pour faire face aux…","lang":"fr","author_id":"1149031442833448961","public_metrics":{"retweet_count":327,"reply_count":0,"like_count":0,"quote_count":0},"id":"1425897570937753604"},{"created_at":"2021-08-12T19:10:30.000Z","text":"RT @SecCivileFrance: \uD83C\uDDEB\uD83C\uDDF7\uD83E\uDD1D\uD83C\uDDE9\uD83C\uDDFF Les 2 #Canadair et le Beech sont arrivés en #Algérie.\nLes premiers largages ont été réalisés pour faire face aux…","lang":"fr","author_id":"2208042069","public_metrics":{"retweet_count":327,"reply_count":0,"like_count":0,"quote_count":0},"id":"1425897498703536131"},{"created_at":"2021-08-12T19:10:09.000Z","text":"RT @Tizi_Ouzou15: Après la Covid-19, le manque d’eau, les chutes de tension, c’est au tour des incendies. \nPlusieurs feu  d’incendie ont ét…","lang":"fr","author_id":"735842933224701952","public_metrics":{"retweet_count":2897,"reply_count":0,"like_count":0,"quote_count":0},"id":"1425897412900573190"},{"created_at":"2021-08-12T19:09:36.000Z","text":"RT @bejaia_lyon: Tout était planifié. Les traces de feu et d’essence ne trompent pas. \uD83D\uDE22\uD83D\uDE22\uD83D\uDE22\uD83D\uDE22\uD83D\uDE22\uD83D\uDE22\uD83D\uDE22\uD83D\uDE22#kabylie #kabyliebrule #AlgeriaIsBurning #alg…","lang":"fr","author_id":"1291746571500093441","public_metrics":{"retweet_count":8,"reply_count":0,"like_count":0,"quote_count":0},"id":"1425897273490280456"},{"created_at":"2021-08-12T19:09:27.000Z","text":"RT @AyaMrmK: More than 30 fires in 14 different regions , 3 dead due to these fires.\n Algeria is burning\nIt's so sad to see this, i feel pa…","lang":"en","author_id":"1003694101","public_metrics":{"retweet_count":169,"reply_count":0,"like_count":0,"quote_count":0},"id":"1425897236932694018"},{"created_at":"2021-08-12T19:08:54.000Z","text":"RT @SecCivileFrance: \uD83C\uDDEB\uD83C\uDDF7\uD83E\uDD1D\uD83C\uDDE9\uD83C\uDDFF Les 2 #Canadair et le Beech sont arrivés en #Algérie.\nLes premiers largages ont été réalisés pour faire face aux…","lang":"fr","author_id":"200213382","public_metrics":{"retweet_count":327,"reply_count":0,"like_count":0,"quote_count":0},"id":"1425897098512412675"},{"created_at":"2021-08-12T19:06:31.000Z","text":"RT @SecCivileFrance: \uD83C\uDDEB\uD83C\uDDF7\uD83E\uDD1D\uD83C\uDDE9\uD83C\uDDFF Les 2 #Canadair et le Beech sont arrivés en #Algérie.\nLes premiers largages ont été réalisés pour faire face aux…","lang":"fr","author_id":"499277150","public_metrics":{"retweet_count":327,"reply_count":0,"like_count":0,"quote_count":0},"id":"1425896497011437579"},{"created_at":"2021-08-12T19:04:51.000Z","text":"RT @SecCivileFrance: \uD83C\uDDEB\uD83C\uDDF7\uD83E\uDD1D\uD83C\uDDE9\uD83C\uDDFF Les 2 #Canadair et le Beech sont arrivés en #Algérie.\nLes premiers largages ont été réalisés pour faire face aux…","lang":"fr","author_id":"155382822","public_metrics":{"retweet_count":327,"reply_count":0,"like_count":0,"quote_count":0},"id":"1425896077484597252"},{"created_at":"2021-08-12T19:04:40.000Z","text":"C’est monstrueux ce qu’il c’est passé et ce qu’il se passe actuellement en #Kabylie , je remercie ma nation d’avoir aider une autre nation en désespoir totale, le feu avance et mange, et laisse rien à travers de son chemin, hommage à celles et ceux qui sont décédés !","lang":"fr","author_id":"1419082452757327873","public_metrics":{"retweet_count":0,"reply_count":0,"like_count":0,"quote_count":0},"id":"1425896031863156739"},{"created_at":"2021-08-12T19:04:37.000Z","text":"RT @arab_ase: On se rend vraiment pas compte de la dinguerie, y’a un homme qui s’est fait brûlé pour avoir été suspecté d’être à l’origine…","lang":"fr","author_id":"994554529684258816","public_metrics":{"retweet_count":2,"reply_count":0,"like_count":0,"quote_count":0},"id":"1425896017606717449"},{"created_at":"2021-08-12T19:04:31.000Z","text":"RT @idkimane: C’est vraiment horrible ce qu’il se passe en Algérie, le feu se propage de plus en plus dans toute la Kabylie… Mon frère m’a…","lang":"fr","author_id":"977746341169377281","public_metrics":{"retweet_count":2,"reply_count":0,"like_count":0,"quote_count":0},"id":"1425895995020390404"},{"created_at":"2021-08-12T19:03:14.000Z","text":"RT @sirius1936: KABYLIE EN FEU\nUne pensée pour nos amis algériens eux aussi frappés par les incendies de forêts. https://t.co/0EE92y86ea","lang":"fr","author_id":"1324713232829980674","attachments":{"media_keys":["3_1425745645537841153"]},"public_metrics":{"retweet_count":85,"reply_count":0,"like_count":0,"quote_count":0},"id":"1425895672738422784"},{"created_at":"2021-08-12T19:02:49.000Z","text":"RT @SecCivileFrance: \uD83C\uDDEB\uD83C\uDDF7\uD83E\uDD1D\uD83C\uDDE9\uD83C\uDDFF Les 2 #Canadair et le Beech sont arrivés en #Algérie.\nLes premiers largages ont été réalisés pour faire face aux…","lang":"fr","author_id":"950632469342113792","public_metrics":{"retweet_count":327,"reply_count":0,"like_count":0,"quote_count":0},"id":"1425895566026870786"},{"created_at":"2021-08-12T19:01:42.000Z","text":"RT @SecCivileFrance: \uD83C\uDDEB\uD83C\uDDF7\uD83E\uDD1D\uD83C\uDDE9\uD83C\uDDFF Les 2 #Canadair et le Beech sont arrivés en #Algérie.\nLes premiers largages ont été réalisés pour faire face aux…","lang":"fr","author_id":"954808313212035072","public_metrics":{"retweet_count":327,"reply_count":0,"like_count":0,"quote_count":0},"id":"1425895283741822983"},{"created_at":"2021-08-12T19:00:55.000Z","text":"RT @RoyalSegolene: Tristesse et soutien à l’Algérie et aux habitants de Kabylie qui subissent  un effroyable incendie #Algerie","lang":"fr","author_id":"4767327474","public_metrics":{"retweet_count":15,"reply_count":0,"like_count":0,"quote_count":0},"id":"1425895088333459462"},{"created_at":"2021-08-12T19:00:11.000Z","text":"RT @SecCivileFrance: \uD83C\uDDEB\uD83C\uDDF7\uD83E\uDD1D\uD83C\uDDE9\uD83C\uDDFF Les 2 #Canadair et le Beech sont arrivés en #Algérie.\nLes premiers largages ont été réalisés pour faire face aux…","lang":"fr","author_id":"1126655299119734784","public_metrics":{"retweet_count":327,"reply_count":0,"like_count":0,"quote_count":0},"id":"1425894901540179974"},{"created_at":"2021-08-12T18:58:46.000Z","text":"RT @SecCivileFrance: \uD83C\uDDEB\uD83C\uDDF7\uD83E\uDD1D\uD83C\uDDE9\uD83C\uDDFF Les 2 #Canadair et le Beech sont arrivés en #Algérie.\nLes premiers largages ont été réalisés pour faire face aux…","lang":"fr","author_id":"2565826984","public_metrics":{"retweet_count":327,"reply_count":0,"like_count":0,"quote_count":0},"id":"1425894547477995529"},{"created_at":"2021-08-12T18:57:51.000Z","text":"RT @RoyalSegolene: Tristesse et soutien à l’Algérie et aux habitants de Kabylie qui subissent  un effroyable incendie #Algerie","lang":"fr","author_id":"2729157705","public_metrics":{"retweet_count":15,"reply_count":0,"like_count":0,"quote_count":0},"id":"1425894316262793221"},{"created_at":"2021-08-12T18:57:40.000Z","text":"RT @SecCivileFrance: \uD83C\uDDEB\uD83C\uDDF7\uD83E\uDD1D\uD83C\uDDE9\uD83C\uDDFF Les 2 #Canadair et le Beech sont arrivés en #Algérie.\nLes premiers largages ont été réalisés pour faire face aux…","lang":"fr","author_id":"886830446","public_metrics":{"retweet_count":327,"reply_count":0,"like_count":0,"quote_count":0},"id":"1425894271744413697"},{"created_at":"2021-08-12T18:57:40.000Z","text":"Tristesse et soutien à l’Algérie et aux habitants de Kabylie qui subissent  un effroyable incendie  Algerie https://t.co/aSM5lF8LX5","lang":"fr","author_id":"1364153595059445761","public_metrics":{"retweet_count":0,"reply_count":0,"like_count":0,"quote_count":0},"id":"1425894269806596096"},{"created_at":"2021-08-12T18:57:38.000Z","text":"RT @SecCivileFrance: \uD83C\uDDEB\uD83C\uDDF7\uD83E\uDD1D\uD83C\uDDE9\uD83C\uDDFF Les 2 #Canadair et le Beech sont arrivés en #Algérie.\nLes premiers largages ont été réalisés pour faire face aux…","lang":"fr","author_id":"1129087959339327488","public_metrics":{"retweet_count":327,"reply_count":0,"like_count":0,"quote_count":0},"id":"1425894261539606531"},{"created_at":"2021-08-12T18:57:31.000Z","text":"RT @SecCivileFrance: \uD83C\uDDEB\uD83C\uDDF7\uD83E\uDD1D\uD83C\uDDE9\uD83C\uDDFF Les 2 #Canadair et le Beech sont arrivés en #Algérie.\nLes premiers largages ont été réalisés pour faire face aux…","lang":"fr","author_id":"320667711","public_metrics":{"retweet_count":327,"reply_count":0,"like_count":0,"quote_count":0},"id":"1425894231818833925"},{"created_at":"2021-08-12T18:57:08.000Z","text":"Tristesse et soutien à l’Algérie et aux habitants de Kabylie qui subissent  un effroyable incendie #Algerie https://t.co/MN7G3QqCpt","lang":"fr","author_id":"69032746","public_metrics":{"retweet_count":15,"reply_count":10,"like_count":67,"quote_count":0},"id":"1425894136390037517"},{"created_at":"2021-08-12T18:56:36.000Z","text":"RT @SecCivileFrance: \uD83C\uDDEB\uD83C\uDDF7\uD83E\uDD1D\uD83C\uDDE9\uD83C\uDDFF Les 2 #Canadair et le Beech sont arrivés en #Algérie.\nLes premiers largages ont été réalisés pour faire face aux…","lang":"fr","author_id":"126642321","public_metrics":{"retweet_count":327,"reply_count":0,"like_count":0,"quote_count":0},"id":"1425894001501249544"},{"created_at":"2021-08-12T18:56:27.000Z","text":"@_9afk @sosa06200 @212amine_ @MoorishMovement Il y a le feu partout pas qu'en kabylie, excuse moi mais tu es complètement à l'ouest sur l'actualité algérienne","lang":"fr","author_id":"1423302663408586757","public_metrics":{"retweet_count":0,"reply_count":1,"like_count":0,"quote_count":0},"id":"1425893963207217158"},{"created_at":"2021-08-12T18:55:47.000Z","text":"RT @SecCivileFrance: \uD83C\uDDEB\uD83C\uDDF7\uD83E\uDD1D\uD83C\uDDE9\uD83C\uDDFF Les 2 #Canadair et le Beech sont arrivés en #Algérie.\nLes premiers largages ont été réalisés pour faire face aux…","lang":"fr","author_id":"1348002667994505222","public_metrics":{"retweet_count":327,"reply_count":0,"like_count":0,"quote_count":0},"id":"1425893795917406217"},{"created_at":"2021-08-12T18:55:27.000Z","text":"RT @Tizi_Ouzou15: Après la Covid-19, le manque d’eau, les chutes de tension, c’est au tour des incendies. \nPlusieurs feu  d’incendie ont ét…","lang":"fr","author_id":"1101858083691814913","public_metrics":{"retweet_count":2897,"reply_count":0,"like_count":0,"quote_count":0},"id":"1425893712589201408"},{"created_at":"2021-08-12T18:55:16.000Z","text":"RT @Reuters: Forest fires in Algeria killed 42 people, including 25 soldiers deployed to help put out the blaze, the government said, as th…","lang":"en","author_id":"1367257275459645446","public_metrics":{"retweet_count":373,"reply_count":0,"like_count":0,"quote_count":0},"id":"1425893666502152202"},{"created_at":"2021-08-12T18:54:58.000Z","text":"RT @SecCivileFrance: \uD83C\uDDEB\uD83C\uDDF7\uD83E\uDD1D\uD83C\uDDE9\uD83C\uDDFF Les 2 #Canadair et le Beech sont arrivés en #Algérie.\nLes premiers largages ont été réalisés pour faire face aux…","lang":"fr","author_id":"944198191918075904","public_metrics":{"retweet_count":327,"reply_count":0,"like_count":0,"quote_count":0},"id":"1425893592409776132"},{"created_at":"2021-08-12T18:54:43.000Z","text":"RT @SecCivileFrance: \uD83C\uDDEB\uD83C\uDDF7\uD83E\uDD1D\uD83C\uDDE9\uD83C\uDDFF Les 2 #Canadair et le Beech sont arrivés en #Algérie.\nLes premiers largages ont été réalisés pour faire face aux…","lang":"fr","author_id":"985094773827670017","public_metrics":{"retweet_count":327,"reply_count":0,"like_count":0,"quote_count":0},"id":"1425893529709121542"},{"created_at":"2021-08-12T18:54:12.000Z","text":"RT @TariqibnZiyad__: Si la charia était instauré en Algérie cet innocent qui est venu aider ces frères en Kabylie ne serait pas brûlé vif c…","lang":"fr","author_id":"1416587983260688385","public_metrics":{"retweet_count":74,"reply_count":0,"like_count":0,"quote_count":0},"id":"1425893398020505605"},{"created_at":"2021-08-12T18:54:08.000Z","text":"RT @SecCivileFrance: \uD83C\uDDEB\uD83C\uDDF7\uD83E\uDD1D\uD83C\uDDE9\uD83C\uDDFF Les 2 #Canadair et le Beech sont arrivés en #Algérie.\nLes premiers largages ont été réalisés pour faire face aux…","lang":"fr","author_id":"1239793035648606208","public_metrics":{"retweet_count":327,"reply_count":0,"like_count":0,"quote_count":0},"id":"1425893382266793992"},{"created_at":"2021-08-12T18:53:59.000Z","text":"RT @SecCivileFrance: \uD83C\uDDEB\uD83C\uDDF7\uD83E\uDD1D\uD83C\uDDE9\uD83C\uDDFF Les 2 #Canadair et le Beech sont arrivés en #Algérie.\nLes premiers largages ont été réalisés pour faire face aux…","lang":"fr","author_id":"846872414","public_metrics":{"retweet_count":327,"reply_count":0,"like_count":0,"quote_count":0},"id":"1425893342383165450"},{"created_at":"2021-08-12T18:53:49.000Z","text":"RT @Islametinfo: ⭕ #DrameEnCours #Béjaia #SOS : Le feu encercle de tout bord les villages de Tala Hiba (Toudja). L'évacuation est devenu im…","lang":"fr","author_id":"3412462211","public_metrics":{"retweet_count":72,"reply_count":0,"like_count":0,"quote_count":0},"id":"1425893300578435074"},{"created_at":"2021-08-12T18:53:31.000Z","text":"RT @SecCivileFrance: \uD83C\uDDEB\uD83C\uDDF7\uD83E\uDD1D\uD83C\uDDE9\uD83C\uDDFF Les 2 #Canadair et le Beech sont arrivés en #Algérie.\nLes premiers largages ont été réalisés pour faire face aux…","lang":"fr","author_id":"702814881423212544","public_metrics":{"retweet_count":327,"reply_count":0,"like_count":0,"quote_count":0},"id":"1425893223910756354"},{"created_at":"2021-08-12T18:53:30.000Z","text":"RT @Mrleconstateur: Donc le Maroc, La France et la Tunisie proposent leur aide à l’Algérie pour éteindre le feu en Kabylie mais le gouverne…","lang":"fr","author_id":"945958337665028097","public_metrics":{"retweet_count":43,"reply_count":0,"like_count":0,"quote_count":0},"id":"1425893222442733572"},{"created_at":"2021-08-12T18:52:45.000Z","text":"RT @sirius1936: KABYLIE EN FEU\nUne pensée pour nos amis algériens eux aussi frappés par les incendies de forêts. https://t.co/0EE92y86ea","lang":"fr","author_id":"1322149866689187842","attachments":{"media_keys":["3_1425745645537841153"]},"public_metrics":{"retweet_count":85,"reply_count":0,"like_count":0,"quote_count":0},"id":"1425893033296416772"},{"created_at":"2021-08-12T18:52:21.000Z","text":"RT @sirius1936: KABYLIE EN FEU\nUne pensée pour nos amis algériens eux aussi frappés par les incendies de forêts. https://t.co/0EE92y86ea","lang":"fr","author_id":"1235231702890532870","attachments":{"media_keys":["3_1425745645537841153"]},"public_metrics":{"retweet_count":85,"reply_count":0,"like_count":0,"quote_count":0},"id":"1425892931702075393"},{"created_at":"2021-08-12T18:52:21.000Z","text":"RT @DWatsonfdz: \uD83C\uDDE9\uD83C\uDDFF\uD83C\uDDEB\uD83C\uDDF7 Conformément à l'annonce de Macron cette semaine, les 2 canadaires CL-415 de la sécurité civile française viennent d'a…","lang":"fr","author_id":"1404378109","public_metrics":{"retweet_count":28,"reply_count":0,"like_count":0,"quote_count":0},"id":"1425892930561130498"},{"created_at":"2021-08-12T18:52:11.000Z","text":"RT @SecCivileFrance: \uD83C\uDDEB\uD83C\uDDF7\uD83E\uDD1D\uD83C\uDDE9\uD83C\uDDFF Les 2 #Canadair et le Beech sont arrivés en #Algérie.\nLes premiers largages ont été réalisés pour faire face aux…","lang":"fr","author_id":"1121124081296990209","public_metrics":{"retweet_count":327,"reply_count":0,"like_count":0,"quote_count":0},"id":"1425892888760786946"},{"created_at":"2021-08-12T18:52:06.000Z","text":"RT @SecCivileFrance: \uD83C\uDDEB\uD83C\uDDF7\uD83E\uDD1D\uD83C\uDDE9\uD83C\uDDFF Les 2 #Canadair et le Beech sont arrivés en #Algérie.\nLes premiers largages ont été réalisés pour faire face aux…","lang":"fr","author_id":"1006390044","public_metrics":{"retweet_count":327,"reply_count":0,"like_count":0,"quote_count":0},"id":"1425892868057702407"},{"created_at":"2021-08-12T18:52:03.000Z","text":"RT @_fitamine: L’Homme qui a été lynché brûle vif accusé d’avoir de vouloir allumer un incendie, était en réalité un artiste de Miliana qui…","lang":"fr","author_id":"1078627279696265216","public_metrics":{"retweet_count":916,"reply_count":0,"like_count":0,"quote_count":0},"id":"1425892856749821956"},{"created_at":"2021-08-12T18:51:58.000Z","text":"RT @SecCivileFrance: \uD83C\uDDEB\uD83C\uDDF7\uD83E\uDD1D\uD83C\uDDE9\uD83C\uDDFF Les 2 #Canadair et le Beech sont arrivés en #Algérie.\nLes premiers largages ont été réalisés pour faire face aux…","lang":"fr","author_id":"966721777106866176","public_metrics":{"retweet_count":327,"reply_count":0,"like_count":0,"quote_count":0},"id":"1425892836088684547"},{"created_at":"2021-08-12T18:51:35.000Z","text":"RT @SecCivileFrance: \uD83C\uDDEB\uD83C\uDDF7\uD83E\uDD1D\uD83C\uDDE9\uD83C\uDDFF Les 2 #Canadair et le Beech sont arrivés en #Algérie.\nLes premiers largages ont été réalisés pour faire face aux…","lang":"fr","author_id":"222807663","public_metrics":{"retweet_count":327,"reply_count":0,"like_count":0,"quote_count":0},"id":"1425892740550864900"},{"created_at":"2021-08-12T18:50:23.000Z","text":"RT @SecCivileFrance: \uD83C\uDDEB\uD83C\uDDF7\uD83E\uDD1D\uD83C\uDDE9\uD83C\uDDFF Les 2 #Canadair et le Beech sont arrivés en #Algérie.\nLes premiers largages ont été réalisés pour faire face aux…","lang":"fr","author_id":"1015513100","public_metrics":{"retweet_count":327,"reply_count":0,"like_count":0,"quote_count":0},"id":"1425892437952716811"},{"created_at":"2021-08-12T18:50:20.000Z","text":"RT @SecCivileFrance: \uD83C\uDDEB\uD83C\uDDF7\uD83E\uDD1D\uD83C\uDDE9\uD83C\uDDFF Les 2 #Canadair et le Beech sont arrivés en #Algérie.\nLes premiers largages ont été réalisés pour faire face aux…","lang":"fr","author_id":"1213922958231527424","public_metrics":{"retweet_count":327,"reply_count":0,"like_count":0,"quote_count":0},"id":"1425892425378238464"},{"created_at":"2021-08-12T18:49:43.000Z","text":"RT @_fitamine: L’Homme qui a été lynché brûle vif accusé d’avoir de vouloir allumer un incendie, était en réalité un artiste de Miliana qui…","lang":"fr","author_id":"2594394255","public_metrics":{"retweet_count":916,"reply_count":0,"like_count":0,"quote_count":0},"id":"1425892268460941312"},{"created_at":"2021-08-12T18:49:18.000Z","text":"RT @SecCivileFrance: \uD83C\uDDEB\uD83C\uDDF7\uD83E\uDD1D\uD83C\uDDE9\uD83C\uDDFF Les 2 #Canadair et le Beech sont arrivés en #Algérie.\nLes premiers largages ont été réalisés pour faire face aux…","lang":"fr","author_id":"1028389972867465216","public_metrics":{"retweet_count":327,"reply_count":0,"like_count":0,"quote_count":0},"id":"1425892165658546176"},{"created_at":"2021-08-12T18:49:13.000Z","text":"RT @SecCivileFrance: \uD83C\uDDEB\uD83C\uDDF7\uD83E\uDD1D\uD83C\uDDE9\uD83C\uDDFF Les 2 #Canadair et le Beech sont arrivés en #Algérie.\nLes premiers largages ont été réalisés pour faire face aux…","lang":"fr","author_id":"1298637133352185858","public_metrics":{"retweet_count":327,"reply_count":0,"like_count":0,"quote_count":0},"id":"1425892143143477252"},{"created_at":"2021-08-12T18:49:05.000Z","text":"RT @SecCivileFrance: \uD83C\uDDEB\uD83C\uDDF7\uD83E\uDD1D\uD83C\uDDE9\uD83C\uDDFF Les 2 #Canadair et le Beech sont arrivés en #Algérie.\nLes premiers largages ont été réalisés pour faire face aux…","lang":"fr","author_id":"1876267328","public_metrics":{"retweet_count":327,"reply_count":0,"like_count":0,"quote_count":0},"id":"1425892111266766854"},{"created_at":"2021-08-12T18:49:03.000Z","text":"RT @_fitamine: L’Homme qui a été lynché brûle vif accusé d’avoir de vouloir allumer un incendie, était en réalité un artiste de Miliana qui…","lang":"fr","author_id":"1129036834422632448","public_metrics":{"retweet_count":916,"reply_count":0,"like_count":0,"quote_count":0},"id":"1425892100252504071"},{"created_at":"2021-08-12T18:48:54.000Z","text":"RT @SecCivileFrance: \uD83C\uDDEB\uD83C\uDDF7\uD83E\uDD1D\uD83C\uDDE9\uD83C\uDDFF Les 2 #Canadair et le Beech sont arrivés en #Algérie.\nLes premiers largages ont été réalisés pour faire face aux…","lang":"fr","author_id":"2728636035","public_metrics":{"retweet_count":327,"reply_count":0,"like_count":0,"quote_count":0},"id":"1425892065586601989"},{"created_at":"2021-08-12T18:48:48.000Z","text":"RT @SecCivileFrance: \uD83C\uDDEB\uD83C\uDDF7\uD83E\uDD1D\uD83C\uDDE9\uD83C\uDDFF Les 2 #Canadair et le Beech sont arrivés en #Algérie.\nLes premiers largages ont été réalisés pour faire face aux…","lang":"fr","author_id":"62747302","public_metrics":{"retweet_count":327,"reply_count":0,"like_count":0,"quote_count":0},"id":"1425892040739590148"},{"created_at":"2021-08-12T18:48:23.000Z","text":"RT @_xAa09: vous préférez parler de Messi que de parler de la Kabylie qui est en train de prendre feu brf","lang":"fr","author_id":"1425596060085493764","public_metrics":{"retweet_count":1108,"reply_count":0,"like_count":0,"quote_count":0},"id":"1425891934233636875"},{"created_at":"2021-08-12T18:48:23.000Z","text":"\uD83C\uDDEB\uD83C\uDDF7\uD83E\uDD1D\uD83C\uDDE9\uD83C\uDDFF Les 2 #Canadair et le Beech sont arrivés en #Algérie.\nLes premiers largages ont été réalisés pour faire face aux #FeuxDeForêt qui touchent la #Kabylie.\n✈️\uD83D\uDD25 Les pompiers du ciel ont attaqué le feu à 32 reprises sur 3 zones différentes, ils continueront la lutte demain. https://t.co/aCuz2fgxhs","lang":"fr","author_id":"856490877300224000","attachments":{"media_keys":["3_1425891927052935174","3_1425891927094927367","3_1425891927057182721","3_1425891927082274818"]},"public_metrics":{"retweet_count":327,"reply_count":62,"like_count":1467,"quote_count":36},"id":"1425891933914796032"},{"created_at":"2021-08-12T18:48:20.000Z","text":"RT @sirius1936: KABYLIE EN FEU\nUne pensée pour nos amis algériens eux aussi frappés par les incendies de forêts. https://t.co/0EE92y86ea","lang":"fr","author_id":"1246134221829177345","attachments":{"media_keys":["3_1425745645537841153"]},"public_metrics":{"retweet_count":85,"reply_count":0,"like_count":0,"quote_count":0},"id":"1425891921340379136"},{"created_at":"2021-08-12T18:47:22.000Z","text":"RT @_xAa09: vous préférez parler de Messi que de parler de la Kabylie qui est en train de prendre feu brf","lang":"fr","author_id":"1206479864271966208","public_metrics":{"retweet_count":1108,"reply_count":0,"like_count":0,"quote_count":0},"id":"1425891677655474187"},{"created_at":"2021-08-12T18:46:40.000Z","text":"RT @_xAa09: vous préférez parler de Messi que de parler de la Kabylie qui est en train de prendre feu brf","lang":"fr","author_id":"1188929492053643267","public_metrics":{"retweet_count":1108,"reply_count":0,"like_count":0,"quote_count":0},"id":"1425891500072841233"},{"created_at":"2021-08-12T18:46:01.000Z","text":"RT @Tizi_Ouzou15: Après la Covid-19, le manque d’eau, les chutes de tension, c’est au tour des incendies. \nPlusieurs feu  d’incendie ont ét…","lang":"fr","author_id":"1185166432390254592","public_metrics":{"retweet_count":2897,"reply_count":0,"like_count":0,"quote_count":0},"id":"1425891339409969155"},{"created_at":"2021-08-12T18:45:51.000Z","text":"Free Kabylie le pouvoir algérien extermine la Kabylie à petit feu, une chose le peuple kabyle ira toujours dans le sens de ça libération","lang":"fr","author_id":"1336413948430659592","public_metrics":{"retweet_count":0,"reply_count":0,"like_count":0,"quote_count":0},"id":"1425891296573591555"},{"created_at":"2021-08-12T18:45:09.000Z","text":"RT @RandaHabib: At least 69 people including 28 soldiers have been killed in fires across northern #Algeria.\nThe worst hit area has been Ti…","lang":"en","author_id":"1425879152662654976","public_metrics":{"retweet_count":26,"reply_count":0,"like_count":0,"quote_count":0},"id":"1425891120647708674"},{"created_at":"2021-08-12T18:44:39.000Z","text":"L’Algérie meurtrie par des incendies dévastateurs - https://t.co/ska0lZnY3S\n  Lire l'article \uD83D\uDCF0 : https://t.co/ssBRAaEOni\n\nDes incendies d’une violence inouïe ravagent actuellement le nord de l’Algérie et la Kabylie. Depuis le 10 août au soir, plus de 60 départs de feu ont été... https://t.co/cQF6sl16bI","lang":"fr","author_id":"1276320350062678017","attachments":{"media_keys":["3_1425890994260676611"]},"public_metrics":{"retweet_count":0,"reply_count":0,"like_count":0,"quote_count":0},"id":"1425890996437626884"},{"created_at":"2021-08-12T18:42:47.000Z","text":"Free Kabylie le pouvoir algérien extermine la Kabylie à petit feu, une chose le peuple kabyle ira toujours dans le sens de ça libération","lang":"fr","author_id":"1164354820758806528","public_metrics":{"retweet_count":0,"reply_count":2,"like_count":0,"quote_count":0},"id":"1425890522846179331"},{"created_at":"2021-08-12T18:42:38.000Z","text":"RT @Twiteralgerien: Ce soutien des frères marocains envers le peuple d'#Algérie et la #kabylie en feu !\uD83D\uDE22\uD83D\uDE22\n\nÇa frappe au coeur.❤❤❤\n\nQu'Allah…","lang":"fr","author_id":"1192535060718731264","public_metrics":{"retweet_count":2,"reply_count":0,"like_count":0,"quote_count":0},"id":"1425890488918364163"},{"created_at":"2021-08-12T18:42:24.000Z","text":"RT @tamacahut: call to the diaspora : if you can help, those assisting on the ground in Tizi are fundraising for families who've lost every…","lang":"en","author_id":"753934206","public_metrics":{"retweet_count":10,"reply_count":0,"like_count":0,"quote_count":0},"id":"1425890429258539010"},{"created_at":"2021-08-12T18:41:42.000Z","text":"RT @moorisch: Ils accusent le Maroc de leurs maux. Au lieu de jalouser posez cuits la question pourquoi tant d'incendie au liant ou la Kaby…","lang":"fr","author_id":"1298736584163045376","public_metrics":{"retweet_count":2,"reply_count":0,"like_count":0,"quote_count":0},"id":"1425890252267343879"},{"created_at":"2021-08-12T18:41:22.000Z","text":"RT @TariqibnZiyad__: Si la charia était instauré en Algérie cet innocent qui est venu aider ces frères en Kabylie ne serait pas brûlé vif c…","lang":"fr","author_id":"3351461524","public_metrics":{"retweet_count":74,"reply_count":0,"like_count":0,"quote_count":0},"id":"1425890169044017154"},{"created_at":"2021-08-12T18:40:46.000Z","text":"RT @BourricheNadine: It is not just the Kabylie burning anymore, since yesterday night the fires spread all the way to Annaba and Souk Ahra…","lang":"en","author_id":"34236869","public_metrics":{"retweet_count":20,"reply_count":0,"like_count":0,"quote_count":0},"id":"1425890015150854144"},{"created_at":"2021-08-12T18:40:45.000Z","text":"@daoud_kamel Dégages ! Ce feu ne ravage pas seulement la Kabylie pourquoi vous mâchez l'hypocrisie ? Il a ravagé et ravage encore toutes les Wilayas ! C'est à cause de faux intellectuels comme vous que nous en sommes là : VOUS ETES SOUMIS AU RÉGIME HORS LA LOI !","lang":"fr","author_id":"1098628581436153858","public_metrics":{"retweet_count":0,"reply_count":0,"like_count":3,"quote_count":0},"id":"1425890014970449923"},{"created_at":"2021-08-12T18:40:43.000Z","text":"RT @kabyle: Immense incendie à la forêt du village Amraou #Amizour #Kabylie","lang":"fr","author_id":"167596605","public_metrics":{"retweet_count":7,"reply_count":0,"like_count":0,"quote_count":0},"id":"1425890004786630656"},{"created_at":"2021-08-12T18:40:32.000Z","text":"RT @TommyGame78: Rip victime de la rumeur lynchée,brûlée vif les vrais responsables,c’est vos dirigeants que les feu soient volontaires ou…","lang":"fr","author_id":"801403446","public_metrics":{"retweet_count":3,"reply_count":0,"like_count":0,"quote_count":0},"id":"1425889959798509569"},{"created_at":"2021-08-12T18:40:30.000Z","text":"J’aurais du me retrouver en Kabylie et être brûlé par les feu y’en à ils méritaient de vivre à la différence de moi qui n’a aucune attache pour cette vie","lang":"fr","author_id":"1364153595059445761","public_metrics":{"retweet_count":0,"reply_count":0,"like_count":0,"quote_count":0},"id":"1425889950541754374"},{"created_at":"2021-08-12T18:40:14.000Z","text":"RT @sirius1936: KABYLIE EN FEU\nUne pensée pour nos amis algériens eux aussi frappés par les incendies de forêts. https://t.co/0EE92y86ea","lang":"fr","author_id":"972036644","attachments":{"media_keys":["3_1425745645537841153"]},"public_metrics":{"retweet_count":85,"reply_count":0,"like_count":0,"quote_count":0},"id":"1425889884800229380"},{"created_at":"2021-08-12T18:39:28.000Z","text":"RT @idkimane: C’est vraiment horrible ce qu’il se passe en Algérie, le feu se propage de plus en plus dans toute la Kabylie… Mon frère m’a…","lang":"fr","author_id":"734817795733590016","public_metrics":{"retweet_count":2,"reply_count":0,"like_count":0,"quote_count":0},"id":"1425889691807752192"},{"created_at":"2021-08-12T18:38:18.000Z","text":"RT @TariqibnZiyad__: Si la charia était instauré en Algérie cet innocent qui est venu aider ces frères en Kabylie ne serait pas brûlé vif c…","lang":"fr","author_id":"2969663692","public_metrics":{"retweet_count":74,"reply_count":0,"like_count":0,"quote_count":0},"id":"1425889398374256642"},{"created_at":"2021-08-12T18:37:31.000Z","text":"RT @tika_issam: \uD83D\uDFE5VOS MESSAGES\uD83D\uDFE5 - SOS URGENT - Appel au secours : Les jeunes de la localité des Ouadhias, allez à Ighil Imoula SVP. Les cito…","lang":"fr","author_id":"1337075425","public_metrics":{"retweet_count":3,"reply_count":0,"like_count":0,"quote_count":0},"id":"1425889198129795072"},{"created_at":"2021-08-12T18:36:03.000Z","text":"C’est vraiment horrible ce qu’il se passe en Algérie, le feu se propage de plus en plus dans toute la Kabylie… Mon frère m’a envoyé des vidéos et des photos,c’est horrible.","lang":"fr","author_id":"243283120","public_metrics":{"retweet_count":2,"reply_count":0,"like_count":1,"quote_count":0},"id":"1425888829886582791"},{"created_at":"2021-08-12T18:34:55.000Z","text":"RT @Soussoide: Qu’Allah protège la Kabylie et toute les régions du monde en feu, la « fierté » au détriment du peuple kabyle, c’est une hon…","lang":"fr","author_id":"1364900560659492866","public_metrics":{"retweet_count":4,"reply_count":0,"like_count":0,"quote_count":0},"id":"1425888543663083524"},{"created_at":"2021-08-12T18:34:47.000Z","text":"RT @amrix_d3: La belle Kabylie en feu\n #savekabylie https://t.co/heTOYhqkpf","lang":"fr","author_id":"1192535060718731264","attachments":{"media_keys":["7_1425127311809126404"]},"public_metrics":{"retweet_count":24,"reply_count":0,"like_count":0,"quote_count":0},"id":"1425888509450149892"},{"created_at":"2021-08-12T18:31:52.000Z","text":"RT @Tizi_Ouzou15: Après la Covid-19, le manque d’eau, les chutes de tension, c’est au tour des incendies. \nPlusieurs feu  d’incendie ont ét…","lang":"fr","author_id":"1396180068175654919","public_metrics":{"retweet_count":2897,"reply_count":0,"like_count":0,"quote_count":0},"id":"1425887777581797377"},{"created_at":"2021-08-12T18:30:50.000Z","text":"RT @sirius1936: KABYLIE EN FEU\nUne pensée pour nos amis algériens eux aussi frappés par les incendies de forêts. https://t.co/0EE92y86ea","lang":"fr","author_id":"146913313","attachments":{"media_keys":["3_1425745645537841153"]},"public_metrics":{"retweet_count":85,"reply_count":0,"like_count":0,"quote_count":0},"id":"1425887516905951234"},{"created_at":"2021-08-12T18:29:47.000Z","text":"RT @Soussoide: Qu’Allah protège la Kabylie et toute les régions du monde en feu, la « fierté » au détriment du peuple kabyle, c’est une hon…","lang":"fr","author_id":"1094572922478489600","public_metrics":{"retweet_count":4,"reply_count":0,"like_count":0,"quote_count":0},"id":"1425887253713260549"},{"created_at":"2021-08-12T18:29:15.000Z","text":"I know alot of yall dont speak french but the north region of Algeria(Kabylie)is dealing with 100 fires that were politically motivated but are spreading more than usual due to the intense heat +the wind,we lost more than 60ppl in the last 2days,the gov. isnt willing to help https://t.co/B23PiXusRy","lang":"en","author_id":"896826657163677696","public_metrics":{"retweet_count":0,"reply_count":1,"like_count":3,"quote_count":0},"id":"1425887119701159945"},{"created_at":"2021-08-12T18:29:08.000Z","text":"RT @GheZinou: Unfortunately, around 25 forest fires are currently ravaging small villages across Tizi Ouzou in the Kabylie region in #Alger…","lang":"en","author_id":"1111329676667088897","public_metrics":{"retweet_count":163,"reply_count":0,"like_count":0,"quote_count":0},"id":"1425887088830996498"},{"created_at":"2021-08-12T18:28:46.000Z","text":"RT @hadil2000: @wqvz24 Fire on fire \uD83D\uDC94\n\n#الجزائر_تحترق\n#SaveAlgeria\n#savedz\n#SOS_Kabylie https://t.co/QC7RKo1VtW","lang":"en","author_id":"1371141064401240067","attachments":{"media_keys":["7_1425470782189281287"]},"public_metrics":{"retweet_count":5,"reply_count":0,"like_count":0,"quote_count":0},"id":"1425886999265873933"},{"created_at":"2021-08-12T18:27:37.000Z","text":"RT @NabilaKeramane: Si je comprends bien, le feu s’étend partout??\nSkikda, Medea, Blida, la Kabylie, etc? Je ne suis pas une spécialiste, m…","lang":"fr","author_id":"126559411","public_metrics":{"retweet_count":2,"reply_count":0,"like_count":0,"quote_count":0},"id":"1425886709036765197"},{"created_at":"2021-08-12T18:27:37.000Z","text":"@GlobalImpactIn2 @MoNDefense @MFA_China @MAEAlgerie @kmldial70 Qu’ils achètent déjà des #canadair pour lutter contre le feu qui se propage en kabylie \uD83E\uDD26\uD83C\uDFFB\uD83E\uDD26\uD83C\uDFFB","lang":"fr","author_id":"239042110","public_metrics":{"retweet_count":0,"reply_count":0,"like_count":4,"quote_count":0},"id":"1425886707866607627"},{"created_at":"2021-08-12T18:26:56.000Z","text":"RT @dw_francais: Sur notre site, à lire aussi cet article sur le sentiment d'abandon qui emplit certains dans la région de #Kabylie →  http…","lang":"fr","author_id":"496433464","public_metrics":{"retweet_count":4,"reply_count":0,"like_count":0,"quote_count":0},"id":"1425886535447089160"},{"created_at":"2021-08-12T18:26:50.000Z","text":"RT @dw_francais: Algérie, quand les incendies renforcent les ressentiments https://t.co/eAx1f2os3o","lang":"fr","author_id":"496433464","public_metrics":{"retweet_count":1,"reply_count":0,"like_count":0,"quote_count":0},"id":"1425886509635362821"},{"created_at":"2021-08-12T18:26:38.000Z","text":"RT @bejaia_lyon: Hmdl les canadairs sont arrivés et ont éteint plusieurs foyers de feu. \uD83C\uDDE9\uD83C\uDDFF\uD83C\uDDE9\uD83C\uDDFF\uD83C\uDDE9\uD83C\uDDFF\uD83C\uDDE9\uD83C\uDDFF\uD83C\uDDE9\uD83C\uDDFF\uD83C\uDDE9\uD83C\uDDFF\uD83C\uDDE9\uD83C\uDDFF\uD83C\uDDE9\uD83C\uDDFF #kabylie #kabyliebrule #algerie ht…","lang":"fr","author_id":"771037774833192960","public_metrics":{"retweet_count":10,"reply_count":0,"like_count":0,"quote_count":0},"id":"1425886462269067264"},{"created_at":"2021-08-12T18:26:18.000Z","text":"RT @miiiou: @Morgan2Me Il est temps d'aider toutes les zones touchées. Ce n'est pas terminé pour la kabylie, elle est toujours pas sortie d…","lang":"fr","author_id":"771037774833192960","public_metrics":{"retweet_count":1,"reply_count":0,"like_count":0,"quote_count":0},"id":"1425886376885723141"},{"created_at":"2021-08-12T18:26:10.000Z","text":"RT @NellyOpigez62: Qui a mis le feu à la Kabylie ?\nhttps://t.co/Rb6mJd6dV6","lang":"fr","author_id":"771037774833192960","public_metrics":{"retweet_count":5,"reply_count":0,"like_count":0,"quote_count":0},"id":"1425886343461281794"},{"created_at":"2021-08-12T18:26:06.000Z","text":"RT @Augustin_ker: @EmmanuelMacron Monsieur Le Président, notre France possède 12 bombardier Canadair, sont-ils tous déployés actuellement ?…","lang":"fr","author_id":"771037774833192960","public_metrics":{"retweet_count":1,"reply_count":0,"like_count":0,"quote_count":0},"id":"1425886328173080576"},{"created_at":"2021-08-12T18:25:57.000Z","text":"RT @bejaia_lyon: Tout était planifié. Les traces de feu et d’essence ne trompent pas. \uD83D\uDE22\uD83D\uDE22\uD83D\uDE22\uD83D\uDE22\uD83D\uDE22\uD83D\uDE22\uD83D\uDE22\uD83D\uDE22#kabylie #kabyliebrule #AlgeriaIsBurning #alg…","lang":"fr","author_id":"1356053381954068481","public_metrics":{"retweet_count":8,"reply_count":0,"like_count":0,"quote_count":0},"id":"1425886287182114816"},{"created_at":"2021-08-12T18:25:49.000Z","text":"RT @bejaia_lyon: Tout était planifié. Les traces de feu et d’essence ne trompent pas. \uD83D\uDE22\uD83D\uDE22\uD83D\uDE22\uD83D\uDE22\uD83D\uDE22\uD83D\uDE22\uD83D\uDE22\uD83D\uDE22#kabylie #kabyliebrule #AlgeriaIsBurning #alg…","lang":"fr","author_id":"771037774833192960","public_metrics":{"retweet_count":8,"reply_count":0,"like_count":0,"quote_count":0},"id":"1425886255276085248"},{"created_at":"2021-08-12T18:25:47.000Z","text":"Qu’Allah protège la Kabylie et toute les régions du monde en feu, la « fierté » au détriment du peuple kabyle, c’est une honte, un comportement digne de la Jahiliya. https://t.co/4JQMpkhzTt","lang":"fr","author_id":"709209388699922432","public_metrics":{"retweet_count":4,"reply_count":0,"like_count":23,"quote_count":0},"id":"1425886247856246788"}],"includes":{"media":[{"media_key":"3_1425745645537841153","type":"photo","url":"https://pbs.twimg.com/media/E8lEHFZX0AE6k45.jpg"},{"media_key":"3_1425891927052935174","type":"photo","url":"https://pbs.twimg.com/media/E8nJJygWYAYw97V.jpg"},{"media_key":"3_1425891927094927367","type":"photo","url":"https://pbs.twimg.com/media/E8nJJyqXIAcL1aK.jpg"},{"media_key":"3_1425891927057182721","type":"photo","url":"https://pbs.twimg.com/media/E8nJJyhXMAEqTD0.jpg"},{"media_key":"3_1425891927082274818","type":"photo","url":"https://pbs.twimg.com/media/E8nJJynWEAIX5Jp.jpg"},{"media_key":"3_1425890994260676611","type":"photo","url":"https://pbs.twimg.com/media/E8nITflWEAMbeM7.jpg"},{"media_key":"7_1425127311809126404","public_metrics":{"view_count":1100},"type":"video"},{"media_key":"7_1425470782189281287","public_metrics":{"view_count":542},"type":"video"}]},"meta":{"newest_id":"1425898702787563521","oldest_id":"1425886247856246788","result_count":100,"next_token":"b26v89c19zqg8o3fpdm8kuyos3admrrna84s4nkwhwcjh"}}