{"data":[{"author_id":"1379081551045099523","created_at":"2021-08-12T18:24:32.000Z","lang":"en","public_metrics":{"retweet_count":373,"reply_count":0,"like_count":0,"quote_count":0},"text":"RT @Reuters: Forest fires in Algeria killed 42 people, including 25 soldiers deployed to help put out the blaze, the government said, as th…","id":"1425885930691379201"},{"author_id":"1420032134903906313","created_at":"2021-08-12T18:21:34.000Z","lang":"fr","public_metrics":{"retweet_count":573,"reply_count":0,"like_count":0,"quote_count":0},"text":"RT @chahrazzzz: 25 départs de feu aujourd’hui en Kabylie, c’est horrible https://t.co/vA8UKhswzZ","id":"1425885183853699079","attachments":{"media_keys":["3_1424849354947502081","3_1424849354934951937","3_1424849354939064327","3_1424849355727687699"]}},{"author_id":"1261840237111775234","created_at":"2021-08-12T18:19:04.000Z","lang":"fr","public_metrics":{"retweet_count":1,"reply_count":2,"like_count":1,"quote_count":0},"text":"@So_moi_ Sûrement par fierté ou bien juste que le feu en kabylie par exemple en arrange certains","id":"1425884554200559622"},{"author_id":"1035643871273906177","created_at":"2021-08-12T18:18:55.000Z","lang":"fr","public_metrics":{"retweet_count":573,"reply_count":0,"like_count":0,"quote_count":0},"text":"RT @chahrazzzz: 25 départs de feu aujourd’hui en Kabylie, c’est horrible https://t.co/vA8UKhswzZ","id":"1425884519077490689","attachments":{"media_keys":["3_1424849354947502081","3_1424849354934951937","3_1424849354939064327","3_1424849355727687699"]}},{"author_id":"922493833094615040","created_at":"2021-08-12T18:18:52.000Z","lang":"en","public_metrics":{"retweet_count":177,"reply_count":0,"like_count":0,"quote_count":0},"text":"RT @BooksToMyAss: The fires in the Algerian kabylie (Amazigh region) is only getting worse. People are dying people are losing their houses…","id":"1425884507832475653"},{"author_id":"1103673950482194432","created_at":"2021-08-12T18:18:23.000Z","lang":"fr","public_metrics":{"retweet_count":85,"reply_count":0,"like_count":0,"quote_count":0},"text":"RT @sirius1936: KABYLIE EN FEU\nUne pensée pour nos amis algériens eux aussi frappés par les incendies de forêts. https://t.co/0EE92y86ea","id":"1425884384419319818","attachments":{"media_keys":["3_1425745645537841153"]}},{"author_id":"926112611908898816","created_at":"2021-08-12T18:18:22.000Z","lang":"fr","public_metrics":{"retweet_count":11,"reply_count":0,"like_count":0,"quote_count":0},"text":"RT @IbnYoussef13: Il n'y a qu'Allah subhana wa ta'ala qui peut sauver la \uD83C\uDDE9\uD83C\uDDFF Kabylie.\n\nEt c'est pas \"Anzar\" qui va faire quoi que ce soit...…","id":"1425884380376051716"},{"author_id":"829778582","created_at":"2021-08-12T18:18:03.000Z","lang":"fr","public_metrics":{"retweet_count":916,"reply_count":0,"like_count":0,"quote_count":0},"text":"RT @_fitamine: L’Homme qui a été lynché brûle vif accusé d’avoir de vouloir allumer un incendie, était en réalité un artiste de Miliana qui…","id":"1425884302273912837"},{"author_id":"79779220","created_at":"2021-08-12T18:17:21.000Z","lang":"fr","public_metrics":{"retweet_count":0,"reply_count":0,"like_count":0,"quote_count":0},"text":"À mes frères Kabyles. \n\nPrécieux conseils d'un pompier professionnel de Beauvais (France) aux jeunes en lutte contre le feu en Kabylie:\nhttps://t.co/USpbCKVo7O","id":"1425884123567116289"},{"author_id":"223883660","created_at":"2021-08-12T18:16:29.000Z","lang":"fr","public_metrics":{"retweet_count":32,"reply_count":0,"like_count":0,"quote_count":0},"text":"RT @daoud_kamel: Ce pays est aujourd’hui à un tournant. Il a toutes les raisons de s’effondrer et toutes les autres de se relever (...)On p…","id":"1425883907564650501"},{"author_id":"1181106203855900672","created_at":"2021-08-12T18:14:25.000Z","lang":"fr","public_metrics":{"retweet_count":5,"reply_count":0,"like_count":0,"quote_count":0},"text":"RT @NellyOpigez62: Qui a mis le feu à la Kabylie ?\nhttps://t.co/Rb6mJd6dV6","id":"1425883385084395525"},{"author_id":"1420493956618592262","created_at":"2021-08-12T18:13:56.000Z","lang":"fr","public_metrics":{"retweet_count":0,"reply_count":0,"like_count":0,"quote_count":0},"text":"@__itsmimii La kabylie en feu \uD83D\uDD25 par tt","id":"1425883264120668165"},{"author_id":"1279011173640417282","created_at":"2021-08-12T18:13:30.000Z","lang":"fr","public_metrics":{"retweet_count":80,"reply_count":0,"like_count":0,"quote_count":0},"text":"RT @BenzLakhdar: Depuis hier, j'essaie de trouver des images de pompiers combattants le feu en Kabylie, mais en vain. Je ne trouve que des…","id":"1425883154481549322"},{"author_id":"1350410090495488000","created_at":"2021-08-12T18:12:46.000Z","lang":"fr","public_metrics":{"retweet_count":4,"reply_count":0,"like_count":0,"quote_count":0},"text":"RT @dw_francais: Sur notre site, à lire aussi cet article sur le sentiment d'abandon qui emplit certains dans la région de #Kabylie →  http…","id":"1425882970943070211"},{"author_id":"746936563","created_at":"2021-08-12T18:09:53.000Z","lang":"fr","public_metrics":{"retweet_count":4,"reply_count":0,"like_count":0,"quote_count":0},"text":"RT @dw_francais: Sur notre site, à lire aussi cet article sur le sentiment d'abandon qui emplit certains dans la région de #Kabylie →  http…","id":"1425882244137242625"},{"author_id":"402776508","created_at":"2021-08-12T18:09:14.000Z","lang":"fr","public_metrics":{"retweet_count":2,"reply_count":0,"like_count":0,"quote_count":0},"text":"RT @Valicia_S: @Jiminuscule95 En kabylie, ils ont arrêté un homme et l'ont brûlé dans l’espace public car ils le soupçonnent d’avoir mis le…","id":"1425882083000471556"},{"author_id":"1618836409","created_at":"2021-08-12T18:09:13.000Z","lang":"fr","public_metrics":{"retweet_count":916,"reply_count":0,"like_count":0,"quote_count":0},"text":"RT @_fitamine: L’Homme qui a été lynché brûle vif accusé d’avoir de vouloir allumer un incendie, était en réalité un artiste de Miliana qui…","id":"1425882075933126667"},{"author_id":"1252976637014151170","created_at":"2021-08-12T18:07:51.000Z","lang":"fr","public_metrics":{"retweet_count":74,"reply_count":0,"like_count":0,"quote_count":0},"text":"RT @TariqibnZiyad__: Si la charia était instauré en Algérie cet innocent qui est venu aider ces frères en Kabylie ne serait pas brûlé vif c…","id":"1425881732654501891"},{"author_id":"806919060088705024","created_at":"2021-08-12T18:07:49.000Z","lang":"fr","public_metrics":{"retweet_count":0,"reply_count":0,"like_count":0,"quote_count":0},"text":"La Kabylie est en feu et la population, très mobilisée, est en grand danger.\nSoutien à nos amis de Tizi-Ouzou, El Tarf, Larbaâ Nath Irathen...\n\uD83D\uDE4F \nhttps://t.co/BrkpdTOH3v","id":"1425881726031736835"},{"author_id":"2598274005","created_at":"2021-08-12T18:07:31.000Z","lang":"en","public_metrics":{"retweet_count":817,"reply_count":0,"like_count":0,"quote_count":0},"text":"RT @KhaledBeydoun: Prayers up for Algeria \uD83C\uDDE9\uD83C\uDDFF— at least 42 people killed by fires raging in Kabylie region https://t.co/UQR1iI34Rk","id":"1425881649481359362","attachments":{"media_keys":["3_1425252039798427648"]}},{"author_id":"2653327325","created_at":"2021-08-12T18:05:40.000Z","lang":"fr","public_metrics":{"retweet_count":5,"reply_count":0,"like_count":5,"quote_count":0},"text":"Une forte pensée pour nos frères et sœurs en #Algerie particulièrement en #Kabylie qui luttent contre les incendie\nNe les oublions pas dans nos invocations \uD83D\uDE4F \n#kabyliebrule https://t.co/1MrvUS7XTX","id":"1425881182353436672","attachments":{"media_keys":["3_1425881179820077064"]}},{"author_id":"185650111","created_at":"2021-08-12T18:05:33.000Z","lang":"fr","public_metrics":{"retweet_count":1,"reply_count":1,"like_count":1,"quote_count":0},"text":"Algérie, quand les incendies renforcent les ressentiments https://t.co/eAx1f2os3o","id":"1425881156009046020"},{"author_id":"1214822977235300353","created_at":"2021-08-12T18:04:28.000Z","lang":"fr","public_metrics":{"retweet_count":9,"reply_count":0,"like_count":0,"quote_count":0},"text":"RT @yayareski: j’aimerais bien savoir ce que vous trouvez de drôle au fait que la kabylie soit en feu","id":"1425880884020908037"},{"author_id":"807004310710132736","created_at":"2021-08-12T18:03:47.000Z","lang":"fr","public_metrics":{"retweet_count":129,"reply_count":0,"like_count":0,"quote_count":0},"text":"RT @karimazerrouki4: #Tizi_Ouzou\nAprès la Covid-19, le manque d’eau, les chutes de tension, c’est au tour des incendies. \nPlusieurs feu  d’…","id":"1425880709999349761"},{"author_id":"917765485227335681","created_at":"2021-08-12T18:02:47.000Z","lang":"fr","public_metrics":{"retweet_count":8,"reply_count":0,"like_count":0,"quote_count":0},"text":"RT @bejaia_lyon: Tout était planifié. Les traces de feu et d’essence ne trompent pas. \uD83D\uDE22\uD83D\uDE22\uD83D\uDE22\uD83D\uDE22\uD83D\uDE22\uD83D\uDE22\uD83D\uDE22\uD83D\uDE22#kabylie #kabyliebrule #AlgeriaIsBurning #alg…","id":"1425880459888766978"},{"author_id":"1218877295986913282","created_at":"2021-08-12T18:01:40.000Z","lang":"fr","public_metrics":{"retweet_count":2897,"reply_count":0,"like_count":0,"quote_count":0},"text":"RT @Tizi_Ouzou15: Après la Covid-19, le manque d’eau, les chutes de tension, c’est au tour des incendies. \nPlusieurs feu  d’incendie ont ét…","id":"1425880178589376518"},{"author_id":"1526964595","created_at":"2021-08-12T18:01:18.000Z","lang":"fr","public_metrics":{"retweet_count":5,"reply_count":0,"like_count":0,"quote_count":0},"text":"RT @NellyOpigez62: Qui a mis le feu à la Kabylie ?\nhttps://t.co/Rb6mJd6dV6","id":"1425880083902996483"},{"author_id":"1316039566671982593","created_at":"2021-08-12T18:00:51.000Z","lang":"en","public_metrics":{"retweet_count":177,"reply_count":0,"like_count":0,"quote_count":0},"text":"RT @BooksToMyAss: The fires in the Algerian kabylie (Amazigh region) is only getting worse. People are dying people are losing their houses…","id":"1425879973664108545"},{"author_id":"2785108568","created_at":"2021-08-12T18:00:35.000Z","lang":"en","public_metrics":{"retweet_count":21,"reply_count":0,"like_count":0,"quote_count":0},"text":"RT @Reuters: The soldiers were killed in different areas, some while trying to extinguish the flames and others after they were cut off by…","id":"1425879905636700166"},{"author_id":"2785108568","created_at":"2021-08-12T18:00:25.000Z","lang":"en","public_metrics":{"retweet_count":373,"reply_count":0,"like_count":0,"quote_count":0},"text":"RT @Reuters: Forest fires in Algeria killed 42 people, including 25 soldiers deployed to help put out the blaze, the government said, as th…","id":"1425879863831973893"},{"author_id":"3322916697","created_at":"2021-08-12T18:00:12.000Z","lang":"fr","public_metrics":{"retweet_count":995,"reply_count":0,"like_count":0,"quote_count":0},"text":"RT @Videos2Riles: Pour aider les victimes d'incendie en Kabylie \nIl existe une cagnotte sur Paypal que je vous partage \nhttps://t.co/t0Spnp…","id":"1425879809440235537"},{"author_id":"16664925","created_at":"2021-08-12T17:59:32.000Z","lang":"fr","public_metrics":{"retweet_count":1,"reply_count":0,"like_count":1,"quote_count":0},"text":"\uD83D\uDEA8\uD83D\uDD25 Urgence incendie en Algérie\nCe n'est pas seulement la Kabylie qui est touchée par les incendies. Il y a aussi Bouira, Guelma, Skikda, Sétif, Boumerdès, Medea, Tiaret...\nAidons les sinistrés maintenant https://t.co/F7FSGQARiU\n\n#AlgeriaIsBurning #Algerie #Algerie_brule https://t.co/RYkSg5gsq5","id":"1425879641890435072","attachments":{"media_keys":["3_1425878690810957827"]}},{"author_id":"3368264493","created_at":"2021-08-12T17:59:14.000Z","lang":"fr","public_metrics":{"retweet_count":10,"reply_count":0,"like_count":0,"quote_count":0},"text":"RT @bejaia_lyon: Hmdl les canadairs sont arrivés et ont éteint plusieurs foyers de feu. \uD83C\uDDE9\uD83C\uDDFF\uD83C\uDDE9\uD83C\uDDFF\uD83C\uDDE9\uD83C\uDDFF\uD83C\uDDE9\uD83C\uDDFF\uD83C\uDDE9\uD83C\uDDFF\uD83C\uDDE9\uD83C\uDDFF\uD83C\uDDE9\uD83C\uDDFF\uD83C\uDDE9\uD83C\uDDFF #kabylie #kabyliebrule #algerie ht…","id":"1425879566854369283"},{"author_id":"806067513855512577","created_at":"2021-08-12T17:59:00.000Z","lang":"fr","public_metrics":{"retweet_count":358,"reply_count":0,"like_count":0,"quote_count":0},"text":"RT @RachDeVaincre: J’viens d’regarder les story de la miff en Kabylie jai les larmes aux yeux.\nFaites des duaahs. Qu’Allah fasse que la plu…","id":"1425879508301844480"},{"author_id":"1545352832","created_at":"2021-08-12T17:59:00.000Z","lang":"fr","public_metrics":{"retweet_count":15,"reply_count":0,"like_count":0,"quote_count":0},"text":"RT @RachidTemal: Pour retrouver mon itw sur @BerbereTV sur les incendies qui ravagent l’Algerie et plus largement la Kabylie. \nMerci à tous…","id":"1425879507014148097"},{"author_id":"817134335576907776","created_at":"2021-08-12T17:58:38.000Z","lang":"en","public_metrics":{"retweet_count":817,"reply_count":0,"like_count":0,"quote_count":0},"text":"RT @KhaledBeydoun: Prayers up for Algeria \uD83C\uDDE9\uD83C\uDDFF— at least 42 people killed by fires raging in Kabylie region https://t.co/UQR1iI34Rk","id":"1425879412743053315","attachments":{"media_keys":["3_1425252039798427648"]}},{"author_id":"76428830","created_at":"2021-08-12T17:57:25.000Z","lang":"fr","public_metrics":{"retweet_count":2,"reply_count":8,"like_count":30,"quote_count":2},"text":"Si je comprends bien, le feu s’étend partout??\nSkikda, Medea, Blida, la Kabylie, etc? Je ne suis pas une spécialiste, mais ça va se passer comment, là? Parce que je suis terrifiée à l’idée que rien ne peut être fait... #Algerie","id":"1425879106013511685"},{"author_id":"1388019373","created_at":"2021-08-12T17:55:22.000Z","lang":"fr","public_metrics":{"retweet_count":4,"reply_count":0,"like_count":0,"quote_count":0},"text":"RT @TerchiAissa: Solidarité avec le Peuple Algérien, la Kabylie touché par de grave incendie meurtriers. #PrayForKabylia #Algeria\nhttps://t…","id":"1425878589879226368"},{"author_id":"899434910901039104","created_at":"2021-08-12T17:53:43.000Z","lang":"fr","public_metrics":{"retweet_count":8,"reply_count":0,"like_count":12,"quote_count":4},"text":"Tout était planifié. Les traces de feu et d’essence ne trompent pas. \uD83D\uDE22\uD83D\uDE22\uD83D\uDE22\uD83D\uDE22\uD83D\uDE22\uD83D\uDE22\uD83D\uDE22\uD83D\uDE22#kabylie #kabyliebrule #AlgeriaIsBurning #algerie https://t.co/DFtbGe0NHJ","id":"1425878177897926657","attachments":{"media_keys":["7_1425877894493048833"]}},{"author_id":"1057017143185813506","created_at":"2021-08-12T17:53:15.000Z","lang":"fr","public_metrics":{"retweet_count":1713,"reply_count":0,"like_count":0,"quote_count":0},"text":"RT @youbi_offline: Situation dramatique ce soir en Kabylie. Près de 19 départs de feu ont été recensés en même temps. Qu'Allah protège nos…","id":"1425878058083438592"},{"author_id":"865561836002852864","created_at":"2021-08-12T17:52:59.000Z","lang":"fr","public_metrics":{"retweet_count":9,"reply_count":0,"like_count":0,"quote_count":0},"text":"RT @yayareski: j’aimerais bien savoir ce que vous trouvez de drôle au fait que la kabylie soit en feu","id":"1425877993545666564"},{"author_id":"1246958751065804800","created_at":"2021-08-12T17:52:29.000Z","lang":"fr","public_metrics":{"retweet_count":0,"reply_count":1,"like_count":1,"quote_count":0},"text":"@ConsultingTao @EmmanuelMacron Mdr non on a pas nous même foutu le feu,tous simplement c'est ce gouvernement corrompu qui envoie ces chiens de la casse à mettre le feu en kabylie car à priori nous sommes la région parmi la quel ya plus de militant du mouvement pacifique qui veut un changement de l'Algérie.","id":"1425877865569075200"},{"author_id":"1296827679120019458","created_at":"2021-08-12T17:51:45.000Z","lang":"en","public_metrics":{"retweet_count":373,"reply_count":0,"like_count":0,"quote_count":0},"text":"RT @Reuters: Forest fires in Algeria killed 42 people, including 25 soldiers deployed to help put out the blaze, the government said, as th…","id":"1425877681497853952"},{"author_id":"1271129128129961984","created_at":"2021-08-12T17:51:39.000Z","lang":"fr","public_metrics":{"retweet_count":19,"reply_count":0,"like_count":0,"quote_count":0},"text":"RT @FMAGHREB2: Ce visage est celui du jeune algérien #DjamelBensmail , originaire de #Miliana . \nCe visage sera pour toujours le symbole d’…","id":"1425877654943711236"},{"author_id":"1184949982325022728","created_at":"2021-08-12T17:51:04.000Z","lang":"fr","public_metrics":{"retweet_count":49,"reply_count":0,"like_count":0,"quote_count":0},"text":"RT @imzalene: Ils sont prisonniers des flammes en ce moment même !\n\n#DrameEnCours #Béjaia #Kabylie #SOS : Les gens sont encerclés de tout b…","id":"1425877508319322119"},{"author_id":"1127222862560014342","created_at":"2021-08-12T17:50:07.000Z","lang":"fr","public_metrics":{"retweet_count":2,"reply_count":0,"like_count":0,"quote_count":0},"text":"RT @Valicia_S: @Jiminuscule95 En kabylie, ils ont arrêté un homme et l'ont brûlé dans l’espace public car ils le soupçonnent d’avoir mis le…","id":"1425877271466889223"},{"author_id":"1154484112775942145","created_at":"2021-08-12T17:49:57.000Z","lang":"fr","public_metrics":{"retweet_count":995,"reply_count":0,"like_count":0,"quote_count":0},"text":"RT @Videos2Riles: Pour aider les victimes d'incendie en Kabylie \nIl existe une cagnotte sur Paypal que je vous partage \nhttps://t.co/t0Spnp…","id":"1425877227128885254"},{"author_id":"136290466","created_at":"2021-08-12T17:49:08.000Z","lang":"fr","public_metrics":{"retweet_count":32,"reply_count":0,"like_count":0,"quote_count":0},"text":"RT @daoud_kamel: Ce pays est aujourd’hui à un tournant. Il a toutes les raisons de s’effondrer et toutes les autres de se relever (...)On p…","id":"1425877023117959168"},{"author_id":"1387503575945859077","created_at":"2021-08-12T17:49:01.000Z","lang":"fr","public_metrics":{"retweet_count":9,"reply_count":0,"like_count":0,"quote_count":0},"text":"RT @yayareski: j’aimerais bien savoir ce que vous trouvez de drôle au fait que la kabylie soit en feu","id":"1425876993804062722"},{"author_id":"1425535750070804481","created_at":"2021-08-12T17:48:31.000Z","lang":"fr","public_metrics":{"retweet_count":1,"reply_count":1,"like_count":0,"quote_count":0},"text":"@EmmanuelMacron Monsieur Le Président, notre France possède 12 bombardier Canadair, sont-ils tous déployés actuellement ? Ma Kabylie natale est en feu, prière \uD83D\uDE4F\uD83C\uDFFD débloquez + de Canadairs s’ils sont disponibles sur la Kabylie \uD83D\uDE4F\uD83C\uDFFD prière prière prière Monsieur Le Président \uD83D\uDE4F\uD83C\uDFFD","id":"1425876866829803521"},{"author_id":"1393608032181960704","created_at":"2021-08-12T17:47:40.000Z","lang":"fr","public_metrics":{"retweet_count":4,"reply_count":0,"like_count":0,"quote_count":0},"text":"RT @dw_francais: Sur notre site, à lire aussi cet article sur le sentiment d'abandon qui emplit certains dans la région de #Kabylie →  http…","id":"1425876653431996418"},{"author_id":"41389715","created_at":"2021-08-12T17:47:12.000Z","lang":"en","public_metrics":{"retweet_count":0,"reply_count":1,"like_count":0,"quote_count":0},"text":"AIDEZ LA #KABYLIE: Algeria- specifically Kabylie, is on fire. People are posting SOS messages from all over. Dahmane Dahmani from Kabylie (now California) has set up a GoFundMe to help w/displacement, etc. You can find it here: \nhttps://t.co/etnjU2mjCv","id":"1425876538080198657"},{"author_id":"1248903348","created_at":"2021-08-12T17:46:59.000Z","lang":"fr","public_metrics":{"retweet_count":85,"reply_count":0,"like_count":0,"quote_count":0},"text":"RT @sirius1936: KABYLIE EN FEU\nUne pensée pour nos amis algériens eux aussi frappés par les incendies de forêts. https://t.co/0EE92y86ea","id":"1425876482044436484","attachments":{"media_keys":["3_1425745645537841153"]}},{"author_id":"360814844","created_at":"2021-08-12T17:45:44.000Z","lang":"fr","public_metrics":{"retweet_count":2897,"reply_count":0,"like_count":0,"quote_count":0},"text":"RT @Tizi_Ouzou15: Après la Covid-19, le manque d’eau, les chutes de tension, c’est au tour des incendies. \nPlusieurs feu  d’incendie ont ét…","id":"1425876169384210442"},{"author_id":"1383915206934286340","created_at":"2021-08-12T17:45:11.000Z","lang":"fr","public_metrics":{"retweet_count":28,"reply_count":0,"like_count":0,"quote_count":0},"text":"RT @DWatsonfdz: \uD83C\uDDE9\uD83C\uDDFF\uD83C\uDDEB\uD83C\uDDF7 Conformément à l'annonce de Macron cette semaine, les 2 canadaires CL-415 de la sécurité civile française viennent d'a…","id":"1425876027511824397"},{"author_id":"67557823","created_at":"2021-08-12T17:44:54.000Z","lang":"fr","public_metrics":{"retweet_count":5,"reply_count":0,"like_count":5,"quote_count":0},"text":"Qui a mis le feu à la Kabylie ?\nhttps://t.co/Rb6mJd6dV6","id":"1425875956129013765"},{"author_id":"1127260223134228482","created_at":"2021-08-12T17:44:12.000Z","lang":"en","public_metrics":{"retweet_count":0,"reply_count":3,"like_count":11,"quote_count":0},"text":"just found out my village in kabylie set on fire. devastated.","id":"1425875782879023105"},{"author_id":"2975275457","created_at":"2021-08-12T17:44:09.000Z","lang":"fr","public_metrics":{"retweet_count":4132,"reply_count":0,"like_count":0,"quote_count":0},"text":"RT @AkliStaifi: La Kabylie brûle, l'Algérie brûle...\nqu'Allah viennent en aide au peuple Kabyle et que toutes les victimes mortes par cet i…","id":"1425875770983989262"},{"author_id":"1318920538945966080","created_at":"2021-08-12T17:43:03.000Z","lang":"fr","public_metrics":{"retweet_count":995,"reply_count":0,"like_count":0,"quote_count":0},"text":"RT @Videos2Riles: Pour aider les victimes d'incendie en Kabylie \nIl existe une cagnotte sur Paypal que je vous partage \nhttps://t.co/t0Spnp…","id":"1425875490443829249"},{"author_id":"1305155251654320128","created_at":"2021-08-12T17:40:00.000Z","lang":"fr","public_metrics":{"retweet_count":0,"reply_count":0,"like_count":0,"quote_count":0},"text":"Ce pays est aujourd’hui à un tournant. Il a toutes les raisons de s’effondré et toutes les autres de se relevé (...)On peut alors se dispersé et partir. Ou peut y resté et y croire.\nhttps://t.co/w8ENaUsPcV","id":"1425874723695644672"},{"author_id":"185650111","created_at":"2021-08-12T17:39:34.000Z","lang":"fr","public_metrics":{"retweet_count":4,"reply_count":2,"like_count":2,"quote_count":0},"text":"Sur notre site, à lire aussi cet article sur le sentiment d'abandon qui emplit certains dans la région de #Kabylie →  https://t.co/IwMLSsZYkq","id":"1425874615491043339"},{"author_id":"1301538622072664064","created_at":"2021-08-12T17:39:33.000Z","lang":"fr","public_metrics":{"retweet_count":0,"reply_count":0,"like_count":0,"quote_count":0},"text":"Ce pays est aujourd’hui à un tournant. Il a toutes les raisons de s’effondré et toutes les autres de se relevé (...)On peut alors se dispersé et partir. Ou peut y resté et y croire.\nhttps://t.co/boYN78ieKC","id":"1425874612529860610"},{"author_id":"91559897","created_at":"2021-08-12T17:38:41.000Z","lang":"fr","public_metrics":{"retweet_count":2897,"reply_count":0,"like_count":0,"quote_count":0},"text":"RT @Tizi_Ouzou15: Après la Covid-19, le manque d’eau, les chutes de tension, c’est au tour des incendies. \nPlusieurs feu  d’incendie ont ét…","id":"1425874392773451780"},{"author_id":"3656430137","created_at":"2021-08-12T17:37:19.000Z","lang":"fr","public_metrics":{"retweet_count":1,"reply_count":0,"like_count":0,"quote_count":0},"text":"RT @gaelmoali: \uD83D\uDEA8 infos \uD83D\uDEA8 Arrivée des canadairs français a l’aéroport Houari Boumediene , direction la kabylie pour éteindre le feu https://…","id":"1425874049654312973"},{"author_id":"1416138510080294917","created_at":"2021-08-12T17:36:54.000Z","lang":"fr","public_metrics":{"retweet_count":5,"reply_count":0,"like_count":0,"quote_count":0},"text":"RT @famnhn: @VroniqueLvy2 En Kabylie, ils sont d'origine criminelle.\n55 départs de feu...\nQu'ils aillent cramer en enfer ceux qui font ça \uD83D\uDE21…","id":"1425873946667323397"},{"author_id":"1372606575618195459","created_at":"2021-08-12T17:36:53.000Z","lang":"fr","public_metrics":{"retweet_count":5,"reply_count":0,"like_count":0,"quote_count":0},"text":"RT @cehel55: L’asso Tiwizi organise une collecte de #dons dand le #valdemarne du 12 au 15 août pr les sinistrés des #incendie de #kabylie e…","id":"1425873939830554624"},{"author_id":"1341367439142088704","created_at":"2021-08-12T17:36:50.000Z","lang":"fr","public_metrics":{"retweet_count":32,"reply_count":7,"like_count":85,"quote_count":5},"text":"Ce pays est aujourd’hui à un tournant. Il a toutes les raisons de s’effondrer et toutes les autres de se relever (...)On peut alors se disperser et partir. Ou peut y rester et y croire.\nhttps://t.co/mWrW6kn0Ar","id":"1425873929403518981"},{"author_id":"1048892003524726784","created_at":"2021-08-12T17:34:52.000Z","lang":"fr","public_metrics":{"retweet_count":74,"reply_count":0,"like_count":0,"quote_count":0},"text":"RT @TariqibnZiyad__: Si la charia était instauré en Algérie cet innocent qui est venu aider ces frères en Kabylie ne serait pas brûlé vif c…","id":"1425873432902787074"},{"author_id":"3656430137","created_at":"2021-08-12T17:33:42.000Z","lang":"fr","public_metrics":{"retweet_count":43,"reply_count":0,"like_count":0,"quote_count":0},"text":"RT @Bylkos_92: #Kabylie L' Hôpital de Michelet, commune à 50km de Tizi Ouzou,\nqui prend feu ce matin...\nLà où je suis né \uD83D\uDE22\uD83D\uDE22\uD83D\uDE22\uD83D\uDE22\uD83D\uDE4F\uD83C\uDFFB\uD83D\uDE4F\uD83C\uDFFB\nLa Kabyli…","id":"1425873138068430849"},{"author_id":"1221036202335313922","created_at":"2021-08-12T17:33:17.000Z","lang":"fr","public_metrics":{"retweet_count":17,"reply_count":0,"like_count":0,"quote_count":0},"text":"RT @sandraregol: Pensées pour la Kabylie en feu. Une catastrophe d'une ampleur jamais vue en Algérie, jamais vue chez les amazigh. La planè…","id":"1425873034221662209"},{"author_id":"1316839456918380550","created_at":"2021-08-12T17:33:14.000Z","lang":"fr","public_metrics":{"retweet_count":30,"reply_count":0,"like_count":0,"quote_count":0},"text":"RT @Milieeelouu: \uD83D\uDD34 #URGENT Les habitants de Bohathem, Tala Heiba et Achloof de #Toudja sont encerclés par le feu, au point que les camions…","id":"1425873023911989253"},{"author_id":"1131965157016559618","created_at":"2021-08-12T17:33:12.000Z","lang":"en","public_metrics":{"retweet_count":817,"reply_count":0,"like_count":0,"quote_count":0},"text":"RT @KhaledBeydoun: Prayers up for Algeria \uD83C\uDDE9\uD83C\uDDFF— at least 42 people killed by fires raging in Kabylie region https://t.co/UQR1iI34Rk","id":"1425873013589876744","attachments":{"media_keys":["3_1425252039798427648"]}},{"author_id":"1081474787707375617","created_at":"2021-08-12T17:33:12.000Z","lang":"fr","public_metrics":{"retweet_count":916,"reply_count":0,"like_count":0,"quote_count":0},"text":"RT @_fitamine: L’Homme qui a été lynché brûle vif accusé d’avoir de vouloir allumer un incendie, était en réalité un artiste de Miliana qui…","id":"1425873012474224646"},{"author_id":"931219599168868352","created_at":"2021-08-12T17:32:11.000Z","lang":"fr","public_metrics":{"retweet_count":10,"reply_count":0,"like_count":0,"quote_count":0},"text":"RT @bejaia_lyon: Hmdl les canadairs sont arrivés et ont éteint plusieurs foyers de feu. \uD83C\uDDE9\uD83C\uDDFF\uD83C\uDDE9\uD83C\uDDFF\uD83C\uDDE9\uD83C\uDDFF\uD83C\uDDE9\uD83C\uDDFF\uD83C\uDDE9\uD83C\uDDFF\uD83C\uDDE9\uD83C\uDDFF\uD83C\uDDE9\uD83C\uDDFF\uD83C\uDDE9\uD83C\uDDFF #kabylie #kabyliebrule #algerie ht…","id":"1425872759478013967"},{"author_id":"591737420","created_at":"2021-08-12T17:31:22.000Z","lang":"fr","public_metrics":{"retweet_count":17,"reply_count":0,"like_count":0,"quote_count":0},"text":"RT @SaveriuL: Le feu brûle la Méditerranée : la Kabylie s’embrase, après la Sardaigne, la Grèce, la Turquie, la Sicile. Près de 70 morts da…","id":"1425872551469846536"},{"author_id":"1353370751039131652","created_at":"2021-08-12T17:30:11.000Z","lang":"fr","public_metrics":{"retweet_count":916,"reply_count":0,"like_count":0,"quote_count":0},"text":"RT @_fitamine: L’Homme qui a été lynché brûle vif accusé d’avoir de vouloir allumer un incendie, était en réalité un artiste de Miliana qui…","id":"1425872252386652167"},{"author_id":"1346090462843699200","created_at":"2021-08-12T17:29:58.000Z","lang":"fr","public_metrics":{"retweet_count":1108,"reply_count":0,"like_count":0,"quote_count":0},"text":"RT @_xAa09: vous préférez parler de Messi que de parler de la Kabylie qui est en train de prendre feu brf","id":"1425872199068626945"},{"author_id":"443168589","created_at":"2021-08-12T17:29:53.000Z","lang":"fr","public_metrics":{"retweet_count":0,"reply_count":0,"like_count":0,"quote_count":0},"text":"#Monde #DW \"Algérie, quand les incendies renforcent les ressentiments\" https://t.co/376AhKeBM7","id":"1425872178063495172"},{"author_id":"3338128798","created_at":"2021-08-12T17:29:51.000Z","lang":"fr","public_metrics":{"retweet_count":0,"reply_count":0,"like_count":0,"quote_count":0},"text":"@mistermv Pourquoi le régime des généraux en Algérie a incendié la région de Kabylie ? https://t.co/nNnND2Imuj VE","id":"1425872171604324354"},{"author_id":"3656430137","created_at":"2021-08-12T17:29:49.000Z","lang":"fr","public_metrics":{"retweet_count":48,"reply_count":0,"like_count":0,"quote_count":0},"text":"RT @SAtmhend: Le pouvoir colonial algérien s'acharne sur la Kabylie,19 départs de feu dans une après-midi ils veulent se venger après les g…","id":"1425872163463208962"},{"author_id":"1889348532","created_at":"2021-08-12T17:29:48.000Z","lang":"fr","public_metrics":{"retweet_count":85,"reply_count":0,"like_count":0,"quote_count":0},"text":"RT @sirius1936: KABYLIE EN FEU\nUne pensée pour nos amis algériens eux aussi frappés par les incendies de forêts. https://t.co/0EE92y86ea","id":"1425872157788282885","attachments":{"media_keys":["3_1425745645537841153"]}},{"author_id":"1153127971806502912","created_at":"2021-08-12T17:29:43.000Z","lang":"fr","public_metrics":{"retweet_count":916,"reply_count":0,"like_count":0,"quote_count":0},"text":"RT @_fitamine: L’Homme qui a été lynché brûle vif accusé d’avoir de vouloir allumer un incendie, était en réalité un artiste de Miliana qui…","id":"1425872138351878161"},{"author_id":"1252017028405354496","created_at":"2021-08-12T17:29:40.000Z","lang":"fr","public_metrics":{"retweet_count":11,"reply_count":0,"like_count":0,"quote_count":0},"text":"RT @IbnYoussef13: Il n'y a qu'Allah subhana wa ta'ala qui peut sauver la \uD83C\uDDE9\uD83C\uDDFF Kabylie.\n\nEt c'est pas \"Anzar\" qui va faire quoi que ce soit...…","id":"1425872122728046595"},{"author_id":"1030866886286823424","created_at":"2021-08-12T17:29:11.000Z","lang":"en","public_metrics":{"retweet_count":5,"reply_count":0,"like_count":0,"quote_count":0},"text":"RT @TheWatchers_: Destructive wildfires leave at least 65 dead in northern Algeria https://t.co/JH70hVtXMA #wildfire #fire #Algeria #TiziOu…","id":"1425872004327133190"},{"author_id":"1390410078675668993","created_at":"2021-08-12T17:29:04.000Z","lang":"fr","public_metrics":{"retweet_count":1,"reply_count":0,"like_count":0,"quote_count":0},"text":"RT @ikhbari11: @lemondefr Pourquoi le régime des généraux en Algérie a incendié la région de Kabylie ? https://t.co/nNnND2Imuj #KCxSamsungO…","id":"1425871971397603342"},{"author_id":"1310675077302755336","created_at":"2021-08-12T17:28:37.000Z","lang":"fr","public_metrics":{"retweet_count":9,"reply_count":0,"like_count":0,"quote_count":0},"text":"RT @yayareski: j’aimerais bien savoir ce que vous trouvez de drôle au fait que la kabylie soit en feu","id":"1425871859585855499"},{"author_id":"3338128798","created_at":"2021-08-12T17:27:50.000Z","lang":"fr","public_metrics":{"retweet_count":0,"reply_count":0,"like_count":0,"quote_count":0},"text":"@Morgan2Me Pourquoi le régime des généraux en Algérie a incendié la région de Kabylie ? https://t.co/nNnND2Imuj #Kabylie","id":"1425871662138986497"},{"author_id":"3656430137","created_at":"2021-08-12T17:27:37.000Z","lang":"fr","public_metrics":{"retweet_count":10,"reply_count":0,"like_count":0,"quote_count":0},"text":"RT @bejaia_lyon: Hmdl les canadairs sont arrivés et ont éteint plusieurs foyers de feu. \uD83C\uDDE9\uD83C\uDDFF\uD83C\uDDE9\uD83C\uDDFF\uD83C\uDDE9\uD83C\uDDFF\uD83C\uDDE9\uD83C\uDDFF\uD83C\uDDE9\uD83C\uDDFF\uD83C\uDDE9\uD83C\uDDFF\uD83C\uDDE9\uD83C\uDDFF\uD83C\uDDE9\uD83C\uDDFF #kabylie #kabyliebrule #algerie ht…","id":"1425871608732954629"},{"author_id":"1275059007921680385","created_at":"2021-08-12T17:26:43.000Z","lang":"fr","public_metrics":{"retweet_count":1780,"reply_count":0,"like_count":0,"quote_count":0},"text":"RT @Tajmaat_Service: \uD83C\uDDE9\uD83C\uDDFF FLASH - Près de 19 départs de feu ont été recensés en #Kabylie, touchant actuellement 10 communes, les feux s'appro…","id":"1425871380550197254"},{"author_id":"886830446","created_at":"2021-08-12T17:26:41.000Z","lang":"fr","public_metrics":{"retweet_count":28,"reply_count":0,"like_count":0,"quote_count":0},"text":"RT @DWatsonfdz: \uD83C\uDDE9\uD83C\uDDFF\uD83C\uDDEB\uD83C\uDDF7 Conformément à l'annonce de Macron cette semaine, les 2 canadaires CL-415 de la sécurité civile française viennent d'a…","id":"1425871375219232785"},{"author_id":"1155977663736975360","created_at":"2021-08-12T17:25:57.000Z","lang":"fr","public_metrics":{"retweet_count":74,"reply_count":0,"like_count":0,"quote_count":0},"text":"RT @TariqibnZiyad__: Si la charia était instauré en Algérie cet innocent qui est venu aider ces frères en Kabylie ne serait pas brûlé vif c…","id":"1425871187893178373"},{"author_id":"3338128798","created_at":"2021-08-12T17:25:42.000Z","lang":"fr","public_metrics":{"retweet_count":1,"reply_count":0,"like_count":0,"quote_count":0},"text":"@lemondefr Pourquoi le régime des généraux en Algérie a incendié la région de Kabylie ? https://t.co/nNnND2Imuj #KCxSamsungOdyssey #KCORP Omar Messi #jeudiphoto Mbappé #UneLettrePourMassacrer Camille Lellouche #manif14aout Kabylie","id":"1425871127105126401"},{"author_id":"1244905111509491717","created_at":"2021-08-12T17:25:22.000Z","lang":"fr","public_metrics":{"retweet_count":9,"reply_count":0,"like_count":0,"quote_count":0},"text":"RT @yayareski: j’aimerais bien savoir ce que vous trouvez de drôle au fait que la kabylie soit en feu","id":"1425871041449050114"},{"author_id":"1008286736433205248","created_at":"2021-08-12T17:25:19.000Z","lang":"fr","public_metrics":{"retweet_count":10,"reply_count":0,"like_count":0,"quote_count":0},"text":"RT @bejaia_lyon: Hmdl les canadairs sont arrivés et ont éteint plusieurs foyers de feu. \uD83C\uDDE9\uD83C\uDDFF\uD83C\uDDE9\uD83C\uDDFF\uD83C\uDDE9\uD83C\uDDFF\uD83C\uDDE9\uD83C\uDDFF\uD83C\uDDE9\uD83C\uDDFF\uD83C\uDDE9\uD83C\uDDFF\uD83C\uDDE9\uD83C\uDDFF\uD83C\uDDE9\uD83C\uDDFF #kabylie #kabyliebrule #algerie ht…","id":"1425871027683352581"},{"author_id":"769943819974508544","created_at":"2021-08-12T17:25:12.000Z","lang":"fr","public_metrics":{"retweet_count":74,"reply_count":0,"like_count":0,"quote_count":0},"text":"RT @TariqibnZiyad__: Si la charia était instauré en Algérie cet innocent qui est venu aider ces frères en Kabylie ne serait pas brûlé vif c…","id":"1425871000428756995"},{"author_id":"1425868089187569667","created_at":"2021-08-12T17:23:48.000Z","lang":"fr","public_metrics":{"retweet_count":2897,"reply_count":0,"like_count":0,"quote_count":0},"text":"RT @Tizi_Ouzou15: Après la Covid-19, le manque d’eau, les chutes de tension, c’est au tour des incendies. \nPlusieurs feu  d’incendie ont ét…","id":"1425870646580482053"},{"author_id":"3656430137","created_at":"2021-08-12T17:23:48.000Z","lang":"fr","public_metrics":{"retweet_count":163,"reply_count":0,"like_count":0,"quote_count":0},"text":"RT @pagekabyle: \uD83C\uDD98️ Déclenchement d'un énorme feu at Wassif, des foyers sont en danger !!! #TiziOuzou #Kabylie https://t.co/3PV1tKhbdO","id":"1425870646085656578","attachments":{"media_keys":["7_1424790773518774278"]}},{"author_id":"375016017","created_at":"2021-08-12T17:22:49.000Z","lang":"fr","public_metrics":{"retweet_count":1780,"reply_count":0,"like_count":0,"quote_count":0},"text":"RT @Tajmaat_Service: \uD83C\uDDE9\uD83C\uDDFF FLASH - Près de 19 départs de feu ont été recensés en #Kabylie, touchant actuellement 10 communes, les feux s'appro…","id":"1425870399007563782"},{"author_id":"3656430137","created_at":"2021-08-12T17:22:11.000Z","lang":"fr","public_metrics":{"retweet_count":1780,"reply_count":0,"like_count":0,"quote_count":0},"text":"RT @Tajmaat_Service: \uD83C\uDDE9\uD83C\uDDFF FLASH - Près de 19 départs de feu ont été recensés en #Kabylie, touchant actuellement 10 communes, les feux s'appro…","id":"1425870239619747840"}],"includes":{"media":[{"media_key":"3_1424849354947502081","type":"photo","url":"https://pbs.twimg.com/media/E8YU8GwXIAEaVtd.jpg"},{"media_key":"3_1424849354934951937","type":"photo","url":"https://pbs.twimg.com/media/E8YU8GtXoAEXCRu.jpg"},{"media_key":"3_1424849354939064327","type":"photo","url":"https://pbs.twimg.com/media/E8YU8GuWYAcbbO-.jpg"},{"media_key":"3_1424849355727687699","type":"photo","url":"https://pbs.twimg.com/media/E8YU8JqX0BMgrdP.jpg"},{"media_key":"3_1425745645537841153","type":"photo","url":"https://pbs.twimg.com/media/E8lEHFZX0AE6k45.jpg"},{"media_key":"3_1425252039798427648","type":"photo","url":"https://pbs.twimg.com/media/E8eDLcuWEAAHQzL.jpg"},{"media_key":"3_1425881179820077064","type":"photo","url":"https://pbs.twimg.com/media/E8m_YN8XMAgL2EY.jpg"},{"media_key":"3_1425878690810957827","type":"photo","url":"https://pbs.twimg.com/media/E8m9HVqWEAMB0IT.jpg"},{"media_key":"7_1425877894493048833","public_metrics":{"view_count":509},"type":"video"},{"media_key":"7_1424790773518774278","public_metrics":{"view_count":79104},"type":"video"}]},"meta":{"newest_id":"1425885930691379201","oldest_id":"1425870239619747840","result_count":99,"next_token":"b26v89c19zqg8o3fpdm8kuydqk6dqwt3flsgr4itqph19"}}