{"data":[{"id":"1425870226860748805","text":"@Morgan2Me Il est temps d'aider toutes les zones touchées. Ce n'est pas terminé pour la kabylie, elle est toujours pas sortie d'affaire et toujours en feu","author_id":"112375088","lang":"fr","created_at":"2021-08-12T17:22:08.000Z","public_metrics":{"retweet_count":1,"reply_count":0,"like_count":3,"quote_count":0}},{"id":"1425869633802981381","text":"RT @_fitamine: L’Homme qui a été lynché brûle vif accusé d’avoir de vouloir allumer un incendie, était en réalité un artiste de Miliana qui…","author_id":"2824648309","lang":"fr","created_at":"2021-08-12T17:19:46.000Z","public_metrics":{"retweet_count":916,"reply_count":0,"like_count":0,"quote_count":0}},{"id":"1425869585211924485","text":"RT @TerchiAissa: Solidarité avec le Peuple Algérien, la Kabylie touché par de grave incendie meurtriers. #PrayForKabylia #Algeria\nhttps://t…","author_id":"378465135","lang":"fr","created_at":"2021-08-12T17:19:35.000Z","public_metrics":{"retweet_count":4,"reply_count":0,"like_count":0,"quote_count":0}},{"id":"1425869556006928388","text":"RT @famnhn: @VroniqueLvy2 En Kabylie, ils sont d'origine criminelle.\n55 départs de feu...\nQu'ils aillent cramer en enfer ceux qui font ça \uD83D\uDE21…","author_id":"127504930","lang":"fr","created_at":"2021-08-12T17:19:28.000Z","public_metrics":{"retweet_count":5,"reply_count":0,"like_count":0,"quote_count":0}},{"id":"1425869522184048642","text":"RT @_xAa09: vous préférez parler de Messi que de parler de la Kabylie qui est en train de prendre feu brf","author_id":"1412804824391995394","lang":"fr","created_at":"2021-08-12T17:19:20.000Z","public_metrics":{"retweet_count":1108,"reply_count":0,"like_count":0,"quote_count":0}},{"id":"1425869185620619264","text":"RT @BourricheNadine: It is not just the Kabylie burning anymore, since yesterday night the fires spread all the way to Annaba and Souk Ahra…","author_id":"846324731129290752","lang":"en","created_at":"2021-08-12T17:17:59.000Z","public_metrics":{"retweet_count":20,"reply_count":0,"like_count":0,"quote_count":0}},{"id":"1425869113285545992","text":"RT @bejaia_lyon: Hmdl les canadairs sont arrivés et ont éteint plusieurs foyers de feu. \uD83C\uDDE9\uD83C\uDDFF\uD83C\uDDE9\uD83C\uDDFF\uD83C\uDDE9\uD83C\uDDFF\uD83C\uDDE9\uD83C\uDDFF\uD83C\uDDE9\uD83C\uDDFF\uD83C\uDDE9\uD83C\uDDFF\uD83C\uDDE9\uD83C\uDDFF\uD83C\uDDE9\uD83C\uDDFF #kabylie #kabyliebrule #algerie ht…","author_id":"1109274421544521728","lang":"fr","created_at":"2021-08-12T17:17:42.000Z","public_metrics":{"retweet_count":10,"reply_count":0,"like_count":0,"quote_count":0}},{"id":"1425868682018889736","text":"RT @youbi_offline: Situation dramatique ce soir en Kabylie. Près de 19 départs de feu ont été recensés en même temps. Qu'Allah protège nos…","author_id":"992846115908259840","lang":"fr","created_at":"2021-08-12T17:15:59.000Z","public_metrics":{"retweet_count":1713,"reply_count":0,"like_count":0,"quote_count":0}},{"id":"1425868535285354501","text":"RT @bejaia_lyon: Hmdl les canadairs sont arrivés et ont éteint plusieurs foyers de feu. \uD83C\uDDE9\uD83C\uDDFF\uD83C\uDDE9\uD83C\uDDFF\uD83C\uDDE9\uD83C\uDDFF\uD83C\uDDE9\uD83C\uDDFF\uD83C\uDDE9\uD83C\uDDFF\uD83C\uDDE9\uD83C\uDDFF\uD83C\uDDE9\uD83C\uDDFF\uD83C\uDDE9\uD83C\uDDFF #kabylie #kabyliebrule #algerie ht…","author_id":"2392115158","lang":"fr","created_at":"2021-08-12T17:15:24.000Z","public_metrics":{"retweet_count":10,"reply_count":0,"like_count":0,"quote_count":0}},{"id":"1425868444596068356","text":"RT @bejaia_lyon: Hmdl les canadairs sont arrivés et ont éteint plusieurs foyers de feu. \uD83C\uDDE9\uD83C\uDDFF\uD83C\uDDE9\uD83C\uDDFF\uD83C\uDDE9\uD83C\uDDFF\uD83C\uDDE9\uD83C\uDDFF\uD83C\uDDE9\uD83C\uDDFF\uD83C\uDDE9\uD83C\uDDFF\uD83C\uDDE9\uD83C\uDDFF\uD83C\uDDE9\uD83C\uDDFF #kabylie #kabyliebrule #algerie ht…","author_id":"1395793424884936707","lang":"fr","created_at":"2021-08-12T17:15:03.000Z","public_metrics":{"retweet_count":10,"reply_count":0,"like_count":0,"quote_count":0}},{"id":"1425868304896430095","text":"RT @sirius1936: KABYLIE EN FEU\nUne pensée pour nos amis algériens eux aussi frappés par les incendies de forêts. https://t.co/0EE92y86ea","author_id":"1425429517670170624","attachments":{"media_keys":["3_1425745645537841153"]},"lang":"fr","created_at":"2021-08-12T17:14:29.000Z","public_metrics":{"retweet_count":85,"reply_count":0,"like_count":0,"quote_count":0}},{"id":"1425868130702798850","text":"Les algerianistes créent un nouveau feu pour invisibiliser la souffrance des kabyles, parler du lynchage de ce pauvre homme, on les a pas entendu sur les martyrs des incendies criminels #Kabylie #kabyliebrule","author_id":"1379050470187077638","lang":"fr","created_at":"2021-08-12T17:13:48.000Z","public_metrics":{"retweet_count":0,"reply_count":0,"like_count":2,"quote_count":0}},{"id":"1425868130220482568","text":"RT @mishette_b: Mon village Tagmount Azouz (béni douala ) est entrain de brûler RT svp nous vous besoin de votre aide le feu arrive aux mai…","author_id":"1422531293561098242","lang":"fr","created_at":"2021-08-12T17:13:48.000Z","public_metrics":{"retweet_count":37,"reply_count":0,"like_count":0,"quote_count":0}},{"id":"1425867992546611214","text":"RT @_xAa09: vous préférez parler de Messi que de parler de la Kabylie qui est en train de prendre feu brf","author_id":"1382423114","lang":"fr","created_at":"2021-08-12T17:13:15.000Z","public_metrics":{"retweet_count":1108,"reply_count":0,"like_count":0,"quote_count":0}},{"id":"1425867823520391179","text":"@sassk__ @longfacefr un homme est partit en kabylie pour apporter son aide au peuple et il a été accusé à tord d’être l’une des personnes ayant déclenché l’incendie du coup il a été lynché et brûlé vif allah y rahmo","author_id":"1072820627109806080","lang":"fr","created_at":"2021-08-12T17:12:35.000Z","public_metrics":{"retweet_count":0,"reply_count":0,"like_count":5,"quote_count":0}},{"id":"1425867773524287490","text":"RT @mishette_b: Mon village Tagmount Azouz (béni douala ) est entrain de brûler RT svp nous vous besoin de votre aide le feu arrive aux mai…","author_id":"1347140033149595649","lang":"fr","created_at":"2021-08-12T17:12:23.000Z","public_metrics":{"retweet_count":37,"reply_count":0,"like_count":0,"quote_count":0}},{"id":"1425867705559785474","text":"RT @Tizi_Ouzou15: Après la Covid-19, le manque d’eau, les chutes de tension, c’est au tour des incendies. \nPlusieurs feu  d’incendie ont ét…","author_id":"2346944878","lang":"fr","created_at":"2021-08-12T17:12:07.000Z","public_metrics":{"retweet_count":2897,"reply_count":0,"like_count":0,"quote_count":0}},{"id":"1425867697443704836","text":"RT @razika_matcho: Pour ceux qui veulent aider, s'il vous plaît contacter \n@theogghizlane \n@Sokorrr \n@_ba3oucha_ \n\n#savedz #kabylie_brûle #…","author_id":"2828532998","lang":"fr","created_at":"2021-08-12T17:12:05.000Z","public_metrics":{"retweet_count":66,"reply_count":0,"like_count":0,"quote_count":0}},{"id":"1425867464487931907","text":"RT @KhaledBeydoun: Prayers up for Algeria \uD83C\uDDE9\uD83C\uDDFF— at least 42 people killed by fires raging in Kabylie region https://t.co/UQR1iI34Rk","author_id":"1257399062204231685","attachments":{"media_keys":["3_1425252039798427648"]},"lang":"en","created_at":"2021-08-12T17:11:09.000Z","public_metrics":{"retweet_count":817,"reply_count":0,"like_count":0,"quote_count":0}},{"id":"1425866661542907910","text":"RT @mishette_b: Mon village Tagmount Azouz (béni douala ) est entrain de brûler RT svp nous vous besoin de votre aide le feu arrive aux mai…","author_id":"1295721216133804032","lang":"fr","created_at":"2021-08-12T17:07:58.000Z","public_metrics":{"retweet_count":37,"reply_count":0,"like_count":0,"quote_count":0}},{"id":"1425866277441228810","text":"RT @bejaia_lyon: Hmdl les canadairs sont arrivés et ont éteint plusieurs foyers de feu. \uD83C\uDDE9\uD83C\uDDFF\uD83C\uDDE9\uD83C\uDDFF\uD83C\uDDE9\uD83C\uDDFF\uD83C\uDDE9\uD83C\uDDFF\uD83C\uDDE9\uD83C\uDDFF\uD83C\uDDE9\uD83C\uDDFF\uD83C\uDDE9\uD83C\uDDFF\uD83C\uDDE9\uD83C\uDDFF #kabylie #kabyliebrule #algerie ht…","author_id":"215973503","lang":"fr","created_at":"2021-08-12T17:06:26.000Z","public_metrics":{"retweet_count":10,"reply_count":0,"like_count":0,"quote_count":0}},{"id":"1425866275675381763","text":"RT @IbnYoussef13: Il n'y a qu'Allah subhana wa ta'ala qui peut sauver la \uD83C\uDDE9\uD83C\uDDFF Kabylie.\n\nEt c'est pas \"Anzar\" qui va faire quoi que ce soit...…","author_id":"441732226","lang":"fr","created_at":"2021-08-12T17:06:26.000Z","public_metrics":{"retweet_count":11,"reply_count":0,"like_count":0,"quote_count":0}},{"id":"1425866130262986755","text":"RT @AkliStaifi: La Kabylie brûle, l'Algérie brûle...\nqu'Allah viennent en aide au peuple Kabyle et que toutes les victimes mortes par cet i…","author_id":"1303606071408365568","lang":"fr","created_at":"2021-08-12T17:05:51.000Z","public_metrics":{"retweet_count":4132,"reply_count":0,"like_count":0,"quote_count":0}},{"id":"1425865860896460800","text":"RT @Pabloneruda54S: \uD83D\uDD34\uD83D\uDCA5\uD83D\uDD25L'#Algérie brûle \nTerribles images de la #Kabylie en feu....\nEn deux jours, le feu a déjà tué plus de 60 personnes.…","author_id":"1215602404982427648","lang":"fr","created_at":"2021-08-12T17:04:47.000Z","public_metrics":{"retweet_count":5,"reply_count":0,"like_count":0,"quote_count":0}},{"id":"1425865822254346242","text":"RT @Twiteralgerien: Ce soutien des frères marocains envers le peuple d'#Algérie et la #kabylie en feu !\uD83D\uDE22\uD83D\uDE22\n\nÇa frappe au coeur.❤❤❤\n\nQu'Allah…","author_id":"1215602404982427648","lang":"fr","created_at":"2021-08-12T17:04:37.000Z","public_metrics":{"retweet_count":2,"reply_count":0,"like_count":0,"quote_count":0}},{"id":"1425865438530052096","text":"RT @DWatsonfdz: \uD83C\uDDE9\uD83C\uDDFF\uD83C\uDDEB\uD83C\uDDF7 Conformément à l'annonce de Macron cette semaine, les 2 canadaires CL-415 de la sécurité civile française viennent d'a…","author_id":"1281185327655325696","lang":"fr","created_at":"2021-08-12T17:03:06.000Z","public_metrics":{"retweet_count":28,"reply_count":0,"like_count":0,"quote_count":0}},{"id":"1425865245151608833","text":"RT @_fitamine: L’Homme qui a été lynché brûle vif accusé d’avoir de vouloir allumer un incendie, était en réalité un artiste de Miliana qui…","author_id":"3320610831","lang":"fr","created_at":"2021-08-12T17:02:20.000Z","public_metrics":{"retweet_count":916,"reply_count":0,"like_count":0,"quote_count":0}},{"id":"1425865193649688576","text":"RT @KhaledBeydoun: Prayers up for Algeria \uD83C\uDDE9\uD83C\uDDFF— at least 42 people killed by fires raging in Kabylie region https://t.co/UQR1iI34Rk","author_id":"2520991232","attachments":{"media_keys":["3_1425252039798427648"]},"lang":"en","created_at":"2021-08-12T17:02:08.000Z","public_metrics":{"retweet_count":817,"reply_count":0,"like_count":0,"quote_count":0}},{"id":"1425865168995688449","text":"RT @TommyGame78: Rip victime de la rumeur lynchée,brûlée vif les vrais responsables,c’est vos dirigeants que les feu soient volontaires ou…","author_id":"1215602404982427648","lang":"fr","created_at":"2021-08-12T17:02:02.000Z","public_metrics":{"retweet_count":3,"reply_count":0,"like_count":0,"quote_count":0}},{"id":"1425864917912018956","text":"RT @TariqibnZiyad__: Si la charia était instauré en Algérie cet innocent qui est venu aider ces frères en Kabylie ne serait pas brûlé vif c…","author_id":"1396578814579384321","lang":"fr","created_at":"2021-08-12T17:01:02.000Z","public_metrics":{"retweet_count":74,"reply_count":0,"like_count":0,"quote_count":0}},{"id":"1425864566878126082","text":"RT @KhaledBeydoun: Prayers up for Algeria \uD83C\uDDE9\uD83C\uDDFF— at least 42 people killed by fires raging in Kabylie region https://t.co/UQR1iI34Rk","author_id":"884737621783654400","attachments":{"media_keys":["3_1425252039798427648"]},"lang":"en","created_at":"2021-08-12T16:59:38.000Z","public_metrics":{"retweet_count":817,"reply_count":0,"like_count":0,"quote_count":0}},{"id":"1425864441468497927","text":"RT @youbi_offline: Situation dramatique ce soir en Kabylie. Près de 19 départs de feu ont été recensés en même temps. Qu'Allah protège nos…","author_id":"2258856645","lang":"fr","created_at":"2021-08-12T16:59:08.000Z","public_metrics":{"retweet_count":1713,"reply_count":0,"like_count":0,"quote_count":0}},{"id":"1425864404604801024","text":"RT @LookTv_Officiel: Les Généraux algerien son t'il derrière la catastrophe en Algerie ? Feu , manque d'oxygène,  eau , manque de nourritur…","author_id":"1215602404982427648","lang":"fr","created_at":"2021-08-12T16:58:59.000Z","public_metrics":{"retweet_count":3,"reply_count":0,"like_count":0,"quote_count":0}},{"id":"1425864175591514118","text":"RT @louise_okkh: Ce qui ce passe en Algérie sa me déchire le coeur le peuple algérien souffre en ce moment qu’Allah leur viennent en aide t…","author_id":"1307807667365326848","lang":"fr","created_at":"2021-08-12T16:58:05.000Z","public_metrics":{"retweet_count":14,"reply_count":0,"like_count":0,"quote_count":0}},{"id":"1425863966438400005","text":"RT @amishc1: C'est grave ce qui se passe dans le monde.... \nLa guerre en Palestine, les inondations en Chine, l'incendie en Turquie, la cri…","author_id":"435836959","lang":"fr","created_at":"2021-08-12T16:57:15.000Z","public_metrics":{"retweet_count":46,"reply_count":0,"like_count":0,"quote_count":0}},{"id":"1425863819696480269","text":"RT @daylightaegi: My friend’s brother started to raise money for his family who got affected by the fires in Kabylia. They’ll also help fam…","author_id":"3206439425","lang":"en","created_at":"2021-08-12T16:56:40.000Z","public_metrics":{"retweet_count":9,"reply_count":0,"like_count":0,"quote_count":0}},{"id":"1425863738910035972","text":"RT @DWatsonfdz: \uD83C\uDDE9\uD83C\uDDFF\uD83C\uDDEB\uD83C\uDDF7 Conformément à l'annonce de Macron cette semaine, les 2 canadaires CL-415 de la sécurité civile française viennent d'a…","author_id":"3525472337","lang":"fr","created_at":"2021-08-12T16:56:21.000Z","public_metrics":{"retweet_count":28,"reply_count":0,"like_count":0,"quote_count":0}},{"id":"1425863589571842048","text":"RT @Madjid_SERRAH: Maintenant incendie à Ait Abdelmoumene aux Ouadhias et Ait Mesbah (Beni Douala) #Kabylie #kabyliebrule #TiziOuzou_brule…","author_id":"461114616","lang":"fr","created_at":"2021-08-12T16:55:45.000Z","public_metrics":{"retweet_count":2,"reply_count":0,"like_count":0,"quote_count":0}},{"id":"1425863505010466823","text":"RT @Tizi_Ouzou15: Après la Covid-19, le manque d’eau, les chutes de tension, c’est au tour des incendies. \nPlusieurs feu  d’incendie ont ét…","author_id":"1241869128","lang":"fr","created_at":"2021-08-12T16:55:25.000Z","public_metrics":{"retweet_count":2897,"reply_count":0,"like_count":0,"quote_count":0}},{"id":"1425863468775837698","text":"RT @Madjid_SERRAH: Maintenant incendie à Ait Abdelmoumene aux Ouadhias et Ait Mesbah (Beni Douala) #Kabylie #kabyliebrule #TiziOuzou_brule…","author_id":"1215602404982427648","lang":"fr","created_at":"2021-08-12T16:55:16.000Z","public_metrics":{"retweet_count":2,"reply_count":0,"like_count":0,"quote_count":0}},{"id":"1425863421145321480","text":"RT @Reuters: Forest fires in Algeria killed 42 people, including 25 soldiers deployed to help put out the blaze, the government said, as th…","author_id":"3787738576","lang":"en","created_at":"2021-08-12T16:55:05.000Z","public_metrics":{"retweet_count":373,"reply_count":0,"like_count":0,"quote_count":0}},{"id":"1425863202659831816","text":"Ne me dites pas que Djamel Bensmaïl, Allah y rahmo, a été tué pcq ils l’ont accusé d’avoir allumé le feu en Kabylie ? C’est une blague ?","author_id":"1131308121941520392","lang":"fr","created_at":"2021-08-12T16:54:13.000Z","public_metrics":{"retweet_count":0,"reply_count":0,"like_count":1,"quote_count":0}},{"id":"1425863039480369164","text":"Maintenant incendie à Ait Abdelmoumene aux Ouadhias et Ait Mesbah (Beni Douala) #Kabylie #kabyliebrule #TiziOuzou_brule #Algerie","author_id":"408596415","lang":"fr","created_at":"2021-08-12T16:53:34.000Z","public_metrics":{"retweet_count":2,"reply_count":0,"like_count":4,"quote_count":0}},{"id":"1425862947285475329","text":"Hmdl les canadairs sont arrivés et ont éteint plusieurs foyers de feu. \uD83C\uDDE9\uD83C\uDDFF\uD83C\uDDE9\uD83C\uDDFF\uD83C\uDDE9\uD83C\uDDFF\uD83C\uDDE9\uD83C\uDDFF\uD83C\uDDE9\uD83C\uDDFF\uD83C\uDDE9\uD83C\uDDFF\uD83C\uDDE9\uD83C\uDDFF\uD83C\uDDE9\uD83C\uDDFF #kabylie #kabyliebrule #algerie https://t.co/tsxR52ZlIU","author_id":"899434910901039104","attachments":{"media_keys":["7_1425862864716410882"]},"lang":"fr","created_at":"2021-08-12T16:53:12.000Z","public_metrics":{"retweet_count":10,"reply_count":4,"like_count":40,"quote_count":3}},{"id":"1425862188464488452","text":"RT @RandaHabib: At least 69 people including 28 soldiers have been killed in fires across northern #Algeria.\nThe worst hit area has been Ti…","author_id":"4113344157","lang":"en","created_at":"2021-08-12T16:50:11.000Z","public_metrics":{"retweet_count":26,"reply_count":0,"like_count":0,"quote_count":0}},{"id":"1425862145300914181","text":"RT @AkliStaifi: La Kabylie brûle, l'Algérie brûle...\nqu'Allah viennent en aide au peuple Kabyle et que toutes les victimes mortes par cet i…","author_id":"961183955100856320","lang":"fr","created_at":"2021-08-12T16:50:01.000Z","public_metrics":{"retweet_count":4132,"reply_count":0,"like_count":0,"quote_count":0}},{"id":"1425861155013201924","text":"RT @TariqibnZiyad__: Si la charia était instauré en Algérie cet innocent qui est venu aider ces frères en Kabylie ne serait pas brûlé vif c…","author_id":"1149676032385044480","lang":"fr","created_at":"2021-08-12T16:46:05.000Z","public_metrics":{"retweet_count":74,"reply_count":0,"like_count":0,"quote_count":0}},{"id":"1425861038570983425","text":"RT @Azat86550219: @halsey @youssef_hussen @epsilonov71 @Soolking @khaleddrareni @Nime_BD \nPlease make our voices heard we need Internationa…","author_id":"2197459177","lang":"en","created_at":"2021-08-12T16:45:37.000Z","public_metrics":{"retweet_count":1,"reply_count":0,"like_count":0,"quote_count":0}},{"id":"1425860856680693764","text":"RT @Tizi_Ouzou15: Après la Covid-19, le manque d’eau, les chutes de tension, c’est au tour des incendies. \nPlusieurs feu  d’incendie ont ét…","author_id":"963917036459094017","lang":"fr","created_at":"2021-08-12T16:44:54.000Z","public_metrics":{"retweet_count":2897,"reply_count":0,"like_count":0,"quote_count":0}},{"id":"1425860724899860480","text":"RT @RandaHabib: At least 69 people including 28 soldiers have been killed in fires across northern #Algeria.\nThe worst hit area has been Ti…","author_id":"1392667529143889922","lang":"en","created_at":"2021-08-12T16:44:22.000Z","public_metrics":{"retweet_count":26,"reply_count":0,"like_count":0,"quote_count":0}},{"id":"1425860301128409091","text":"RT @_fitamine: L’Homme qui a été lynché brûle vif accusé d’avoir de vouloir allumer un incendie, était en réalité un artiste de Miliana qui…","author_id":"1405139694636122116","lang":"fr","created_at":"2021-08-12T16:42:41.000Z","public_metrics":{"retweet_count":916,"reply_count":0,"like_count":0,"quote_count":0}},{"id":"1425860039101849605","text":"RT @Tizi_Ouzou15: Après la Covid-19, le manque d’eau, les chutes de tension, c’est au tour des incendies. \nPlusieurs feu  d’incendie ont ét…","author_id":"1233374535837274112","lang":"fr","created_at":"2021-08-12T16:41:39.000Z","public_metrics":{"retweet_count":2897,"reply_count":0,"like_count":0,"quote_count":0}},{"id":"1425859945451425796","text":"RT @kabyle: Immense incendie à la forêt du village Amraou #Amizour #Kabylie https://t.co/iTZdeUOFRe","author_id":"2197459177","lang":"fr","created_at":"2021-08-12T16:41:16.000Z","public_metrics":{"retweet_count":7,"reply_count":0,"like_count":0,"quote_count":0}},{"id":"1425859663472513033","text":"RT @Thaqvaylithh: Mon village accueille pour ceux au alentour qui veulent s’abriter \n\nLa bas le feu avance vers ismouhal iferhounene et ili…","author_id":"1219190683124322304","lang":"fr","created_at":"2021-08-12T16:40:09.000Z","public_metrics":{"retweet_count":34,"reply_count":0,"like_count":0,"quote_count":0}},{"id":"1425859452872318978","text":"RT @_fitamine: L’Homme qui a été lynché brûle vif accusé d’avoir de vouloir allumer un incendie, était en réalité un artiste de Miliana qui…","author_id":"1354925825490116608","lang":"fr","created_at":"2021-08-12T16:39:19.000Z","public_metrics":{"retweet_count":916,"reply_count":0,"like_count":0,"quote_count":0}},{"id":"1425859302263189510","text":"RT @Tizi_Ouzou15: Après la Covid-19, le manque d’eau, les chutes de tension, c’est au tour des incendies. \nPlusieurs feu  d’incendie ont ét…","author_id":"1412804824391995394","lang":"fr","created_at":"2021-08-12T16:38:43.000Z","public_metrics":{"retweet_count":2897,"reply_count":0,"like_count":0,"quote_count":0}},{"id":"1425859263608627208","text":"Ce qu'il se passe en Algérie c'est atroce la Kabylie la Constantine ravagé par le feu #Algerie","author_id":"2801601633","lang":"fr","created_at":"2021-08-12T16:38:34.000Z","public_metrics":{"retweet_count":0,"reply_count":0,"like_count":7,"quote_count":0}},{"id":"1425859133320880133","text":"@halsey @youssef_hussen @epsilonov71 @Soolking @khaleddrareni @Nime_BD \nPlease make our voices heard we need International help and candair airplanes to stop the fires and save lives \n#SaveAlgeria #savedz #Algeria_forest_fires\n#AlgeriaIsBurning \n#SOS_Kabylie","author_id":"1338050526680911872","lang":"en","created_at":"2021-08-12T16:38:03.000Z","public_metrics":{"retweet_count":1,"reply_count":0,"like_count":2,"quote_count":0}},{"id":"1425859034968637450","text":"RT @_fitamine: L’Homme qui a été lynché brûle vif accusé d’avoir de vouloir allumer un incendie, était en réalité un artiste de Miliana qui…","author_id":"1354507917437841418","lang":"fr","created_at":"2021-08-12T16:37:39.000Z","public_metrics":{"retweet_count":916,"reply_count":0,"like_count":0,"quote_count":0}},{"id":"1425858670152359937","text":"l'Algérie en feu : Djamel Ben Smaeil.\n\nhttps://t.co/RhY82F9Nl3\n\n#Kabylie #PrayForAlgeria #Algerie #تيزي_وزو_تحترق\n\n#تيزي_وزو_تحترق","author_id":"1383105703666147334","lang":"fr","created_at":"2021-08-12T16:36:12.000Z","public_metrics":{"retweet_count":0,"reply_count":0,"like_count":1,"quote_count":0}},{"id":"1425858005564903435","text":"RT @sirius1936: KABYLIE EN FEU\nUne pensée pour nos amis algériens eux aussi frappés par les incendies de forêts. https://t.co/0EE92y86ea","author_id":"113955007","attachments":{"media_keys":["3_1425745645537841153"]},"lang":"fr","created_at":"2021-08-12T16:33:34.000Z","public_metrics":{"retweet_count":85,"reply_count":0,"like_count":0,"quote_count":0}},{"id":"1425857598331531264","text":"RT @sandraregol: Pensées pour la Kabylie en feu. Une catastrophe d'une ampleur jamais vue en Algérie, jamais vue chez les amazigh. La planè…","author_id":"3317584684","lang":"fr","created_at":"2021-08-12T16:31:57.000Z","public_metrics":{"retweet_count":17,"reply_count":0,"like_count":0,"quote_count":0}},{"id":"1425856973178867714","text":"RT @sirius1936: KABYLIE EN FEU\nUne pensée pour nos amis algériens eux aussi frappés par les incendies de forêts. https://t.co/0EE92y86ea","author_id":"435882548","attachments":{"media_keys":["3_1425745645537841153"]},"lang":"fr","created_at":"2021-08-12T16:29:28.000Z","public_metrics":{"retweet_count":85,"reply_count":0,"like_count":0,"quote_count":0}},{"id":"1425856647109529609","text":"RT @RandaHabib: At least 69 people including 28 soldiers have been killed in fires across northern #Algeria.\nThe worst hit area has been Ti…","author_id":"1131577117311942657","lang":"en","created_at":"2021-08-12T16:28:10.000Z","public_metrics":{"retweet_count":26,"reply_count":0,"like_count":0,"quote_count":0}},{"id":"1425856638595043330","text":"RT @_fitamine: L’Homme qui a été lynché brûle vif accusé d’avoir de vouloir allumer un incendie, était en réalité un artiste de Miliana qui…","author_id":"2722682848","lang":"fr","created_at":"2021-08-12T16:28:08.000Z","public_metrics":{"retweet_count":916,"reply_count":0,"like_count":0,"quote_count":0}},{"id":"1425856490376663048","text":"RT @_fitamine: L’Homme qui a été lynché brûle vif accusé d’avoir de vouloir allumer un incendie, était en réalité un artiste de Miliana qui…","author_id":"1235318969189437440","lang":"fr","created_at":"2021-08-12T16:27:33.000Z","public_metrics":{"retweet_count":916,"reply_count":0,"like_count":0,"quote_count":0}},{"id":"1425855882248790019","text":"RT @TariqibnZiyad__: Si la charia était instauré en Algérie cet innocent qui est venu aider ces frères en Kabylie ne serait pas brûlé vif c…","author_id":"1319747377226518529","lang":"fr","created_at":"2021-08-12T16:25:08.000Z","public_metrics":{"retweet_count":74,"reply_count":0,"like_count":0,"quote_count":0}},{"id":"1425855713243451403","text":"Incendie en Kabylie : Mohammed VI propose deux Canadairs pour aider l’Algérie https://t.co/WVoSLEowBl via @actufirst","author_id":"1329750683403358208","lang":"fr","created_at":"2021-08-12T16:24:27.000Z","public_metrics":{"retweet_count":0,"reply_count":0,"like_count":0,"quote_count":0}},{"id":"1425855638626869250","text":"Incendie en Kabylie : la France envoie deux Canadairs en Algérie https://t.co/CQRnpOSOrR via @actufirst","author_id":"1329750683403358208","lang":"fr","created_at":"2021-08-12T16:24:10.000Z","public_metrics":{"retweet_count":0,"reply_count":0,"like_count":0,"quote_count":0}},{"id":"1425855581320060934","text":"RT @BreikaBeiba: Wildfires in occupied #Kabylie showed to the world the algerian army doesn't have any canadair to fight against fires arou…","author_id":"269613966","lang":"en","created_at":"2021-08-12T16:23:56.000Z","public_metrics":{"retweet_count":3,"reply_count":0,"like_count":0,"quote_count":0}},{"id":"1425855559832686592","text":"RT @LookTv_Officiel: Les Généraux algerien son t'il derrière la catastrophe en Algerie ? Feu , manque d'oxygène,  eau , manque de nourritur…","author_id":"1291746571500093441","lang":"fr","created_at":"2021-08-12T16:23:51.000Z","public_metrics":{"retweet_count":3,"reply_count":0,"like_count":0,"quote_count":0}},{"id":"1425855349555355648","text":"RT @smylvg: Ma Kabylie est en feu. \nQue Dieu nous vienne en aide \uD83D\uDE4F\uD83C\uDFFB.\n#Kabylie https://t.co/FJMVSMEvrb","author_id":"1269665633815363585","attachments":{"media_keys":["3_1424875017012224002","3_1424875017045749760","3_1424875017016328197","3_1424875017020583938"]},"lang":"fr","created_at":"2021-08-12T16:23:01.000Z","public_metrics":{"retweet_count":196,"reply_count":0,"like_count":0,"quote_count":0}},{"id":"1425855324339200000","text":"RT @KhaledBeydoun: Prayers up for Algeria \uD83C\uDDE9\uD83C\uDDFF— at least 42 people killed by fires raging in Kabylie region https://t.co/UQR1iI34Rk","author_id":"14851837","attachments":{"media_keys":["3_1425252039798427648"]},"lang":"en","created_at":"2021-08-12T16:22:55.000Z","public_metrics":{"retweet_count":817,"reply_count":0,"like_count":0,"quote_count":0}},{"id":"1425855230999101443","text":"RT @chahrazzzz: 25 départs de feu aujourd’hui en Kabylie, c’est horrible https://t.co/vA8UKhswzZ","author_id":"4642047857","attachments":{"media_keys":["3_1424849354947502081","3_1424849354934951937","3_1424849354939064327","3_1424849355727687699"]},"lang":"fr","created_at":"2021-08-12T16:22:32.000Z","public_metrics":{"retweet_count":573,"reply_count":0,"like_count":0,"quote_count":0}},{"id":"1425855222707068935","text":"*afghanistan en guerre, iraq en ruines, ouïgours enfermés, turquie et kabylie en feu, palestine envahie, musulmans d’inde persécutés*\nvous: ‘prions pour eux \uD83E\uDD7A faites des duahhsss’ https://t.co/Azpy03ariJ","author_id":"1403901082217107460","attachments":{"media_keys":["16_1425855216893759498"]},"lang":"fr","created_at":"2021-08-12T16:22:30.000Z","public_metrics":{"retweet_count":0,"reply_count":0,"like_count":0,"quote_count":0}},{"id":"1425855041823379456","text":"RT @KhaledBeydoun: Prayers up for Algeria \uD83C\uDDE9\uD83C\uDDFF— at least 42 people killed by fires raging in Kabylie region https://t.co/UQR1iI34Rk","author_id":"30432428","attachments":{"media_keys":["3_1425252039798427648"]},"lang":"en","created_at":"2021-08-12T16:21:47.000Z","public_metrics":{"retweet_count":817,"reply_count":0,"like_count":0,"quote_count":0}},{"id":"1425855002040434688","text":"RT @RandaHabib: At least 69 people including 28 soldiers have been killed in fires across northern #Algeria.\nThe worst hit area has been Ti…","author_id":"902494496885272576","lang":"en","created_at":"2021-08-12T16:21:38.000Z","public_metrics":{"retweet_count":26,"reply_count":0,"like_count":0,"quote_count":0}},{"id":"1425854706275037193","text":"RT @_xAa09: vous préférez parler de Messi que de parler de la Kabylie qui est en train de prendre feu brf","author_id":"1269665633815363585","lang":"fr","created_at":"2021-08-12T16:20:27.000Z","public_metrics":{"retweet_count":1108,"reply_count":0,"like_count":0,"quote_count":0}},{"id":"1425854590541512707","text":"RT @sirius1936: KABYLIE EN FEU\nUne pensée pour nos amis algériens eux aussi frappés par les incendies de forêts. https://t.co/0EE92y86ea","author_id":"771037774833192960","attachments":{"media_keys":["3_1425745645537841153"]},"lang":"fr","created_at":"2021-08-12T16:20:00.000Z","public_metrics":{"retweet_count":85,"reply_count":0,"like_count":0,"quote_count":0}},{"id":"1425854539060715528","text":"RT @Tizi_Ouzou15: Après la Covid-19, le manque d’eau, les chutes de tension, c’est au tour des incendies. \nPlusieurs feu  d’incendie ont ét…","author_id":"1204509933196238848","lang":"fr","created_at":"2021-08-12T16:19:47.000Z","public_metrics":{"retweet_count":2897,"reply_count":0,"like_count":0,"quote_count":0}},{"id":"1425854517313253379","text":"RT @chahrazzzz: 25 départs de feu aujourd’hui en Kabylie, c’est horrible https://t.co/vA8UKhswzZ","author_id":"1398681583582916611","attachments":{"media_keys":["3_1424849354947502081","3_1424849354934951937","3_1424849354939064327","3_1424849355727687699"]},"lang":"fr","created_at":"2021-08-12T16:19:42.000Z","public_metrics":{"retweet_count":573,"reply_count":0,"like_count":0,"quote_count":0}},{"id":"1425854446383345664","text":"RT @chahrazzzz: 25 départs de feu aujourd’hui en Kabylie, c’est horrible https://t.co/vA8UKhswzZ","author_id":"1417296812818542593","attachments":{"media_keys":["3_1424849354947502081","3_1424849354934951937","3_1424849354939064327","3_1424849355727687699"]},"lang":"fr","created_at":"2021-08-12T16:19:25.000Z","public_metrics":{"retweet_count":573,"reply_count":0,"like_count":0,"quote_count":0}},{"id":"1425854310286565378","text":"Algérie : accusé d’avoir tenté de provoquer un incendie, un jeune lynché à mort en Kabylie https://t.co/vwG5hyeqbD via @Observateurs","author_id":"125095427","lang":"fr","created_at":"2021-08-12T16:18:53.000Z","public_metrics":{"retweet_count":0,"reply_count":0,"like_count":2,"quote_count":0}},{"id":"1425854226933112836","text":"Les Généraux algerien son t'il derrière la catastrophe en Algerie ? Feu , manque d'oxygène,  eau , manque de nourriture #Algerie #Kabylie #Maroc #generaux https://t.co/2830HCQZdS","author_id":"1425740655440142336","attachments":{"media_keys":["3_1425854224915734534"]},"lang":"fr","created_at":"2021-08-12T16:18:33.000Z","public_metrics":{"retweet_count":3,"reply_count":0,"like_count":3,"quote_count":0}},{"id":"1425854052311654402","text":"RT @kabyle: Immense incendie à la forêt du village Amraou #Amizour #Kabylie","author_id":"1215602404982427648","lang":"fr","created_at":"2021-08-12T16:17:51.000Z","public_metrics":{"retweet_count":7,"reply_count":0,"like_count":0,"quote_count":0}},{"id":"1425853948477444101","text":"RT @KhaledBeydoun: Prayers up for Algeria \uD83C\uDDE9\uD83C\uDDFF— at least 42 people killed by fires raging in Kabylie region https://t.co/UQR1iI34Rk","author_id":"82210282","attachments":{"media_keys":["3_1425252039798427648"]},"lang":"en","created_at":"2021-08-12T16:17:27.000Z","public_metrics":{"retweet_count":817,"reply_count":0,"like_count":0,"quote_count":0}},{"id":"1425853924003700738","text":"RT @GhilasAinouche: URGENT !\nUn départ de feu à l'instant entre #AKFADOU et #TIBANE (Vgayet). Faites attention mes ami.e.s !\nSOYEZ VIGILANT…","author_id":"1215602404982427648","lang":"fr","created_at":"2021-08-12T16:17:21.000Z","public_metrics":{"retweet_count":11,"reply_count":0,"like_count":0,"quote_count":0}},{"id":"1425853912582692867","text":"@Kabyle_info MAK ASSASSIN MAK ASSASIN. Ce sont vous les MAKISTES qui avaient mit le feu. Bande de meurtriers vous brûlez une terre qui n'est pas la vôtre. Vive L'Algerie et vive la Kabylie","author_id":"1190304827148054530","lang":"fr","created_at":"2021-08-12T16:17:18.000Z","public_metrics":{"retweet_count":0,"reply_count":0,"like_count":0,"quote_count":0}},{"id":"1425853626828967938","text":"RT @NabilaKeramane: De quoi je me mêle, Monsieur le Député? \nCessez de mettre l’huile sur le feu! \nVotre empathie à géométrie variable cach…","author_id":"1215602404982427648","lang":"fr","created_at":"2021-08-12T16:16:10.000Z","public_metrics":{"retweet_count":9,"reply_count":0,"like_count":0,"quote_count":0}},{"id":"1425853601348456462","text":"RT @_fitamine: L’Homme qui a été lynché brûle vif accusé d’avoir de vouloir allumer un incendie, était en réalité un artiste de Miliana qui…","author_id":"999708215645556736","lang":"fr","created_at":"2021-08-12T16:16:04.000Z","public_metrics":{"retweet_count":916,"reply_count":0,"like_count":0,"quote_count":0}},{"id":"1425853501272477700","text":"RT @KhaledBeydoun: Prayers up for Algeria \uD83C\uDDE9\uD83C\uDDFF— at least 42 people killed by fires raging in Kabylie region https://t.co/UQR1iI34Rk","author_id":"346665373","attachments":{"media_keys":["3_1425252039798427648"]},"lang":"en","created_at":"2021-08-12T16:15:40.000Z","public_metrics":{"retweet_count":817,"reply_count":0,"like_count":0,"quote_count":0}},{"id":"1425853464215801862","text":"@EmmanuelMacron Ça fait 12 h que on attend cet aide qu'il arrive mais rien pour l'instant le feu a fait plein de decat a cette instant les gens fuits leur village pour aller nul part toute la kabylie brule","author_id":"1425557969178185734","lang":"fr","created_at":"2021-08-12T16:15:31.000Z","public_metrics":{"retweet_count":0,"reply_count":0,"like_count":0,"quote_count":0}},{"id":"1425853243775754242","text":"RT @Tizi_Ouzou15: Après la Covid-19, le manque d’eau, les chutes de tension, c’est au tour des incendies. \nPlusieurs feu  d’incendie ont ét…","author_id":"1233371238791360512","lang":"fr","created_at":"2021-08-12T16:14:39.000Z","public_metrics":{"retweet_count":2897,"reply_count":0,"like_count":0,"quote_count":0}},{"id":"1425853110874935308","text":"RT @daylightaegi: My friend’s brother started to raise money for his family who got affected by the fires in Kabylia. They’ll also help fam…","author_id":"964919783308382209","lang":"en","created_at":"2021-08-12T16:14:07.000Z","public_metrics":{"retweet_count":9,"reply_count":0,"like_count":0,"quote_count":0}},{"id":"1425853049780817920","text":"RT @plume_awanesque: Rip aux nombreuses âmes perdues dans l’incendie ayant eu lieu dans la Kabylie algérienne .\n\nToutes mes condoléances ☺️…","author_id":"1204313819289444352","lang":"fr","created_at":"2021-08-12T16:13:52.000Z","public_metrics":{"retweet_count":2,"reply_count":0,"like_count":0,"quote_count":0}},{"id":"1425852979740123138","text":"RT @daylightaegi: My friend’s brother started to raise money for his family who got affected by the fires in Kabylia. They’ll also help fam…","author_id":"1348744242198405123","lang":"en","created_at":"2021-08-12T16:13:36.000Z","public_metrics":{"retweet_count":9,"reply_count":0,"like_count":0,"quote_count":0}},{"id":"1425852947548758018","text":"@SawtAlMaghreb Oui ce sont vous les makistes qui avaient mit le feu en Kabylie.","author_id":"1190304827148054530","lang":"fr","created_at":"2021-08-12T16:13:28.000Z","public_metrics":{"retweet_count":0,"reply_count":0,"like_count":0,"quote_count":0}},{"id":"1425852938719727619","text":"RT @_fitamine: L’Homme qui a été lynché brûle vif accusé d’avoir de vouloir allumer un incendie, était en réalité un artiste de Miliana qui…","author_id":"1109518866","lang":"fr","created_at":"2021-08-12T16:13:26.000Z","public_metrics":{"retweet_count":916,"reply_count":0,"like_count":0,"quote_count":0}},{"id":"1425852787896852483","text":"RT @TerchiAissa: Solidarité avec le Peuple Algérien, la Kabylie touché par de grave incendie meurtriers. #PrayForKabylia #Algeria\nhttps://t…","author_id":"1021415675670167559","lang":"fr","created_at":"2021-08-12T16:12:50.000Z","public_metrics":{"retweet_count":4,"reply_count":0,"like_count":0,"quote_count":0}},{"id":"1425852767126523907","text":"RT @_fitamine: L’Homme qui a été lynché brûle vif accusé d’avoir de vouloir allumer un incendie, était en réalité un artiste de Miliana qui…","author_id":"1053561342379077632","lang":"fr","created_at":"2021-08-12T16:12:45.000Z","public_metrics":{"retweet_count":916,"reply_count":0,"like_count":0,"quote_count":0}}],"includes":{"media":[{"media_key":"3_1425745645537841153","type":"photo","url":"https://pbs.twimg.com/media/E8lEHFZX0AE6k45.jpg"},{"media_key":"3_1425252039798427648","type":"photo","url":"https://pbs.twimg.com/media/E8eDLcuWEAAHQzL.jpg"},{"media_key":"7_1425862864716410882","public_metrics":{"view_count":982},"type":"video"},{"media_key":"3_1424875017012224002","type":"photo","url":"https://pbs.twimg.com/media/E8YsR1ZXoAIEyNU.jpg"},{"media_key":"3_1424875017045749760","type":"photo","url":"https://pbs.twimg.com/media/E8YsR1hXMAALI6f.jpg"},{"media_key":"3_1424875017016328197","type":"photo","url":"https://pbs.twimg.com/media/E8YsR1aWQAUlIkh.jpg"},{"media_key":"3_1424875017020583938","type":"photo","url":"https://pbs.twimg.com/media/E8YsR1bXMAIwDIN.jpg"},{"media_key":"3_1424849354947502081","type":"photo","url":"https://pbs.twimg.com/media/E8YU8GwXIAEaVtd.jpg"},{"media_key":"3_1424849354934951937","type":"photo","url":"https://pbs.twimg.com/media/E8YU8GtXoAEXCRu.jpg"},{"media_key":"3_1424849354939064327","type":"photo","url":"https://pbs.twimg.com/media/E8YU8GuWYAcbbO-.jpg"},{"media_key":"3_1424849355727687699","type":"photo","url":"https://pbs.twimg.com/media/E8YU8JqX0BMgrdP.jpg"},{"media_key":"16_1425855216893759498","type":"animated_gif"},{"media_key":"3_1425854224915734534","type":"photo","url":"https://pbs.twimg.com/media/E8mm3PGXoAY6aOE.jpg"}]},"meta":{"newest_id":"1425870226860748805","oldest_id":"1425852767126523907","result_count":100,"next_token":"b26v89c19zqg8o3fpdm8kuxs8rqpofvyv6kli36mpeflp"}}