{"data":[{"author_id":"1109205168","id":"1425852742610919425","public_metrics":{"retweet_count":2897,"reply_count":0,"like_count":0,"quote_count":0},"text":"RT @Tizi_Ouzou15: Après la Covid-19, le manque d’eau, les chutes de tension, c’est au tour des incendies. \nPlusieurs feu  d’incendie ont ét…","lang":"fr","created_at":"2021-08-12T16:12:39.000Z"},{"author_id":"956554013591433217","id":"1425852682858864647","public_metrics":{"retweet_count":916,"reply_count":0,"like_count":0,"quote_count":0},"text":"RT @_fitamine: L’Homme qui a été lynché brûle vif accusé d’avoir de vouloir allumer un incendie, était en réalité un artiste de Miliana qui…","lang":"fr","created_at":"2021-08-12T16:12:25.000Z"},{"author_id":"187900223","id":"1425852640383152136","public_metrics":{"retweet_count":15,"reply_count":0,"like_count":0,"quote_count":0},"text":"RT @RachidTemal: Pour retrouver mon itw sur @BerbereTV sur les incendies qui ravagent l’Algerie et plus largement la Kabylie. \nMerci à tous…","lang":"fr","created_at":"2021-08-12T16:12:15.000Z"},{"author_id":"501748653","id":"1425852543972823043","public_metrics":{"retweet_count":15,"reply_count":0,"like_count":0,"quote_count":0},"text":"RT @RachidTemal: Pour retrouver mon itw sur @BerbereTV sur les incendies qui ravagent l’Algerie et plus largement la Kabylie. \nMerci à tous…","lang":"fr","created_at":"2021-08-12T16:11:52.000Z"},{"attachments":{"media_keys":["3_1425745645537841153"]},"author_id":"2313875958","id":"1425852442479144970","public_metrics":{"retweet_count":85,"reply_count":0,"like_count":0,"quote_count":0},"text":"RT @sirius1936: KABYLIE EN FEU\nUne pensée pour nos amis algériens eux aussi frappés par les incendies de forêts. https://t.co/0EE92y86ea","lang":"fr","created_at":"2021-08-12T16:11:28.000Z"},{"author_id":"1415446862509772804","id":"1425852360111398914","public_metrics":{"retweet_count":74,"reply_count":0,"like_count":0,"quote_count":0},"text":"RT @TariqibnZiyad__: Si la charia était instauré en Algérie cet innocent qui est venu aider ces frères en Kabylie ne serait pas brûlé vif c…","lang":"fr","created_at":"2021-08-12T16:11:08.000Z"},{"attachments":{"media_keys":["3_1425252039798427648"]},"author_id":"294607130","id":"1425852016774033408","public_metrics":{"retweet_count":817,"reply_count":0,"like_count":0,"quote_count":0},"text":"RT @KhaledBeydoun: Prayers up for Algeria \uD83C\uDDE9\uD83C\uDDFF— at least 42 people killed by fires raging in Kabylie region https://t.co/UQR1iI34Rk","lang":"en","created_at":"2021-08-12T16:09:46.000Z"},{"author_id":"971605311164502019","id":"1425851466275766272","public_metrics":{"retweet_count":4132,"reply_count":0,"like_count":0,"quote_count":0},"text":"RT @AkliStaifi: La Kabylie brûle, l'Algérie brûle...\nqu'Allah viennent en aide au peuple Kabyle et que toutes les victimes mortes par cet i…","lang":"fr","created_at":"2021-08-12T16:07:35.000Z"},{"author_id":"948960705469804544","id":"1425851372486893575","public_metrics":{"retweet_count":14,"reply_count":0,"like_count":0,"quote_count":0},"text":"RT @rosadija2468: Algeria is facing the hardest time ever... first it's covid and now the  fires.. we're losing our Kabylie..\nAnd the fire…","lang":"en","created_at":"2021-08-12T16:07:12.000Z"},{"attachments":{"media_keys":["3_1425252039798427648"]},"author_id":"67548459","id":"1425851270657724422","public_metrics":{"retweet_count":817,"reply_count":0,"like_count":0,"quote_count":0},"text":"RT @KhaledBeydoun: Prayers up for Algeria \uD83C\uDDE9\uD83C\uDDFF— at least 42 people killed by fires raging in Kabylie region https://t.co/UQR1iI34Rk","lang":"en","created_at":"2021-08-12T16:06:48.000Z"},{"attachments":{"media_keys":["3_1425252039798427648"]},"author_id":"1150860862426628101","id":"1425851082899542027","public_metrics":{"retweet_count":817,"reply_count":0,"like_count":0,"quote_count":0},"text":"RT @KhaledBeydoun: Prayers up for Algeria \uD83C\uDDE9\uD83C\uDDFF— at least 42 people killed by fires raging in Kabylie region https://t.co/UQR1iI34Rk","lang":"en","created_at":"2021-08-12T16:06:03.000Z"},{"attachments":{"media_keys":["3_1425252039798427648"]},"author_id":"637094947","id":"1425851023239827460","public_metrics":{"retweet_count":817,"reply_count":0,"like_count":0,"quote_count":0},"text":"RT @KhaledBeydoun: Prayers up for Algeria \uD83C\uDDE9\uD83C\uDDFF— at least 42 people killed by fires raging in Kabylie region https://t.co/UQR1iI34Rk","lang":"en","created_at":"2021-08-12T16:05:49.000Z"},{"author_id":"741657924553060352","id":"1425850477581832195","public_metrics":{"retweet_count":358,"reply_count":0,"like_count":0,"quote_count":0},"text":"RT @RachDeVaincre: J’viens d’regarder les story de la miff en Kabylie jai les larmes aux yeux.\nFaites des duaahs. Qu’Allah fasse que la plu…","lang":"fr","created_at":"2021-08-12T16:03:39.000Z"},{"author_id":"1298364410487091203","id":"1425850201659609089","public_metrics":{"retweet_count":3,"reply_count":0,"like_count":6,"quote_count":0},"text":"bravo à toi, grâce à tes partages virtuelle sur un réseau de merde t'as réussi à stopper le feu en Kabylie, la guerre Israël Palestine, et les feux en Turquie \uD83E\uDD19\uD83C\uDFFC\uD83E\uDD19\uD83C\uDFFC https://t.co/DTR5bDYXaY","lang":"fr","created_at":"2021-08-12T16:02:33.000Z"},{"author_id":"823479684365225984","id":"1425849839015763973","public_metrics":{"retweet_count":0,"reply_count":0,"like_count":1,"quote_count":0},"text":"C’est autour de mon village natal Taguemount El Djedid ! \uD83D\uDD25\nJ’ai le cœur meurtri avec tout ce qui se passe en ce moment en Kabylie ! \uD83D\uDE22❤️\n\n#kabylie, #incendie, #makabyliebrule, #algerie, #tiziouzou, #taguemounteldjedid https://t.co/BvnSyiTqNO","lang":"fr","created_at":"2021-08-12T16:01:07.000Z"},{"author_id":"1327859041096388608","id":"1425849721952813057","public_metrics":{"retweet_count":74,"reply_count":0,"like_count":0,"quote_count":0},"text":"RT @TariqibnZiyad__: Si la charia était instauré en Algérie cet innocent qui est venu aider ces frères en Kabylie ne serait pas brûlé vif c…","lang":"fr","created_at":"2021-08-12T16:00:39.000Z"},{"attachments":{"media_keys":["3_1425745645537841153"]},"author_id":"2804061972","id":"1425849371816603651","public_metrics":{"retweet_count":85,"reply_count":0,"like_count":0,"quote_count":0},"text":"RT @sirius1936: KABYLIE EN FEU\nUne pensée pour nos amis algériens eux aussi frappés par les incendies de forêts. https://t.co/0EE92y86ea","lang":"fr","created_at":"2021-08-12T15:59:15.000Z"},{"author_id":"2439646237","id":"1425849285170667525","public_metrics":{"retweet_count":13,"reply_count":0,"like_count":0,"quote_count":0},"text":"RT @WassingtonPost: Pendant que le Maroc tend la main pour mettre fin aux incendies qui ravagent la Kabylie [...] les Algériens accusent le…","lang":"fr","created_at":"2021-08-12T15:58:55.000Z"},{"attachments":{"media_keys":["3_1425849244708126721","3_1425849251427409928","3_1425849261212712963","3_1425849266199797761"]},"author_id":"1425550080602431488","id":"1425849268288557065","public_metrics":{"retweet_count":0,"reply_count":1,"like_count":5,"quote_count":0},"text":"Nous traversons une période vraiment difficile.mais s'il vous plaît ne tombez pas dans le piège nos forces dans notre syndicat\n Pour moi,mon coeur avec #Tizi_Ouzou pour stopper la propagation du feu mais ce qui s'est passé je suis totalement contre\n#savedz #Algeria #Kabylie https://t.co/GeJKvuRbzL","lang":"fr","created_at":"2021-08-12T15:58:51.000Z"},{"author_id":"578399574","id":"1425849055033405442","public_metrics":{"retweet_count":373,"reply_count":0,"like_count":0,"quote_count":0},"text":"RT @Reuters: Forest fires in Algeria killed 42 people, including 25 soldiers deployed to help put out the blaze, the government said, as th…","lang":"en","created_at":"2021-08-12T15:58:00.000Z"},{"author_id":"3039463403","id":"1425848892990627850","public_metrics":{"retweet_count":37,"reply_count":0,"like_count":0,"quote_count":0},"text":"RT @mishette_b: Mon village Tagmount Azouz (béni douala ) est entrain de brûler RT svp nous vous besoin de votre aide le feu arrive aux mai…","lang":"fr","created_at":"2021-08-12T15:57:21.000Z"},{"attachments":{"media_keys":["3_1425745645537841153"]},"author_id":"1226137530468372480","id":"1425848743451103233","public_metrics":{"retweet_count":85,"reply_count":0,"like_count":0,"quote_count":0},"text":"RT @sirius1936: KABYLIE EN FEU\nUne pensée pour nos amis algériens eux aussi frappés par les incendies de forêts. https://t.co/0EE92y86ea","lang":"fr","created_at":"2021-08-12T15:56:46.000Z"},{"author_id":"1405742846","id":"1425848462671761420","public_metrics":{"retweet_count":74,"reply_count":0,"like_count":0,"quote_count":0},"text":"RT @TariqibnZiyad__: Si la charia était instauré en Algérie cet innocent qui est venu aider ces frères en Kabylie ne serait pas brûlé vif c…","lang":"fr","created_at":"2021-08-12T15:55:39.000Z"},{"author_id":"580688782","id":"1425848343914291211","public_metrics":{"retweet_count":4,"reply_count":0,"like_count":0,"quote_count":0},"text":"RT @TerchiAissa: Solidarité avec le Peuple Algérien, la Kabylie touché par de grave incendie meurtriers. #PrayForKabylia #Algeria\nhttps://t…","lang":"fr","created_at":"2021-08-12T15:55:10.000Z"},{"author_id":"1421989412339073024","id":"1425848292538212355","public_metrics":{"retweet_count":0,"reply_count":1,"like_count":1,"quote_count":0},"text":"@CDjerbal a force de crier complot contre la Kabylie alors que toute l'Algérie et région méditerranéenne sont en feu voila le résultat. Les excuses ne serviront à rien","lang":"fr","created_at":"2021-08-12T15:54:58.000Z"},{"author_id":"1215242888747126789","id":"1425848287773478916","public_metrics":{"retweet_count":9,"reply_count":0,"like_count":0,"quote_count":0},"text":"RT @daylightaegi: My friend’s brother started to raise money for his family who got affected by the fires in Kabylia. They’ll also help fam…","lang":"en","created_at":"2021-08-12T15:54:57.000Z"},{"attachments":{"media_keys":["3_1425745645537841153"]},"author_id":"722791517832617984","id":"1425848163827658759","public_metrics":{"retweet_count":85,"reply_count":0,"like_count":0,"quote_count":0},"text":"RT @sirius1936: KABYLIE EN FEU\nUne pensée pour nos amis algériens eux aussi frappés par les incendies de forêts. https://t.co/0EE92y86ea","lang":"fr","created_at":"2021-08-12T15:54:27.000Z"},{"author_id":"1257010071520886786","id":"1425847982260461576","public_metrics":{"retweet_count":1,"reply_count":0,"like_count":1,"quote_count":0},"text":"Carte des feux dans le monde\n@Thinker_View\nhttps://t.co/3Kjror7Ml5\n#feu #incendie #Greece #Kabylie #Monde","lang":"fr","created_at":"2021-08-12T15:53:44.000Z"},{"attachments":{"media_keys":["3_1425745645537841153"]},"author_id":"2944191808","id":"1425847915814309900","public_metrics":{"retweet_count":85,"reply_count":0,"like_count":0,"quote_count":0},"text":"RT @sirius1936: KABYLIE EN FEU\nUne pensée pour nos amis algériens eux aussi frappés par les incendies de forêts. https://t.co/0EE92y86ea","lang":"fr","created_at":"2021-08-12T15:53:28.000Z"},{"author_id":"1280796625875722240","id":"1425847862383063040","public_metrics":{"retweet_count":4132,"reply_count":0,"like_count":0,"quote_count":0},"text":"RT @AkliStaifi: La Kabylie brûle, l'Algérie brûle...\nqu'Allah viennent en aide au peuple Kabyle et que toutes les victimes mortes par cet i…","lang":"fr","created_at":"2021-08-12T15:53:16.000Z"},{"author_id":"1280796625875722240","id":"1425847845450620943","public_metrics":{"retweet_count":1108,"reply_count":0,"like_count":0,"quote_count":0},"text":"RT @_xAa09: vous préférez parler de Messi que de parler de la Kabylie qui est en train de prendre feu brf","lang":"fr","created_at":"2021-08-12T15:53:11.000Z"},{"attachments":{"media_keys":["3_1425745645537841153"]},"author_id":"1280796625875722240","id":"1425847384244903948","public_metrics":{"retweet_count":85,"reply_count":0,"like_count":0,"quote_count":0},"text":"RT @sirius1936: KABYLIE EN FEU\nUne pensée pour nos amis algériens eux aussi frappés par les incendies de forêts. https://t.co/0EE92y86ea","lang":"fr","created_at":"2021-08-12T15:51:22.000Z"},{"attachments":{"media_keys":["3_1425745645537841153"]},"author_id":"462982647","id":"1425847153868541958","public_metrics":{"retweet_count":85,"reply_count":0,"like_count":0,"quote_count":0},"text":"RT @sirius1936: KABYLIE EN FEU\nUne pensée pour nos amis algériens eux aussi frappés par les incendies de forêts. https://t.co/0EE92y86ea","lang":"fr","created_at":"2021-08-12T15:50:27.000Z"},{"author_id":"1262741807483346945","id":"1425847149544284170","public_metrics":{"retweet_count":373,"reply_count":0,"like_count":0,"quote_count":0},"text":"RT @Reuters: Forest fires in Algeria killed 42 people, including 25 soldiers deployed to help put out the blaze, the government said, as th…","lang":"en","created_at":"2021-08-12T15:50:26.000Z"},{"author_id":"1146024722569867265","id":"1425846808102776833","public_metrics":{"retweet_count":373,"reply_count":0,"like_count":0,"quote_count":0},"text":"RT @Reuters: Forest fires in Algeria killed 42 people, including 25 soldiers deployed to help put out the blaze, the government said, as th…","lang":"en","created_at":"2021-08-12T15:49:04.000Z"},{"author_id":"804044288405499904","id":"1425846720085299202","public_metrics":{"retweet_count":373,"reply_count":0,"like_count":0,"quote_count":0},"text":"RT @Reuters: Forest fires in Algeria killed 42 people, including 25 soldiers deployed to help put out the blaze, the government said, as th…","lang":"en","created_at":"2021-08-12T15:48:43.000Z"},{"author_id":"1242540272728395784","id":"1425846682907029517","public_metrics":{"retweet_count":9,"reply_count":0,"like_count":0,"quote_count":0},"text":"RT @daylightaegi: My friend’s brother started to raise money for his family who got affected by the fires in Kabylia. They’ll also help fam…","lang":"en","created_at":"2021-08-12T15:48:34.000Z"},{"author_id":"1419034639910547459","id":"1425846363636617218","public_metrics":{"retweet_count":3,"reply_count":0,"like_count":0,"quote_count":0},"text":"RT @Momo06628171: @EmmanuelMacron Merci monsieur @EmmanuelMacron, vous êtes un grand homme, sachez que le peuple kabyles ne vous remerciera…","lang":"fr","created_at":"2021-08-12T15:47:18.000Z"},{"author_id":"1241122731455807488","id":"1425846276931862530","public_metrics":{"retweet_count":2897,"reply_count":0,"like_count":0,"quote_count":0},"text":"RT @Tizi_Ouzou15: Après la Covid-19, le manque d’eau, les chutes de tension, c’est au tour des incendies. \nPlusieurs feu  d’incendie ont ét…","lang":"fr","created_at":"2021-08-12T15:46:58.000Z"},{"author_id":"1196461432025632769","id":"1425846201069539331","public_metrics":{"retweet_count":72,"reply_count":0,"like_count":0,"quote_count":0},"text":"RT @Islametinfo: ⭕ #DrameEnCours #Béjaia #SOS : Le feu encercle de tout bord les villages de Tala Hiba (Toudja). L'évacuation est devenu im…","lang":"fr","created_at":"2021-08-12T15:46:39.000Z"},{"attachments":{"media_keys":["3_1425252039798427648"]},"author_id":"23643572","id":"1425846050359762949","public_metrics":{"retweet_count":817,"reply_count":0,"like_count":0,"quote_count":0},"text":"RT @KhaledBeydoun: Prayers up for Algeria \uD83C\uDDE9\uD83C\uDDFF— at least 42 people killed by fires raging in Kabylie region https://t.co/UQR1iI34Rk","lang":"en","created_at":"2021-08-12T15:46:04.000Z"},{"author_id":"3408298343","id":"1425845632116436994","public_metrics":{"retweet_count":916,"reply_count":0,"like_count":0,"quote_count":0},"text":"RT @_fitamine: L’Homme qui a été lynché brûle vif accusé d’avoir de vouloir allumer un incendie, était en réalité un artiste de Miliana qui…","lang":"fr","created_at":"2021-08-12T15:44:24.000Z"},{"attachments":{"media_keys":["3_1425252039798427648"]},"author_id":"1306669771673534464","id":"1425845616396144652","public_metrics":{"retweet_count":817,"reply_count":0,"like_count":0,"quote_count":0},"text":"RT @KhaledBeydoun: Prayers up for Algeria \uD83C\uDDE9\uD83C\uDDFF— at least 42 people killed by fires raging in Kabylie region https://t.co/UQR1iI34Rk","lang":"en","created_at":"2021-08-12T15:44:20.000Z"},{"author_id":"2445613827","id":"1425845613393059842","public_metrics":{"retweet_count":43,"reply_count":0,"like_count":0,"quote_count":0},"text":"RT @Mrleconstateur: Donc le Maroc, La France et la Tunisie proposent leur aide à l’Algérie pour éteindre le feu en Kabylie mais le gouverne…","lang":"fr","created_at":"2021-08-12T15:44:19.000Z"},{"author_id":"938353738116423680","id":"1425845276032516103","public_metrics":{"retweet_count":2,"reply_count":0,"like_count":0,"quote_count":0},"text":"RT @Association_LS: Début de la collecte des dons, l'élan de solidarité est spectaculaire, plusieurs personnes  se sont déplacés  pour offr…","lang":"fr","created_at":"2021-08-12T15:42:59.000Z"},{"author_id":"938353738116423680","id":"1425845228490170368","public_metrics":{"retweet_count":4,"reply_count":0,"like_count":0,"quote_count":0},"text":"RT @Association_LS: La kabylie prend feu, des familles, enfants  se sont retrouvés sans refuge, aujourd'hui il est de notre ultime devoir d…","lang":"fr","created_at":"2021-08-12T15:42:48.000Z"},{"author_id":"1362490250191323139","id":"1425845226732670987","public_metrics":{"retweet_count":9,"reply_count":1,"like_count":30,"quote_count":0},"text":"j’aimerais bien savoir ce que vous trouvez de drôle au fait que la kabylie soit en feu","lang":"fr","created_at":"2021-08-12T15:42:47.000Z"},{"author_id":"1183124202511093766","id":"1425845179983015945","public_metrics":{"retweet_count":2,"reply_count":0,"like_count":0,"quote_count":0},"text":"RT @Association_LS: Début de la collecte des dons, l'élan de solidarité est spectaculaire, plusieurs personnes  se sont déplacés  pour offr…","lang":"fr","created_at":"2021-08-12T15:42:36.000Z"},{"author_id":"1183124202511093766","id":"1425845150316744714","public_metrics":{"retweet_count":4,"reply_count":0,"like_count":0,"quote_count":0},"text":"RT @Association_LS: La kabylie prend feu, des familles, enfants  se sont retrouvés sans refuge, aujourd'hui il est de notre ultime devoir d…","lang":"fr","created_at":"2021-08-12T15:42:29.000Z"},{"author_id":"1034138057891606530","id":"1425844791070310404","public_metrics":{"retweet_count":11,"reply_count":0,"like_count":0,"quote_count":0},"text":"RT @IbnYoussef13: Il n'y a qu'Allah subhana wa ta'ala qui peut sauver la \uD83C\uDDE9\uD83C\uDDFF Kabylie.\n\nEt c'est pas \"Anzar\" qui va faire quoi que ce soit...…","lang":"fr","created_at":"2021-08-12T15:41:03.000Z"},{"attachments":{"media_keys":["3_1425252039798427648"]},"author_id":"1334443909884370946","id":"1425844542016790539","public_metrics":{"retweet_count":817,"reply_count":0,"like_count":0,"quote_count":0},"text":"RT @KhaledBeydoun: Prayers up for Algeria \uD83C\uDDE9\uD83C\uDDFF— at least 42 people killed by fires raging in Kabylie region https://t.co/UQR1iI34Rk","lang":"en","created_at":"2021-08-12T15:40:04.000Z"},{"attachments":{"media_keys":["3_1425252039798427648"]},"author_id":"4587049483","id":"1425844470340227072","public_metrics":{"retweet_count":817,"reply_count":0,"like_count":0,"quote_count":0},"text":"RT @KhaledBeydoun: Prayers up for Algeria \uD83C\uDDE9\uD83C\uDDFF— at least 42 people killed by fires raging in Kabylie region https://t.co/UQR1iI34Rk","lang":"en","created_at":"2021-08-12T15:39:47.000Z"},{"author_id":"1494760561","id":"1425844435263295496","public_metrics":{"retweet_count":9,"reply_count":0,"like_count":0,"quote_count":0},"text":"RT @daylightaegi: My friend’s brother started to raise money for his family who got affected by the fires in Kabylia. They’ll also help fam…","lang":"en","created_at":"2021-08-12T15:39:38.000Z"},{"author_id":"1235642820045819905","id":"1425844412156940293","public_metrics":{"retweet_count":11,"reply_count":0,"like_count":0,"quote_count":0},"text":"RT @IbnYoussef13: Il n'y a qu'Allah subhana wa ta'ala qui peut sauver la \uD83C\uDDE9\uD83C\uDDFF Kabylie.\n\nEt c'est pas \"Anzar\" qui va faire quoi que ce soit...…","lang":"fr","created_at":"2021-08-12T15:39:33.000Z"},{"author_id":"1374809161284915210","id":"1425844231369859079","public_metrics":{"retweet_count":0,"reply_count":0,"like_count":0,"quote_count":0},"text":"Faut plus les aider laisser les crever par le feu \uD83D\uDD25 le bon dieu leur a envoyer le feu a limage de le cœur haineux https://t.co/r2lf2HyXOx","lang":"fr","created_at":"2021-08-12T15:38:50.000Z"},{"author_id":"3502560617","id":"1425843664207634432","public_metrics":{"retweet_count":4132,"reply_count":0,"like_count":0,"quote_count":0},"text":"RT @AkliStaifi: La Kabylie brûle, l'Algérie brûle...\nqu'Allah viennent en aide au peuple Kabyle et que toutes les victimes mortes par cet i…","lang":"fr","created_at":"2021-08-12T15:36:35.000Z"},{"author_id":"1851815635","id":"1425843365745147905","public_metrics":{"retweet_count":1,"reply_count":0,"like_count":0,"quote_count":0},"text":"RT @SAT7UK: #Forestfires have now claimed 69 lives and made thousands homeless in #Algeria Pray for all affected &amp; all, including local cit…","lang":"en","created_at":"2021-08-12T15:35:23.000Z"},{"author_id":"1414899331644149762","id":"1425843334384431107","public_metrics":{"retweet_count":4,"reply_count":0,"like_count":0,"quote_count":0},"text":"RT @Association_LS: La kabylie prend feu, des familles, enfants  se sont retrouvés sans refuge, aujourd'hui il est de notre ultime devoir d…","lang":"fr","created_at":"2021-08-12T15:35:16.000Z"},{"author_id":"1009474667533529089","id":"1425843325517639693","public_metrics":{"retweet_count":0,"reply_count":0,"like_count":0,"quote_count":0},"text":"@dupontaignan Mr déjà c en Kabylie qui fait des ravages de feu et non en Grèce","lang":"fr","created_at":"2021-08-12T15:35:14.000Z"},{"author_id":"4691635279","id":"1425843295217983493","public_metrics":{"retweet_count":74,"reply_count":0,"like_count":0,"quote_count":0},"text":"RT @TariqibnZiyad__: Si la charia était instauré en Algérie cet innocent qui est venu aider ces frères en Kabylie ne serait pas brûlé vif c…","lang":"fr","created_at":"2021-08-12T15:35:07.000Z"},{"author_id":"1194584602062573569","id":"1425843222065070081","public_metrics":{"retweet_count":11,"reply_count":0,"like_count":0,"quote_count":0},"text":"RT @IbnYoussef13: Il n'y a qu'Allah subhana wa ta'ala qui peut sauver la \uD83C\uDDE9\uD83C\uDDFF Kabylie.\n\nEt c'est pas \"Anzar\" qui va faire quoi que ce soit...…","lang":"fr","created_at":"2021-08-12T15:34:49.000Z"},{"author_id":"1333154204303699970","id":"1425843216910331911","public_metrics":{"retweet_count":72,"reply_count":0,"like_count":0,"quote_count":0},"text":"RT @Islametinfo: ⭕ #DrameEnCours #Béjaia #SOS : Le feu encercle de tout bord les villages de Tala Hiba (Toudja). L'évacuation est devenu im…","lang":"fr","created_at":"2021-08-12T15:34:48.000Z"},{"attachments":{"media_keys":["3_1425252039798427648"]},"author_id":"1273331688542818305","id":"1425843069686059014","public_metrics":{"retweet_count":817,"reply_count":0,"like_count":0,"quote_count":0},"text":"RT @KhaledBeydoun: Prayers up for Algeria \uD83C\uDDE9\uD83C\uDDFF— at least 42 people killed by fires raging in Kabylie region https://t.co/UQR1iI34Rk","lang":"en","created_at":"2021-08-12T15:34:13.000Z"},{"attachments":{"media_keys":["3_1425252039798427648"]},"author_id":"205289858","id":"1425843038341980171","public_metrics":{"retweet_count":817,"reply_count":0,"like_count":0,"quote_count":0},"text":"RT @KhaledBeydoun: Prayers up for Algeria \uD83C\uDDE9\uD83C\uDDFF— at least 42 people killed by fires raging in Kabylie region https://t.co/UQR1iI34Rk","lang":"en","created_at":"2021-08-12T15:34:05.000Z"},{"author_id":"1414956171908337666","id":"1425843032251899925","public_metrics":{"retweet_count":2897,"reply_count":0,"like_count":0,"quote_count":0},"text":"RT @Tizi_Ouzou15: Après la Covid-19, le manque d’eau, les chutes de tension, c’est au tour des incendies. \nPlusieurs feu  d’incendie ont ét…","lang":"fr","created_at":"2021-08-12T15:34:04.000Z"},{"author_id":"1388100582070697985","id":"1425842919542509568","public_metrics":{"retweet_count":13,"reply_count":0,"like_count":0,"quote_count":0},"text":"RT @WassingtonPost: Pendant que le Maroc tend la main pour mettre fin aux incendies qui ravagent la Kabylie [...] les Algériens accusent le…","lang":"fr","created_at":"2021-08-12T15:33:37.000Z"},{"attachments":{"media_keys":["3_1425252039798427648"]},"author_id":"1170814341513404416","id":"1425842760419061764","public_metrics":{"retweet_count":817,"reply_count":0,"like_count":0,"quote_count":0},"text":"RT @KhaledBeydoun: Prayers up for Algeria \uD83C\uDDE9\uD83C\uDDFF— at least 42 people killed by fires raging in Kabylie region https://t.co/UQR1iI34Rk","lang":"en","created_at":"2021-08-12T15:32:59.000Z"},{"author_id":"1298737196913111046","id":"1425842538892693505","public_metrics":{"retweet_count":74,"reply_count":0,"like_count":0,"quote_count":0},"text":"RT @TariqibnZiyad__: Si la charia était instauré en Algérie cet innocent qui est venu aider ces frères en Kabylie ne serait pas brûlé vif c…","lang":"fr","created_at":"2021-08-12T15:32:06.000Z"},{"author_id":"1001518653563723776","id":"1425842415575896069","public_metrics":{"retweet_count":28,"reply_count":0,"like_count":0,"quote_count":0},"text":"RT @DWatsonfdz: \uD83C\uDDE9\uD83C\uDDFF\uD83C\uDDEB\uD83C\uDDF7 Conformément à l'annonce de Macron cette semaine, les 2 canadaires CL-415 de la sécurité civile française viennent d'a…","lang":"fr","created_at":"2021-08-12T15:31:37.000Z"},{"author_id":"778092130111815681","id":"1425842359980285956","public_metrics":{"retweet_count":9,"reply_count":0,"like_count":0,"quote_count":0},"text":"RT @daylightaegi: My friend’s brother started to raise money for his family who got affected by the fires in Kabylia. They’ll also help fam…","lang":"en","created_at":"2021-08-12T15:31:24.000Z"},{"attachments":{"media_keys":["3_1425252039798427648"]},"author_id":"2744502526","id":"1425842272537649158","public_metrics":{"retweet_count":817,"reply_count":0,"like_count":0,"quote_count":0},"text":"RT @KhaledBeydoun: Prayers up for Algeria \uD83C\uDDE9\uD83C\uDDFF— at least 42 people killed by fires raging in Kabylie region https://t.co/UQR1iI34Rk","lang":"en","created_at":"2021-08-12T15:31:03.000Z"},{"author_id":"1304893418192207872","id":"1425842243097747459","public_metrics":{"retweet_count":9,"reply_count":0,"like_count":0,"quote_count":0},"text":"RT @daylightaegi: My friend’s brother started to raise money for his family who got affected by the fires in Kabylia. They’ll also help fam…","lang":"en","created_at":"2021-08-12T15:30:56.000Z"},{"author_id":"1259843453787287557","id":"1425842180644646917","public_metrics":{"retweet_count":181,"reply_count":0,"like_count":0,"quote_count":0},"text":"RT @HindaBe0rlegui_: Après la Covid-19, le manque d’eau, les chutes de tension, c’est au tour des incendies. \nPlusieurs feu  d’incendie ont…","lang":"fr","created_at":"2021-08-12T15:30:41.000Z"},{"author_id":"1148352429584527361","id":"1425842074818121740","public_metrics":{"retweet_count":9,"reply_count":0,"like_count":0,"quote_count":0},"text":"RT @daylightaegi: My friend’s brother started to raise money for his family who got affected by the fires in Kabylia. They’ll also help fam…","lang":"en","created_at":"2021-08-12T15:30:16.000Z"},{"author_id":"1259843453787287557","id":"1425841865958600708","public_metrics":{"retweet_count":80,"reply_count":0,"like_count":0,"quote_count":0},"text":"RT @BenzLakhdar: Depuis hier, j'essaie de trouver des images de pompiers combattants le feu en Kabylie, mais en vain. Je ne trouve que des…","lang":"fr","created_at":"2021-08-12T15:29:26.000Z"},{"attachments":{"media_keys":["3_1425252039798427648"]},"author_id":"1313070927031070720","id":"1425841797175996416","public_metrics":{"retweet_count":817,"reply_count":0,"like_count":0,"quote_count":0},"text":"RT @KhaledBeydoun: Prayers up for Algeria \uD83C\uDDE9\uD83C\uDDFF— at least 42 people killed by fires raging in Kabylie region https://t.co/UQR1iI34Rk","lang":"en","created_at":"2021-08-12T15:29:09.000Z"},{"attachments":{"media_keys":["3_1425252039798427648"]},"author_id":"1308418493793144832","id":"1425841316320083979","public_metrics":{"retweet_count":817,"reply_count":0,"like_count":0,"quote_count":0},"text":"RT @KhaledBeydoun: Prayers up for Algeria \uD83C\uDDE9\uD83C\uDDFF— at least 42 people killed by fires raging in Kabylie region https://t.co/UQR1iI34Rk","lang":"en","created_at":"2021-08-12T15:27:15.000Z"},{"author_id":"1072946497325551616","id":"1425841295214395398","public_metrics":{"retweet_count":916,"reply_count":0,"like_count":0,"quote_count":0},"text":"RT @_fitamine: L’Homme qui a été lynché brûle vif accusé d’avoir de vouloir allumer un incendie, était en réalité un artiste de Miliana qui…","lang":"fr","created_at":"2021-08-12T15:27:10.000Z"},{"author_id":"1392502998547509249","id":"1425841198619676672","public_metrics":{"retweet_count":0,"reply_count":1,"like_count":0,"quote_count":0},"text":"Ouai bien sûr, c’est des Bédouins d’El Bayadh il ont fait la route à dos de chameau jusqu’en Kabylie pour mettre le feu et brûler des gens https://t.co/2PEawBiOWr","lang":"fr","created_at":"2021-08-12T15:26:47.000Z"},{"attachments":{"media_keys":["3_1425252039798427648"]},"author_id":"1094319061821992960","id":"1425841194790236164","public_metrics":{"retweet_count":817,"reply_count":0,"like_count":0,"quote_count":0},"text":"RT @KhaledBeydoun: Prayers up for Algeria \uD83C\uDDE9\uD83C\uDDFF— at least 42 people killed by fires raging in Kabylie region https://t.co/UQR1iI34Rk","lang":"en","created_at":"2021-08-12T15:26:46.000Z"},{"author_id":"1274780210","id":"1425841063508553739","public_metrics":{"retweet_count":916,"reply_count":0,"like_count":0,"quote_count":0},"text":"RT @_fitamine: L’Homme qui a été lynché brûle vif accusé d’avoir de vouloir allumer un incendie, était en réalité un artiste de Miliana qui…","lang":"fr","created_at":"2021-08-12T15:26:15.000Z"},{"author_id":"1231531235970879488","id":"1425841047347732485","public_metrics":{"retweet_count":74,"reply_count":0,"like_count":0,"quote_count":0},"text":"RT @TariqibnZiyad__: Si la charia était instauré en Algérie cet innocent qui est venu aider ces frères en Kabylie ne serait pas brûlé vif c…","lang":"fr","created_at":"2021-08-12T15:26:11.000Z"},{"author_id":"1204852478015148032","id":"1425840959565307913","public_metrics":{"retweet_count":34,"reply_count":0,"like_count":0,"quote_count":0},"text":"RT @Thaqvaylithh: Mon village accueille pour ceux au alentour qui veulent s’abriter \n\nLa bas le feu avance vers ismouhal iferhounene et ili…","lang":"fr","created_at":"2021-08-12T15:25:50.000Z"},{"attachments":{"media_keys":["3_1425252039798427648"]},"author_id":"1091271327888084992","id":"1425840912077262850","public_metrics":{"retweet_count":817,"reply_count":0,"like_count":0,"quote_count":0},"text":"RT @KhaledBeydoun: Prayers up for Algeria \uD83C\uDDE9\uD83C\uDDFF— at least 42 people killed by fires raging in Kabylie region https://t.co/UQR1iI34Rk","lang":"en","created_at":"2021-08-12T15:25:38.000Z"},{"attachments":{"media_keys":["3_1425252039798427648"]},"author_id":"18464266","id":"1425840889939861504","public_metrics":{"retweet_count":817,"reply_count":0,"like_count":0,"quote_count":0},"text":"RT @KhaledBeydoun: Prayers up for Algeria \uD83C\uDDE9\uD83C\uDDFF— at least 42 people killed by fires raging in Kabylie region https://t.co/UQR1iI34Rk","lang":"en","created_at":"2021-08-12T15:25:33.000Z"},{"author_id":"251058931","id":"1425840649346060289","public_metrics":{"retweet_count":0,"reply_count":0,"like_count":0,"quote_count":0},"text":"@Encalmeee @JustZeenab2 Merci qui? La #France qui ce matin a dépêché une équipe aguerrie pour survoler les montagnes de #kabylie \nDe l'aveu même de leur responsable entendu ce matin sur la #Radio #franceinfo \n2 Canadairs et un avion ne suffisent pas à éteindre tous les foyers de feu #incendieenkabylie","lang":"fr","created_at":"2021-08-12T15:24:36.000Z"},{"author_id":"813313256","id":"1425840605985267722","public_metrics":{"retweet_count":2897,"reply_count":0,"like_count":0,"quote_count":0},"text":"RT @Tizi_Ouzou15: Après la Covid-19, le manque d’eau, les chutes de tension, c’est au tour des incendies. \nPlusieurs feu  d’incendie ont ét…","lang":"fr","created_at":"2021-08-12T15:24:25.000Z"},{"attachments":{"media_keys":["7_1425470782189281287"]},"author_id":"1198802827428204545","id":"1425840418852200450","public_metrics":{"retweet_count":5,"reply_count":0,"like_count":0,"quote_count":0},"text":"RT @hadil2000: @wqvz24 Fire on fire \uD83D\uDC94\n\n#الجزائر_تحترق\n#SaveAlgeria\n#savedz\n#SOS_Kabylie https://t.co/QC7RKo1VtW","lang":"en","created_at":"2021-08-12T15:23:41.000Z"},{"author_id":"1357081616292712448","id":"1425840154737057795","public_metrics":{"retweet_count":1,"reply_count":0,"like_count":0,"quote_count":0},"text":"RT @moh35_boutiche: #islamicintelligence #freespeech #dgsi #france #boutichemohamed\n#kabylie \n\nC'est le #mak qui met l'#Algerie à feu et à…","lang":"fr","created_at":"2021-08-12T15:22:38.000Z"},{"author_id":"2595208968","id":"1425840111468515343","public_metrics":{"retweet_count":1108,"reply_count":0,"like_count":0,"quote_count":0},"text":"RT @_xAa09: vous préférez parler de Messi que de parler de la Kabylie qui est en train de prendre feu brf","lang":"fr","created_at":"2021-08-12T15:22:28.000Z"},{"attachments":{"media_keys":["3_1425745645537841153"]},"author_id":"3927776057","id":"1425839726305714183","public_metrics":{"retweet_count":85,"reply_count":0,"like_count":0,"quote_count":0},"text":"RT @sirius1936: KABYLIE EN FEU\nUne pensée pour nos amis algériens eux aussi frappés par les incendies de forêts. https://t.co/0EE92y86ea","lang":"fr","created_at":"2021-08-12T15:20:56.000Z"},{"author_id":"2261962411","id":"1425839702884569094","public_metrics":{"retweet_count":15,"reply_count":0,"like_count":0,"quote_count":0},"text":"RT @RachidTemal: Pour retrouver mon itw sur @BerbereTV sur les incendies qui ravagent l’Algerie et plus largement la Kabylie. \nMerci à tous…","lang":"fr","created_at":"2021-08-12T15:20:50.000Z"},{"author_id":"1048638157900734464","id":"1425839205956063234","public_metrics":{"retweet_count":9,"reply_count":0,"like_count":0,"quote_count":0},"text":"RT @NabilaKeramane: De quoi je me mêle, Monsieur le Député? \nCessez de mettre l’huile sur le feu! \nVotre empathie à géométrie variable cach…","lang":"fr","created_at":"2021-08-12T15:18:52.000Z"},{"author_id":"964907889910480896","id":"1425839078696620040","public_metrics":{"retweet_count":74,"reply_count":0,"like_count":0,"quote_count":0},"text":"RT @TariqibnZiyad__: Si la charia était instauré en Algérie cet innocent qui est venu aider ces frères en Kabylie ne serait pas brûlé vif c…","lang":"fr","created_at":"2021-08-12T15:18:21.000Z"},{"author_id":"177278463","id":"1425839051928702978","public_metrics":{"retweet_count":0,"reply_count":0,"like_count":3,"quote_count":0},"text":"@jclagarde des camions d'aide viennent de toutes les parties de l'algérie pour répondre au besoins de la population en Kabylie , l'algérie peuple et état n'a pas attendu la france pour s'engager dans cette bataille . il y'a 25 jeunes de l'armée qui sont mort dans ce combat contre le feu .","lang":"fr","created_at":"2021-08-12T15:18:15.000Z"},{"author_id":"1100002196916178944","id":"1425838725871845379","public_metrics":{"retweet_count":1108,"reply_count":0,"like_count":0,"quote_count":0},"text":"RT @_xAa09: vous préférez parler de Messi que de parler de la Kabylie qui est en train de prendre feu brf","lang":"fr","created_at":"2021-08-12T15:16:57.000Z"},{"attachments":{"media_keys":["3_1425745645537841153"]},"author_id":"460934787","id":"1425838696503201797","public_metrics":{"retweet_count":85,"reply_count":0,"like_count":0,"quote_count":0},"text":"RT @sirius1936: KABYLIE EN FEU\nUne pensée pour nos amis algériens eux aussi frappés par les incendies de forêts. https://t.co/0EE92y86ea","lang":"fr","created_at":"2021-08-12T15:16:50.000Z"},{"author_id":"1350557279230304259","id":"1425838593856053268","public_metrics":{"retweet_count":8,"reply_count":0,"like_count":0,"quote_count":0},"text":"RT @futurasciences: [\uD83C\uDF0D] Canada, USA, Grèce, Turquie, et maintenant l' #Algerie ! Plus de 70 départs de feu se sont déclarés en début de sem…","lang":"fr","created_at":"2021-08-12T15:16:26.000Z"},{"author_id":"2715285156","id":"1425838335881269250","public_metrics":{"retweet_count":0,"reply_count":0,"like_count":0,"quote_count":0},"text":"facts: \nthe fires are not just in kabylie\n\nthe government can’t weaponize fires to divide the country because they dont have the means to control them\n\nthe government wouldn’t try to distract   from people dying from corona by *checks notes* killing more people","lang":"en","created_at":"2021-08-12T15:15:24.000Z"}],"includes":{"media":[{"media_key":"3_1425745645537841153","type":"photo","url":"https://pbs.twimg.com/media/E8lEHFZX0AE6k45.jpg"},{"media_key":"3_1425252039798427648","type":"photo","url":"https://pbs.twimg.com/media/E8eDLcuWEAAHQzL.jpg"},{"media_key":"3_1425849244708126721","type":"photo","url":"https://pbs.twimg.com/media/E8miVWYWQAEWomg.jpg"},{"media_key":"3_1425849251427409928","type":"photo","url":"https://pbs.twimg.com/media/E8miVvaWYAgETqS.jpg"},{"media_key":"3_1425849261212712963","type":"photo","url":"https://pbs.twimg.com/media/E8miWT3WQAMK-yk.jpg"},{"media_key":"3_1425849266199797761","type":"photo","url":"https://pbs.twimg.com/media/E8miWmcXIAEtH9M.jpg"},{"media_key":"7_1425470782189281287","public_metrics":{"view_count":542},"type":"video"}]},"meta":{"newest_id":"1425852742610919425","oldest_id":"1425838335881269250","result_count":99,"next_token":"b26v89c19zqg8o3fpdm8kux6wzvdq9sl4qopdl8oqvwjh"}}