{"data":[{"author_id":"944803915668668417","created_at":"2021-08-12T15:14:43.000Z","lang":"en","public_metrics":{"retweet_count":373,"reply_count":0,"like_count":0,"quote_count":0},"text":"RT @Reuters: Forest fires in Algeria killed 42 people, including 25 soldiers deployed to help put out the blaze, the government said, as th…","id":"1425838161414918152"},{"author_id":"794116260","created_at":"2021-08-12T15:14:17.000Z","lang":"en","public_metrics":{"retweet_count":817,"reply_count":0,"like_count":0,"quote_count":0},"text":"RT @KhaledBeydoun: Prayers up for Algeria \uD83C\uDDE9\uD83C\uDDFF— at least 42 people killed by fires raging in Kabylie region https://t.co/UQR1iI34Rk","id":"1425838054128947202","attachments":{"media_keys":["3_1425252039798427648"]}},{"author_id":"1241052824210935808","created_at":"2021-08-12T15:13:33.000Z","lang":"fr","public_metrics":{"retweet_count":4132,"reply_count":0,"like_count":0,"quote_count":0},"text":"RT @AkliStaifi: La Kabylie brûle, l'Algérie brûle...\nqu'Allah viennent en aide au peuple Kabyle et que toutes les victimes mortes par cet i…","id":"1425837869961302018"},{"author_id":"117190419","created_at":"2021-08-12T15:13:27.000Z","lang":"en","public_metrics":{"retweet_count":1,"reply_count":0,"like_count":1,"quote_count":0},"text":"#Forestfires have now claimed 69 lives and made thousands homeless in #Algeria Pray for all affected &amp; all, including local citizens, fighting the fires &amp; distributing aid.   https://t.co/s05dbb7hKD","id":"1425837846095548433"},{"author_id":"1350557279230304259","created_at":"2021-08-12T15:13:16.000Z","lang":"fr","public_metrics":{"retweet_count":71,"reply_count":0,"like_count":0,"quote_count":0},"text":"RT @saintbrookdavis: Après le manque d'oxygène, c'est le feu qui ravage la Kabylie voilà l’état  actuellement, des bêtes mortes à causes de…","id":"1425837796271398920"},{"author_id":"871421563421298688","created_at":"2021-08-12T15:12:48.000Z","lang":"fr","public_metrics":{"retweet_count":2897,"reply_count":0,"like_count":0,"quote_count":0},"text":"RT @Tizi_Ouzou15: Après la Covid-19, le manque d’eau, les chutes de tension, c’est au tour des incendies. \nPlusieurs feu  d’incendie ont ét…","id":"1425837682404601856"},{"author_id":"1097184842712866821","created_at":"2021-08-12T15:12:35.000Z","lang":"fr","public_metrics":{"retweet_count":9,"reply_count":0,"like_count":0,"quote_count":0},"text":"RT @NabilaKeramane: De quoi je me mêle, Monsieur le Député? \nCessez de mettre l’huile sur le feu! \nVotre empathie à géométrie variable cach…","id":"1425837624003006467"},{"author_id":"1174028400593375233","created_at":"2021-08-12T15:11:23.000Z","lang":"fr","public_metrics":{"retweet_count":1108,"reply_count":0,"like_count":0,"quote_count":0},"text":"RT @_xAa09: vous préférez parler de Messi que de parler de la Kabylie qui est en train de prendre feu brf","id":"1425837324848537604"},{"author_id":"991367063062138880","created_at":"2021-08-12T15:10:13.000Z","lang":"fr","public_metrics":{"retweet_count":2897,"reply_count":0,"like_count":0,"quote_count":0},"text":"RT @Tizi_Ouzou15: Après la Covid-19, le manque d’eau, les chutes de tension, c’est au tour des incendies. \nPlusieurs feu  d’incendie ont ét…","id":"1425837029531791364"},{"author_id":"1247748826011545602","created_at":"2021-08-12T15:09:41.000Z","lang":"fr","public_metrics":{"retweet_count":2897,"reply_count":0,"like_count":0,"quote_count":0},"text":"RT @Tizi_Ouzou15: Après la Covid-19, le manque d’eau, les chutes de tension, c’est au tour des incendies. \nPlusieurs feu  d’incendie ont ét…","id":"1425836897503518723"},{"author_id":"1388870025897971714","created_at":"2021-08-12T15:09:34.000Z","lang":"fr","public_metrics":{"retweet_count":2897,"reply_count":0,"like_count":0,"quote_count":0},"text":"RT @Tizi_Ouzou15: Après la Covid-19, le manque d’eau, les chutes de tension, c’est au tour des incendies. \nPlusieurs feu  d’incendie ont ét…","id":"1425836866046087176"},{"author_id":"1169990063205355521","created_at":"2021-08-12T15:09:01.000Z","lang":"fr","public_metrics":{"retweet_count":2897,"reply_count":0,"like_count":0,"quote_count":0},"text":"RT @Tizi_Ouzou15: Après la Covid-19, le manque d’eau, les chutes de tension, c’est au tour des incendies. \nPlusieurs feu  d’incendie ont ét…","id":"1425836729030909954"},{"author_id":"1198740570262450176","created_at":"2021-08-12T15:08:23.000Z","lang":"fr","public_metrics":{"retweet_count":2897,"reply_count":0,"like_count":0,"quote_count":0},"text":"RT @Tizi_Ouzou15: Après la Covid-19, le manque d’eau, les chutes de tension, c’est au tour des incendies. \nPlusieurs feu  d’incendie ont ét…","id":"1425836570645450752"},{"author_id":"919223180224589824","created_at":"2021-08-12T15:07:55.000Z","lang":"fr","public_metrics":{"retweet_count":0,"reply_count":1,"like_count":0,"quote_count":0},"text":"@ela1yz Vraiment jsuis choqué dit toi que sa a brûlé un innocent sans preuve parcqu'il était suspecté d'avoir déclencher des incendie en kabylie","id":"1425836450675793926"},{"author_id":"1298889820886962176","created_at":"2021-08-12T15:06:54.000Z","lang":"fr","public_metrics":{"retweet_count":1108,"reply_count":0,"like_count":0,"quote_count":0},"text":"RT @_xAa09: vous préférez parler de Messi que de parler de la Kabylie qui est en train de prendre feu brf","id":"1425836194001133577"},{"author_id":"1262882722575417345","created_at":"2021-08-12T15:04:39.000Z","lang":"en","public_metrics":{"retweet_count":9,"reply_count":1,"like_count":10,"quote_count":0},"text":"My friend’s brother started to raise money for his family who got affected by the fires in Kabylia. They’ll also help families in his region, they’ll mostly buy medical supplies. Even 1€ count!  https://t.co/2sz7vmL1w6 https://t.co/5Lz2n3jlMg","id":"1425835630458806272","attachments":{"media_keys":["3_1425835624850853892"]}},{"author_id":"1314890502744035329","created_at":"2021-08-12T15:03:43.000Z","lang":"fr","public_metrics":{"retweet_count":7,"reply_count":0,"like_count":0,"quote_count":0},"text":"RT @kabyle: Immense incendie à la forêt du village Amraou #Amizour #Kabylie","id":"1425835395602817033"},{"author_id":"126559411","created_at":"2021-08-12T15:03:39.000Z","lang":"fr","public_metrics":{"retweet_count":9,"reply_count":0,"like_count":0,"quote_count":0},"text":"RT @NabilaKeramane: De quoi je me mêle, Monsieur le Député? \nCessez de mettre l’huile sur le feu! \nVotre empathie à géométrie variable cach…","id":"1425835376799731714"},{"author_id":"1094187946952011776","created_at":"2021-08-12T15:03:29.000Z","lang":"fr","public_metrics":{"retweet_count":30,"reply_count":0,"like_count":0,"quote_count":0},"text":"RT @Milieeelouu: \uD83D\uDD34 #URGENT Les habitants de Bohathem, Tala Heiba et Achloof de #Toudja sont encerclés par le feu, au point que les camions…","id":"1425835334458232833"},{"author_id":"1315722572055670786","created_at":"2021-08-12T15:03:11.000Z","lang":"fr","public_metrics":{"retweet_count":46,"reply_count":0,"like_count":0,"quote_count":0},"text":"RT @amishc1: C'est grave ce qui se passe dans le monde.... \nLa guerre en Palestine, les inondations en Chine, l'incendie en Turquie, la cri…","id":"1425835260223410176"},{"author_id":"1357450599776796673","created_at":"2021-08-12T15:01:49.000Z","lang":"fr","public_metrics":{"retweet_count":74,"reply_count":0,"like_count":0,"quote_count":0},"text":"RT @TariqibnZiyad__: Si la charia était instauré en Algérie cet innocent qui est venu aider ces frères en Kabylie ne serait pas brûlé vif c…","id":"1425834915023646726"},{"author_id":"830174175918694400","created_at":"2021-08-12T15:01:03.000Z","lang":"fr","public_metrics":{"retweet_count":0,"reply_count":2,"like_count":0,"quote_count":0},"text":"@p_tyko @YanisDjebli3 @KsssMarv La planète est en feu (Grèce, Kabylie, Turquie etc)\nLe GIEC prévoit des conséquences catastrophiques à cause du dérèglement climatique.\n+1,5 degrés d’ici 2030 !\nCela concerne l’humanité entière, si vous voyez d’autres priorités que celle-ci, je ne peux rien faire de + pour vous.","id":"1425834721729257473"},{"author_id":"533950294","created_at":"2021-08-12T15:00:54.000Z","lang":"fr","public_metrics":{"retweet_count":4132,"reply_count":0,"like_count":0,"quote_count":0},"text":"RT @AkliStaifi: La Kabylie brûle, l'Algérie brûle...\nqu'Allah viennent en aide au peuple Kabyle et que toutes les victimes mortes par cet i…","id":"1425834685821640718"},{"author_id":"1425808896564793348","created_at":"2021-08-12T15:00:49.000Z","lang":"fr","public_metrics":{"retweet_count":0,"reply_count":2,"like_count":0,"quote_count":0},"text":"@A67282373 #Tebboune criminel !! La junte militaire Algérienne mafieuse a mis le feu délibérément pour terroriser la population dissidentes \n#algerie #Tizi_Ouzou #Kabylie \uD83D\uDE21 https://t.co/YqcZhweeWq","id":"1425834666481917952","attachments":{"media_keys":["7_1425816981773512715"]}},{"author_id":"1303839132884533248","created_at":"2021-08-12T15:00:35.000Z","lang":"fr","public_metrics":{"retweet_count":916,"reply_count":0,"like_count":0,"quote_count":0},"text":"RT @_fitamine: L’Homme qui a été lynché brûle vif accusé d’avoir de vouloir allumer un incendie, était en réalité un artiste de Miliana qui…","id":"1425834608227147776"},{"author_id":"1010916655994757120","created_at":"2021-08-12T14:59:48.000Z","lang":"fr","public_metrics":{"retweet_count":2897,"reply_count":0,"like_count":0,"quote_count":0},"text":"RT @Tizi_Ouzou15: Après la Covid-19, le manque d’eau, les chutes de tension, c’est au tour des incendies. \nPlusieurs feu  d’incendie ont ét…","id":"1425834410180370440"},{"author_id":"1290763695073767429","created_at":"2021-08-12T14:58:32.000Z","lang":"fr","public_metrics":{"retweet_count":916,"reply_count":0,"like_count":0,"quote_count":0},"text":"RT @_fitamine: L’Homme qui a été lynché brûle vif accusé d’avoir de vouloir allumer un incendie, était en réalité un artiste de Miliana qui…","id":"1425834089530068992"},{"author_id":"1195415533748965376","created_at":"2021-08-12T14:56:38.000Z","lang":"fr","public_metrics":{"retweet_count":19,"reply_count":0,"like_count":0,"quote_count":0},"text":"RT @FMAGHREB2: Ce visage est celui du jeune algérien #DjamelBensmail , originaire de #Miliana . \nCe visage sera pour toujours le symbole d’…","id":"1425833610389581831"},{"author_id":"1417407113874268197","created_at":"2021-08-12T14:55:33.000Z","lang":"fr","public_metrics":{"retweet_count":5,"reply_count":0,"like_count":0,"quote_count":0},"text":"RT @helxso: La situation en Kabylie n’est pas le fruit d’une coïncidence ou d’un feu involontaire. Il faut savoir que les Berbères (Amazigh…","id":"1425833340779696134"},{"author_id":"752916490911903744","created_at":"2021-08-12T14:55:07.000Z","lang":"fr","public_metrics":{"retweet_count":995,"reply_count":0,"like_count":0,"quote_count":0},"text":"RT @Videos2Riles: Pour aider les victimes d'incendie en Kabylie \nIl existe une cagnotte sur Paypal que je vous partage \nhttps://t.co/t0Spnp…","id":"1425833230150737933"},{"author_id":"1273027703961157633","created_at":"2021-08-12T14:54:28.000Z","lang":"fr","public_metrics":{"retweet_count":0,"reply_count":3,"like_count":1,"quote_count":0},"text":"@anssm17 un homme s’est retrouver à être le bouc émissaire de l’incendie en kabylie... il s’est fait tabasser et brûlé à tord devant les policiers et les gens qui filmaient sans scrupule...\uD83E\uDD26\uD83C\uDFFD‍♀️","id":"1425833065146994688"},{"author_id":"2361786909","created_at":"2021-08-12T14:54:19.000Z","lang":"fr","public_metrics":{"retweet_count":916,"reply_count":0,"like_count":0,"quote_count":0},"text":"RT @_fitamine: L’Homme qui a été lynché brûle vif accusé d’avoir de vouloir allumer un incendie, était en réalité un artiste de Miliana qui…","id":"1425833031131037700"},{"author_id":"1425808896564793348","created_at":"2021-08-12T14:53:48.000Z","lang":"fr","public_metrics":{"retweet_count":0,"reply_count":1,"like_count":2,"quote_count":0},"text":"@A67282373 #Tebboune criminel !! La junte militaire Algérienne mafieuse a mis le feu délibérément pour terroriser la population dissidentes \n#algerie #Tizi_Ouzou #Kabylie \uD83D\uDE21 https://t.co/qC9riKfjoq","id":"1425832900512079873","attachments":{"media_keys":["7_1425824570062213123"]}},{"author_id":"241260416","created_at":"2021-08-12T14:53:33.000Z","lang":"fr","public_metrics":{"retweet_count":0,"reply_count":0,"like_count":0,"quote_count":0},"text":"@Lassme2 le feu de kabylie peut pas arriver chez moi eh eh","id":"1425832836846731264"},{"author_id":"1144949097994100736","created_at":"2021-08-12T14:52:24.000Z","lang":"fr","public_metrics":{"retweet_count":2897,"reply_count":0,"like_count":0,"quote_count":0},"text":"RT @Tizi_Ouzou15: Après la Covid-19, le manque d’eau, les chutes de tension, c’est au tour des incendies. \nPlusieurs feu  d’incendie ont ét…","id":"1425832548018528257"},{"author_id":"4604122343","created_at":"2021-08-12T14:51:59.000Z","lang":"fr","public_metrics":{"retweet_count":72,"reply_count":0,"like_count":0,"quote_count":0},"text":"RT @Islametinfo: ⭕ #DrameEnCours #Béjaia #SOS : Le feu encercle de tout bord les villages de Tala Hiba (Toudja). L'évacuation est devenu im…","id":"1425832443043401739"},{"author_id":"3366001492","created_at":"2021-08-12T14:51:03.000Z","lang":"fr","public_metrics":{"retweet_count":4132,"reply_count":0,"like_count":0,"quote_count":0},"text":"RT @AkliStaifi: La Kabylie brûle, l'Algérie brûle...\nqu'Allah viennent en aide au peuple Kabyle et que toutes les victimes mortes par cet i…","id":"1425832207826915346"},{"author_id":"1304762875303669761","created_at":"2021-08-12T14:50:52.000Z","lang":"fr","public_metrics":{"retweet_count":6,"reply_count":0,"like_count":0,"quote_count":0},"text":"RT @Szacassie: \uD83D\uDEA8 URGENT \uD83D\uDEA8 MEKLA ÉVACUEZ ⚠️ ZONE INDUSTRIELLE EN FEU ⚠️ \uD83D\uDEA8 RT SVP \n#savedz #AlgeriaIsBurning #Algerie #SaveAlgeria #kabyliebr…","id":"1425832159688880138"},{"author_id":"1181326951874736128","created_at":"2021-08-12T14:50:42.000Z","lang":"fr","public_metrics":{"retweet_count":573,"reply_count":0,"like_count":0,"quote_count":0},"text":"RT @chahrazzzz: 25 départs de feu aujourd’hui en Kabylie, c’est horrible https://t.co/vA8UKhswzZ","id":"1425832118660124672","attachments":{"media_keys":["3_1424849354947502081","3_1424849354934951937","3_1424849354939064327","3_1424849355727687699"]}},{"author_id":"1393344536408113159","created_at":"2021-08-12T14:50:23.000Z","lang":"fr","public_metrics":{"retweet_count":0,"reply_count":1,"like_count":0,"quote_count":0},"text":"pyromanes suspectés de déclencher des incendies criminels dans les forêts de cette #Kabylie qu’il voulait d’abord et avant tout secourir. Djamel faisait partie d’une association de bienfaisance pour aider ses frères kabyles à éteindre le feu qui les ravage.\n\nUne foule déchaînée,","id":"1425832040331563020"},{"author_id":"315002482","created_at":"2021-08-12T14:50:04.000Z","lang":"en","public_metrics":{"retweet_count":817,"reply_count":0,"like_count":0,"quote_count":0},"text":"RT @KhaledBeydoun: Prayers up for Algeria \uD83C\uDDE9\uD83C\uDDFF— at least 42 people killed by fires raging in Kabylie region https://t.co/UQR1iI34Rk","id":"1425831961629650961","attachments":{"media_keys":["3_1425252039798427648"]}},{"author_id":"820724331881840644","created_at":"2021-08-12T14:49:35.000Z","lang":"fr","public_metrics":{"retweet_count":19,"reply_count":0,"like_count":0,"quote_count":0},"text":"RT @FMAGHREB2: Ce visage est celui du jeune algérien #DjamelBensmail , originaire de #Miliana . \nCe visage sera pour toujours le symbole d’…","id":"1425831838908514318"},{"author_id":"791943963456315392","created_at":"2021-08-12T14:49:24.000Z","lang":"fr","public_metrics":{"retweet_count":0,"reply_count":0,"like_count":1,"quote_count":0},"text":"@_ALJAZAIRI_XYZ @MlissaSissa2 @epsilonov71 Oui on des preuves que ce système qui mettent feu en kabylie","id":"1425831790309224448"},{"author_id":"1425808896564793348","created_at":"2021-08-12T14:48:21.000Z","lang":"fr","public_metrics":{"retweet_count":0,"reply_count":0,"like_count":1,"quote_count":0},"text":"@APS_Algerie #Tebboune criminel !! La junte militaire Algérienne mafieuse a mis le feu délibérément pour terroriser la population dissidentes \n#algerie #Tizi_Ouzou #Kabylie \uD83D\uDE21 https://t.co/YqcZhweeWq","id":"1425831525967400960","attachments":{"media_keys":["7_1425816981773512715"]}},{"author_id":"1425808896564793348","created_at":"2021-08-12T14:47:56.000Z","lang":"fr","public_metrics":{"retweet_count":0,"reply_count":0,"like_count":0,"quote_count":0},"text":"@Lamamra_dz #Tebboune criminel !! La junte militaire Algérienne mafieuse a mis le feu délibérément pour terroriser la population dissidentes \n#algerie #Tizi_Ouzou #Kabylie \uD83D\uDE21 https://t.co/YqcZhweeWq","id":"1425831424083517440","attachments":{"media_keys":["7_1425816981773512715"]}},{"author_id":"1396737850612269057","created_at":"2021-08-12T14:47:42.000Z","lang":"fr","public_metrics":{"retweet_count":37,"reply_count":0,"like_count":0,"quote_count":0},"text":"RT @mishette_b: Mon village Tagmount Azouz (béni douala ) est entrain de brûler RT svp nous vous besoin de votre aide le feu arrive aux mai…","id":"1425831365811998744"},{"author_id":"1417107447785869315","created_at":"2021-08-12T14:46:39.000Z","lang":"fr","public_metrics":{"retweet_count":1,"reply_count":0,"like_count":0,"quote_count":0},"text":"RT @StrikerAmazing: @Lamamra_dz @APS_Algerie #Tebboune criminel !! La junte militaire Algérienne mafieuse a mis le feu délibérément pour te…","id":"1425831100845215751"},{"author_id":"1425808896564793348","created_at":"2021-08-12T14:46:19.000Z","lang":"fr","public_metrics":{"retweet_count":1,"reply_count":0,"like_count":0,"quote_count":3},"text":"@APS_Algerie #Tebboune criminel !! La junte militaire Algérienne mafieuse a mis le feu délibérément pour terroriser la population dissidentes \n#algerie #Tizi_Ouzou #Kabylie \uD83D\uDE21 https://t.co/YqcZhweeWq","id":"1425831015021416448","attachments":{"media_keys":["7_1425816981773512715"]}},{"author_id":"1425808896564793348","created_at":"2021-08-12T14:45:57.000Z","lang":"fr","public_metrics":{"retweet_count":0,"reply_count":0,"like_count":0,"quote_count":0},"text":"@APS_Algerie #Tebboune criminel !! La junte militaire Algérienne mafieuse a mis le feu délibérément pour terroriser la population dissidentes \n#algerie #Tizi_Ouzou #Kabylie \uD83D\uDE21 https://t.co/qC9riKfjoq","id":"1425830924239970304","attachments":{"media_keys":["7_1425824570062213123"]}},{"author_id":"1425808896564793348","created_at":"2021-08-12T14:45:48.000Z","lang":"fr","public_metrics":{"retweet_count":1,"reply_count":0,"like_count":1,"quote_count":0},"text":"@Lamamra_dz @APS_Algerie #Tebboune criminel !! La junte militaire Algérienne mafieuse a mis le feu délibérément pour terroriser la population dissidentes \n#algerie #Tizi_Ouzou #Kabylie \uD83D\uDE21 https://t.co/qC9riKfjoq","id":"1425830885329362944","attachments":{"media_keys":["7_1425824570062213123"]}},{"author_id":"1425808896564793348","created_at":"2021-08-12T14:45:40.000Z","lang":"fr","public_metrics":{"retweet_count":0,"reply_count":0,"like_count":1,"quote_count":0},"text":"@APS_Algerie #Tebboune criminel !! La junte militaire Algérienne mafieuse a mis le feu délibérément pour terroriser la population dissidentes \n#algerie #Tizi_Ouzou #Kabylie \uD83D\uDE21 https://t.co/qC9riKfjoq","id":"1425830851766591489","attachments":{"media_keys":["7_1425824570062213123"]}},{"author_id":"1137177651968434177","created_at":"2021-08-12T14:44:52.000Z","lang":"fr","public_metrics":{"retweet_count":2897,"reply_count":0,"like_count":0,"quote_count":0},"text":"RT @Tizi_Ouzou15: Après la Covid-19, le manque d’eau, les chutes de tension, c’est au tour des incendies. \nPlusieurs feu  d’incendie ont ét…","id":"1425830651454922764"},{"author_id":"1325045036808085505","created_at":"2021-08-12T14:44:16.000Z","lang":"fr","public_metrics":{"retweet_count":3,"reply_count":0,"like_count":0,"quote_count":0},"text":"RT @StrikerAmazing: @TSAlgerie #Tebboune criminel !! La junte militaire Algérienne mafieuse a mis le feu délibérément pour terroriser la po…","id":"1425830499897860108"},{"author_id":"392094088","created_at":"2021-08-12T14:43:29.000Z","lang":"fr","public_metrics":{"retweet_count":1,"reply_count":0,"like_count":0,"quote_count":0},"text":"RT @FaziaG: @EmmanuelMacron monsieur le President les canadairs ne sont toujours pas en opération beaucoup de feux subsistent c’est extrême…","id":"1425830304774725648"},{"author_id":"1425808896564793348","created_at":"2021-08-12T14:42:16.000Z","lang":"fr","public_metrics":{"retweet_count":0,"reply_count":0,"like_count":0,"quote_count":0},"text":"@Abdl76467878 @MarocDiplomatie #Tebboune criminel !! La junte militaire Algérienne mafieuse a mis le feu délibérément pour terroriser la population dissidentes \n#algerie #Tizi_Ouzou #Kabylie \uD83D\uDE21 https://t.co/qC9riKfjoq","id":"1425829997118476289","attachments":{"media_keys":["7_1425824570062213123"]}},{"author_id":"1425808896564793348","created_at":"2021-08-12T14:41:49.000Z","lang":"fr","public_metrics":{"retweet_count":0,"reply_count":0,"like_count":1,"quote_count":0},"text":"@Abdl76467878 @MarocDiplomatie #Tebboune criminel !! La junte militaire Algérienne mafieuse a mis le feu délibérément pour terroriser la population dissidentes \n#algerie #Tizi_Ouzou #Kabylie \uD83D\uDE21 https://t.co/YqcZhweeWq","id":"1425829883536711680","attachments":{"media_keys":["7_1425816981773512715"]}},{"author_id":"435836959","created_at":"2021-08-12T14:41:13.000Z","lang":"fr","public_metrics":{"retweet_count":4132,"reply_count":0,"like_count":0,"quote_count":0},"text":"RT @AkliStaifi: La Kabylie brûle, l'Algérie brûle...\nqu'Allah viennent en aide au peuple Kabyle et que toutes les victimes mortes par cet i…","id":"1425829731111378959"},{"author_id":"1333465529479290884","created_at":"2021-08-12T14:40:21.000Z","lang":"fr","public_metrics":{"retweet_count":916,"reply_count":0,"like_count":0,"quote_count":0},"text":"RT @_fitamine: L’Homme qui a été lynché brûle vif accusé d’avoir de vouloir allumer un incendie, était en réalité un artiste de Miliana qui…","id":"1425829512940462086"},{"author_id":"1124907422240444416","created_at":"2021-08-12T14:40:06.000Z","lang":"fr","public_metrics":{"retweet_count":66,"reply_count":0,"like_count":0,"quote_count":0},"text":"RT @razika_matcho: Pour ceux qui veulent aider, s'il vous plaît contacter \n@theogghizlane \n@Sokorrr \n@_ba3oucha_ \n\n#savedz #kabylie_brûle #…","id":"1425829453200977926"},{"author_id":"1425808896564793348","created_at":"2021-08-12T14:39:17.000Z","lang":"fr","public_metrics":{"retweet_count":1,"reply_count":0,"like_count":0,"quote_count":0},"text":"RT @StrikerAmazing: @BMilantay @TSAlgerie #Tebboune criminel !! La junte militaire Algérienne mafieuse a mis le feu délibérément pour terro…","id":"1425829246857998349"},{"author_id":"1425808896564793348","created_at":"2021-08-12T14:39:07.000Z","lang":"fr","public_metrics":{"retweet_count":3,"reply_count":0,"like_count":0,"quote_count":0},"text":"RT @StrikerAmazing: @TSAlgerie #Tebboune criminel !! La junte militaire Algérienne mafieuse a mis le feu délibérément pour terroriser la po…","id":"1425829204415811608"},{"author_id":"799928795327250432","created_at":"2021-08-12T14:38:59.000Z","lang":"fr","public_metrics":{"retweet_count":1713,"reply_count":0,"like_count":0,"quote_count":0},"text":"RT @youbi_offline: Situation dramatique ce soir en Kabylie. Près de 19 départs de feu ont été recensés en même temps. Qu'Allah protège nos…","id":"1425829168743280654"},{"author_id":"1270826126907256836","created_at":"2021-08-12T14:38:18.000Z","lang":"fr","public_metrics":{"retweet_count":916,"reply_count":0,"like_count":0,"quote_count":0},"text":"RT @_fitamine: L’Homme qui a été lynché brûle vif accusé d’avoir de vouloir allumer un incendie, était en réalité un artiste de Miliana qui…","id":"1425828997565345801"},{"author_id":"1174873545995882496","created_at":"2021-08-12T14:37:49.000Z","lang":"fr","public_metrics":{"retweet_count":2897,"reply_count":0,"like_count":0,"quote_count":0},"text":"RT @Tizi_Ouzou15: Après la Covid-19, le manque d’eau, les chutes de tension, c’est au tour des incendies. \nPlusieurs feu  d’incendie ont ét…","id":"1425828875427147778"},{"author_id":"1104057088920244224","created_at":"2021-08-12T14:37:05.000Z","lang":"en","public_metrics":{"retweet_count":33,"reply_count":0,"like_count":0,"quote_count":0},"text":"RT @RandaHabib: At least 42 people killed by forest fires in #Algeria including 25 soldiers in Tizi Ouzou part of Kabylie region east of th…","id":"1425828693381816334"},{"author_id":"1333411087727865858","created_at":"2021-08-12T14:36:01.000Z","lang":"fr","public_metrics":{"retweet_count":1108,"reply_count":0,"like_count":0,"quote_count":0},"text":"RT @_xAa09: vous préférez parler de Messi que de parler de la Kabylie qui est en train de prendre feu brf","id":"1425828422559834124"},{"author_id":"1100813364735954944","created_at":"2021-08-12T14:35:21.000Z","lang":"fr","public_metrics":{"retweet_count":916,"reply_count":0,"like_count":0,"quote_count":0},"text":"RT @_fitamine: L’Homme qui a été lynché brûle vif accusé d’avoir de vouloir allumer un incendie, était en réalité un artiste de Miliana qui…","id":"1425828254347268098"},{"author_id":"1274806218486415365","created_at":"2021-08-12T14:35:10.000Z","lang":"fr","public_metrics":{"retweet_count":916,"reply_count":0,"like_count":0,"quote_count":0},"text":"RT @_fitamine: L’Homme qui a été lynché brûle vif accusé d’avoir de vouloir allumer un incendie, était en réalité un artiste de Miliana qui…","id":"1425828208239280131"},{"author_id":"1867491996","created_at":"2021-08-12T14:33:58.000Z","lang":"fr","public_metrics":{"retweet_count":4,"reply_count":0,"like_count":5,"quote_count":0},"text":"Solidarité avec le Peuple Algérien, la Kabylie touché par de grave incendie meurtriers. #PrayForKabylia #Algeria\nhttps://t.co/yjH5aMIXAY","id":"1425827909248425984"},{"author_id":"1332807003509579778","created_at":"2021-08-12T14:32:39.000Z","lang":"fr","public_metrics":{"retweet_count":573,"reply_count":0,"like_count":0,"quote_count":0},"text":"RT @chahrazzzz: 25 départs de feu aujourd’hui en Kabylie, c’est horrible https://t.co/vA8UKhswzZ","id":"1425827577646620692","attachments":{"media_keys":["3_1424849354947502081","3_1424849354934951937","3_1424849354939064327","3_1424849355727687699"]}},{"author_id":"1265030852116971538","created_at":"2021-08-12T14:32:02.000Z","lang":"fr","public_metrics":{"retweet_count":4132,"reply_count":0,"like_count":0,"quote_count":0},"text":"RT @AkliStaifi: La Kabylie brûle, l'Algérie brûle...\nqu'Allah viennent en aide au peuple Kabyle et que toutes les victimes mortes par cet i…","id":"1425827422516105216"},{"author_id":"1398999584622346246","created_at":"2021-08-12T14:31:36.000Z","lang":"en","public_metrics":{"retweet_count":9,"reply_count":0,"like_count":0,"quote_count":0},"text":"RT @buckysrhapsody: however, these fires aren’t usually caused by the heat but by criminals. pyromaniacs, algerians who want to destroy Kab…","id":"1425827313845825546"},{"author_id":"1230836177458094081","created_at":"2021-08-12T14:31:36.000Z","lang":"en","public_metrics":{"retweet_count":26,"reply_count":0,"like_count":0,"quote_count":0},"text":"RT @RandaHabib: At least 69 people including 28 soldiers have been killed in fires across northern #Algeria.\nThe worst hit area has been Ti…","id":"1425827311291539459"},{"author_id":"1000062179452837888","created_at":"2021-08-12T14:31:28.000Z","lang":"fr","public_metrics":{"retweet_count":916,"reply_count":0,"like_count":0,"quote_count":0},"text":"RT @_fitamine: L’Homme qui a été lynché brûle vif accusé d’avoir de vouloir allumer un incendie, était en réalité un artiste de Miliana qui…","id":"1425827279423246339"},{"author_id":"1860759872","created_at":"2021-08-12T14:30:15.000Z","lang":"fr","public_metrics":{"retweet_count":916,"reply_count":0,"like_count":0,"quote_count":0},"text":"RT @_fitamine: L’Homme qui a été lynché brûle vif accusé d’avoir de vouloir allumer un incendie, était en réalité un artiste de Miliana qui…","id":"1425826970831507471"},{"author_id":"1374802515653488642","created_at":"2021-08-12T14:29:30.000Z","lang":"en","public_metrics":{"retweet_count":26,"reply_count":0,"like_count":0,"quote_count":0},"text":"RT @RandaHabib: At least 69 people including 28 soldiers have been killed in fires across northern #Algeria.\nThe worst hit area has been Ti…","id":"1425826785254547456"},{"author_id":"917410795297886209","created_at":"2021-08-12T14:29:23.000Z","lang":"fr","public_metrics":{"retweet_count":7,"reply_count":0,"like_count":0,"quote_count":0},"text":"RT @kabyle: Immense incendie à la forêt du village Amraou #Amizour #Kabylie","id":"1425826753172295687"},{"author_id":"1146951347436163072","created_at":"2021-08-12T14:29:14.000Z","lang":"fr","public_metrics":{"retweet_count":1108,"reply_count":0,"like_count":0,"quote_count":0},"text":"RT @_xAa09: vous préférez parler de Messi que de parler de la Kabylie qui est en train de prendre feu brf","id":"1425826717977907207"},{"author_id":"1266447174449184772","created_at":"2021-08-12T14:29:00.000Z","lang":"fr","public_metrics":{"retweet_count":0,"reply_count":0,"like_count":0,"quote_count":0},"text":"Incendie en Kabylie..\n99 foyers dans 18 wilayas les pompiers, l armée et la protection civile ainsi que la population ont luttés toute la nuit pour éteindre 30 feux toute la nuit. Au matin il n y avait plus que 69. \n\nhttps://t.co/KdPKLBkbeu","id":"1425826657311543296"},{"author_id":"1127995833939582976","created_at":"2021-08-12T14:28:45.000Z","lang":"fr","public_metrics":{"retweet_count":0,"reply_count":0,"like_count":1,"quote_count":0},"text":"@naima2701 Naima ,\nCe n’est pas que la Kabylie qui est en feu ! mais toute l’Algérie …\nPour ce qui est des élections je ne pense pas que Macron cherche des voix ….\nC’est un geste humanitaire qui prouve toute la grandeur de notre Président ….\nMerci Mr Macron ❤️","id":"1425826594845696014"},{"author_id":"18115983","created_at":"2021-08-12T14:28:05.000Z","lang":"fr","public_metrics":{"retweet_count":7,"reply_count":1,"like_count":7,"quote_count":1},"text":"Immense incendie à la forêt du village Amraou #Amizour #Kabylie https://t.co/iTZdeUOFRe","id":"1425826427551707153"},{"author_id":"110857262","created_at":"2021-08-12T14:27:15.000Z","lang":"en","public_metrics":{"retweet_count":177,"reply_count":0,"like_count":0,"quote_count":0},"text":"RT @BooksToMyAss: The fires in the Algerian kabylie (Amazigh region) is only getting worse. People are dying people are losing their houses…","id":"1425826217916203021"},{"author_id":"1718935916","created_at":"2021-08-12T14:26:56.000Z","lang":"fr","public_metrics":{"retweet_count":2897,"reply_count":0,"like_count":0,"quote_count":0},"text":"RT @Tizi_Ouzou15: Après la Covid-19, le manque d’eau, les chutes de tension, c’est au tour des incendies. \nPlusieurs feu  d’incendie ont ét…","id":"1425826138543198208"},{"author_id":"1258135426491179008","created_at":"2021-08-12T14:26:30.000Z","lang":"fr","public_metrics":{"retweet_count":0,"reply_count":0,"like_count":0,"quote_count":0},"text":"Tu préfères parler des gens qui parles de Messi que de parler de la kabylie qui prend feu bref https://t.co/aWG3tKOxDK","id":"1425826030208512005"},{"author_id":"1387503575945859077","created_at":"2021-08-12T14:26:11.000Z","lang":"fr","public_metrics":{"retweet_count":66,"reply_count":0,"like_count":0,"quote_count":0},"text":"RT @razika_matcho: Pour ceux qui veulent aider, s'il vous plaît contacter \n@theogghizlane \n@Sokorrr \n@_ba3oucha_ \n\n#savedz #kabylie_brûle #…","id":"1425825950642569222"},{"author_id":"1298605411424243713","created_at":"2021-08-12T14:26:10.000Z","lang":"fr","public_metrics":{"retweet_count":74,"reply_count":0,"like_count":0,"quote_count":0},"text":"RT @TariqibnZiyad__: Si la charia était instauré en Algérie cet innocent qui est venu aider ces frères en Kabylie ne serait pas brûlé vif c…","id":"1425825946355912717"},{"author_id":"1182932698479890432","created_at":"2021-08-12T14:26:09.000Z","lang":"en","public_metrics":{"retweet_count":817,"reply_count":0,"like_count":0,"quote_count":0},"text":"RT @KhaledBeydoun: Prayers up for Algeria \uD83C\uDDE9\uD83C\uDDFF— at least 42 people killed by fires raging in Kabylie region https://t.co/UQR1iI34Rk","id":"1425825940232237062","attachments":{"media_keys":["3_1425252039798427648"]}},{"author_id":"1000145439369330690","created_at":"2021-08-12T14:25:36.000Z","lang":"fr","public_metrics":{"retweet_count":2897,"reply_count":0,"like_count":0,"quote_count":0},"text":"RT @Tizi_Ouzou15: Après la Covid-19, le manque d’eau, les chutes de tension, c’est au tour des incendies. \nPlusieurs feu  d’incendie ont ét…","id":"1425825802755600386"},{"author_id":"2223480024","created_at":"2021-08-12T14:24:40.000Z","lang":"fr","public_metrics":{"retweet_count":916,"reply_count":0,"like_count":0,"quote_count":0},"text":"RT @_fitamine: L’Homme qui a été lynché brûle vif accusé d’avoir de vouloir allumer un incendie, était en réalité un artiste de Miliana qui…","id":"1425825566834393090"},{"author_id":"244170872","created_at":"2021-08-12T14:24:21.000Z","lang":"fr","public_metrics":{"retweet_count":5,"reply_count":0,"like_count":0,"quote_count":0},"text":"RT @Rasah13: Au moins 69 morts en Kabylie avec les incendies... Quand l’État algérien va-t-il accepter l’aide internationale? Les habitants…","id":"1425825485997576197"},{"author_id":"1425808896564793348","created_at":"2021-08-12T14:24:16.000Z","lang":"fr","public_metrics":{"retweet_count":1,"reply_count":1,"like_count":1,"quote_count":0},"text":"@BMilantay @TSAlgerie #Tebboune criminel !! La junte militaire Algérienne mafieuse a mis le feu délibérément pour terroriser la population dissidentes \n#algerie #Tizi_Ouzou #Kabylie \uD83D\uDE21 https://t.co/qC9riKfjoq","id":"1425825464954892289","attachments":{"media_keys":["7_1425824570062213123"]}},{"author_id":"1307619553330057222","created_at":"2021-08-12T14:23:30.000Z","lang":"fr","public_metrics":{"retweet_count":37,"reply_count":0,"like_count":0,"quote_count":0},"text":"RT @mishette_b: Mon village Tagmount Azouz (béni douala ) est entrain de brûler RT svp nous vous besoin de votre aide le feu arrive aux mai…","id":"1425825272767471624"},{"author_id":"1151535854042656770","created_at":"2021-08-12T14:23:13.000Z","lang":"fr","public_metrics":{"retweet_count":0,"reply_count":0,"like_count":0,"quote_count":0},"text":"Quand un gouvernement est incompétent jusqu’au bout .\n#Algeria_forest_fires #Kabylie #kabyliebrule https://t.co/Z2MsiyZFvv","id":"1425825203821547522","attachments":{"media_keys":["3_1425825196972285963"]}},{"author_id":"117386227","created_at":"2021-08-12T14:21:51.000Z","lang":"fr","public_metrics":{"retweet_count":1,"reply_count":0,"like_count":0,"quote_count":1},"text":"@EmmanuelMacron monsieur le President les canadairs ne sont toujours pas en opération beaucoup de feux subsistent c’est extrêmement urgent s’il vous plaît encore merci  #kabylie #FEU #URGENT #algerie","id":"1425824856600371201"},{"author_id":"1148585520999620608","created_at":"2021-08-12T14:21:38.000Z","lang":"fr","public_metrics":{"retweet_count":916,"reply_count":0,"like_count":0,"quote_count":0},"text":"RT @_fitamine: L’Homme qui a été lynché brûle vif accusé d’avoir de vouloir allumer un incendie, était en réalité un artiste de Miliana qui…","id":"1425824803152269332"},{"author_id":"840404414","created_at":"2021-08-12T14:21:07.000Z","lang":"fr","public_metrics":{"retweet_count":2897,"reply_count":0,"like_count":0,"quote_count":0},"text":"RT @Tizi_Ouzou15: Après la Covid-19, le manque d’eau, les chutes de tension, c’est au tour des incendies. \nPlusieurs feu  d’incendie ont ét…","id":"1425824674621968390"},{"author_id":"1035311848822906882","created_at":"2021-08-12T14:20:11.000Z","lang":"fr","public_metrics":{"retweet_count":43,"reply_count":0,"like_count":0,"quote_count":0},"text":"RT @Mrleconstateur: Donc le Maroc, La France et la Tunisie proposent leur aide à l’Algérie pour éteindre le feu en Kabylie mais le gouverne…","id":"1425824440890191886"},{"author_id":"1355241417203978240","created_at":"2021-08-12T14:20:07.000Z","lang":"fr","public_metrics":{"retweet_count":16,"reply_count":0,"like_count":0,"quote_count":0},"text":"RT @Cita_Friends: Je suis quasi sûr qu'on a payer des gens pour allumer des feu qui irait nuire des villages entier avec famille enfant etc…","id":"1425824420745027589"},{"author_id":"2200249543","created_at":"2021-08-12T14:19:59.000Z","lang":"fr","public_metrics":{"retweet_count":0,"reply_count":0,"like_count":1,"quote_count":0},"text":"@F_Desouche Déçu, même si une partie de la kabylie est partie en feu, il n'y a pas de raisons pour faire ça. Surtout qu'il était innocent","id":"1425824387278589957"}],"includes":{"media":[{"media_key":"3_1425252039798427648","type":"photo","url":"https://pbs.twimg.com/media/E8eDLcuWEAAHQzL.jpg"},{"media_key":"3_1425835624850853892","type":"photo","url":"https://pbs.twimg.com/media/E8mV8kdVEAQ05T2.jpg"},{"media_key":"7_1425816981773512715","public_metrics":{"view_count":837},"type":"video"},{"media_key":"7_1425824570062213123","public_metrics":{"view_count":388},"type":"video"},{"media_key":"3_1424849354947502081","type":"photo","url":"https://pbs.twimg.com/media/E8YU8GwXIAEaVtd.jpg"},{"media_key":"3_1424849354934951937","type":"photo","url":"https://pbs.twimg.com/media/E8YU8GtXoAEXCRu.jpg"},{"media_key":"3_1424849354939064327","type":"photo","url":"https://pbs.twimg.com/media/E8YU8GuWYAcbbO-.jpg"},{"media_key":"3_1424849355727687699","type":"photo","url":"https://pbs.twimg.com/media/E8YU8JqX0BMgrdP.jpg"},{"media_key":"3_1425825196972285963","type":"photo","url":"https://pbs.twimg.com/media/E8mMdllVoAslmMz.jpg"}]},"meta":{"newest_id":"1425838161414918152","oldest_id":"1425824387278589957","result_count":99,"next_token":"b26v89c19zqg8o3fpdm8kuwvyi0dzuztucvbypo1so6m5"}}