{"data":[{"author_id":"925398821252861952","created_at":"2021-08-13T11:01:42.000Z","lang":"fr","public_metrics":{"retweet_count":181,"reply_count":0,"like_count":0,"quote_count":0},"text":"RT @sofiane19e: \uD83D\uDD34 Douas \nUn frère m'envoie souvent des photos de son magnifique village natal de Kabylie.\n\nVoici 2 photos de celui-ci avant…","id":"1426136875383894020"},{"author_id":"1350435739453026304","created_at":"2021-08-13T11:01:15.000Z","lang":"fr","public_metrics":{"retweet_count":181,"reply_count":0,"like_count":0,"quote_count":0},"text":"RT @sofiane19e: \uD83D\uDD34 Douas \nUn frère m'envoie souvent des photos de son magnifique village natal de Kabylie.\n\nVoici 2 photos de celui-ci avant…","id":"1426136765593800712"},{"author_id":"1260667298232311813","created_at":"2021-08-13T11:00:50.000Z","lang":"fr","public_metrics":{"retweet_count":181,"reply_count":0,"like_count":0,"quote_count":0},"text":"RT @sofiane19e: \uD83D\uDD34 Douas \nUn frère m'envoie souvent des photos de son magnifique village natal de Kabylie.\n\nVoici 2 photos de celui-ci avant…","id":"1426136656952823810"},{"author_id":"2908041183","created_at":"2021-08-13T11:00:20.000Z","lang":"fr","public_metrics":{"retweet_count":2897,"reply_count":0,"like_count":0,"quote_count":0},"text":"RT @Tizi_Ouzou15: Après la Covid-19, le manque d’eau, les chutes de tension, c’est au tour des incendies. \nPlusieurs feu  d’incendie ont ét…","id":"1426136534798016537"},{"author_id":"1421386847549370371","created_at":"2021-08-13T10:59:46.000Z","lang":"fr","public_metrics":{"retweet_count":916,"reply_count":0,"like_count":0,"quote_count":0},"text":"RT @_fitamine: L’Homme qui a été lynché brûle vif accusé d’avoir de vouloir allumer un incendie, était en réalité un artiste de Miliana qui…","id":"1426136389658234880"},{"author_id":"1257010071520886786","created_at":"2021-08-13T10:59:27.000Z","lang":"fr","public_metrics":{"retweet_count":1,"reply_count":0,"like_count":0,"quote_count":0},"text":"RT @malvo_lorn: Carte des feux dans le monde\n@Thinker_View\nhttps://t.co/3Kjror7Ml5\n#feu #incendie #Greece #Kabylie #Monde","id":"1426136309689720840"},{"author_id":"3305603686","created_at":"2021-08-13T10:57:50.000Z","lang":"en","public_metrics":{"retweet_count":22,"reply_count":0,"like_count":0,"quote_count":0},"text":"RT @CopernicusEMS: #EMSR533 - #Kabylie #Algeria #wildfires\n\nDozens of km of fire fronts\uD83D\uDD25are active\n\nIt took our #RapidMappingTeam all night…","id":"1426135902284304388"},{"author_id":"1426135278486495233","created_at":"2021-08-13T10:57:10.000Z","lang":"en","public_metrics":{"retweet_count":177,"reply_count":0,"like_count":0,"quote_count":0},"text":"RT @BooksToMyAss: The fires in the Algerian kabylie (Amazigh region) is only getting worse. People are dying people are losing their houses…","id":"1426135738131927040"},{"author_id":"1426135278486495233","created_at":"2021-08-13T10:57:09.000Z","lang":"en","public_metrics":{"retweet_count":817,"reply_count":0,"like_count":0,"quote_count":0},"text":"RT @KhaledBeydoun: Prayers up for Algeria \uD83C\uDDE9\uD83C\uDDFF— at least 42 people killed by fires raging in Kabylie region https://t.co/UQR1iI34Rk","id":"1426135731098066945","attachments":{"media_keys":["3_1425252039798427648"]}},{"author_id":"4362097036","created_at":"2021-08-13T10:56:12.000Z","lang":"fr","public_metrics":{"retweet_count":30,"reply_count":0,"like_count":0,"quote_count":0},"text":"RT @_A_R_I_F_I_: La Kabylie (Tizi Ouzou) avant et après l’incendie, c’est triste de voir une magnifique terre rempli de végétation disparaî…","id":"1426135493289250819"},{"author_id":"4625920576","created_at":"2021-08-13T10:55:32.000Z","lang":"en","public_metrics":{"retweet_count":0,"reply_count":0,"like_count":0,"quote_count":0},"text":"Men attempt to put out a fire in Iboudraren village, in the mountainous Kabylie region of Tizi Ouzou, east of Algiers, Algeria on August 12, 2021. (...) fires that tore through forested areas, killing at least 65 people, including 28 soldiers. (Photo by Abdelaziz Boumzar/Reuters) https://t.co/DAYopPLeol","id":"1426135324925874177","attachments":{"media_keys":["3_1426135284073308163"]}},{"author_id":"89340947","created_at":"2021-08-13T10:55:28.000Z","lang":"en","public_metrics":{"retweet_count":169,"reply_count":0,"like_count":0,"quote_count":0},"text":"RT @AyaMrmK: More than 30 fires in 14 different regions , 3 dead due to these fires.\n Algeria is burning\nIt's so sad to see this, i feel pa…","id":"1426135308626706433"},{"author_id":"752916490911903744","created_at":"2021-08-13T10:54:46.000Z","lang":"fr","public_metrics":{"retweet_count":30,"reply_count":0,"like_count":0,"quote_count":0},"text":"RT @_A_R_I_F_I_: La Kabylie (Tizi Ouzou) avant et après l’incendie, c’est triste de voir une magnifique terre rempli de végétation disparaî…","id":"1426135131434127363"},{"author_id":"1410664046999785473","created_at":"2021-08-13T10:54:35.000Z","lang":"fr","public_metrics":{"retweet_count":30,"reply_count":0,"like_count":0,"quote_count":0},"text":"RT @_A_R_I_F_I_: La Kabylie (Tizi Ouzou) avant et après l’incendie, c’est triste de voir une magnifique terre rempli de végétation disparaî…","id":"1426135086722859010"},{"author_id":"2934336351","created_at":"2021-08-13T10:53:12.000Z","lang":"fr","public_metrics":{"retweet_count":15,"reply_count":0,"like_count":0,"quote_count":0},"text":"RT @RoyalSegolene: Tristesse et soutien à l’Algérie et aux habitants de Kabylie qui subissent  un effroyable incendie #Algerie","id":"1426134737924628492"},{"author_id":"924751753559592961","created_at":"2021-08-13T10:51:49.000Z","lang":"fr","public_metrics":{"retweet_count":0,"reply_count":1,"like_count":0,"quote_count":0},"text":"@Bugzyjunior9 @AlHarithIbn @mekness_nabil Personne agissait parmi le GOUVERNEMENT mais les habitant des villes kabyles les jeunes ect ont essayé d’éteindre le feu par leur propres moyens. DES CENTAINES de jeunes des Aurès sont aller en Kabylie pour les aider quand on sait pas on parle pas","id":"1426134390363537415"},{"author_id":"1203785810392342529","created_at":"2021-08-13T10:51:11.000Z","lang":"fr","public_metrics":{"retweet_count":0,"reply_count":0,"like_count":0,"quote_count":0},"text":"@khaleddrareni Quelqu'un qui a versé de l'essence sur qlq peut il n'est pas encore mort il n'est pas capable de mettre du feu à des forêts ? La kabylie rejette ces sanguinaires","id":"1426134231294615555"},{"author_id":"1383020663355629568","created_at":"2021-08-13T10:50:56.000Z","lang":"fr","public_metrics":{"retweet_count":0,"reply_count":0,"like_count":0,"quote_count":0},"text":"@GDarmanin Le feu n'a pas toucher l'Algérie,  le feu a toucher que la kabylie,  et c'est un feu que l'état Algériens à mis pour comme d'habitude affaiblir la contestation et punir la kabylie de vouloir l'indépendance,  et la France à toujou soutenue cette mafia qu'elle nous a imposer de 62","id":"1426134168312991752"},{"author_id":"2664549011","created_at":"2021-08-13T10:49:31.000Z","lang":"fr","public_metrics":{"retweet_count":30,"reply_count":0,"like_count":0,"quote_count":0},"text":"RT @_A_R_I_F_I_: La Kabylie (Tizi Ouzou) avant et après l’incendie, c’est triste de voir une magnifique terre rempli de végétation disparaî…","id":"1426133811147022337"},{"author_id":"967448583338373121","created_at":"2021-08-13T10:49:02.000Z","lang":"fr","public_metrics":{"retweet_count":358,"reply_count":0,"like_count":0,"quote_count":0},"text":"RT @RachDeVaincre: J’viens d’regarder les story de la miff en Kabylie jai les larmes aux yeux.\nFaites des duaahs. Qu’Allah fasse que la plu…","id":"1426133689042448390"},{"author_id":"390626758","created_at":"2021-08-13T10:48:58.000Z","lang":"fr","public_metrics":{"retweet_count":15,"reply_count":0,"like_count":0,"quote_count":0},"text":"RT @RoyalSegolene: Tristesse et soutien à l’Algérie et aux habitants de Kabylie qui subissent  un effroyable incendie #Algerie https://t.co…","id":"1426133674706227210"},{"author_id":"1470329839","created_at":"2021-08-13T10:48:14.000Z","lang":"fr","public_metrics":{"retweet_count":181,"reply_count":0,"like_count":0,"quote_count":0},"text":"RT @sofiane19e: \uD83D\uDD34 Douas \nUn frère m'envoie souvent des photos de son magnifique village natal de Kabylie.\n\nVoici 2 photos de celui-ci avant…","id":"1426133489133441024"},{"author_id":"1264809072068636674","created_at":"2021-08-13T10:47:18.000Z","lang":"fr","public_metrics":{"retweet_count":4,"reply_count":0,"like_count":0,"quote_count":0},"text":"RT @CheikhaAitAbbes: Bien des stratèges existent afin de prévenir d'un feu de grand ampleur.\n\nAnciennement en Kabylie, les villageois retir…","id":"1426133255015870479"},{"author_id":"966368376963641344","created_at":"2021-08-13T10:46:07.000Z","lang":"fr","public_metrics":{"retweet_count":181,"reply_count":0,"like_count":0,"quote_count":0},"text":"RT @sofiane19e: \uD83D\uDD34 Douas \nUn frère m'envoie souvent des photos de son magnifique village natal de Kabylie.\n\nVoici 2 photos de celui-ci avant…","id":"1426132953680293889"},{"author_id":"726729107275390976","created_at":"2021-08-13T10:45:36.000Z","lang":"fr","public_metrics":{"retweet_count":1,"reply_count":0,"like_count":0,"quote_count":0},"text":"RT @GSHspa: Malgré la crise sanitaire et économique, les citoyens de Sidi Bel-Abbès se mobilisent à travers le collectif des commerçants de…","id":"1426132825661661192"},{"author_id":"1271777165160386565","created_at":"2021-08-13T10:44:03.000Z","lang":"fr","public_metrics":{"retweet_count":181,"reply_count":0,"like_count":0,"quote_count":0},"text":"RT @sofiane19e: \uD83D\uDD34 Douas \nUn frère m'envoie souvent des photos de son magnifique village natal de Kabylie.\n\nVoici 2 photos de celui-ci avant…","id":"1426132437214679043"},{"author_id":"1393722527449485312","created_at":"2021-08-13T10:44:01.000Z","lang":"fr","public_metrics":{"retweet_count":181,"reply_count":0,"like_count":0,"quote_count":0},"text":"RT @sofiane19e: \uD83D\uDD34 Douas \nUn frère m'envoie souvent des photos de son magnifique village natal de Kabylie.\n\nVoici 2 photos de celui-ci avant…","id":"1426132428062605313"},{"author_id":"1589303192","created_at":"2021-08-13T10:43:40.000Z","lang":"fr","public_metrics":{"retweet_count":0,"reply_count":0,"like_count":0,"quote_count":0},"text":"En Kabylie, une région actuellement en proie aux flammes, un homme accusé d'avoir déclenché un incendie a été battu à mort par une foule en colère qui aurait ensuite mis le feu à son cadavre. Une enquête a été ouverte","id":"1426132337054597120"},{"author_id":"1298953688170594304","created_at":"2021-08-13T10:43:09.000Z","lang":"fr","public_metrics":{"retweet_count":181,"reply_count":0,"like_count":0,"quote_count":0},"text":"RT @sofiane19e: \uD83D\uDD34 Douas \nUn frère m'envoie souvent des photos de son magnifique village natal de Kabylie.\n\nVoici 2 photos de celui-ci avant…","id":"1426132207043809280"},{"author_id":"220636500","created_at":"2021-08-13T10:42:50.000Z","lang":"fr","public_metrics":{"retweet_count":232,"reply_count":0,"like_count":0,"quote_count":0},"text":"RT @idiri_yo: Si vous pouvez donner, faites le. La Kabylie est en feu et besoin de notre aide. https://t.co/G5KJfUcaze","id":"1426132129650462724"},{"author_id":"1310699019874848769","created_at":"2021-08-13T10:42:32.000Z","lang":"fr","public_metrics":{"retweet_count":181,"reply_count":0,"like_count":0,"quote_count":0},"text":"RT @sofiane19e: \uD83D\uDD34 Douas \nUn frère m'envoie souvent des photos de son magnifique village natal de Kabylie.\n\nVoici 2 photos de celui-ci avant…","id":"1426132053389717504"},{"author_id":"1376249289161252865","created_at":"2021-08-13T10:40:08.000Z","lang":"fr","public_metrics":{"retweet_count":32,"reply_count":0,"like_count":0,"quote_count":0},"text":"RT @daoud_kamel: Ce pays est aujourd’hui à un tournant. Il a toutes les raisons de s’effondrer et toutes les autres de se relever (...)On p…","id":"1426131449837670402"},{"author_id":"1127844469179670529","created_at":"2021-08-13T10:40:06.000Z","lang":"fr","public_metrics":{"retweet_count":181,"reply_count":0,"like_count":0,"quote_count":0},"text":"RT @sofiane19e: \uD83D\uDD34 Douas \nUn frère m'envoie souvent des photos de son magnifique village natal de Kabylie.\n\nVoici 2 photos de celui-ci avant…","id":"1426131442845749263"},{"author_id":"572809943","created_at":"2021-08-13T10:39:50.000Z","lang":"fr","public_metrics":{"retweet_count":49,"reply_count":0,"like_count":0,"quote_count":0},"text":"RT @imzalene: Ils sont prisonniers des flammes en ce moment même !\n\n#DrameEnCours #Béjaia #Kabylie #SOS : Les gens sont encerclés de tout b…","id":"1426131375439204354"},{"author_id":"1333154204303699970","created_at":"2021-08-13T10:39:42.000Z","lang":"fr","public_metrics":{"retweet_count":181,"reply_count":0,"like_count":0,"quote_count":0},"text":"RT @sofiane19e: \uD83D\uDD34 Douas \nUn frère m'envoie souvent des photos de son magnifique village natal de Kabylie.\n\nVoici 2 photos de celui-ci avant…","id":"1426131339087069192"},{"author_id":"1391981679238172673","created_at":"2021-08-13T10:37:38.000Z","lang":"fr","public_metrics":{"retweet_count":181,"reply_count":0,"like_count":0,"quote_count":0},"text":"RT @sofiane19e: \uD83D\uDD34 Douas \nUn frère m'envoie souvent des photos de son magnifique village natal de Kabylie.\n\nVoici 2 photos de celui-ci avant…","id":"1426130818892767232"},{"author_id":"609161428","created_at":"2021-08-13T10:37:35.000Z","lang":"fr","public_metrics":{"retweet_count":181,"reply_count":0,"like_count":0,"quote_count":0},"text":"RT @sofiane19e: \uD83D\uDD34 Douas \nUn frère m'envoie souvent des photos de son magnifique village natal de Kabylie.\n\nVoici 2 photos de celui-ci avant…","id":"1426130806540488705"},{"author_id":"1380819395757363200","created_at":"2021-08-13T10:33:32.000Z","lang":"fr","public_metrics":{"retweet_count":0,"reply_count":1,"like_count":0,"quote_count":0},"text":"@seifo2001 @Vanessalemoigne La kabylie a payer le plus lourd tribu mon ami tizi ouzou et bejaia sont encore en feu","id":"1426129787060375552"},{"author_id":"1246437039387504642","created_at":"2021-08-13T10:33:08.000Z","lang":"fr","public_metrics":{"retweet_count":181,"reply_count":0,"like_count":0,"quote_count":0},"text":"RT @sofiane19e: \uD83D\uDD34 Douas \nUn frère m'envoie souvent des photos de son magnifique village natal de Kabylie.\n\nVoici 2 photos de celui-ci avant…","id":"1426129685998489606"},{"author_id":"1301498635830677505","created_at":"2021-08-13T10:32:32.000Z","lang":"fr","public_metrics":{"retweet_count":181,"reply_count":0,"like_count":0,"quote_count":0},"text":"RT @sofiane19e: \uD83D\uDD34 Douas \nUn frère m'envoie souvent des photos de son magnifique village natal de Kabylie.\n\nVoici 2 photos de celui-ci avant…","id":"1426129539030212610"},{"author_id":"914641923721371648","created_at":"2021-08-13T10:31:25.000Z","lang":"fr","public_metrics":{"retweet_count":181,"reply_count":0,"like_count":0,"quote_count":0},"text":"RT @sofiane19e: \uD83D\uDD34 Douas \nUn frère m'envoie souvent des photos de son magnifique village natal de Kabylie.\n\nVoici 2 photos de celui-ci avant…","id":"1426129256967557123"},{"author_id":"469485262","created_at":"2021-08-13T10:28:41.000Z","lang":"fr","public_metrics":{"retweet_count":181,"reply_count":0,"like_count":0,"quote_count":0},"text":"RT @sofiane19e: \uD83D\uDD34 Douas \nUn frère m'envoie souvent des photos de son magnifique village natal de Kabylie.\n\nVoici 2 photos de celui-ci avant…","id":"1426128567923089412"},{"author_id":"831265544741515264","created_at":"2021-08-13T10:28:20.000Z","lang":"fr","public_metrics":{"retweet_count":327,"reply_count":0,"like_count":0,"quote_count":0},"text":"RT @SecCivileFrance: \uD83C\uDDEB\uD83C\uDDF7\uD83E\uDD1D\uD83C\uDDE9\uD83C\uDDFF Les 2 #Canadair et le Beech sont arrivés en #Algérie.\nLes premiers largages ont été réalisés pour faire face aux…","id":"1426128480157249538"},{"author_id":"1526641825","created_at":"2021-08-13T10:28:06.000Z","lang":"fr","public_metrics":{"retweet_count":327,"reply_count":0,"like_count":0,"quote_count":0},"text":"RT @SecCivileFrance: \uD83C\uDDEB\uD83C\uDDF7\uD83E\uDD1D\uD83C\uDDE9\uD83C\uDDFF Les 2 #Canadair et le Beech sont arrivés en #Algérie.\nLes premiers largages ont été réalisés pour faire face aux…","id":"1426128420384219144"},{"author_id":"1420043603636887559","created_at":"2021-08-13T10:27:48.000Z","lang":"fr","public_metrics":{"retweet_count":327,"reply_count":0,"like_count":0,"quote_count":0},"text":"RT @SecCivileFrance: \uD83C\uDDEB\uD83C\uDDF7\uD83E\uDD1D\uD83C\uDDE9\uD83C\uDDFF Les 2 #Canadair et le Beech sont arrivés en #Algérie.\nLes premiers largages ont été réalisés pour faire face aux…","id":"1426128347373916162"},{"author_id":"17214347","created_at":"2021-08-13T10:27:29.000Z","lang":"en","public_metrics":{"retweet_count":1,"reply_count":0,"like_count":0,"quote_count":0},"text":"RT @Nekma15: @eu_echo @nytimes @TIME @BBCWorld @washingtonpost @nytimes @UNHumanRights \nGénocide!\n#kabylie is burning \nAlgeria state made a…","id":"1426128267837427712"},{"author_id":"868522382","created_at":"2021-08-13T10:27:21.000Z","lang":"fr","public_metrics":{"retweet_count":2897,"reply_count":0,"like_count":0,"quote_count":0},"text":"RT @Tizi_Ouzou15: Après la Covid-19, le manque d’eau, les chutes de tension, c’est au tour des incendies. \nPlusieurs feu  d’incendie ont ét…","id":"1426128233469186048"},{"author_id":"1175799906117783552","created_at":"2021-08-13T10:27:14.000Z","lang":"fr","public_metrics":{"retweet_count":19,"reply_count":0,"like_count":0,"quote_count":0},"text":"RT @Cita_Friends: J'ai jamais autant détester un gouvernement le gouvernement Algérien a vraiment refuser 2 canadaires pour aider les feu e…","id":"1426128204679598085"},{"author_id":"1345181846108315648","created_at":"2021-08-13T10:26:53.000Z","lang":"fr","public_metrics":{"retweet_count":327,"reply_count":0,"like_count":0,"quote_count":0},"text":"RT @SecCivileFrance: \uD83C\uDDEB\uD83C\uDDF7\uD83E\uDD1D\uD83C\uDDE9\uD83C\uDDFF Les 2 #Canadair et le Beech sont arrivés en #Algérie.\nLes premiers largages ont été réalisés pour faire face aux…","id":"1426128114518794243"},{"author_id":"601002036","created_at":"2021-08-13T10:26:44.000Z","lang":"fr","public_metrics":{"retweet_count":181,"reply_count":0,"like_count":0,"quote_count":0},"text":"RT @sofiane19e: \uD83D\uDD34 Douas \nUn frère m'envoie souvent des photos de son magnifique village natal de Kabylie.\n\nVoici 2 photos de celui-ci avant…","id":"1426128076568764416"},{"author_id":"1368277678139310086","created_at":"2021-08-13T10:25:01.000Z","lang":"fr","public_metrics":{"retweet_count":181,"reply_count":0,"like_count":0,"quote_count":0},"text":"RT @sofiane19e: \uD83D\uDD34 Douas \nUn frère m'envoie souvent des photos de son magnifique village natal de Kabylie.\n\nVoici 2 photos de celui-ci avant…","id":"1426127647176810496"},{"author_id":"1191516891895996416","created_at":"2021-08-13T10:24:49.000Z","lang":"fr","public_metrics":{"retweet_count":181,"reply_count":0,"like_count":0,"quote_count":0},"text":"RT @sofiane19e: \uD83D\uDD34 Douas \nUn frère m'envoie souvent des photos de son magnifique village natal de Kabylie.\n\nVoici 2 photos de celui-ci avant…","id":"1426127594068619264"},{"author_id":"889854785733754880","created_at":"2021-08-13T10:24:25.000Z","lang":"fr","public_metrics":{"retweet_count":181,"reply_count":0,"like_count":0,"quote_count":0},"text":"RT @sofiane19e: \uD83D\uDD34 Douas \nUn frère m'envoie souvent des photos de son magnifique village natal de Kabylie.\n\nVoici 2 photos de celui-ci avant…","id":"1426127492448935946"},{"author_id":"1420143330239844357","created_at":"2021-08-13T10:23:50.000Z","lang":"fr","public_metrics":{"retweet_count":0,"reply_count":0,"like_count":0,"quote_count":0},"text":"@JuliaFreeOne1 @FeizaBM La Kabylie est à feu et à sang, ils cherchaient les coupables et dans la panique et la colère ils ont commis l’irréparable...impardonnable car un homme est mort mais il ne faut pas charger tout un peuple. Slmnt les coupables. tjrs à vous jeter comme des hyènes à la moindre faute","id":"1426127347250565124"},{"author_id":"1338071833359372288","created_at":"2021-08-13T10:23:35.000Z","lang":"fr","public_metrics":{"retweet_count":0,"reply_count":1,"like_count":0,"quote_count":0},"text":"Oui j'ai dis.c'est un constat.Les feux de forét en Algérie \"kabylie\"coincident avec la visite historique du mae israelien au Maroc et l'ouverture de la synagogue a casa,et la tentative d'allumer le feu de la fitna aussi. et ce un hasard? La question reste poser.","id":"1426127284927410176"},{"author_id":"873651103","created_at":"2021-08-13T10:22:52.000Z","lang":"fr","public_metrics":{"retweet_count":1108,"reply_count":0,"like_count":0,"quote_count":0},"text":"RT @_xAa09: vous préférez parler de Messi que de parler de la Kabylie qui est en train de prendre feu brf","id":"1426127106388504579"},{"author_id":"1403955695775633408","created_at":"2021-08-13T10:22:02.000Z","lang":"en","public_metrics":{"retweet_count":0,"reply_count":0,"like_count":0,"quote_count":0},"text":"@ZaffranRiver @GodwinAdamsonJ1 Correction: KABYLIE FIRES \nAlgeria is a country, Kabylie is the region. Fires don't start by themselves. \nKnow that ARABS HATE KABYLES. Their region is burning for the same reason europe is: the fires are lit by martians","id":"1426126892772515842"},{"author_id":"1400155521261375498","created_at":"2021-08-13T10:21:40.000Z","lang":"fr","public_metrics":{"retweet_count":181,"reply_count":0,"like_count":0,"quote_count":0},"text":"RT @sofiane19e: \uD83D\uDD34 Douas \nUn frère m'envoie souvent des photos de son magnifique village natal de Kabylie.\n\nVoici 2 photos de celui-ci avant…","id":"1426126803861741572"},{"author_id":"727946560756170754","created_at":"2021-08-13T10:21:09.000Z","lang":"fr","public_metrics":{"retweet_count":181,"reply_count":0,"like_count":0,"quote_count":0},"text":"RT @sofiane19e: \uD83D\uDD34 Douas \nUn frère m'envoie souvent des photos de son magnifique village natal de Kabylie.\n\nVoici 2 photos de celui-ci avant…","id":"1426126674215768065"},{"author_id":"2348695369","created_at":"2021-08-13T10:20:30.000Z","lang":"fr","public_metrics":{"retweet_count":1,"reply_count":0,"like_count":1,"quote_count":0},"text":"Malgré la crise sanitaire et économique, les citoyens de Sidi Bel-Abbès se mobilisent à travers le collectif des commerçants de la ville pour venir en aide à nos frères sinistrés en Kabylie.\n#dz #algeria #gsha #PrayforAlgeria #solidarity #Tizi_Ouzou #help #nature #fire https://t.co/Hzz2EyoWwY","id":"1426126507865427968","attachments":{"media_keys":["3_1426126469655375873","3_1426126469659561987","3_1426126469625942018","3_1426126469646983173"]}},{"author_id":"1396151158910107648","created_at":"2021-08-13T10:19:55.000Z","lang":"fr","public_metrics":{"retweet_count":181,"reply_count":0,"like_count":0,"quote_count":0},"text":"RT @sofiane19e: \uD83D\uDD34 Douas \nUn frère m'envoie souvent des photos de son magnifique village natal de Kabylie.\n\nVoici 2 photos de celui-ci avant…","id":"1426126362281222144"},{"author_id":"1165348815513239552","created_at":"2021-08-13T10:19:35.000Z","lang":"fr","public_metrics":{"retweet_count":181,"reply_count":0,"like_count":0,"quote_count":0},"text":"RT @HindaBe0rlegui_: Après la Covid-19, le manque d’eau, les chutes de tension, c’est au tour des incendies. \nPlusieurs feu  d’incendie ont…","id":"1426126278978068483"},{"author_id":"1327070855344648193","created_at":"2021-08-13T10:19:19.000Z","lang":"fr","public_metrics":{"retweet_count":916,"reply_count":0,"like_count":0,"quote_count":0},"text":"RT @_fitamine: L’Homme qui a été lynché brûle vif accusé d’avoir de vouloir allumer un incendie, était en réalité un artiste de Miliana qui…","id":"1426126210237665282"},{"author_id":"827850100357623808","created_at":"2021-08-13T10:18:48.000Z","lang":"fr","public_metrics":{"retweet_count":327,"reply_count":0,"like_count":0,"quote_count":0},"text":"RT @SecCivileFrance: \uD83C\uDDEB\uD83C\uDDF7\uD83E\uDD1D\uD83C\uDDE9\uD83C\uDDFF Les 2 #Canadair et le Beech sont arrivés en #Algérie.\nLes premiers largages ont été réalisés pour faire face aux…","id":"1426126079241109506"},{"author_id":"1389303924922925056","created_at":"2021-08-13T10:18:46.000Z","lang":"fr","public_metrics":{"retweet_count":30,"reply_count":0,"like_count":0,"quote_count":0},"text":"RT @_A_R_I_F_I_: La Kabylie (Tizi Ouzou) avant et après l’incendie, c’est triste de voir une magnifique terre rempli de végétation disparaî…","id":"1426126071674585088"},{"author_id":"281001495","created_at":"2021-08-13T10:17:05.000Z","lang":"fr","public_metrics":{"retweet_count":181,"reply_count":0,"like_count":0,"quote_count":0},"text":"RT @sofiane19e: \uD83D\uDD34 Douas \nUn frère m'envoie souvent des photos de son magnifique village natal de Kabylie.\n\nVoici 2 photos de celui-ci avant…","id":"1426125649098444814"},{"author_id":"3372133420","created_at":"2021-08-13T10:14:17.000Z","lang":"en","public_metrics":{"retweet_count":22,"reply_count":0,"like_count":0,"quote_count":0},"text":"RT @CopernicusEMS: #EMSR533 - #Kabylie #Algeria #wildfires\n\nDozens of km of fire fronts\uD83D\uDD25are active\n\nIt took our #RapidMappingTeam all night…","id":"1426124943998259200"},{"author_id":"925493738","created_at":"2021-08-13T10:11:56.000Z","lang":"en","public_metrics":{"retweet_count":22,"reply_count":0,"like_count":0,"quote_count":0},"text":"RT @CopernicusEMS: #EMSR533 - #Kabylie #Algeria #wildfires\n\nDozens of km of fire fronts\uD83D\uDD25are active\n\nIt took our #RapidMappingTeam all night…","id":"1426124351175331840"},{"author_id":"934852930464821248","created_at":"2021-08-13T10:10:39.000Z","lang":"fr","public_metrics":{"retweet_count":181,"reply_count":0,"like_count":0,"quote_count":0},"text":"RT @sofiane19e: \uD83D\uDD34 Douas \nUn frère m'envoie souvent des photos de son magnifique village natal de Kabylie.\n\nVoici 2 photos de celui-ci avant…","id":"1426124028469780484"},{"author_id":"1063328913261293570","created_at":"2021-08-13T10:10:21.000Z","lang":"en","public_metrics":{"retweet_count":22,"reply_count":0,"like_count":0,"quote_count":0},"text":"RT @CopernicusEMS: #EMSR533 - #Kabylie #Algeria #wildfires\n\nDozens of km of fire fronts\uD83D\uDD25are active\n\nIt took our #RapidMappingTeam all night…","id":"1426123955937632259"},{"author_id":"604744046","created_at":"2021-08-13T10:08:33.000Z","lang":"fr","public_metrics":{"retweet_count":327,"reply_count":0,"like_count":0,"quote_count":0},"text":"RT @SecCivileFrance: \uD83C\uDDEB\uD83C\uDDF7\uD83E\uDD1D\uD83C\uDDE9\uD83C\uDDFF Les 2 #Canadair et le Beech sont arrivés en #Algérie.\nLes premiers largages ont été réalisés pour faire face aux…","id":"1426123500507512833"},{"author_id":"1241140173922086912","created_at":"2021-08-13T10:07:05.000Z","lang":"en","public_metrics":{"retweet_count":1,"reply_count":0,"like_count":2,"quote_count":0},"text":"@eu_echo @nytimes @TIME @BBCWorld @washingtonpost @nytimes @UNHumanRights \nGénocide!\n#kabylie is burning \nAlgeria state made a Law to block the Covid aide to kabylia by it's diaspora\nThey purpusly ignored the international community help against a fire\nPeople, animals are dying! https://t.co/nHhxz0D6T9 https://t.co/WGACpP87cW","id":"1426123130804838401","attachments":{"media_keys":["3_1426123120256200708","3_1426123128208564225"]}},{"author_id":"3375598691","created_at":"2021-08-13T10:06:58.000Z","lang":"en","public_metrics":{"retweet_count":22,"reply_count":0,"like_count":0,"quote_count":0},"text":"RT @CopernicusEMS: #EMSR533 - #Kabylie #Algeria #wildfires\n\nDozens of km of fire fronts\uD83D\uDD25are active\n\nIt took our #RapidMappingTeam all night…","id":"1426123101058777091"},{"author_id":"2681161967","created_at":"2021-08-13T10:06:04.000Z","lang":"fr","public_metrics":{"retweet_count":181,"reply_count":0,"like_count":0,"quote_count":0},"text":"RT @sofiane19e: \uD83D\uDD34 Douas \nUn frère m'envoie souvent des photos de son magnifique village natal de Kabylie.\n\nVoici 2 photos de celui-ci avant…","id":"1426122877359755268"},{"author_id":"234038391","created_at":"2021-08-13T10:05:26.000Z","lang":"fr","public_metrics":{"retweet_count":32,"reply_count":0,"like_count":0,"quote_count":0},"text":"RT @daoud_kamel: Ce pays est aujourd’hui à un tournant. Il a toutes les raisons de s’effondrer et toutes les autres de se relever (...)On p…","id":"1426122715795177475"},{"author_id":"1267150349909004290","created_at":"2021-08-13T10:04:33.000Z","lang":"fr","public_metrics":{"retweet_count":181,"reply_count":0,"like_count":0,"quote_count":0},"text":"RT @sofiane19e: \uD83D\uDD34 Douas \nUn frère m'envoie souvent des photos de son magnifique village natal de Kabylie.\n\nVoici 2 photos de celui-ci avant…","id":"1426122495329964033"},{"author_id":"1654229582","created_at":"2021-08-13T10:03:54.000Z","lang":"fr","public_metrics":{"retweet_count":181,"reply_count":0,"like_count":0,"quote_count":0},"text":"RT @sofiane19e: \uD83D\uDD34 Douas \nUn frère m'envoie souvent des photos de son magnifique village natal de Kabylie.\n\nVoici 2 photos de celui-ci avant…","id":"1426122330154192897"},{"author_id":"1172598227776024578","created_at":"2021-08-13T10:03:03.000Z","lang":"fr","public_metrics":{"retweet_count":181,"reply_count":0,"like_count":0,"quote_count":0},"text":"RT @sofiane19e: \uD83D\uDD34 Douas \nUn frère m'envoie souvent des photos de son magnifique village natal de Kabylie.\n\nVoici 2 photos de celui-ci avant…","id":"1426122115774881793"},{"author_id":"1040520513729323008","created_at":"2021-08-13T10:02:46.000Z","lang":"fr","public_metrics":{"retweet_count":181,"reply_count":0,"like_count":0,"quote_count":0},"text":"RT @sofiane19e: \uD83D\uDD34 Douas \nUn frère m'envoie souvent des photos de son magnifique village natal de Kabylie.\n\nVoici 2 photos de celui-ci avant…","id":"1426122045881032705"},{"author_id":"910823160244817920","created_at":"2021-08-13T10:02:06.000Z","lang":"fr","public_metrics":{"retweet_count":327,"reply_count":0,"like_count":0,"quote_count":0},"text":"RT @SecCivileFrance: \uD83C\uDDEB\uD83C\uDDF7\uD83E\uDD1D\uD83C\uDDE9\uD83C\uDDFF Les 2 #Canadair et le Beech sont arrivés en #Algérie.\nLes premiers largages ont été réalisés pour faire face aux…","id":"1426121877987135489"},{"author_id":"209498551","created_at":"2021-08-13T10:00:34.000Z","lang":"en","public_metrics":{"retweet_count":22,"reply_count":0,"like_count":0,"quote_count":0},"text":"RT @CopernicusEMS: #EMSR533 - #Kabylie #Algeria #wildfires\n\nDozens of km of fire fronts\uD83D\uDD25are active\n\nIt took our #RapidMappingTeam all night…","id":"1426121491620536320"},{"author_id":"1327876707676803072","created_at":"2021-08-13T09:59:32.000Z","lang":"fr","public_metrics":{"retweet_count":181,"reply_count":0,"like_count":0,"quote_count":0},"text":"RT @sofiane19e: \uD83D\uDD34 Douas \nUn frère m'envoie souvent des photos de son magnifique village natal de Kabylie.\n\nVoici 2 photos de celui-ci avant…","id":"1426121233528238080"},{"author_id":"988516282092998657","created_at":"2021-08-13T09:58:50.000Z","lang":"fr","public_metrics":{"retweet_count":181,"reply_count":0,"like_count":0,"quote_count":0},"text":"RT @sofiane19e: \uD83D\uDD34 Douas \nUn frère m'envoie souvent des photos de son magnifique village natal de Kabylie.\n\nVoici 2 photos de celui-ci avant…","id":"1426121055253434368"},{"author_id":"707283906903539712","created_at":"2021-08-13T09:58:35.000Z","lang":"fr","public_metrics":{"retweet_count":181,"reply_count":0,"like_count":0,"quote_count":0},"text":"RT @sofiane19e: \uD83D\uDD34 Douas \nUn frère m'envoie souvent des photos de son magnifique village natal de Kabylie.\n\nVoici 2 photos de celui-ci avant…","id":"1426120991894294529"},{"author_id":"904235859389624320","created_at":"2021-08-13T09:58:11.000Z","lang":"en","public_metrics":{"retweet_count":22,"reply_count":0,"like_count":0,"quote_count":0},"text":"RT @CopernicusEMS: #EMSR533 - #Kabylie #Algeria #wildfires\n\nDozens of km of fire fronts\uD83D\uDD25are active\n\nIt took our #RapidMappingTeam all night…","id":"1426120891621117952"},{"author_id":"849773852","created_at":"2021-08-13T09:58:05.000Z","lang":"fr","public_metrics":{"retweet_count":0,"reply_count":0,"like_count":0,"quote_count":0},"text":"Village de Kabylie : avant / après l'incendie…\nCatastrophe naturelle https://t.co/0LYqmdfORk","id":"1426120867520651266","attachments":{"media_keys":["3_1426120859278848004"]}},{"author_id":"1240396192938409985","created_at":"2021-08-13T09:57:56.000Z","lang":"fr","public_metrics":{"retweet_count":181,"reply_count":0,"like_count":0,"quote_count":0},"text":"RT @sofiane19e: \uD83D\uDD34 Douas \nUn frère m'envoie souvent des photos de son magnifique village natal de Kabylie.\n\nVoici 2 photos de celui-ci avant…","id":"1426120829696282630"},{"author_id":"177278463","created_at":"2021-08-13T09:57:40.000Z","lang":"fr","public_metrics":{"retweet_count":0,"reply_count":0,"like_count":0,"quote_count":0},"text":"@Loulou91860879 les algériens ne sont pas dispersé ils l'ont prouvé avec le mouvement de solidarité sans précédent pour sauver la kabylie, l'état a envoyé de jeunes de partout pour sauver la région, l'urgence c'est ces fléaux covid et incendie, votre guerre contre le pouvoir faites la tout seul","id":"1426120763644518401"},{"author_id":"3226530811","created_at":"2021-08-13T09:57:02.000Z","lang":"fr","public_metrics":{"retweet_count":181,"reply_count":0,"like_count":0,"quote_count":0},"text":"RT @sofiane19e: \uD83D\uDD34 Douas \nUn frère m'envoie souvent des photos de son magnifique village natal de Kabylie.\n\nVoici 2 photos de celui-ci avant…","id":"1426120603912785942"},{"author_id":"1093813146182131712","created_at":"2021-08-13T09:56:09.000Z","lang":"en","public_metrics":{"retweet_count":22,"reply_count":0,"like_count":0,"quote_count":0},"text":"RT @CopernicusEMS: #EMSR533 - #Kabylie #Algeria #wildfires\n\nDozens of km of fire fronts\uD83D\uDD25are active\n\nIt took our #RapidMappingTeam all night…","id":"1426120382260654083"},{"author_id":"988058874610634753","created_at":"2021-08-13T09:55:15.000Z","lang":"fr","public_metrics":{"retweet_count":0,"reply_count":2,"like_count":1,"quote_count":1},"text":"@Breska16 @BenchaaHouari @ludoperez33 @AmineKhelouf1 @AndyDelort9 Bon comme vous le savez tous les incendies declanchés en Algérie plus précisément en kabylie sont d'origine criminels ( et on sait tous que c'est l'état qui les a déclenchés dans un bute précis mais ça c'est un autre histoire) dans cet incendie il ya eu (1)","id":"1426120154178588672"},{"author_id":"1040329329572499456","created_at":"2021-08-13T09:54:58.000Z","lang":"fr","public_metrics":{"retweet_count":263,"reply_count":0,"like_count":0,"quote_count":0},"text":"RT @CerveauxNon: \uD83D\uDD25 Situation dramatique ce soir en #Kabylie. Près de 19 départs de feu ont été recensés en même temps. Il y a déjà des vict…","id":"1426120084226023424"},{"author_id":"784120076","created_at":"2021-08-13T09:54:34.000Z","lang":"fr","public_metrics":{"retweet_count":32,"reply_count":0,"like_count":0,"quote_count":0},"text":"RT @daoud_kamel: Ce pays est aujourd’hui à un tournant. Il a toutes les raisons de s’effondrer et toutes les autres de se relever (...)On p…","id":"1426119983533330433"},{"author_id":"119832224","created_at":"2021-08-13T09:54:20.000Z","lang":"en","public_metrics":{"retweet_count":22,"reply_count":0,"like_count":0,"quote_count":0},"text":"RT @CopernicusEMS: #EMSR533 - #Kabylie #Algeria #wildfires\n\nDozens of km of fire fronts\uD83D\uDD25are active\n\nIt took our #RapidMappingTeam all night…","id":"1426119923164667906"},{"author_id":"180317088","created_at":"2021-08-13T09:53:34.000Z","lang":"en","public_metrics":{"retweet_count":22,"reply_count":0,"like_count":0,"quote_count":0},"text":"RT @CopernicusEMS: #EMSR533 - #Kabylie #Algeria #wildfires\n\nDozens of km of fire fronts\uD83D\uDD25are active\n\nIt took our #RapidMappingTeam all night…","id":"1426119729161375744"},{"author_id":"574577751","created_at":"2021-08-13T09:52:53.000Z","lang":"fr","public_metrics":{"retweet_count":32,"reply_count":0,"like_count":0,"quote_count":0},"text":"RT @daoud_kamel: Ce pays est aujourd’hui à un tournant. Il a toutes les raisons de s’effondrer et toutes les autres de se relever (...)On p…","id":"1426119556804841472"},{"author_id":"1230578288696975365","created_at":"2021-08-13T09:52:48.000Z","lang":"fr","public_metrics":{"retweet_count":181,"reply_count":0,"like_count":0,"quote_count":0},"text":"RT @sofiane19e: \uD83D\uDD34 Douas \nUn frère m'envoie souvent des photos de son magnifique village natal de Kabylie.\n\nVoici 2 photos de celui-ci avant…","id":"1426119537880092678"},{"author_id":"566316030","created_at":"2021-08-13T09:51:59.000Z","lang":"fr","public_metrics":{"retweet_count":181,"reply_count":0,"like_count":0,"quote_count":0},"text":"RT @sofiane19e: \uD83D\uDD34 Douas \nUn frère m'envoie souvent des photos de son magnifique village natal de Kabylie.\n\nVoici 2 photos de celui-ci avant…","id":"1426119331847581700"},{"author_id":"1001773553967157248","created_at":"2021-08-13T09:50:31.000Z","lang":"en","public_metrics":{"retweet_count":22,"reply_count":0,"like_count":0,"quote_count":0},"text":"RT @CopernicusEMS: #EMSR533 - #Kabylie #Algeria #wildfires\n\nDozens of km of fire fronts\uD83D\uDD25are active\n\nIt took our #RapidMappingTeam all night…","id":"1426118962081849345"},{"author_id":"2864566976","created_at":"2021-08-13T09:49:27.000Z","lang":"fr","public_metrics":{"retweet_count":30,"reply_count":0,"like_count":0,"quote_count":0},"text":"RT @_A_R_I_F_I_: La Kabylie (Tizi Ouzou) avant et après l’incendie, c’est triste de voir une magnifique terre rempli de végétation disparaî…","id":"1426118694418190339"}],"includes":{"media":[{"media_key":"3_1425252039798427648","type":"photo","url":"https://pbs.twimg.com/media/E8eDLcuWEAAHQzL.jpg"},{"media_key":"3_1426135284073308163","type":"photo","url":"https://pbs.twimg.com/media/E8qmfCDXIAM8T-T.jpg"},{"media_key":"3_1426126469655375873","type":"photo","url":"https://pbs.twimg.com/media/E8qed9yXMAExvhM.jpg"},{"media_key":"3_1426126469659561987","type":"photo","url":"https://pbs.twimg.com/media/E8qed9zXEAMuXdB.jpg"},{"media_key":"3_1426126469625942018","type":"photo","url":"https://pbs.twimg.com/media/E8qed9rWEAIjufm.jpg"},{"media_key":"3_1426126469646983173","type":"photo","url":"https://pbs.twimg.com/media/E8qed9wXIAUoY-V.jpg"},{"media_key":"3_1426123120256200708","type":"photo","url":"https://pbs.twimg.com/media/E8qbbATXsAQcuU3.jpg"},{"media_key":"3_1426123128208564225","type":"photo","url":"https://pbs.twimg.com/media/E8qbbd7XIAEZskx.jpg"},{"media_key":"3_1426120859278848004","type":"photo","url":"https://pbs.twimg.com/media/E8qZXZgXMAQF8vz.jpg"}]},"meta":{"newest_id":"1426136875383894020","oldest_id":"1426118694418190339","result_count":100,"next_token":"b26v89c19zqg8o3fpdm8zllg7w1fqlmpbuolo85wlfqm5"}}