{"data":[{"author_id":"1148707767127031808","public_metrics":{"retweet_count":181,"reply_count":0,"like_count":0,"quote_count":0},"id":"1426118675778650116","lang":"fr","text":"RT @sofiane19e: \uD83D\uDD34 Douas \nUn frère m'envoie souvent des photos de son magnifique village natal de Kabylie.\n\nVoici 2 photos de celui-ci avant…","created_at":"2021-08-13T09:49:22.000Z"},{"author_id":"1369338751416156160","public_metrics":{"retweet_count":181,"reply_count":0,"like_count":0,"quote_count":0},"id":"1426118621852545024","lang":"fr","text":"RT @sofiane19e: \uD83D\uDD34 Douas \nUn frère m'envoie souvent des photos de son magnifique village natal de Kabylie.\n\nVoici 2 photos de celui-ci avant…","created_at":"2021-08-13T09:49:10.000Z"},{"author_id":"1176874673344307200","public_metrics":{"retweet_count":181,"reply_count":0,"like_count":0,"quote_count":0},"id":"1426118613887500289","lang":"fr","text":"RT @sofiane19e: \uD83D\uDD34 Douas \nUn frère m'envoie souvent des photos de son magnifique village natal de Kabylie.\n\nVoici 2 photos de celui-ci avant…","created_at":"2021-08-13T09:49:08.000Z"},{"author_id":"1139557868733108224","public_metrics":{"retweet_count":181,"reply_count":0,"like_count":0,"quote_count":0},"id":"1426118603007569927","lang":"fr","text":"RT @sofiane19e: \uD83D\uDD34 Douas \nUn frère m'envoie souvent des photos de son magnifique village natal de Kabylie.\n\nVoici 2 photos de celui-ci avant…","created_at":"2021-08-13T09:49:05.000Z"},{"author_id":"1018529860220850176","public_metrics":{"retweet_count":181,"reply_count":0,"like_count":0,"quote_count":0},"id":"1426118569276977156","lang":"fr","text":"RT @sofiane19e: \uD83D\uDD34 Douas \nUn frère m'envoie souvent des photos de son magnifique village natal de Kabylie.\n\nVoici 2 photos de celui-ci avant…","created_at":"2021-08-13T09:48:57.000Z"},{"author_id":"1361766305536356355","public_metrics":{"retweet_count":181,"reply_count":0,"like_count":0,"quote_count":0},"id":"1426118548007575552","lang":"fr","text":"RT @sofiane19e: \uD83D\uDD34 Douas \nUn frère m'envoie souvent des photos de son magnifique village natal de Kabylie.\n\nVoici 2 photos de celui-ci avant…","created_at":"2021-08-13T09:48:52.000Z"},{"author_id":"1063726064181157895","public_metrics":{"retweet_count":181,"reply_count":0,"like_count":0,"quote_count":0},"id":"1426118435034079233","lang":"fr","text":"RT @sofiane19e: \uD83D\uDD34 Douas \nUn frère m'envoie souvent des photos de son magnifique village natal de Kabylie.\n\nVoici 2 photos de celui-ci avant…","created_at":"2021-08-13T09:48:25.000Z"},{"author_id":"1187775985","public_metrics":{"retweet_count":181,"reply_count":0,"like_count":0,"quote_count":0},"id":"1426118418252673026","lang":"fr","text":"RT @sofiane19e: \uD83D\uDD34 Douas \nUn frère m'envoie souvent des photos de son magnifique village natal de Kabylie.\n\nVoici 2 photos de celui-ci avant…","created_at":"2021-08-13T09:48:21.000Z"},{"author_id":"1117359683881373702","public_metrics":{"retweet_count":327,"reply_count":0,"like_count":0,"quote_count":0},"id":"1426118117080637440","lang":"fr","text":"RT @SecCivileFrance: \uD83C\uDDEB\uD83C\uDDF7\uD83E\uDD1D\uD83C\uDDE9\uD83C\uDDFF Les 2 #Canadair et le Beech sont arrivés en #Algérie.\nLes premiers largages ont été réalisés pour faire face aux…","created_at":"2021-08-13T09:47:09.000Z"},{"author_id":"1173600285270450178","public_metrics":{"retweet_count":22,"reply_count":0,"like_count":0,"quote_count":0},"id":"1426117422789050368","lang":"en","text":"RT @CopernicusEMS: #EMSR533 - #Kabylie #Algeria #wildfires\n\nDozens of km of fire fronts\uD83D\uDD25are active\n\nIt took our #RapidMappingTeam all night…","created_at":"2021-08-13T09:44:24.000Z"},{"author_id":"205772761","public_metrics":{"retweet_count":327,"reply_count":0,"like_count":0,"quote_count":0},"id":"1426117176688316423","lang":"fr","text":"RT @SecCivileFrance: \uD83C\uDDEB\uD83C\uDDF7\uD83E\uDD1D\uD83C\uDDE9\uD83C\uDDFF Les 2 #Canadair et le Beech sont arrivés en #Algérie.\nLes premiers largages ont été réalisés pour faire face aux…","created_at":"2021-08-13T09:43:25.000Z"},{"author_id":"1403670282","public_metrics":{"retweet_count":22,"reply_count":0,"like_count":0,"quote_count":0},"id":"1426117155477762053","lang":"en","text":"RT @CopernicusEMS: #EMSR533 - #Kabylie #Algeria #wildfires\n\nDozens of km of fire fronts\uD83D\uDD25are active\n\nIt took our #RapidMappingTeam all night…","created_at":"2021-08-13T09:43:20.000Z"},{"author_id":"1423732919571464192","public_metrics":{"retweet_count":4,"reply_count":0,"like_count":0,"quote_count":0},"id":"1426117140688613377","lang":"fr","text":"RT @CheikhaAitAbbes: Bien des stratèges existent afin de prévenir d'un feu de grand ampleur.\n\nAnciennement en Kabylie, les villageois retir…","created_at":"2021-08-13T09:43:16.000Z"},{"author_id":"169670184","public_metrics":{"retweet_count":22,"reply_count":0,"like_count":0,"quote_count":0},"id":"1426117121273126915","lang":"en","text":"RT @CopernicusEMS: #EMSR533 - #Kabylie #Algeria #wildfires\n\nDozens of km of fire fronts\uD83D\uDD25are active\n\nIt took our #RapidMappingTeam all night…","created_at":"2021-08-13T09:43:12.000Z"},{"author_id":"1015513100","public_metrics":{"retweet_count":22,"reply_count":0,"like_count":0,"quote_count":0},"id":"1426117019716423680","lang":"en","text":"RT @CopernicusEMS: #EMSR533 - #Kabylie #Algeria #wildfires\n\nDozens of km of fire fronts\uD83D\uDD25are active\n\nIt took our #RapidMappingTeam all night…","created_at":"2021-08-13T09:42:48.000Z"},{"author_id":"2201283403","public_metrics":{"retweet_count":22,"reply_count":3,"like_count":24,"quote_count":0},"id":"1426116939580166148","attachments":{"media_keys":["3_1426116389237051392"]},"lang":"en","text":"#EMSR533 - #Kabylie #Algeria #wildfires\n\nDozens of km of fire fronts\uD83D\uDD25are active\n\nIt took our #RapidMappingTeam all night to delineate the many extreme blazes\n\nTizi Ouzou:\uD83E\uDDD1‍\uD83E\uDD1D‍\uD83E\uDDD148,700 people,\uD83C\uDF3346,600 ha of vegetation &amp;\uD83C\uDFE0700 buildings affected\nAokas:\uD83E\uDDD1‍\uD83E\uDD1D‍\uD83E\uDDD14,500 people &amp;\uD83C\uDF335,750 ha affected https://t.co/Svhi62CPJc","created_at":"2021-08-13T09:42:29.000Z"},{"author_id":"28757885","public_metrics":{"retweet_count":85,"reply_count":0,"like_count":0,"quote_count":0},"id":"1426116784579559424","attachments":{"media_keys":["3_1425745645537841153"]},"lang":"fr","text":"RT @sirius1936: KABYLIE EN FEU\nUne pensée pour nos amis algériens eux aussi frappés par les incendies de forêts. https://t.co/0EE92y86ea","created_at":"2021-08-13T09:41:52.000Z"},{"author_id":"967796750164594690","public_metrics":{"retweet_count":0,"reply_count":1,"like_count":1,"quote_count":0},"id":"1426116245502504960","lang":"fr","text":"@Bugzyjunior9 @mekness_nabil Mais t’es con ? On a proposé de l’aide Psq la Kabylie est en feu et c’est tout, ça n’a aucun rapport avec forcer les choses, t’es idiot","created_at":"2021-08-13T09:39:43.000Z"},{"author_id":"1085171709563547648","public_metrics":{"retweet_count":30,"reply_count":0,"like_count":0,"quote_count":0},"id":"1426116121703354369","lang":"fr","text":"RT @_A_R_I_F_I_: La Kabylie (Tizi Ouzou) avant et après l’incendie, c’est triste de voir une magnifique terre rempli de végétation disparaî…","created_at":"2021-08-13T09:39:14.000Z"},{"author_id":"455061922","public_metrics":{"retweet_count":80,"reply_count":0,"like_count":0,"quote_count":0},"id":"1426116056142290948","lang":"fr","text":"RT @BenzLakhdar: Depuis hier, j'essaie de trouver des images de pompiers combattants le feu en Kabylie, mais en vain. Je ne trouve que des…","created_at":"2021-08-13T09:38:58.000Z"},{"author_id":"455061922","public_metrics":{"retweet_count":61,"reply_count":0,"like_count":0,"quote_count":0},"id":"1426115994662154241","lang":"fr","text":"RT @lejuste2019: #Algerie \uD83C\uDDE9\uD83C\uDDFFTizi ouzou Kabylie : un genocide par les feux \uD83D\uDD25\uD83D\uDD25\uD83D\uDD25\uD83D\uDD25ordonné par les généraux criminels Il porte sa mère sur son d…","created_at":"2021-08-13T09:38:43.000Z"},{"author_id":"789044297865826304","public_metrics":{"retweet_count":327,"reply_count":0,"like_count":0,"quote_count":0},"id":"1426115938148093959","lang":"fr","text":"RT @SecCivileFrance: \uD83C\uDDEB\uD83C\uDDF7\uD83E\uDD1D\uD83C\uDDE9\uD83C\uDDFF Les 2 #Canadair et le Beech sont arrivés en #Algérie.\nLes premiers largages ont été réalisés pour faire face aux…","created_at":"2021-08-13T09:38:30.000Z"},{"author_id":"455061922","public_metrics":{"retweet_count":48,"reply_count":0,"like_count":0,"quote_count":0},"id":"1426115914009911299","lang":"fr","text":"RT @SAtmhend: Le pouvoir colonial algérien s'acharne sur la Kabylie,19 départs de feu dans une après-midi ils veulent se venger après les g…","created_at":"2021-08-13T09:38:24.000Z"},{"author_id":"499929623","public_metrics":{"retweet_count":327,"reply_count":0,"like_count":0,"quote_count":0},"id":"1426115887170469890","lang":"fr","text":"RT @SecCivileFrance: \uD83C\uDDEB\uD83C\uDDF7\uD83E\uDD1D\uD83C\uDDE9\uD83C\uDDFF Les 2 #Canadair et le Beech sont arrivés en #Algérie.\nLes premiers largages ont été réalisés pour faire face aux…","created_at":"2021-08-13T09:38:18.000Z"},{"author_id":"2271562193","public_metrics":{"retweet_count":327,"reply_count":0,"like_count":0,"quote_count":0},"id":"1426115886943985664","lang":"fr","text":"RT @SecCivileFrance: \uD83C\uDDEB\uD83C\uDDF7\uD83E\uDD1D\uD83C\uDDE9\uD83C\uDDFF Les 2 #Canadair et le Beech sont arrivés en #Algérie.\nLes premiers largages ont été réalisés pour faire face aux…","created_at":"2021-08-13T09:38:18.000Z"},{"author_id":"1353513523637325824","public_metrics":{"retweet_count":181,"reply_count":0,"like_count":0,"quote_count":0},"id":"1426115789095149568","lang":"fr","text":"RT @sofiane19e: \uD83D\uDD34 Douas \nUn frère m'envoie souvent des photos de son magnifique village natal de Kabylie.\n\nVoici 2 photos de celui-ci avant…","created_at":"2021-08-13T09:37:54.000Z"},{"author_id":"615578157","public_metrics":{"retweet_count":181,"reply_count":0,"like_count":0,"quote_count":0},"id":"1426115694446452740","lang":"fr","text":"RT @sofiane19e: \uD83D\uDD34 Douas \nUn frère m'envoie souvent des photos de son magnifique village natal de Kabylie.\n\nVoici 2 photos de celui-ci avant…","created_at":"2021-08-13T09:37:32.000Z"},{"author_id":"1297688044926111744","public_metrics":{"retweet_count":7,"reply_count":0,"like_count":0,"quote_count":0},"id":"1426115646421602304","lang":"fr","text":"RT @kabyle: Immense incendie à la forêt du village Amraou #Amizour #Kabylie","created_at":"2021-08-13T09:37:20.000Z"},{"author_id":"1149248583851548672","public_metrics":{"retweet_count":4132,"reply_count":0,"like_count":0,"quote_count":0},"id":"1426115322524880899","lang":"fr","text":"RT @AkliStaifi: La Kabylie brûle, l'Algérie brûle...\nqu'Allah viennent en aide au peuple Kabyle et que toutes les victimes mortes par cet i…","created_at":"2021-08-13T09:36:03.000Z"},{"author_id":"498319232","public_metrics":{"retweet_count":181,"reply_count":0,"like_count":0,"quote_count":0},"id":"1426115306653720576","lang":"fr","text":"RT @sofiane19e: \uD83D\uDD34 Douas \nUn frère m'envoie souvent des photos de son magnifique village natal de Kabylie.\n\nVoici 2 photos de celui-ci avant…","created_at":"2021-08-13T09:35:59.000Z"},{"author_id":"1392830859376578561","public_metrics":{"retweet_count":181,"reply_count":0,"like_count":0,"quote_count":0},"id":"1426115212915138561","lang":"fr","text":"RT @sofiane19e: \uD83D\uDD34 Douas \nUn frère m'envoie souvent des photos de son magnifique village natal de Kabylie.\n\nVoici 2 photos de celui-ci avant…","created_at":"2021-08-13T09:35:37.000Z"},{"author_id":"3030937824","public_metrics":{"retweet_count":181,"reply_count":0,"like_count":0,"quote_count":0},"id":"1426115209425530882","lang":"fr","text":"RT @sofiane19e: \uD83D\uDD34 Douas \nUn frère m'envoie souvent des photos de son magnifique village natal de Kabylie.\n\nVoici 2 photos de celui-ci avant…","created_at":"2021-08-13T09:35:36.000Z"},{"author_id":"79525980","public_metrics":{"retweet_count":181,"reply_count":0,"like_count":0,"quote_count":0},"id":"1426115071776854017","lang":"fr","text":"RT @sofiane19e: \uD83D\uDD34 Douas \nUn frère m'envoie souvent des photos de son magnifique village natal de Kabylie.\n\nVoici 2 photos de celui-ci avant…","created_at":"2021-08-13T09:35:03.000Z"},{"author_id":"305468020","public_metrics":{"retweet_count":181,"reply_count":0,"like_count":0,"quote_count":0},"id":"1426114922325364741","lang":"fr","text":"RT @sofiane19e: \uD83D\uDD34 Douas \nUn frère m'envoie souvent des photos de son magnifique village natal de Kabylie.\n\nVoici 2 photos de celui-ci avant…","created_at":"2021-08-13T09:34:28.000Z"},{"author_id":"1418490826989133824","public_metrics":{"retweet_count":181,"reply_count":0,"like_count":0,"quote_count":0},"id":"1426114437732306947","lang":"fr","text":"RT @sofiane19e: \uD83D\uDD34 Douas \nUn frère m'envoie souvent des photos de son magnifique village natal de Kabylie.\n\nVoici 2 photos de celui-ci avant…","created_at":"2021-08-13T09:32:32.000Z"},{"author_id":"1149323663772196865","public_metrics":{"retweet_count":327,"reply_count":0,"like_count":0,"quote_count":0},"id":"1426114377724399616","lang":"fr","text":"RT @SecCivileFrance: \uD83C\uDDEB\uD83C\uDDF7\uD83E\uDD1D\uD83C\uDDE9\uD83C\uDDFF Les 2 #Canadair et le Beech sont arrivés en #Algérie.\nLes premiers largages ont été réalisés pour faire face aux…","created_at":"2021-08-13T09:32:18.000Z"},{"author_id":"1419581255847497728","public_metrics":{"retweet_count":181,"reply_count":0,"like_count":0,"quote_count":0},"id":"1426114338138513410","lang":"fr","text":"RT @sofiane19e: \uD83D\uDD34 Douas \nUn frère m'envoie souvent des photos de son magnifique village natal de Kabylie.\n\nVoici 2 photos de celui-ci avant…","created_at":"2021-08-13T09:32:08.000Z"},{"author_id":"1424024370922598410","public_metrics":{"retweet_count":181,"reply_count":0,"like_count":0,"quote_count":0},"id":"1426113693247590407","lang":"fr","text":"RT @sofiane19e: \uD83D\uDD34 Douas \nUn frère m'envoie souvent des photos de son magnifique village natal de Kabylie.\n\nVoici 2 photos de celui-ci avant…","created_at":"2021-08-13T09:29:35.000Z"},{"author_id":"193919908","public_metrics":{"retweet_count":327,"reply_count":0,"like_count":0,"quote_count":0},"id":"1426113441513807873","lang":"fr","text":"RT @SecCivileFrance: \uD83C\uDDEB\uD83C\uDDF7\uD83E\uDD1D\uD83C\uDDE9\uD83C\uDDFF Les 2 #Canadair et le Beech sont arrivés en #Algérie.\nLes premiers largages ont été réalisés pour faire face aux…","created_at":"2021-08-13T09:28:35.000Z"},{"author_id":"1097828439296561152","public_metrics":{"retweet_count":181,"reply_count":0,"like_count":0,"quote_count":0},"id":"1426113427836186629","lang":"fr","text":"RT @sofiane19e: \uD83D\uDD34 Douas \nUn frère m'envoie souvent des photos de son magnifique village natal de Kabylie.\n\nVoici 2 photos de celui-ci avant…","created_at":"2021-08-13T09:28:31.000Z"},{"author_id":"1220080877587390464","public_metrics":{"retweet_count":181,"reply_count":0,"like_count":0,"quote_count":0},"id":"1426112863924535303","lang":"fr","text":"RT @sofiane19e: \uD83D\uDD34 Douas \nUn frère m'envoie souvent des photos de son magnifique village natal de Kabylie.\n\nVoici 2 photos de celui-ci avant…","created_at":"2021-08-13T09:26:17.000Z"},{"author_id":"1423732919571464192","public_metrics":{"retweet_count":37,"reply_count":0,"like_count":0,"quote_count":0},"id":"1426112832882495494","lang":"fr","text":"RT @mishette_b: Mon village Tagmount Azouz (béni douala ) est entrain de brûler RT svp nous vous besoin de votre aide le feu arrive aux mai…","created_at":"2021-08-13T09:26:09.000Z"},{"author_id":"1399491058619330562","public_metrics":{"retweet_count":916,"reply_count":0,"like_count":0,"quote_count":0},"id":"1426112805166583809","lang":"fr","text":"RT @_fitamine: L’Homme qui a été lynché brûle vif accusé d’avoir de vouloir allumer un incendie, était en réalité un artiste de Miliana qui…","created_at":"2021-08-13T09:26:03.000Z"},{"author_id":"3030937824","public_metrics":{"retweet_count":181,"reply_count":0,"like_count":0,"quote_count":0},"id":"1426112774103523330","lang":"fr","text":"RT @HindaBe0rlegui_: Après la Covid-19, le manque d’eau, les chutes de tension, c’est au tour des incendies. \nPlusieurs feu  d’incendie ont…","created_at":"2021-08-13T09:25:55.000Z"},{"author_id":"1393530757528924161","public_metrics":{"retweet_count":181,"reply_count":0,"like_count":0,"quote_count":0},"id":"1426112726682714112","lang":"fr","text":"RT @sofiane19e: \uD83D\uDD34 Douas \nUn frère m'envoie souvent des photos de son magnifique village natal de Kabylie.\n\nVoici 2 photos de celui-ci avant…","created_at":"2021-08-13T09:25:44.000Z"},{"author_id":"1037640382815895554","public_metrics":{"retweet_count":0,"reply_count":2,"like_count":0,"quote_count":0},"id":"1426112449250476036","lang":"fr","text":"Finalement ce jeune est innocent. Paix à son âme. C'est un bénévole arrivé pour participer à éteindre les incendies.\nLa justice expéditive n'est jamais bonne. \n#Algerie #Tunisie #Incendie \nhttps://t.co/jnT9dADSgT","created_at":"2021-08-13T09:24:38.000Z"},{"author_id":"3699128477","public_metrics":{"retweet_count":181,"reply_count":0,"like_count":0,"quote_count":0},"id":"1426112375212711937","lang":"fr","text":"RT @sofiane19e: \uD83D\uDD34 Douas \nUn frère m'envoie souvent des photos de son magnifique village natal de Kabylie.\n\nVoici 2 photos de celui-ci avant…","created_at":"2021-08-13T09:24:20.000Z"},{"author_id":"1425080577095520262","public_metrics":{"retweet_count":8,"reply_count":0,"like_count":0,"quote_count":0},"id":"1426112112259215362","lang":"fr","text":"RT @futurasciences: [\uD83C\uDF0D] Canada, USA, Grèce, Turquie, et maintenant l' #Algerie ! Plus de 70 départs de feu se sont déclarés en début de sem…","created_at":"2021-08-13T09:23:18.000Z"},{"author_id":"3338128798","public_metrics":{"retweet_count":0,"reply_count":0,"like_count":0,"quote_count":0},"id":"1426112106244493313","lang":"fr","text":"@FFLose Pourquoi le régime des généraux en Algérie a incendié la région de Kabylie ? https://t.co/nNnND2Imuj #MessiPSG","created_at":"2021-08-13T09:23:16.000Z"},{"author_id":"1191038190766960641","public_metrics":{"retweet_count":0,"reply_count":0,"like_count":2,"quote_count":0},"id":"1426112054369341445","lang":"fr","text":"Un feu que le gouvernement algérien a créé contre la Kabylie c’est normale qui refuse https://t.co/GK45wYWPan","created_at":"2021-08-13T09:23:04.000Z"},{"author_id":"1409070613067702273","public_metrics":{"retweet_count":181,"reply_count":0,"like_count":0,"quote_count":0},"id":"1426111959016034305","lang":"fr","text":"RT @sofiane19e: \uD83D\uDD34 Douas \nUn frère m'envoie souvent des photos de son magnifique village natal de Kabylie.\n\nVoici 2 photos de celui-ci avant…","created_at":"2021-08-13T09:22:41.000Z"},{"author_id":"1241324060715495424","public_metrics":{"retweet_count":181,"reply_count":0,"like_count":0,"quote_count":0},"id":"1426111924077580289","lang":"fr","text":"RT @sofiane19e: \uD83D\uDD34 Douas \nUn frère m'envoie souvent des photos de son magnifique village natal de Kabylie.\n\nVoici 2 photos de celui-ci avant…","created_at":"2021-08-13T09:22:33.000Z"},{"author_id":"1078088781356511235","public_metrics":{"retweet_count":0,"reply_count":0,"like_count":3,"quote_count":0},"id":"1426111855613911041","lang":"fr","text":"Un feu que le gouvernement algérien a créé contre la Kabylie c’est normale qui refuse https://t.co/xa0Dsllr3p","created_at":"2021-08-13T09:22:16.000Z"},{"author_id":"1202551563929235456","public_metrics":{"retweet_count":181,"reply_count":0,"like_count":0,"quote_count":0},"id":"1426111802618822661","lang":"fr","text":"RT @sofiane19e: \uD83D\uDD34 Douas \nUn frère m'envoie souvent des photos de son magnifique village natal de Kabylie.\n\nVoici 2 photos de celui-ci avant…","created_at":"2021-08-13T09:22:04.000Z"},{"author_id":"1278300139514404866","public_metrics":{"retweet_count":327,"reply_count":0,"like_count":0,"quote_count":0},"id":"1426111598624706562","lang":"fr","text":"RT @SecCivileFrance: \uD83C\uDDEB\uD83C\uDDF7\uD83E\uDD1D\uD83C\uDDE9\uD83C\uDDFF Les 2 #Canadair et le Beech sont arrivés en #Algérie.\nLes premiers largages ont été réalisés pour faire face aux…","created_at":"2021-08-13T09:21:15.000Z"},{"author_id":"3338128798","public_metrics":{"retweet_count":0,"reply_count":0,"like_count":0,"quote_count":0},"id":"1426111590785601538","lang":"fr","text":"@lemondefr Pourquoi le régime des généraux en Algérie a incendié la région de Kabylie ? https://t.co/nNnND2Imuj #VendrediLecture Messi #KCORP #vendredi13 SNKRS #FreeLirola Britney #KCxSamsungOdyssey Omar Antilles","created_at":"2021-08-13T09:21:13.000Z"},{"author_id":"1125031645466320904","public_metrics":{"retweet_count":32,"reply_count":0,"like_count":0,"quote_count":0},"id":"1426111515682381825","lang":"fr","text":"RT @daoud_kamel: Ce pays est aujourd’hui à un tournant. Il a toutes les raisons de s’effondrer et toutes les autres de se relever (...)On p…","created_at":"2021-08-13T09:20:55.000Z"},{"author_id":"263748954","public_metrics":{"retweet_count":181,"reply_count":0,"like_count":0,"quote_count":0},"id":"1426111487194587136","lang":"fr","text":"RT @sofiane19e: \uD83D\uDD34 Douas \nUn frère m'envoie souvent des photos de son magnifique village natal de Kabylie.\n\nVoici 2 photos de celui-ci avant…","created_at":"2021-08-13T09:20:49.000Z"},{"author_id":"1202551563929235456","public_metrics":{"retweet_count":327,"reply_count":0,"like_count":0,"quote_count":0},"id":"1426111460061683715","lang":"fr","text":"RT @SecCivileFrance: \uD83C\uDDEB\uD83C\uDDF7\uD83E\uDD1D\uD83C\uDDE9\uD83C\uDDFF Les 2 #Canadair et le Beech sont arrivés en #Algérie.\nLes premiers largages ont été réalisés pour faire face aux…","created_at":"2021-08-13T09:20:42.000Z"},{"author_id":"1319767122474655750","public_metrics":{"retweet_count":181,"reply_count":0,"like_count":0,"quote_count":0},"id":"1426111409113423873","lang":"fr","text":"RT @sofiane19e: \uD83D\uDD34 Douas \nUn frère m'envoie souvent des photos de son magnifique village natal de Kabylie.\n\nVoici 2 photos de celui-ci avant…","created_at":"2021-08-13T09:20:30.000Z"},{"author_id":"1396251839616671744","public_metrics":{"retweet_count":181,"reply_count":0,"like_count":0,"quote_count":0},"id":"1426111164346519552","lang":"fr","text":"RT @sofiane19e: \uD83D\uDD34 Douas \nUn frère m'envoie souvent des photos de son magnifique village natal de Kabylie.\n\nVoici 2 photos de celui-ci avant…","created_at":"2021-08-13T09:19:32.000Z"},{"author_id":"975479270750523392","public_metrics":{"retweet_count":0,"reply_count":1,"like_count":0,"quote_count":0},"id":"1426111100286812160","lang":"fr","text":"@AnalyseDz @hassenserge76 @Vanessalemoigne Au début c’était pour la kabylie pcq c’est la où le feu a commencé et continue encore et c’est la région la plus touchée. Du coup les cagnottes ont été lancées avt le feu des autres régions. Sur terrain les alg parlent de plusieurs wilaya Jijel, Skika etc.","created_at":"2021-08-13T09:19:16.000Z"},{"author_id":"824292828406808576","public_metrics":{"retweet_count":181,"reply_count":0,"like_count":0,"quote_count":0},"id":"1426111086231801859","lang":"fr","text":"RT @sofiane19e: \uD83D\uDD34 Douas \nUn frère m'envoie souvent des photos de son magnifique village natal de Kabylie.\n\nVoici 2 photos de celui-ci avant…","created_at":"2021-08-13T09:19:13.000Z"},{"author_id":"572071235","public_metrics":{"retweet_count":181,"reply_count":0,"like_count":0,"quote_count":0},"id":"1426110964613664770","lang":"fr","text":"RT @sofiane19e: \uD83D\uDD34 Douas \nUn frère m'envoie souvent des photos de son magnifique village natal de Kabylie.\n\nVoici 2 photos de celui-ci avant…","created_at":"2021-08-13T09:18:44.000Z"},{"author_id":"1344277512084463619","public_metrics":{"retweet_count":0,"reply_count":1,"like_count":7,"quote_count":1},"id":"1426110841192058880","lang":"fr","text":"@216YVSS @_fitamine @errorn401 @Merine831 @syaarahhb @mekness_nabil Faut avoir un culot monstrueux pour aller à l’ONU parler d’indépendance de la Kabylie puis venir proposer de l’aide face au feu ? Puis merci y a déjà l’Espagne la France et la Suisse pas besoin de pompiers pyromanes qu’ils restent de l’autre côté de la frontière.","created_at":"2021-08-13T09:18:15.000Z"},{"author_id":"165886837","public_metrics":{"retweet_count":11,"reply_count":0,"like_count":0,"quote_count":0},"id":"1426110773772836871","lang":"fr","text":"RT @GhilasAinouche: URGENT !\nUn départ de feu à l'instant entre #AKFADOU et #TIBANE (Vgayet). Faites attention mes ami.e.s !\nSOYEZ VIGILANT…","created_at":"2021-08-13T09:17:58.000Z"},{"author_id":"1320628382045032448","public_metrics":{"retweet_count":0,"reply_count":0,"like_count":0,"quote_count":0},"id":"1426110712938651655","lang":"fr","text":"Le feu est parti de kabylie , il est arrivé jusqu'à chlef et vous pensez c un feu naturel? Surtout que son départ était vers 19/20h a chlef il fait plus si chaud que ça a cette heure ci .","created_at":"2021-08-13T09:17:44.000Z"},{"author_id":"713113814","public_metrics":{"retweet_count":0,"reply_count":0,"like_count":0,"quote_count":0},"id":"1426110657540276225","lang":"fr","text":"Le Maroc dispose de suffisamment de Canadairs, en plus d’un C130 équipé pour lutter contre le feu. Alors que la Kabylie brûle et l’odeur de la chair humaine arrive jusqu’à Casablanca, les dirigeants algériens ne profitent pas de l’offre marocaine d’aide.","created_at":"2021-08-13T09:17:31.000Z"},{"author_id":"629743925","public_metrics":{"retweet_count":0,"reply_count":0,"like_count":2,"quote_count":0},"id":"1426110616843034633","attachments":{"media_keys":["3_1426110591102603264","3_1426110607519064067"]},"lang":"fr","text":"Village de Kabylie : avant / après l'incendie https://t.co/18O0OkQ3UR","created_at":"2021-08-13T09:17:21.000Z"},{"author_id":"885331343554600960","public_metrics":{"retweet_count":181,"reply_count":0,"like_count":0,"quote_count":0},"id":"1426110579782176768","lang":"fr","text":"RT @sofiane19e: \uD83D\uDD34 Douas \nUn frère m'envoie souvent des photos de son magnifique village natal de Kabylie.\n\nVoici 2 photos de celui-ci avant…","created_at":"2021-08-13T09:17:12.000Z"},{"author_id":"262236559","public_metrics":{"retweet_count":327,"reply_count":0,"like_count":0,"quote_count":0},"id":"1426110554838548480","lang":"fr","text":"RT @SecCivileFrance: \uD83C\uDDEB\uD83C\uDDF7\uD83E\uDD1D\uD83C\uDDE9\uD83C\uDDFF Les 2 #Canadair et le Beech sont arrivés en #Algérie.\nLes premiers largages ont été réalisés pour faire face aux…","created_at":"2021-08-13T09:17:06.000Z"},{"author_id":"575458526","public_metrics":{"retweet_count":85,"reply_count":0,"like_count":0,"quote_count":0},"id":"1426110396998553600","attachments":{"media_keys":["3_1425745645537841153"]},"lang":"fr","text":"RT @sirius1936: KABYLIE EN FEU\nUne pensée pour nos amis algériens eux aussi frappés par les incendies de forêts. https://t.co/0EE92y86ea","created_at":"2021-08-13T09:16:29.000Z"},{"author_id":"1273388659656589312","public_metrics":{"retweet_count":30,"reply_count":0,"like_count":0,"quote_count":0},"id":"1426110232309256194","lang":"fr","text":"RT @_A_R_I_F_I_: La Kabylie (Tizi Ouzou) avant et après l’incendie, c’est triste de voir une magnifique terre rempli de végétation disparaî…","created_at":"2021-08-13T09:15:49.000Z"},{"author_id":"204867452","public_metrics":{"retweet_count":181,"reply_count":0,"like_count":0,"quote_count":0},"id":"1426110141313728514","lang":"fr","text":"RT @sofiane19e: \uD83D\uDD34 Douas \nUn frère m'envoie souvent des photos de son magnifique village natal de Kabylie.\n\nVoici 2 photos de celui-ci avant…","created_at":"2021-08-13T09:15:28.000Z"},{"author_id":"1341689079013011456","public_metrics":{"retweet_count":181,"reply_count":0,"like_count":0,"quote_count":0},"id":"1426109904180465664","lang":"fr","text":"RT @sofiane19e: \uD83D\uDD34 Douas \nUn frère m'envoie souvent des photos de son magnifique village natal de Kabylie.\n\nVoici 2 photos de celui-ci avant…","created_at":"2021-08-13T09:14:31.000Z"},{"author_id":"2685247272","public_metrics":{"retweet_count":0,"reply_count":0,"like_count":0,"quote_count":0},"id":"1426109661342744576","lang":"en","text":"I know Khadidja from my time at University of Surrey. She's now teaching translation and interpreting at Heriot Watt. Please read and share.\nChildren of the Kabylie devastated by fire https://t.co/sn9KHoagcV","created_at":"2021-08-13T09:13:33.000Z"},{"author_id":"2311759730","public_metrics":{"retweet_count":181,"reply_count":0,"like_count":0,"quote_count":0},"id":"1426109543482789893","lang":"fr","text":"RT @sofiane19e: \uD83D\uDD34 Douas \nUn frère m'envoie souvent des photos de son magnifique village natal de Kabylie.\n\nVoici 2 photos de celui-ci avant…","created_at":"2021-08-13T09:13:05.000Z"},{"author_id":"1177647973649526784","public_metrics":{"retweet_count":2897,"reply_count":0,"like_count":0,"quote_count":0},"id":"1426109364822286343","lang":"fr","text":"RT @Tizi_Ouzou15: Après la Covid-19, le manque d’eau, les chutes de tension, c’est au tour des incendies. \nPlusieurs feu  d’incendie ont ét…","created_at":"2021-08-13T09:12:23.000Z"},{"author_id":"1304475670819598343","public_metrics":{"retweet_count":181,"reply_count":0,"like_count":0,"quote_count":0},"id":"1426109045434429441","lang":"fr","text":"RT @sofiane19e: \uD83D\uDD34 Douas \nUn frère m'envoie souvent des photos de son magnifique village natal de Kabylie.\n\nVoici 2 photos de celui-ci avant…","created_at":"2021-08-13T09:11:06.000Z"},{"author_id":"1257003148310392832","public_metrics":{"retweet_count":30,"reply_count":0,"like_count":0,"quote_count":0},"id":"1426108796506628103","lang":"fr","text":"RT @_A_R_I_F_I_: La Kabylie (Tizi Ouzou) avant et après l’incendie, c’est triste de voir une magnifique terre rempli de végétation disparaî…","created_at":"2021-08-13T09:10:07.000Z"},{"author_id":"554337302","public_metrics":{"retweet_count":85,"reply_count":0,"like_count":0,"quote_count":0},"id":"1426108420894121989","attachments":{"media_keys":["3_1425745645537841153"]},"lang":"fr","text":"RT @sirius1936: KABYLIE EN FEU\nUne pensée pour nos amis algériens eux aussi frappés par les incendies de forêts. https://t.co/0EE92y86ea","created_at":"2021-08-13T09:08:38.000Z"},{"author_id":"1014048859","public_metrics":{"retweet_count":181,"reply_count":0,"like_count":0,"quote_count":0},"id":"1426108237720477701","lang":"fr","text":"RT @sofiane19e: \uD83D\uDD34 Douas \nUn frère m'envoie souvent des photos de son magnifique village natal de Kabylie.\n\nVoici 2 photos de celui-ci avant…","created_at":"2021-08-13T09:07:54.000Z"},{"author_id":"1372072591","public_metrics":{"retweet_count":181,"reply_count":0,"like_count":0,"quote_count":0},"id":"1426108074264342530","lang":"fr","text":"RT @sofiane19e: \uD83D\uDD34 Douas \nUn frère m'envoie souvent des photos de son magnifique village natal de Kabylie.\n\nVoici 2 photos de celui-ci avant…","created_at":"2021-08-13T09:07:15.000Z"},{"author_id":"2476552476","public_metrics":{"retweet_count":181,"reply_count":0,"like_count":0,"quote_count":0},"id":"1426107932568080385","lang":"fr","text":"RT @sofiane19e: \uD83D\uDD34 Douas \nUn frère m'envoie souvent des photos de son magnifique village natal de Kabylie.\n\nVoici 2 photos de celui-ci avant…","created_at":"2021-08-13T09:06:41.000Z"},{"author_id":"931787443","public_metrics":{"retweet_count":0,"reply_count":0,"like_count":1,"quote_count":0},"id":"1426107839060357120","lang":"en","text":"Dozens of forest fires have hit mountainous areas in northern Algeria since Monday, mainly in Tizi Ouzou of the Kabylie region east of the capital, Algiers.\nhttps://t.co/IubLPi8aPW","created_at":"2021-08-13T09:06:19.000Z"},{"author_id":"3288775564","public_metrics":{"retweet_count":181,"reply_count":0,"like_count":0,"quote_count":0},"id":"1426107767375515651","lang":"fr","text":"RT @sofiane19e: \uD83D\uDD34 Douas \nUn frère m'envoie souvent des photos de son magnifique village natal de Kabylie.\n\nVoici 2 photos de celui-ci avant…","created_at":"2021-08-13T09:06:02.000Z"},{"author_id":"1265086407598657541","public_metrics":{"retweet_count":181,"reply_count":0,"like_count":0,"quote_count":0},"id":"1426107707875004419","lang":"fr","text":"RT @sofiane19e: \uD83D\uDD34 Douas \nUn frère m'envoie souvent des photos de son magnifique village natal de Kabylie.\n\nVoici 2 photos de celui-ci avant…","created_at":"2021-08-13T09:05:48.000Z"},{"author_id":"1149107811785330688","public_metrics":{"retweet_count":181,"reply_count":0,"like_count":0,"quote_count":0},"id":"1426107606142160897","lang":"fr","text":"RT @sofiane19e: \uD83D\uDD34 Douas \nUn frère m'envoie souvent des photos de son magnifique village natal de Kabylie.\n\nVoici 2 photos de celui-ci avant…","created_at":"2021-08-13T09:05:23.000Z"},{"author_id":"1346087693843890180","public_metrics":{"retweet_count":30,"reply_count":0,"like_count":0,"quote_count":0},"id":"1426107513779408899","lang":"fr","text":"RT @_A_R_I_F_I_: La Kabylie (Tizi Ouzou) avant et après l’incendie, c’est triste de voir une magnifique terre rempli de végétation disparaî…","created_at":"2021-08-13T09:05:01.000Z"},{"author_id":"1217547342095831040","public_metrics":{"retweet_count":181,"reply_count":0,"like_count":0,"quote_count":0},"id":"1426107435870261248","lang":"fr","text":"RT @sofiane19e: \uD83D\uDD34 Douas \nUn frère m'envoie souvent des photos de son magnifique village natal de Kabylie.\n\nVoici 2 photos de celui-ci avant…","created_at":"2021-08-13T09:04:43.000Z"},{"author_id":"2180161737","public_metrics":{"retweet_count":181,"reply_count":0,"like_count":0,"quote_count":0},"id":"1426107361693941763","lang":"fr","text":"RT @sofiane19e: \uD83D\uDD34 Douas \nUn frère m'envoie souvent des photos de son magnifique village natal de Kabylie.\n\nVoici 2 photos de celui-ci avant…","created_at":"2021-08-13T09:04:25.000Z"},{"author_id":"3730266555","public_metrics":{"retweet_count":181,"reply_count":0,"like_count":0,"quote_count":0},"id":"1426107224452059142","lang":"fr","text":"RT @sofiane19e: \uD83D\uDD34 Douas \nUn frère m'envoie souvent des photos de son magnifique village natal de Kabylie.\n\nVoici 2 photos de celui-ci avant…","created_at":"2021-08-13T09:03:52.000Z"},{"author_id":"402721619","public_metrics":{"retweet_count":181,"reply_count":0,"like_count":0,"quote_count":0},"id":"1426107026669719558","lang":"fr","text":"RT @sofiane19e: \uD83D\uDD34 Douas \nUn frère m'envoie souvent des photos de son magnifique village natal de Kabylie.\n\nVoici 2 photos de celui-ci avant…","created_at":"2021-08-13T09:03:05.000Z"},{"author_id":"1290281433278414849","public_metrics":{"retweet_count":181,"reply_count":0,"like_count":0,"quote_count":0},"id":"1426106716270342149","lang":"fr","text":"RT @sofiane19e: \uD83D\uDD34 Douas \nUn frère m'envoie souvent des photos de son magnifique village natal de Kabylie.\n\nVoici 2 photos de celui-ci avant…","created_at":"2021-08-13T09:01:51.000Z"},{"author_id":"946947530453118977","public_metrics":{"retweet_count":10,"reply_count":0,"like_count":0,"quote_count":0},"id":"1426105990928273411","lang":"fr","text":"RT @stinplaiziiir: Kendira est en feu \uD83D\uDE14\nBarbacha est en feu \uD83D\uDE14\nAfroune est en feu \uD83D\uDE14\n\nLa Kabylie est en feu \uD83D\uDE14\nL’Algerie est en feu \uD83D\uDE14\n\nEntendo…","created_at":"2021-08-13T08:58:58.000Z"},{"author_id":"1194418858750349313","public_metrics":{"retweet_count":1,"reply_count":0,"like_count":0,"quote_count":0},"id":"1426105906874494978","lang":"fr","text":"RT @AlgeriaOur: Urgence incendie en Kabylie\nQuel que soit le montant, chacun peut participer à cette cagnotte. Pas besoin de créer un compt…","created_at":"2021-08-13T08:58:38.000Z"},{"author_id":"1337359734060552195","public_metrics":{"retweet_count":30,"reply_count":0,"like_count":0,"quote_count":0},"id":"1426105871692615681","lang":"fr","text":"RT @_A_R_I_F_I_: La Kabylie (Tizi Ouzou) avant et après l’incendie, c’est triste de voir une magnifique terre rempli de végétation disparaî…","created_at":"2021-08-13T08:58:30.000Z"},{"author_id":"2156188857","public_metrics":{"retweet_count":30,"reply_count":0,"like_count":0,"quote_count":0},"id":"1426105845264404483","lang":"fr","text":"RT @_A_R_I_F_I_: La Kabylie (Tizi Ouzou) avant et après l’incendie, c’est triste de voir une magnifique terre rempli de végétation disparaî…","created_at":"2021-08-13T08:58:23.000Z"},{"author_id":"1017100502214078465","public_metrics":{"retweet_count":327,"reply_count":0,"like_count":0,"quote_count":0},"id":"1426105739374903299","lang":"fr","text":"RT @SecCivileFrance: \uD83C\uDDEB\uD83C\uDDF7\uD83E\uDD1D\uD83C\uDDE9\uD83C\uDDFF Les 2 #Canadair et le Beech sont arrivés en #Algérie.\nLes premiers largages ont été réalisés pour faire face aux…","created_at":"2021-08-13T08:57:58.000Z"}],"includes":{"media":[{"media_key":"3_1426116389237051392","type":"photo","url":"https://pbs.twimg.com/media/E8qVTNTWUAAa_yq.jpg"},{"media_key":"3_1425745645537841153","type":"photo","url":"https://pbs.twimg.com/media/E8lEHFZX0AE6k45.jpg"},{"media_key":"3_1426110591102603264","type":"photo","url":"https://pbs.twimg.com/media/E8qQBtkX0AASCFd.jpg"},{"media_key":"3_1426110607519064067","type":"photo","url":"https://pbs.twimg.com/media/E8qQCquXIAMcc60.jpg"}]},"meta":{"newest_id":"1426118675778650116","oldest_id":"1426105739374903299","result_count":99,"next_token":"b26v89c19zqg8o3fpdm8zll5ax07hx8nyghkccyxzp7jx"}}