{"data":[{"author_id":"999897313945444352","text":"RT @BooksToMyAss: The fires in the Algerian kabylie (Amazigh region) is only getting worse. People are dying people are losing their houses…","created_at":"2021-08-13T08:57:48.000Z","public_metrics":{"retweet_count":177,"reply_count":0,"like_count":0,"quote_count":0},"id":"1426105697402490884","lang":"en"},{"author_id":"1050285169","text":"RT @_A_R_I_F_I_: La Kabylie (Tizi Ouzou) avant et après l’incendie, c’est triste de voir une magnifique terre rempli de végétation disparaî…","created_at":"2021-08-13T08:56:47.000Z","public_metrics":{"retweet_count":30,"reply_count":0,"like_count":0,"quote_count":0},"id":"1426105442116190210","lang":"fr"},{"author_id":"222956661","text":"RT @_Snbey: Svp donnez pour tout le pays ! Il n'y a pas que la Kabylie qui brûle. Toute l'Algérie est en feu. Nous devons aider notre pays…","created_at":"2021-08-13T08:55:32.000Z","public_metrics":{"retweet_count":0,"reply_count":0,"like_count":0,"quote_count":0},"id":"1426105128138981379","lang":"fr"},{"author_id":"2665806343","text":"RT @sirius1936: KABYLIE EN FEU\nUne pensée pour nos amis algériens eux aussi frappés par les incendies de forêts. https://t.co/0EE92y86ea","attachments":{"media_keys":["3_1425745645537841153"]},"created_at":"2021-08-13T08:55:29.000Z","public_metrics":{"retweet_count":85,"reply_count":0,"like_count":0,"quote_count":0},"id":"1426105113907707908","lang":"fr"},{"author_id":"2828223407","text":"RT @stinplaiziiir: Kendira est en feu \uD83D\uDE14\nBarbacha est en feu \uD83D\uDE14\nAfroune est en feu \uD83D\uDE14\n\nLa Kabylie est en feu \uD83D\uDE14\nL’Algerie est en feu \uD83D\uDE14\n\nEntendo…","created_at":"2021-08-13T08:54:31.000Z","public_metrics":{"retweet_count":10,"reply_count":0,"like_count":0,"quote_count":0},"id":"1426104869581168641","lang":"fr"},{"author_id":"3191032199","text":"RT @SecCivileFrance: \uD83C\uDDEB\uD83C\uDDF7\uD83E\uDD1D\uD83C\uDDE9\uD83C\uDDFF Les 2 #Canadair et le Beech sont arrivés en #Algérie.\nLes premiers largages ont été réalisés pour faire face aux…","created_at":"2021-08-13T08:54:28.000Z","public_metrics":{"retweet_count":327,"reply_count":0,"like_count":0,"quote_count":0},"id":"1426104857719619584","lang":"fr"},{"author_id":"2995705253","text":"RT @daoud_kamel: Ce pays est aujourd’hui à un tournant. Il a toutes les raisons de s’effondrer et toutes les autres de se relever (...)On p…","created_at":"2021-08-13T08:54:27.000Z","public_metrics":{"retweet_count":32,"reply_count":0,"like_count":0,"quote_count":0},"id":"1426104852703232000","lang":"fr"},{"author_id":"1401262169879089155","text":"RT @SecCivileFrance: \uD83C\uDDEB\uD83C\uDDF7\uD83E\uDD1D\uD83C\uDDE9\uD83C\uDDFF Les 2 #Canadair et le Beech sont arrivés en #Algérie.\nLes premiers largages ont été réalisés pour faire face aux…","created_at":"2021-08-13T08:54:01.000Z","public_metrics":{"retweet_count":327,"reply_count":0,"like_count":0,"quote_count":0},"id":"1426104743609479169","lang":"fr"},{"author_id":"1298784715160391680","text":"RT @ryuk_ms: Je suis vraiment triste de savoir qu’encore une fois la Kabylie fait face à un incendie criminel. Qu’ الله Leur viennes en aid…","created_at":"2021-08-13T08:53:41.000Z","public_metrics":{"retweet_count":44,"reply_count":0,"like_count":0,"quote_count":0},"id":"1426104660100800512","lang":"fr"},{"author_id":"1298784715160391680","text":"RT @amishc1: C'est grave ce qui se passe dans le monde.... \nLa guerre en Palestine, les inondations en Chine, l'incendie en Turquie, la cri…","created_at":"2021-08-13T08:53:33.000Z","public_metrics":{"retweet_count":46,"reply_count":0,"like_count":0,"quote_count":0},"id":"1426104628190588928","lang":"fr"},{"author_id":"262236559","text":"RT @daoud_kamel: Ce pays est aujourd’hui à un tournant. Il a toutes les raisons de s’effondrer et toutes les autres de se relever (...)On p…","created_at":"2021-08-13T08:53:25.000Z","public_metrics":{"retweet_count":32,"reply_count":0,"like_count":0,"quote_count":0},"id":"1426104595114254339","lang":"fr"},{"author_id":"1298784715160391680","text":"RT @Tizi_Ouzou15: Après la Covid-19, le manque d’eau, les chutes de tension, c’est au tour des incendies. \nPlusieurs feu  d’incendie ont ét…","created_at":"2021-08-13T08:53:15.000Z","public_metrics":{"retweet_count":2897,"reply_count":0,"like_count":0,"quote_count":0},"id":"1426104551288020992","lang":"fr"},{"author_id":"1036318368679247873","text":"RT @_A_R_I_F_I_: La Kabylie (Tizi Ouzou) avant et après l’incendie, c’est triste de voir une magnifique terre rempli de végétation disparaî…","created_at":"2021-08-13T08:52:58.000Z","public_metrics":{"retweet_count":30,"reply_count":0,"like_count":0,"quote_count":0},"id":"1426104481326899211","lang":"fr"},{"author_id":"419472079","text":"Please donate to this call organised by a dear friend - Children of the Kabylie devastated by fire https://t.co/jVNCPZmokn","created_at":"2021-08-13T08:52:37.000Z","public_metrics":{"retweet_count":0,"reply_count":0,"like_count":1,"quote_count":0},"id":"1426104391820582913","lang":"en"},{"author_id":"222956661","text":"RT @AC_HT_: La #Kabylie brûle, la #Grece brûle la #Californie brûle,...et c'est #Messi qui met le feu \uD83D\uDD25...On aurait pas un problème de prio…","created_at":"2021-08-13T08:51:10.000Z","public_metrics":{"retweet_count":5,"reply_count":0,"like_count":0,"quote_count":0},"id":"1426104026995773443","lang":"fr"},{"author_id":"3622786215","text":"RT @_A_R_I_F_I_: La Kabylie (Tizi Ouzou) avant et après l’incendie, c’est triste de voir une magnifique terre rempli de végétation disparaî…","created_at":"2021-08-13T08:50:14.000Z","public_metrics":{"retweet_count":30,"reply_count":0,"like_count":0,"quote_count":0},"id":"1426103790856441859","lang":"fr"},{"author_id":"586657109","text":"RT @SecCivileFrance: \uD83C\uDDEB\uD83C\uDDF7\uD83E\uDD1D\uD83C\uDDE9\uD83C\uDDFF Les 2 #Canadair et le Beech sont arrivés en #Algérie.\nLes premiers largages ont été réalisés pour faire face aux…","created_at":"2021-08-13T08:49:55.000Z","public_metrics":{"retweet_count":327,"reply_count":0,"like_count":0,"quote_count":0},"id":"1426103712016224258","lang":"fr"},{"author_id":"1422254404057673734","text":"RT @TariqibnZiyad__: Si la charia était instauré en Algérie cet innocent qui est venu aider ces frères en Kabylie ne serait pas brûlé vif c…","created_at":"2021-08-13T08:49:38.000Z","public_metrics":{"retweet_count":74,"reply_count":0,"like_count":0,"quote_count":0},"id":"1426103640314589184","lang":"fr"},{"author_id":"1170412800302297094","text":"RT @_A_R_I_F_I_: La Kabylie (Tizi Ouzou) avant et après l’incendie, c’est triste de voir une magnifique terre rempli de végétation disparaî…","created_at":"2021-08-13T08:48:46.000Z","public_metrics":{"retweet_count":30,"reply_count":0,"like_count":0,"quote_count":0},"id":"1426103421460000773","lang":"fr"},{"author_id":"869263385250193408","text":"RT @_A_R_I_F_I_: La Kabylie (Tizi Ouzou) avant et après l’incendie, c’est triste de voir une magnifique terre rempli de végétation disparaî…","created_at":"2021-08-13T08:47:32.000Z","public_metrics":{"retweet_count":30,"reply_count":0,"like_count":0,"quote_count":0},"id":"1426103113786830850","lang":"fr"},{"author_id":"1273020200175181825","text":"La Kabylie (Tizi Ouzou) avant et après l’incendie, c’est triste de voir une magnifique terre rempli de végétation disparaître comme ça \uD83D\uDE22\uD83D\uDC94 https://t.co/mkt2fVzvKm","attachments":{"media_keys":["3_1426103013299703808"]},"created_at":"2021-08-13T08:47:10.000Z","public_metrics":{"retweet_count":30,"reply_count":1,"like_count":76,"quote_count":3},"id":"1426103021331693574","lang":"fr"},{"author_id":"1227544593052372997","text":"@lejuste2019 @epsilonov71 Ntouma voyous ahachmou ala rouhkoum,dawla rahi dir plus qu'il convient,la Kabylie c l'Algérie et cessez de réveiller le feu de la fitna","created_at":"2021-08-13T08:46:41.000Z","public_metrics":{"retweet_count":0,"reply_count":0,"like_count":0,"quote_count":0},"id":"1426102897381711875","lang":"fr"},{"author_id":"1408522773832605700","text":"RT @SecCivileFrance: \uD83C\uDDEB\uD83C\uDDF7\uD83E\uDD1D\uD83C\uDDE9\uD83C\uDDFF Les 2 #Canadair et le Beech sont arrivés en #Algérie.\nLes premiers largages ont été réalisés pour faire face aux…","created_at":"2021-08-13T08:45:55.000Z","public_metrics":{"retweet_count":327,"reply_count":0,"like_count":0,"quote_count":0},"id":"1426102707983634438","lang":"fr"},{"author_id":"1506887383","text":"RT @Tizi_Ouzou15: Après la Covid-19, le manque d’eau, les chutes de tension, c’est au tour des incendies. \nPlusieurs feu  d’incendie ont ét…","created_at":"2021-08-13T08:45:30.000Z","public_metrics":{"retweet_count":2897,"reply_count":0,"like_count":0,"quote_count":0},"id":"1426102601788141570","lang":"fr"},{"author_id":"1191038190766960641","text":"Courage à toute la population algérienne\uD83D\uDE4F\uD83C\uDFFC incendie  feux  Kabylie https://t.co/iP48yzZ7IF","created_at":"2021-08-13T08:44:59.000Z","public_metrics":{"retweet_count":0,"reply_count":0,"like_count":0,"quote_count":0},"id":"1426102471588524035","lang":"fr"},{"author_id":"1168962576585285632","text":"RT @AkliStaifi: La Kabylie brûle, l'Algérie brûle...\nqu'Allah viennent en aide au peuple Kabyle et que toutes les victimes mortes par cet i…","created_at":"2021-08-13T08:43:47.000Z","public_metrics":{"retweet_count":4132,"reply_count":0,"like_count":0,"quote_count":0},"id":"1426102167845359617","lang":"fr"},{"author_id":"225166253","text":"Courage à toute la population algérienne\uD83D\uDE4F\uD83C\uDFFC#incendie #feux #Kabylie https://t.co/VK5jeEuFwN","created_at":"2021-08-13T08:43:22.000Z","public_metrics":{"retweet_count":0,"reply_count":0,"like_count":3,"quote_count":0},"id":"1426102062933237761","lang":"fr"},{"author_id":"4273404076","text":"RT @SecCivileFrance: \uD83C\uDDEB\uD83C\uDDF7\uD83E\uDD1D\uD83C\uDDE9\uD83C\uDDFF Les 2 #Canadair et le Beech sont arrivés en #Algérie.\nLes premiers largages ont été réalisés pour faire face aux…","created_at":"2021-08-13T08:42:47.000Z","public_metrics":{"retweet_count":327,"reply_count":0,"like_count":0,"quote_count":0},"id":"1426101918586347526","lang":"fr"},{"author_id":"771037774833192960","text":"RT @BaudinSdc: @MrBen78000 @SecCivileFrance @Interieur_Gouv @eu_echo @UEFrance @EU_Commission @ambafrancealger @DGPC_CNI @GDarmanin @Marlen…","created_at":"2021-08-13T08:39:58.000Z","public_metrics":{"retweet_count":1,"reply_count":0,"like_count":0,"quote_count":0},"id":"1426101208851304451","lang":"fr"},{"author_id":"771037774833192960","text":"RT @HamchacheRyadh: l'Algérie déclare la guerre officiellement à la Kabylie, des centaines militants politique Kabyle sont mets en prison,…","created_at":"2021-08-13T08:39:41.000Z","public_metrics":{"retweet_count":2,"reply_count":0,"like_count":0,"quote_count":0},"id":"1426101138194042880","lang":"fr"},{"author_id":"470331096","text":"RT @SecCivileFrance: \uD83C\uDDEB\uD83C\uDDF7\uD83E\uDD1D\uD83C\uDDE9\uD83C\uDDFF Les 2 #Canadair et le Beech sont arrivés en #Algérie.\nLes premiers largages ont été réalisés pour faire face aux…","created_at":"2021-08-13T08:39:19.000Z","public_metrics":{"retweet_count":327,"reply_count":0,"like_count":0,"quote_count":0},"id":"1426101043406983169","lang":"fr"},{"author_id":"771037774833192960","text":"RT @ThafsuthB: @sergiodde en Kabylie 72 départs de feu différents,tous d'origine criminel,sans moyen ce pays a vu tous ces oliviers qui pro…","created_at":"2021-08-13T08:38:58.000Z","public_metrics":{"retweet_count":1,"reply_count":0,"like_count":0,"quote_count":0},"id":"1426100956224266243","lang":"fr"},{"author_id":"771037774833192960","text":"RT @Johnny_skapen: Les gens meurent dans les montagnes de la Kabylie, et tu as des cons comme ça qui ne paie pas 1 euros d’impôts j’en suis…","created_at":"2021-08-13T08:38:48.000Z","public_metrics":{"retweet_count":1,"reply_count":0,"like_count":0,"quote_count":0},"id":"1426100915413651458","lang":"fr"},{"author_id":"771037774833192960","text":"RT @ZMoscowitch: Anonymes ou pas: Ils pleurent leur Kabylie en feu et fustigent l’impéritie de l’Etat – https://t.co/oUu6Bhs5le https://t.c…","created_at":"2021-08-13T08:38:33.000Z","public_metrics":{"retweet_count":1,"reply_count":0,"like_count":0,"quote_count":0},"id":"1426100850359996420","lang":"fr"},{"author_id":"771037774833192960","text":"RT @plnlka: @Mohcini6 @GDarmanin Qui a martyrisé les Kabyles ? Qui met le feu à la Kabylie ? Pas les français !","created_at":"2021-08-13T08:38:04.000Z","public_metrics":{"retweet_count":1,"reply_count":0,"like_count":0,"quote_count":0},"id":"1426100731166216193","lang":"fr"},{"author_id":"965360047197913088","text":"RT @Tizi_Ouzou15: Après la Covid-19, le manque d’eau, les chutes de tension, c’est au tour des incendies. \nPlusieurs feu  d’incendie ont ét…","created_at":"2021-08-13T08:37:56.000Z","public_metrics":{"retweet_count":2897,"reply_count":0,"like_count":0,"quote_count":0},"id":"1426100698790387715","lang":"fr"},{"author_id":"771037774833192960","text":"RT @AC_HT_: La #Kabylie brûle, la #Grece brûle la #Californie brûle,...et c'est #Messi qui met le feu \uD83D\uDD25...On aurait pas un problème de prio…","created_at":"2021-08-13T08:37:47.000Z","public_metrics":{"retweet_count":5,"reply_count":0,"like_count":0,"quote_count":0},"id":"1426100661305974788","lang":"fr"},{"author_id":"1000498614781669376","text":"RT @tamacahut: call to the diaspora : if you can help, those assisting on the ground in Tizi are fundraising for families who've lost every…","created_at":"2021-08-13T08:37:47.000Z","public_metrics":{"retweet_count":10,"reply_count":0,"like_count":0,"quote_count":0},"id":"1426100658604630016","lang":"en"},{"author_id":"771037774833192960","text":"RT @RachidHomri: 28 militaires sont morts dans les incendies qui frappent la kabylie. La naïveté du pouvoir algerien qui pense qu'il suffit…","created_at":"2021-08-13T08:37:32.000Z","public_metrics":{"retweet_count":1,"reply_count":0,"like_count":0,"quote_count":0},"id":"1426100596151668736","lang":"fr"},{"author_id":"771037774833192960","text":"RT @ChristianeMazri: @sandrinec558 La Kabylie aussi est en feu c'est le pays de mes parents, c'est beaucoup de stress, mais la famille là-b…","created_at":"2021-08-13T08:37:04.000Z","public_metrics":{"retweet_count":1,"reply_count":0,"like_count":0,"quote_count":0},"id":"1426100477331136523","lang":"fr"},{"author_id":"771037774833192960","text":"RT @AznayAqbayli: En #Kabylie les expressions comme \"Mettre un pays à feu et à sang\", \"appliquer la politique de la terre brûlée\"... là, ma…","created_at":"2021-08-13T08:36:18.000Z","public_metrics":{"retweet_count":12,"reply_count":0,"like_count":0,"quote_count":0},"id":"1426100284422565894","lang":"fr"},{"author_id":"2828223407","text":"RT @miassa65115794: Algérie mon amour, Algérie pour toujours. (Cr:Koussai.26 ig) #SaveAlgeria #AlgeriaIsBurning #savedz #Tiziouzou #TiziOuz…","created_at":"2021-08-13T08:35:55.000Z","public_metrics":{"retweet_count":5,"reply_count":0,"like_count":0,"quote_count":0},"id":"1426100190826713099","lang":"fr"},{"author_id":"3109902435","text":"RT @AznayAqbayli: En #Kabylie les expressions comme \"Mettre un pays à feu et à sang\", \"appliquer la politique de la terre brûlée\"... là, ma…","created_at":"2021-08-13T08:35:50.000Z","public_metrics":{"retweet_count":12,"reply_count":0,"like_count":0,"quote_count":0},"id":"1426100169091735556","lang":"fr"},{"author_id":"1168192271247958016","text":"RT @un_rif: Ce ne sont pas des lumières mais bien du feu actuellement en Kabylie (Algérie) . Allah y 3awenhom sa reste nos frères oubliez p…","created_at":"2021-08-13T08:35:04.000Z","public_metrics":{"retweet_count":4,"reply_count":0,"like_count":0,"quote_count":0},"id":"1426099975658876932","lang":"fr"},{"author_id":"2699473774","text":"RT @sofiane19e: \uD83D\uDD34 Douas \nUn frère m'envoie souvent des photos de son magnifique village natal de Kabylie.\n\nVoici 2 photos de celui-ci avant…","created_at":"2021-08-13T08:28:31.000Z","public_metrics":{"retweet_count":181,"reply_count":0,"like_count":0,"quote_count":0},"id":"1426098328593436676","lang":"fr"},{"author_id":"474275493","text":"RT @SecCivileFrance: \uD83C\uDDEB\uD83C\uDDF7\uD83E\uDD1D\uD83C\uDDE9\uD83C\uDDFF Les 2 #Canadair et le Beech sont arrivés en #Algérie.\nLes premiers largages ont été réalisés pour faire face aux…","created_at":"2021-08-13T08:28:15.000Z","public_metrics":{"retweet_count":327,"reply_count":0,"like_count":0,"quote_count":0},"id":"1426098258636681219","lang":"fr"},{"author_id":"850331000148250624","text":"RT @SecCivileFrance: \uD83C\uDDEB\uD83C\uDDF7\uD83E\uDD1D\uD83C\uDDE9\uD83C\uDDFF Les 2 #Canadair et le Beech sont arrivés en #Algérie.\nLes premiers largages ont été réalisés pour faire face aux…","created_at":"2021-08-13T08:27:13.000Z","public_metrics":{"retweet_count":327,"reply_count":0,"like_count":0,"quote_count":0},"id":"1426098001357987849","lang":"fr"},{"author_id":"1425206175402967041","text":"RT @SHB_tweete: ‼️MERCI DE RELAYER‼️\nLe village de Zoubga (Illilten, Daira d’Iferhounene) met à disposition sa bouche incendie et accueille…","created_at":"2021-08-13T08:26:45.000Z","public_metrics":{"retweet_count":1,"reply_count":0,"like_count":0,"quote_count":0},"id":"1426097882495660033","lang":"fr"},{"author_id":"1381219128","text":"RT @TariqibnZiyad__: Si la charia était instauré en Algérie cet innocent qui est venu aider ces frères en Kabylie ne serait pas brûlé vif c…","created_at":"2021-08-13T08:26:07.000Z","public_metrics":{"retweet_count":74,"reply_count":0,"like_count":0,"quote_count":0},"id":"1426097722814312450","lang":"fr"},{"author_id":"1234253377783128066","text":"RT @Dllisra: Qu’Allah vienne en aide à L’Algérie, entre le feu en Kabylie et le corona on s’en sort vraiment plus","created_at":"2021-08-13T08:26:00.000Z","public_metrics":{"retweet_count":24,"reply_count":0,"like_count":0,"quote_count":0},"id":"1426097693730934786","lang":"fr"},{"author_id":"997807982","text":"RT @daoud_kamel: Ce pays est aujourd’hui à un tournant. Il a toutes les raisons de s’effondrer et toutes les autres de se relever (...)On p…","created_at":"2021-08-13T08:23:16.000Z","public_metrics":{"retweet_count":32,"reply_count":0,"like_count":0,"quote_count":0},"id":"1426097005688934401","lang":"fr"},{"author_id":"1313184614333255682","text":"RT @sofiane19e: \uD83D\uDD34 Douas \nUn frère m'envoie souvent des photos de son magnifique village natal de Kabylie.\n\nVoici 2 photos de celui-ci avant…","created_at":"2021-08-13T08:20:43.000Z","public_metrics":{"retweet_count":181,"reply_count":0,"like_count":0,"quote_count":0},"id":"1426096363297808385","lang":"fr"},{"author_id":"1217446699502837760","text":"RT @sofiane19e: \uD83D\uDD34 Douas \nUn frère m'envoie souvent des photos de son magnifique village natal de Kabylie.\n\nVoici 2 photos de celui-ci avant…","created_at":"2021-08-13T08:20:26.000Z","public_metrics":{"retweet_count":181,"reply_count":0,"like_count":0,"quote_count":0},"id":"1426096293638819847","lang":"fr"},{"author_id":"441088494","text":"RT @SecCivileFrance: \uD83C\uDDEB\uD83C\uDDF7\uD83E\uDD1D\uD83C\uDDE9\uD83C\uDDFF Les 2 #Canadair et le Beech sont arrivés en #Algérie.\nLes premiers largages ont été réalisés pour faire face aux…","created_at":"2021-08-13T08:19:17.000Z","public_metrics":{"retweet_count":327,"reply_count":0,"like_count":0,"quote_count":0},"id":"1426096005271990276","lang":"fr"},{"author_id":"1288091215628566528","text":"RT @SecCivileFrance: \uD83C\uDDEB\uD83C\uDDF7\uD83E\uDD1D\uD83C\uDDE9\uD83C\uDDFF Les 2 #Canadair et le Beech sont arrivés en #Algérie.\nLes premiers largages ont été réalisés pour faire face aux…","created_at":"2021-08-13T08:18:09.000Z","public_metrics":{"retweet_count":327,"reply_count":0,"like_count":0,"quote_count":0},"id":"1426095716561297410","lang":"fr"},{"author_id":"1392024567904866304","text":"RT @SecCivileFrance: \uD83C\uDDEB\uD83C\uDDF7\uD83E\uDD1D\uD83C\uDDE9\uD83C\uDDFF Les 2 #Canadair et le Beech sont arrivés en #Algérie.\nLes premiers largages ont été réalisés pour faire face aux…","created_at":"2021-08-13T08:17:45.000Z","public_metrics":{"retweet_count":327,"reply_count":0,"like_count":0,"quote_count":0},"id":"1426095616690638849","lang":"fr"},{"author_id":"1316790195564445699","text":"RT @SecCivileFrance: \uD83C\uDDEB\uD83C\uDDF7\uD83E\uDD1D\uD83C\uDDE9\uD83C\uDDFF Les 2 #Canadair et le Beech sont arrivés en #Algérie.\nLes premiers largages ont été réalisés pour faire face aux…","created_at":"2021-08-13T08:17:03.000Z","public_metrics":{"retweet_count":327,"reply_count":0,"like_count":0,"quote_count":0},"id":"1426095442568253443","lang":"fr"},{"author_id":"220061105","text":"RT @SecCivileFrance: \uD83C\uDDEB\uD83C\uDDF7\uD83E\uDD1D\uD83C\uDDE9\uD83C\uDDFF Les 2 #Canadair et le Beech sont arrivés en #Algérie.\nLes premiers largages ont été réalisés pour faire face aux…","created_at":"2021-08-13T08:16:28.000Z","public_metrics":{"retweet_count":327,"reply_count":0,"like_count":0,"quote_count":0},"id":"1426095296136765444","lang":"fr"},{"author_id":"1271103143108100101","text":"RT @sofiane19e: \uD83D\uDD34 Douas \nUn frère m'envoie souvent des photos de son magnifique village natal de Kabylie.\n\nVoici 2 photos de celui-ci avant…","created_at":"2021-08-13T08:16:17.000Z","public_metrics":{"retweet_count":181,"reply_count":0,"like_count":0,"quote_count":0},"id":"1426095247252205571","lang":"fr"},{"author_id":"1111203530","text":"RT @SecCivileFrance: \uD83C\uDDEB\uD83C\uDDF7\uD83E\uDD1D\uD83C\uDDE9\uD83C\uDDFF Les 2 #Canadair et le Beech sont arrivés en #Algérie.\nLes premiers largages ont été réalisés pour faire face aux…","created_at":"2021-08-13T08:15:19.000Z","public_metrics":{"retweet_count":327,"reply_count":0,"like_count":0,"quote_count":0},"id":"1426095004544552963","lang":"fr"},{"author_id":"1328318395322945536","text":"RT @SecCivileFrance: \uD83C\uDDEB\uD83C\uDDF7\uD83E\uDD1D\uD83C\uDDE9\uD83C\uDDFF Les 2 #Canadair et le Beech sont arrivés en #Algérie.\nLes premiers largages ont été réalisés pour faire face aux…","created_at":"2021-08-13T08:13:15.000Z","public_metrics":{"retweet_count":327,"reply_count":0,"like_count":0,"quote_count":0},"id":"1426094483305869312","lang":"fr"},{"author_id":"1114803322765172736","text":"RT @sofiane19e: \uD83D\uDD34 Douas \nUn frère m'envoie souvent des photos de son magnifique village natal de Kabylie.\n\nVoici 2 photos de celui-ci avant…","created_at":"2021-08-13T08:12:40.000Z","public_metrics":{"retweet_count":181,"reply_count":0,"like_count":0,"quote_count":0},"id":"1426094337042042880","lang":"fr"},{"author_id":"187666382","text":"RT @SecCivileFrance: \uD83C\uDDEB\uD83C\uDDF7\uD83E\uDD1D\uD83C\uDDE9\uD83C\uDDFF Les 2 #Canadair et le Beech sont arrivés en #Algérie.\nLes premiers largages ont été réalisés pour faire face aux…","created_at":"2021-08-13T08:08:55.000Z","public_metrics":{"retweet_count":327,"reply_count":0,"like_count":0,"quote_count":0},"id":"1426093393218789377","lang":"fr"},{"author_id":"1283361196918419456","text":"@Y93337422 @MohNTata1 @jclagarde Les personnes qui ont fait ça sont tout aussi criminelles que celles qui ont mis le feu, elles ne représentent en aucun cas la kabylie. Va voir le discours du père de cet homme et apaise ton cœur.","created_at":"2021-08-13T08:08:50.000Z","public_metrics":{"retweet_count":0,"reply_count":0,"like_count":2,"quote_count":0},"id":"1426093372536770560","lang":"fr"},{"author_id":"2297569615","text":"RT @sofiane19e: \uD83D\uDD34 Douas \nUn frère m'envoie souvent des photos de son magnifique village natal de Kabylie.\n\nVoici 2 photos de celui-ci avant…","created_at":"2021-08-13T08:05:51.000Z","public_metrics":{"retweet_count":181,"reply_count":0,"like_count":0,"quote_count":0},"id":"1426092624214216704","lang":"fr"},{"author_id":"2350381136","text":"@9_lau_3 @KheddoumaW @CMezaber @AndyDelort9 @hananeguendil Je pense qu'il est venu en Kabylie après l'incendie","created_at":"2021-08-13T08:05:33.000Z","public_metrics":{"retweet_count":0,"reply_count":0,"like_count":0,"quote_count":0},"id":"1426092547533942787","lang":"fr"},{"author_id":"98866070","text":"RT @SecCivileFrance: \uD83C\uDDEB\uD83C\uDDF7\uD83E\uDD1D\uD83C\uDDE9\uD83C\uDDFF Les 2 #Canadair et le Beech sont arrivés en #Algérie.\nLes premiers largages ont été réalisés pour faire face aux…","created_at":"2021-08-13T08:04:23.000Z","public_metrics":{"retweet_count":327,"reply_count":0,"like_count":0,"quote_count":0},"id":"1426092252544241664","lang":"fr"},{"author_id":"1038500479276339200","text":"RT @Cita_Friends: J'ai jamais autant détester un gouvernement le gouvernement Algérien a vraiment refuser 2 canadaires pour aider les feu e…","created_at":"2021-08-13T08:03:55.000Z","public_metrics":{"retweet_count":19,"reply_count":0,"like_count":0,"quote_count":0},"id":"1426092137523855363","lang":"fr"},{"author_id":"896495269944197122","text":"RT @SecCivileFrance: \uD83C\uDDEB\uD83C\uDDF7\uD83E\uDD1D\uD83C\uDDE9\uD83C\uDDFF Les 2 #Canadair et le Beech sont arrivés en #Algérie.\nLes premiers largages ont été réalisés pour faire face aux…","created_at":"2021-08-13T08:01:18.000Z","public_metrics":{"retweet_count":327,"reply_count":0,"like_count":0,"quote_count":0},"id":"1426091479265579008","lang":"fr"},{"author_id":"1421525593573707785","text":"RT @sofiane19e: \uD83D\uDD34 Douas \nUn frère m'envoie souvent des photos de son magnifique village natal de Kabylie.\n\nVoici 2 photos de celui-ci avant…","created_at":"2021-08-13T08:00:58.000Z","public_metrics":{"retweet_count":181,"reply_count":0,"like_count":0,"quote_count":0},"id":"1426091394435883008","lang":"fr"},{"author_id":"4887757924","text":"RT @SecCivileFrance: \uD83C\uDDEB\uD83C\uDDF7\uD83E\uDD1D\uD83C\uDDE9\uD83C\uDDFF Les 2 #Canadair et le Beech sont arrivés en #Algérie.\nLes premiers largages ont été réalisés pour faire face aux…","created_at":"2021-08-13T07:59:45.000Z","public_metrics":{"retweet_count":327,"reply_count":0,"like_count":0,"quote_count":0},"id":"1426091089015066627","lang":"fr"},{"author_id":"1694115884","text":"RT @sofiane19e: \uD83D\uDD34 Douas \nUn frère m'envoie souvent des photos de son magnifique village natal de Kabylie.\n\nVoici 2 photos de celui-ci avant…","created_at":"2021-08-13T07:58:13.000Z","public_metrics":{"retweet_count":181,"reply_count":0,"like_count":0,"quote_count":0},"id":"1426090702870654977","lang":"fr"},{"author_id":"1328342247167975427","text":"RT @stinplaiziiir: Kendira est en feu \uD83D\uDE14\nBarbacha est en feu \uD83D\uDE14\nAfroune est en feu \uD83D\uDE14\n\nLa Kabylie est en feu \uD83D\uDE14\nL’Algerie est en feu \uD83D\uDE14\n\nEntendo…","created_at":"2021-08-13T07:55:17.000Z","public_metrics":{"retweet_count":10,"reply_count":0,"like_count":0,"quote_count":0},"id":"1426089962643070976","lang":"fr"},{"author_id":"1250703986275110912","text":"@sandrinec558 La Kabylie aussi est en feu c'est le pays de mes parents, c'est beaucoup de stress, mais la famille là-bas est épargnée, ouf! Grosse pensée à tous les sinistrés du monde!","created_at":"2021-08-13T07:54:31.000Z","public_metrics":{"retweet_count":1,"reply_count":0,"like_count":4,"quote_count":0},"id":"1426089770384564224","lang":"fr"},{"author_id":"2782417559","text":"RT @sirius1936: KABYLIE EN FEU\nUne pensée pour nos amis algériens eux aussi frappés par les incendies de forêts. https://t.co/0EE92y86ea","attachments":{"media_keys":["3_1425745645537841153"]},"created_at":"2021-08-13T07:53:27.000Z","public_metrics":{"retweet_count":85,"reply_count":0,"like_count":0,"quote_count":0},"id":"1426089502502699011","lang":"fr"},{"author_id":"3044616087","text":"RT @Tizi_Ouzou15: Après la Covid-19, le manque d’eau, les chutes de tension, c’est au tour des incendies. \nPlusieurs feu  d’incendie ont ét…","created_at":"2021-08-13T07:50:16.000Z","public_metrics":{"retweet_count":2897,"reply_count":0,"like_count":0,"quote_count":0},"id":"1426088699713015810","lang":"fr"},{"author_id":"1137436453292642305","text":"RT @stinplaiziiir: Kendira est en feu \uD83D\uDE14\nBarbacha est en feu \uD83D\uDE14\nAfroune est en feu \uD83D\uDE14\n\nLa Kabylie est en feu \uD83D\uDE14\nL’Algerie est en feu \uD83D\uDE14\n\nEntendo…","created_at":"2021-08-13T07:50:01.000Z","public_metrics":{"retweet_count":10,"reply_count":0,"like_count":0,"quote_count":0},"id":"1426088636571860993","lang":"fr"},{"author_id":"3044616087","text":"RT @chahrazzzz: 25 départs de feu aujourd’hui en Kabylie, c’est horrible https://t.co/vA8UKhswzZ","attachments":{"media_keys":["3_1424849354947502081","3_1424849354934951937","3_1424849354939064327","3_1424849355727687699"]},"created_at":"2021-08-13T07:49:23.000Z","public_metrics":{"retweet_count":573,"reply_count":0,"like_count":0,"quote_count":0},"id":"1426088480422178826","lang":"fr"},{"author_id":"185970075","text":"RT @sofiane19e: \uD83D\uDD34 Douas \nUn frère m'envoie souvent des photos de son magnifique village natal de Kabylie.\n\nVoici 2 photos de celui-ci avant…","created_at":"2021-08-13T07:48:58.000Z","public_metrics":{"retweet_count":181,"reply_count":0,"like_count":0,"quote_count":0},"id":"1426088373970743297","lang":"fr"},{"author_id":"71572820","text":"Plusieurs départs de feu simultanés, la piste criminelle ne fait aucun doute. La terre (La #Kabylie) qui a vu naître mes parents brûle. Fier de voir que le pays dans lequel je suis né, j’ai grandi et je vis apporte son soutien indéfectible. Vive la République. Vive la #France. https://t.co/kqD2XCWaUF","attachments":{"media_keys":["3_1426087713070059522"]},"created_at":"2021-08-13T07:46:22.000Z","public_metrics":{"retweet_count":0,"reply_count":0,"like_count":1,"quote_count":0},"id":"1426087721089515521","lang":"fr"},{"author_id":"1294732374304010240","text":"RT @sofiane19e: \uD83D\uDD34 Douas \nUn frère m'envoie souvent des photos de son magnifique village natal de Kabylie.\n\nVoici 2 photos de celui-ci avant…","created_at":"2021-08-13T07:44:50.000Z","public_metrics":{"retweet_count":181,"reply_count":0,"like_count":0,"quote_count":0},"id":"1426087335066750980","lang":"fr"},{"author_id":"1341181064409178113","text":"RT @SecCivileFrance: \uD83C\uDDEB\uD83C\uDDF7\uD83E\uDD1D\uD83C\uDDE9\uD83C\uDDFF Les 2 #Canadair et le Beech sont arrivés en #Algérie.\nLes premiers largages ont été réalisés pour faire face aux…","created_at":"2021-08-13T07:44:33.000Z","public_metrics":{"retweet_count":327,"reply_count":0,"like_count":0,"quote_count":0},"id":"1426087263717449731","lang":"fr"},{"author_id":"1641332695","text":"RT @Videos2Riles: Pour aider les victimes d'incendie en Kabylie \nIl existe une cagnotte sur Paypal que je vous partage \nhttps://t.co/t0Spnp…","created_at":"2021-08-13T07:43:15.000Z","public_metrics":{"retweet_count":995,"reply_count":0,"like_count":0,"quote_count":0},"id":"1426086935378997253","lang":"fr"},{"author_id":"1234900312491806723","text":"RT @Reuters: Forest fires in Algeria killed 42 people, including 25 soldiers deployed to help put out the blaze, the government said, as th…","created_at":"2021-08-13T07:43:02.000Z","public_metrics":{"retweet_count":373,"reply_count":0,"like_count":0,"quote_count":0},"id":"1426086882119663619","lang":"en"},{"author_id":"169964014","text":"RT @SecCivileFrance: \uD83C\uDDEB\uD83C\uDDF7\uD83E\uDD1D\uD83C\uDDE9\uD83C\uDDFF Les 2 #Canadair et le Beech sont arrivés en #Algérie.\nLes premiers largages ont été réalisés pour faire face aux…","created_at":"2021-08-13T07:42:46.000Z","public_metrics":{"retweet_count":327,"reply_count":0,"like_count":0,"quote_count":0},"id":"1426086812175503360","lang":"fr"},{"author_id":"1309958637570478082","text":"RT @Tizi_Ouzou15: Après la Covid-19, le manque d’eau, les chutes de tension, c’est au tour des incendies. \nPlusieurs feu  d’incendie ont ét…","created_at":"2021-08-13T07:42:32.000Z","public_metrics":{"retweet_count":2897,"reply_count":0,"like_count":0,"quote_count":0},"id":"1426086755560824836","lang":"fr"},{"author_id":"2545545712","text":"RT @sofiane19e: \uD83D\uDD34 Douas \nUn frère m'envoie souvent des photos de son magnifique village natal de Kabylie.\n\nVoici 2 photos de celui-ci avant…","created_at":"2021-08-13T07:42:16.000Z","public_metrics":{"retweet_count":181,"reply_count":0,"like_count":0,"quote_count":0},"id":"1426086690054082567","lang":"fr"},{"author_id":"357673476","text":"RT @AC_HT_: La #Kabylie brûle, la #Grece brûle la #Californie brûle,...et c'est #Messi qui met le feu \uD83D\uDD25...On aurait pas un problème de prio…","created_at":"2021-08-13T07:42:13.000Z","public_metrics":{"retweet_count":5,"reply_count":0,"like_count":0,"quote_count":0},"id":"1426086675986456578","lang":"fr"},{"author_id":"758666951229108228","text":"RT @AC_HT_: La #Kabylie brûle, la #Grece brûle la #Californie brûle,...et c'est #Messi qui met le feu \uD83D\uDD25...On aurait pas un problème de prio…","created_at":"2021-08-13T07:41:21.000Z","public_metrics":{"retweet_count":5,"reply_count":0,"like_count":0,"quote_count":0},"id":"1426086455407955976","lang":"fr"},{"author_id":"860623514285613056","text":"RT @SecCivileFrance: \uD83C\uDDEB\uD83C\uDDF7\uD83E\uDD1D\uD83C\uDDE9\uD83C\uDDFF Les 2 #Canadair et le Beech sont arrivés en #Algérie.\nLes premiers largages ont été réalisés pour faire face aux…","created_at":"2021-08-13T07:38:23.000Z","public_metrics":{"retweet_count":327,"reply_count":0,"like_count":0,"quote_count":0},"id":"1426085710663196673","lang":"fr"},{"author_id":"2360163684","text":"RT @SecCivileFrance: \uD83C\uDDEB\uD83C\uDDF7\uD83E\uDD1D\uD83C\uDDE9\uD83C\uDDFF Les 2 #Canadair et le Beech sont arrivés en #Algérie.\nLes premiers largages ont été réalisés pour faire face aux…","created_at":"2021-08-13T07:37:23.000Z","public_metrics":{"retweet_count":327,"reply_count":0,"like_count":0,"quote_count":0},"id":"1426085458451238913","lang":"fr"},{"author_id":"1363931215","text":"Incendie en... https://t.co/s7pVqdUewx","created_at":"2021-08-13T07:37:03.000Z","public_metrics":{"retweet_count":0,"reply_count":0,"like_count":0,"quote_count":0},"id":"1426085373889892352","lang":"nl"},{"author_id":"1199673988437467138","text":"RT @AkliStaifi: La Kabylie brûle, l'Algérie brûle...\nqu'Allah viennent en aide au peuple Kabyle et que toutes les victimes mortes par cet i…","created_at":"2021-08-13T07:35:53.000Z","public_metrics":{"retweet_count":4132,"reply_count":0,"like_count":0,"quote_count":0},"id":"1426085081014284289","lang":"fr"},{"author_id":"1334957423996657665","text":"RT @Tizi_Ouzou15: Après la Covid-19, le manque d’eau, les chutes de tension, c’est au tour des incendies. \nPlusieurs feu  d’incendie ont ét…","created_at":"2021-08-13T07:35:12.000Z","public_metrics":{"retweet_count":2897,"reply_count":0,"like_count":0,"quote_count":0},"id":"1426084909026791426","lang":"fr"},{"author_id":"1107635952510529537","text":"RT @SecCivileFrance: \uD83C\uDDEB\uD83C\uDDF7\uD83E\uDD1D\uD83C\uDDE9\uD83C\uDDFF Les 2 #Canadair et le Beech sont arrivés en #Algérie.\nLes premiers largages ont été réalisés pour faire face aux…","created_at":"2021-08-13T07:34:55.000Z","public_metrics":{"retweet_count":327,"reply_count":0,"like_count":0,"quote_count":0},"id":"1426084839510392832","lang":"fr"},{"author_id":"2951504129","text":"RT @SecCivileFrance: \uD83C\uDDEB\uD83C\uDDF7\uD83E\uDD1D\uD83C\uDDE9\uD83C\uDDFF Les 2 #Canadair et le Beech sont arrivés en #Algérie.\nLes premiers largages ont été réalisés pour faire face aux…","created_at":"2021-08-13T07:33:38.000Z","public_metrics":{"retweet_count":327,"reply_count":0,"like_count":0,"quote_count":0},"id":"1426084515445936131","lang":"fr"},{"author_id":"1163561191517642752","text":"You can donate via this link : \nhttps://t.co/XXmG9OLQFT https://t.co/kCVoYNxIeU","attachments":{"media_keys":["3_1426083435702013954"]},"created_at":"2021-08-13T07:32:51.000Z","public_metrics":{"retweet_count":1,"reply_count":0,"like_count":3,"quote_count":0},"id":"1426084319383130113","lang":"en"},{"author_id":"1305098039053430784","text":"RT @sofiane19e: \uD83D\uDD34 Douas \nUn frère m'envoie souvent des photos de son magnifique village natal de Kabylie.\n\nVoici 2 photos de celui-ci avant…","created_at":"2021-08-13T07:32:35.000Z","public_metrics":{"retweet_count":181,"reply_count":0,"like_count":0,"quote_count":0},"id":"1426084251359920130","lang":"fr"},{"author_id":"889557120693276673","text":"RT @SecCivileFrance: \uD83C\uDDEB\uD83C\uDDF7\uD83E\uDD1D\uD83C\uDDE9\uD83C\uDDFF Les 2 #Canadair et le Beech sont arrivés en #Algérie.\nLes premiers largages ont été réalisés pour faire face aux…","created_at":"2021-08-13T07:31:33.000Z","public_metrics":{"retweet_count":327,"reply_count":0,"like_count":0,"quote_count":0},"id":"1426083989916372992","lang":"fr"},{"author_id":"3217575591","text":"RT @SecCivileFrance: \uD83C\uDDEB\uD83C\uDDF7\uD83E\uDD1D\uD83C\uDDE9\uD83C\uDDFF Les 2 #Canadair et le Beech sont arrivés en #Algérie.\nLes premiers largages ont été réalisés pour faire face aux…","created_at":"2021-08-13T07:31:28.000Z","public_metrics":{"retweet_count":327,"reply_count":0,"like_count":0,"quote_count":0},"id":"1426083969456558080","lang":"fr"}],"includes":{"media":[{"media_key":"3_1425745645537841153","type":"photo","url":"https://pbs.twimg.com/media/E8lEHFZX0AE6k45.jpg"},{"media_key":"3_1426103013299703808","type":"photo","url":"https://pbs.twimg.com/media/E8qJIoDX0AAR1nR.jpg"},{"media_key":"3_1424849354947502081","type":"photo","url":"https://pbs.twimg.com/media/E8YU8GwXIAEaVtd.jpg"},{"media_key":"3_1424849354934951937","type":"photo","url":"https://pbs.twimg.com/media/E8YU8GtXoAEXCRu.jpg"},{"media_key":"3_1424849354939064327","type":"photo","url":"https://pbs.twimg.com/media/E8YU8GuWYAcbbO-.jpg"},{"media_key":"3_1424849355727687699","type":"photo","url":"https://pbs.twimg.com/media/E8YU8JqX0BMgrdP.jpg"},{"media_key":"3_1426087713070059522","type":"photo","url":"https://pbs.twimg.com/media/E8p7OCQXEAIFjx_.jpg"},{"media_key":"3_1426083435702013954","type":"photo","url":"https://pbs.twimg.com/media/E8p3VD0WUAI6lBE.jpg"}]},"meta":{"newest_id":"1426105697402490884","oldest_id":"1426083969456558080","result_count":100,"next_token":"b26v89c19zqg8o3fpdm8zjitdz8761a6y707xb62ioj25"}}