{"data":[{"id":"1426083636420489219","lang":"en","text":"RT @Reuters: Forest fires in Algeria killed 42 people, including 25 soldiers deployed to help put out the blaze, the government said, as th…","created_at":"2021-08-13T07:30:08.000Z","author_id":"981133495404810240","public_metrics":{"retweet_count":373,"reply_count":0,"like_count":0,"quote_count":0}},{"id":"1426083416907337729","lang":"fr","text":"RT @daoud_kamel: Ce pays est aujourd’hui à un tournant. Il a toutes les raisons de s’effondrer et toutes les autres de se relever (...)On p…","created_at":"2021-08-13T07:29:16.000Z","author_id":"1119990133","public_metrics":{"retweet_count":32,"reply_count":0,"like_count":0,"quote_count":0}},{"id":"1426083347206393856","lang":"fr","text":"RT @sofiane19e: \uD83D\uDD34 Douas \nUn frère m'envoie souvent des photos de son magnifique village natal de Kabylie.\n\nVoici 2 photos de celui-ci avant…","created_at":"2021-08-13T07:28:59.000Z","author_id":"866257034","public_metrics":{"retweet_count":181,"reply_count":0,"like_count":0,"quote_count":0}},{"id":"1426083302335815680","lang":"fr","text":"RT @sofiane19e: \uD83D\uDD34 Douas \nUn frère m'envoie souvent des photos de son magnifique village natal de Kabylie.\n\nVoici 2 photos de celui-ci avant…","created_at":"2021-08-13T07:28:49.000Z","author_id":"3350130939","public_metrics":{"retweet_count":181,"reply_count":0,"like_count":0,"quote_count":0}},{"id":"1426083281653665794","lang":"fr","text":"RT @SecCivileFrance: \uD83C\uDDEB\uD83C\uDDF7\uD83E\uDD1D\uD83C\uDDE9\uD83C\uDDFF Les 2 #Canadair et le Beech sont arrivés en #Algérie.\nLes premiers largages ont été réalisés pour faire face aux…","created_at":"2021-08-13T07:28:44.000Z","author_id":"1017398033141690368","public_metrics":{"retweet_count":327,"reply_count":0,"like_count":0,"quote_count":0}},{"id":"1426083140855021570","lang":"fr","text":"RT @CheikhaAitAbbes: Bien des stratèges existent afin de prévenir d'un feu de grand ampleur.\n\nAnciennement en Kabylie, les villageois retir…","created_at":"2021-08-13T07:28:10.000Z","author_id":"1408152132277125122","public_metrics":{"retweet_count":4,"reply_count":0,"like_count":0,"quote_count":0}},{"id":"1426082968414588929","lang":"fr","text":"RT @SecCivileFrance: \uD83C\uDDEB\uD83C\uDDF7\uD83E\uDD1D\uD83C\uDDE9\uD83C\uDDFF Les 2 #Canadair et le Beech sont arrivés en #Algérie.\nLes premiers largages ont été réalisés pour faire face aux…","created_at":"2021-08-13T07:27:29.000Z","author_id":"142676406","public_metrics":{"retweet_count":327,"reply_count":0,"like_count":0,"quote_count":0}},{"id":"1426082618613936128","lang":"fr","text":"RT @AC_HT_: La #Kabylie brûle, la #Grece brûle la #Californie brûle,...et c'est #Messi qui met le feu \uD83D\uDD25...On aurait pas un problème de prio…","created_at":"2021-08-13T07:26:06.000Z","author_id":"815678068102725633","public_metrics":{"retweet_count":5,"reply_count":0,"like_count":0,"quote_count":0}},{"id":"1426082577337798657","lang":"fr","text":"RT @AznayAqbayli: En #Kabylie les expressions comme \"Mettre un pays à feu et à sang\", \"appliquer la politique de la terre brûlée\"... là, ma…","created_at":"2021-08-13T07:25:56.000Z","author_id":"1383349795037671426","public_metrics":{"retweet_count":12,"reply_count":0,"like_count":0,"quote_count":0}},{"id":"1426082281874206721","lang":"fr","text":"28 militaires sont morts dans les incendies qui frappent la kabylie. La naïveté du pouvoir algerien qui pense qu'il suffit d'envoyer des militaires, sans formation adéquate, pour arrêter le feu.  Cela montre la bêtise de ce système politique","created_at":"2021-08-13T07:24:45.000Z","author_id":"1111613309831266305","public_metrics":{"retweet_count":1,"reply_count":0,"like_count":1,"quote_count":0}},{"id":"1426081448122015745","lang":"fr","text":"@Abou_Musashi Salem aleykoum frérot désolé j’ai pas eu le temps de te répondre , apparement c’est un bénévole qui venais tout simplement aidé contre les incendie en Kabylie, et comme c’était pas un mec du coin la police l’a pris pour un suspect pyromane, quand la population a appris cela…","created_at":"2021-08-13T07:21:27.000Z","author_id":"810578502860898305","public_metrics":{"retweet_count":0,"reply_count":0,"like_count":0,"quote_count":0}},{"id":"1426081235013619715","lang":"fr","text":"RT @SecCivileFrance: \uD83C\uDDEB\uD83C\uDDF7\uD83E\uDD1D\uD83C\uDDE9\uD83C\uDDFF Les 2 #Canadair et le Beech sont arrivés en #Algérie.\nLes premiers largages ont été réalisés pour faire face aux…","created_at":"2021-08-13T07:20:36.000Z","author_id":"565623639","public_metrics":{"retweet_count":327,"reply_count":0,"like_count":0,"quote_count":0}},{"id":"1426080907153264640","lang":"fr","text":"RT @amishc1: C'est grave ce qui se passe dans le monde.... \nLa guerre en Palestine, les inondations en Chine, l'incendie en Turquie, la cri…","created_at":"2021-08-13T07:19:18.000Z","author_id":"1414730459108581377","public_metrics":{"retweet_count":46,"reply_count":0,"like_count":0,"quote_count":0}},{"id":"1426080878246117378","lang":"fr","text":"La #Kabylie brûle, la #Grece brûle la #Californie brûle,...et c'est #Messi qui met le feu \uD83D\uDD25...On aurait pas un problème de priorité pour ne pas vivre, été après été, l'enchaînement #domedechaleur #incendies dramatiques? #RapportGIEC #ChangementClimatique https://t.co/bbu6983G6y]","created_at":"2021-08-13T07:19:11.000Z","author_id":"3063975899","public_metrics":{"retweet_count":5,"reply_count":0,"like_count":6,"quote_count":0}},{"id":"1426080864400719872","lang":"fr","text":"RT @Cita_Friends: J'ai jamais autant détester un gouvernement le gouvernement Algérien a vraiment refuser 2 canadaires pour aider les feu e…","created_at":"2021-08-13T07:19:08.000Z","author_id":"4527092187","public_metrics":{"retweet_count":19,"reply_count":0,"like_count":0,"quote_count":0}},{"id":"1426080862857277447","lang":"fr","text":"-chercher une wilaya touchée par le feu qui ne soit pas la kabylie\n-vomir sa haine avec un semblant de préoccupation pour ladite région pour pas que ça se voit\nEt vous avez les ingredients du parfait charognard avide de sang https://t.co/UIUrNXWyi2 https://t.co/36FsFhfWq6","created_at":"2021-08-13T07:19:07.000Z","attachments":{"media_keys":["3_1426080860395249666"]},"author_id":"803023784","public_metrics":{"retweet_count":0,"reply_count":2,"like_count":1,"quote_count":0}},{"id":"1426080798185230337","lang":"fr","text":"RT @amishc1: C'est grave ce qui se passe dans le monde.... \nLa guerre en Palestine, les inondations en Chine, l'incendie en Turquie, la cri…","created_at":"2021-08-13T07:18:52.000Z","author_id":"1632909534","public_metrics":{"retweet_count":46,"reply_count":0,"like_count":0,"quote_count":0}},{"id":"1426079782203236356","lang":"fr","text":"RT @SecCivileFrance: \uD83C\uDDEB\uD83C\uDDF7\uD83E\uDD1D\uD83C\uDDE9\uD83C\uDDFF Les 2 #Canadair et le Beech sont arrivés en #Algérie.\nLes premiers largages ont été réalisés pour faire face aux…","created_at":"2021-08-13T07:14:50.000Z","author_id":"3870724708","public_metrics":{"retweet_count":327,"reply_count":0,"like_count":0,"quote_count":0}},{"id":"1426079771268730881","lang":"fr","text":"RT @Islametinfo: ⭕ #DrameEnCours #Béjaia #SOS : Le feu encercle de tout bord les villages de Tala Hiba (Toudja). L'évacuation est devenu im…","created_at":"2021-08-13T07:14:47.000Z","author_id":"1242109353177513989","public_metrics":{"retweet_count":72,"reply_count":0,"like_count":0,"quote_count":0}},{"id":"1426079484021776386","lang":"fr","text":"RT @daoud_kamel: Ce pays est aujourd’hui à un tournant. Il a toutes les raisons de s’effondrer et toutes les autres de se relever (...)On p…","created_at":"2021-08-13T07:13:38.000Z","author_id":"1104044950340149252","public_metrics":{"retweet_count":32,"reply_count":0,"like_count":0,"quote_count":0}},{"id":"1426079279041888257","lang":"fr","text":"RT @AkliStaifi: La Kabylie brûle, l'Algérie brûle...\nqu'Allah viennent en aide au peuple Kabyle et que toutes les victimes mortes par cet i…","created_at":"2021-08-13T07:12:50.000Z","author_id":"1194012261725220866","public_metrics":{"retweet_count":4132,"reply_count":0,"like_count":0,"quote_count":0}},{"id":"1426078905459515392","lang":"fr","text":"RT @TariqibnZiyad__: Si la charia était instauré en Algérie cet innocent qui est venu aider ces frères en Kabylie ne serait pas brûlé vif c…","created_at":"2021-08-13T07:11:20.000Z","author_id":"1012409173118775297","public_metrics":{"retweet_count":74,"reply_count":0,"like_count":0,"quote_count":0}},{"id":"1426078569848004613","lang":"fr","text":"RT @sofiane19e: \uD83D\uDD34 Douas \nUn frère m'envoie souvent des photos de son magnifique village natal de Kabylie.\n\nVoici 2 photos de celui-ci avant…","created_at":"2021-08-13T07:10:00.000Z","author_id":"17545530","public_metrics":{"retweet_count":181,"reply_count":0,"like_count":0,"quote_count":0}},{"id":"1426078288083132418","lang":"fr","text":"RT @SecCivileFrance: \uD83C\uDDEB\uD83C\uDDF7\uD83E\uDD1D\uD83C\uDDE9\uD83C\uDDFF Les 2 #Canadair et le Beech sont arrivés en #Algérie.\nLes premiers largages ont été réalisés pour faire face aux…","created_at":"2021-08-13T07:08:53.000Z","author_id":"1267461552522825734","public_metrics":{"retweet_count":327,"reply_count":0,"like_count":0,"quote_count":0}},{"id":"1426078154012205056","lang":"en","text":"RT @EyeOnMalta: @saintsshirts @trutherbluechef Planes hovering Kabylie and dropping jets of fuel -which initially were mistaken for water -…","created_at":"2021-08-13T07:08:21.000Z","author_id":"1186581426738728960","public_metrics":{"retweet_count":3,"reply_count":0,"like_count":0,"quote_count":0}},{"id":"1426078022810046468","lang":"en","text":"I see many so called Algerians online bashing the government response to the fires in the #Kabylie and other regions without taking in consideration the 3 day mourning period. Tell me please? Do they have a God in their lives? Do they have any empathy for the dead?\n#AlgeriaStrong","created_at":"2021-08-13T07:07:50.000Z","author_id":"1589391517","public_metrics":{"retweet_count":0,"reply_count":0,"like_count":0,"quote_count":0}},{"id":"1426077810888675329","lang":"fr","text":"RT @SecCivileFrance: \uD83C\uDDEB\uD83C\uDDF7\uD83E\uDD1D\uD83C\uDDE9\uD83C\uDDFF Les 2 #Canadair et le Beech sont arrivés en #Algérie.\nLes premiers largages ont été réalisés pour faire face aux…","created_at":"2021-08-13T07:07:00.000Z","author_id":"1416515467808759810","public_metrics":{"retweet_count":327,"reply_count":0,"like_count":0,"quote_count":0}},{"id":"1426076545731514368","lang":"fr","text":"RT @Eric_Anceau: La Kabylie en feu !\nUne très forte pensée pour elle. https://t.co/eGJMhOm69n","created_at":"2021-08-13T07:01:58.000Z","attachments":{"media_keys":["3_1425147177882488833"]},"author_id":"962289138782343169","public_metrics":{"retweet_count":63,"reply_count":0,"like_count":0,"quote_count":0}},{"id":"1426076438696976386","lang":"fr","text":"RT @SecCivileFrance: \uD83C\uDDEB\uD83C\uDDF7\uD83E\uDD1D\uD83C\uDDE9\uD83C\uDDFF Les 2 #Canadair et le Beech sont arrivés en #Algérie.\nLes premiers largages ont été réalisés pour faire face aux…","created_at":"2021-08-13T07:01:32.000Z","author_id":"1296910850050195457","public_metrics":{"retweet_count":327,"reply_count":0,"like_count":0,"quote_count":0}},{"id":"1426075932436094976","lang":"fr","text":"RT @sofiane19e: \uD83D\uDD34 Douas \nUn frère m'envoie souvent des photos de son magnifique village natal de Kabylie.\n\nVoici 2 photos de celui-ci avant…","created_at":"2021-08-13T06:59:32.000Z","author_id":"910554874370301952","public_metrics":{"retweet_count":181,"reply_count":0,"like_count":0,"quote_count":0}},{"id":"1426075703875936256","lang":"fr","text":"RT @sofiane19e: \uD83D\uDD34 Douas \nUn frère m'envoie souvent des photos de son magnifique village natal de Kabylie.\n\nVoici 2 photos de celui-ci avant…","created_at":"2021-08-13T06:58:37.000Z","author_id":"838089366","public_metrics":{"retweet_count":181,"reply_count":0,"like_count":0,"quote_count":0}},{"id":"1426075017016643593","lang":"fr","text":"RT @SecCivileFrance: \uD83C\uDDEB\uD83C\uDDF7\uD83E\uDD1D\uD83C\uDDE9\uD83C\uDDFF Les 2 #Canadair et le Beech sont arrivés en #Algérie.\nLes premiers largages ont été réalisés pour faire face aux…","created_at":"2021-08-13T06:55:53.000Z","author_id":"3319015456","public_metrics":{"retweet_count":327,"reply_count":0,"like_count":0,"quote_count":0}},{"id":"1426074961928757248","lang":"fr","text":"RT @SecCivileFrance: \uD83C\uDDEB\uD83C\uDDF7\uD83E\uDD1D\uD83C\uDDE9\uD83C\uDDFF Les 2 #Canadair et le Beech sont arrivés en #Algérie.\nLes premiers largages ont été réalisés pour faire face aux…","created_at":"2021-08-13T06:55:40.000Z","author_id":"1421561611","public_metrics":{"retweet_count":327,"reply_count":0,"like_count":0,"quote_count":0}},{"id":"1426074808152907776","lang":"fr","text":"RT @mishette_b: Mon village Tagmount Azouz (béni douala ) est entrain de brûler RT svp nous vous besoin de votre aide le feu arrive aux mai…","created_at":"2021-08-13T06:55:04.000Z","author_id":"1358275686423818240","public_metrics":{"retweet_count":37,"reply_count":0,"like_count":0,"quote_count":0}},{"id":"1426074670877618179","lang":"fr","text":"RT @SecCivileFrance: \uD83C\uDDEB\uD83C\uDDF7\uD83E\uDD1D\uD83C\uDDE9\uD83C\uDDFF Les 2 #Canadair et le Beech sont arrivés en #Algérie.\nLes premiers largages ont été réalisés pour faire face aux…","created_at":"2021-08-13T06:54:31.000Z","author_id":"1258032916451463168","public_metrics":{"retweet_count":327,"reply_count":0,"like_count":0,"quote_count":0}},{"id":"1426074571892006913","lang":"fr","text":"RT @sofiane19e: \uD83D\uDD34 Douas \nUn frère m'envoie souvent des photos de son magnifique village natal de Kabylie.\n\nVoici 2 photos de celui-ci avant…","created_at":"2021-08-13T06:54:07.000Z","author_id":"456414192","public_metrics":{"retweet_count":181,"reply_count":0,"like_count":0,"quote_count":0}},{"id":"1426074396062457860","lang":"fr","text":"RT @SecCivileFrance: \uD83C\uDDEB\uD83C\uDDF7\uD83E\uDD1D\uD83C\uDDE9\uD83C\uDDFF Les 2 #Canadair et le Beech sont arrivés en #Algérie.\nLes premiers largages ont été réalisés pour faire face aux…","created_at":"2021-08-13T06:53:25.000Z","author_id":"464502436","public_metrics":{"retweet_count":327,"reply_count":0,"like_count":0,"quote_count":0}},{"id":"1426074074502123520","lang":"fr","text":"RT @SecCivileFrance: \uD83C\uDDEB\uD83C\uDDF7\uD83E\uDD1D\uD83C\uDDE9\uD83C\uDDFF Les 2 #Canadair et le Beech sont arrivés en #Algérie.\nLes premiers largages ont été réalisés pour faire face aux…","created_at":"2021-08-13T06:52:09.000Z","author_id":"852785935146037248","public_metrics":{"retweet_count":327,"reply_count":0,"like_count":0,"quote_count":0}},{"id":"1426073921196072963","lang":"fr","text":"INCENDIE ALGÉRIE: nuit d'enfer en Kabylie https://t.co/67UGSxZSJe","created_at":"2021-08-13T06:51:32.000Z","author_id":"1257942555603472384","public_metrics":{"retweet_count":0,"reply_count":1,"like_count":0,"quote_count":0}},{"id":"1426073877097107457","lang":"fr","text":"RT @SecCivileFrance: \uD83C\uDDEB\uD83C\uDDF7\uD83E\uDD1D\uD83C\uDDE9\uD83C\uDDFF Les 2 #Canadair et le Beech sont arrivés en #Algérie.\nLes premiers largages ont été réalisés pour faire face aux…","created_at":"2021-08-13T06:51:22.000Z","author_id":"836303822611939333","public_metrics":{"retweet_count":327,"reply_count":0,"like_count":0,"quote_count":0}},{"id":"1426073621630529541","lang":"fr","text":"RT @yayareski: j’aimerais bien savoir ce que vous trouvez de drôle au fait que la kabylie soit en feu","created_at":"2021-08-13T06:50:21.000Z","author_id":"1386101810608357379","public_metrics":{"retweet_count":9,"reply_count":0,"like_count":0,"quote_count":0}},{"id":"1426073575140823049","lang":"fr","text":"RT @SecCivileFrance: \uD83C\uDDEB\uD83C\uDDF7\uD83E\uDD1D\uD83C\uDDE9\uD83C\uDDFF Les 2 #Canadair et le Beech sont arrivés en #Algérie.\nLes premiers largages ont été réalisés pour faire face aux…","created_at":"2021-08-13T06:50:10.000Z","author_id":"2462152709","public_metrics":{"retweet_count":327,"reply_count":0,"like_count":0,"quote_count":0}},{"id":"1426073433213968385","lang":"fr","text":"Kabylie : ce feu qui réveille nos flammes: Toute l'actualité sur https://t.co/OZbsSnmR7c https://t.co/zZM1JCdizC","created_at":"2021-08-13T06:49:36.000Z","author_id":"302127804","public_metrics":{"retweet_count":0,"reply_count":0,"like_count":0,"quote_count":0}},{"id":"1426073095761055748","lang":"fr","text":"RT @Cita_Friends: J'ai jamais autant détester un gouvernement le gouvernement Algérien a vraiment refuser 2 canadaires pour aider les feu e…","created_at":"2021-08-13T06:48:15.000Z","author_id":"1292847823155855360","public_metrics":{"retweet_count":19,"reply_count":0,"like_count":0,"quote_count":0}},{"id":"1426072917503315970","lang":"fr","text":"RT @SecCivileFrance: \uD83C\uDDEB\uD83C\uDDF7\uD83E\uDD1D\uD83C\uDDE9\uD83C\uDDFF Les 2 #Canadair et le Beech sont arrivés en #Algérie.\nLes premiers largages ont été réalisés pour faire face aux…","created_at":"2021-08-13T06:47:33.000Z","author_id":"900170292","public_metrics":{"retweet_count":327,"reply_count":0,"like_count":0,"quote_count":0}},{"id":"1426072020681363463","lang":"fr","text":"RT @daoud_kamel: Ce pays est aujourd’hui à un tournant. Il a toutes les raisons de s’effondrer et toutes les autres de se relever (...)On p…","created_at":"2021-08-13T06:43:59.000Z","author_id":"1404980948","public_metrics":{"retweet_count":32,"reply_count":0,"like_count":0,"quote_count":0}},{"id":"1426071105232592898","lang":"fr","text":"RT @youbi_offline: Situation dramatique ce soir en Kabylie. Près de 19 départs de feu ont été recensés en même temps. Qu'Allah protège nos…","created_at":"2021-08-13T06:40:21.000Z","author_id":"1103195257330692096","public_metrics":{"retweet_count":1713,"reply_count":0,"like_count":0,"quote_count":0}},{"id":"1426068158939648004","lang":"fr","text":"RT @SecCivileFrance: \uD83C\uDDEB\uD83C\uDDF7\uD83E\uDD1D\uD83C\uDDE9\uD83C\uDDFF Les 2 #Canadair et le Beech sont arrivés en #Algérie.\nLes premiers largages ont été réalisés pour faire face aux…","created_at":"2021-08-13T06:28:38.000Z","author_id":"2504940080","public_metrics":{"retweet_count":327,"reply_count":0,"like_count":0,"quote_count":0}},{"id":"1426067978269908995","lang":"fr","text":"RT @daoud_kamel: Ce pays est aujourd’hui à un tournant. Il a toutes les raisons de s’effondrer et toutes les autres de se relever (...)On p…","created_at":"2021-08-13T06:27:55.000Z","author_id":"305241749","public_metrics":{"retweet_count":32,"reply_count":0,"like_count":0,"quote_count":0}},{"id":"1426067858979790853","lang":"fr","text":"@Mohcini6 @GDarmanin Qui a martyrisé les Kabyles ? Qui met le feu à la Kabylie ? Pas les français !","created_at":"2021-08-13T06:27:27.000Z","author_id":"194705000","public_metrics":{"retweet_count":1,"reply_count":0,"like_count":2,"quote_count":0}},{"id":"1426066370568019975","lang":"en","text":"RT @Reuters: Forest fires in Algeria killed 42 people, including 25 soldiers deployed to help put out the blaze, the government said, as th…","created_at":"2021-08-13T06:21:32.000Z","author_id":"48643973","public_metrics":{"retweet_count":60,"reply_count":0,"like_count":0,"quote_count":0}},{"id":"1426066317644288005","lang":"fr","text":"RT @SecCivileFrance: \uD83C\uDDEB\uD83C\uDDF7\uD83E\uDD1D\uD83C\uDDE9\uD83C\uDDFF Les 2 #Canadair et le Beech sont arrivés en #Algérie.\nLes premiers largages ont été réalisés pour faire face aux…","created_at":"2021-08-13T06:21:19.000Z","author_id":"784456612199170048","public_metrics":{"retweet_count":327,"reply_count":0,"like_count":0,"quote_count":0}},{"id":"1426066286803628032","lang":"fr","text":"RT @sofiane19e: \uD83D\uDD34 Douas \nUn frère m'envoie souvent des photos de son magnifique village natal de Kabylie.\n\nVoici 2 photos de celui-ci avant…","created_at":"2021-08-13T06:21:12.000Z","author_id":"1251590516191498240","public_metrics":{"retweet_count":181,"reply_count":0,"like_count":0,"quote_count":0}},{"id":"1426066106175873024","lang":"fr","text":"RT @SecCivileFrance: \uD83C\uDDEB\uD83C\uDDF7\uD83E\uDD1D\uD83C\uDDE9\uD83C\uDDFF Les 2 #Canadair et le Beech sont arrivés en #Algérie.\nLes premiers largages ont été réalisés pour faire face aux…","created_at":"2021-08-13T06:20:29.000Z","author_id":"949248990817681408","public_metrics":{"retweet_count":327,"reply_count":0,"like_count":0,"quote_count":0}},{"id":"1426065884611809280","lang":"en","text":"Supporting victims of fires  en faisant un don. https://t.co/f456Sbo5Sp via @helloasso #Kabylie #Algerie #AlgeriaIsBurning","created_at":"2021-08-13T06:19:36.000Z","author_id":"1185831053249990656","public_metrics":{"retweet_count":0,"reply_count":0,"like_count":0,"quote_count":0}},{"id":"1426065776851800066","lang":"fr","text":"« Cette fois  c’est incontrôlable » !\nen  Algérie  la détresse de la population face aux feux qui ravagent la  Kabylie\nhttps://t.co/gKosYdTlLQ\n\"incendies qui ont déjà causé la mort d’au moins 69 personnes  41 civils et 28 militaires...\"\n kabyliebrule  incendie","created_at":"2021-08-13T06:19:10.000Z","author_id":"1288893333272694784","public_metrics":{"retweet_count":0,"reply_count":0,"like_count":0,"quote_count":0}},{"id":"1426065710141292550","lang":"fr","text":"« Cette fois, c’est incontrôlable » !\nen  Algérie, la détresse de la population face aux feux qui ravagent la  Kabylie\nhttps://t.co/TE0F6MKi1X\n\"incendies qui ont déjà causé la mort d’au moins 69 personnes, 41 civils et 28 militaires...\"\n kabyliebrule  incendie","created_at":"2021-08-13T06:18:54.000Z","author_id":"1076767955785052160","public_metrics":{"retweet_count":0,"reply_count":0,"like_count":0,"quote_count":0}},{"id":"1426065210595581955","lang":"fr","text":"« Cette fois, c’est incontrôlable » !\nen #Algérie, la détresse de la population face aux feux qui ravagent la #Kabylie\nhttps://t.co/YQ0R2TKE5m\n\"incendies qui ont déjà causé la mort d’au moins 69 personnes, 41 civils et 28 militaires...\"\n#kabyliebrule #incendie","created_at":"2021-08-13T06:16:55.000Z","author_id":"930421909","public_metrics":{"retweet_count":0,"reply_count":0,"like_count":2,"quote_count":0}},{"id":"1426065097257070594","lang":"fr","text":"RT @SecCivileFrance: \uD83C\uDDEB\uD83C\uDDF7\uD83E\uDD1D\uD83C\uDDE9\uD83C\uDDFF Les 2 #Canadair et le Beech sont arrivés en #Algérie.\nLes premiers largages ont été réalisés pour faire face aux…","created_at":"2021-08-13T06:16:28.000Z","author_id":"1013481098","public_metrics":{"retweet_count":327,"reply_count":0,"like_count":0,"quote_count":0}},{"id":"1426064451648770048","lang":"fr","text":"RT @SecCivileFrance: \uD83C\uDDEB\uD83C\uDDF7\uD83E\uDD1D\uD83C\uDDE9\uD83C\uDDFF Les 2 #Canadair et le Beech sont arrivés en #Algérie.\nLes premiers largages ont été réalisés pour faire face aux…","created_at":"2021-08-13T06:13:54.000Z","author_id":"967040071760252929","public_metrics":{"retweet_count":327,"reply_count":0,"like_count":0,"quote_count":0}},{"id":"1426064422531915776","lang":"fr","text":"RT @Tizi_Ouzou15: Après la Covid-19, le manque d’eau, les chutes de tension, c’est au tour des incendies. \nPlusieurs feu  d’incendie ont ét…","created_at":"2021-08-13T06:13:47.000Z","author_id":"909910016","public_metrics":{"retweet_count":2897,"reply_count":0,"like_count":0,"quote_count":0}},{"id":"1426064344723378176","lang":"fr","text":"RT @AfrikInfo: Incendie en Kabylie : la France envoie deux Canadairs en Algérie https://t.co/EKuP7HXm72","created_at":"2021-08-13T06:13:29.000Z","author_id":"909910016","public_metrics":{"retweet_count":5,"reply_count":0,"like_count":0,"quote_count":0}},{"id":"1426064202481999872","lang":"fr","text":"RT @SecCivileFrance: \uD83C\uDDEB\uD83C\uDDF7\uD83E\uDD1D\uD83C\uDDE9\uD83C\uDDFF Les 2 #Canadair et le Beech sont arrivés en #Algérie.\nLes premiers largages ont été réalisés pour faire face aux…","created_at":"2021-08-13T06:12:55.000Z","author_id":"347783622","public_metrics":{"retweet_count":327,"reply_count":0,"like_count":0,"quote_count":0}},{"id":"1426063279433072649","lang":"fr","text":"RT @RoyalSegolene: Tristesse et soutien à l’Algérie et aux habitants de Kabylie qui subissent  un effroyable incendie #Algerie","created_at":"2021-08-13T06:09:15.000Z","author_id":"594186261","public_metrics":{"retweet_count":15,"reply_count":0,"like_count":0,"quote_count":0}},{"id":"1426063150177300484","lang":"fr","text":"La Kabylie je ne te pleure pas, ce feu est une seba de notre créateur pour enfin montrer votre vrai visage #JesuisDjamelBenSmail","created_at":"2021-08-13T06:08:44.000Z","author_id":"1129536181","public_metrics":{"retweet_count":0,"reply_count":1,"like_count":0,"quote_count":0}},{"id":"1426062865723760642","lang":"fr","text":"#Algérie : accusé d’avoir tenté de provoquer un incendie, un jeune lynché à mort en #Kabylie https://t.co/i0R5owZy8C via @Observateurs","created_at":"2021-08-13T06:07:36.000Z","author_id":"437774410","public_metrics":{"retweet_count":0,"reply_count":0,"like_count":1,"quote_count":0}},{"id":"1426062861483356161","lang":"fr","text":"RT @SecCivileFrance: \uD83C\uDDEB\uD83C\uDDF7\uD83E\uDD1D\uD83C\uDDE9\uD83C\uDDFF Les 2 #Canadair et le Beech sont arrivés en #Algérie.\nLes premiers largages ont été réalisés pour faire face aux…","created_at":"2021-08-13T06:07:35.000Z","author_id":"122468022","public_metrics":{"retweet_count":327,"reply_count":0,"like_count":0,"quote_count":0}},{"id":"1426061349956751362","lang":"fr","text":"RT @NellyOpigez62: Qui a mis le feu à la Kabylie ?\nhttps://t.co/Rb6mJd6dV6","created_at":"2021-08-13T06:01:35.000Z","author_id":"2582581352","public_metrics":{"retweet_count":5,"reply_count":0,"like_count":0,"quote_count":0}},{"id":"1426061051012030468","lang":"fr","text":"RT @AznayAqbayli: En #Kabylie les expressions comme \"Mettre un pays à feu et à sang\", \"appliquer la politique de la terre brûlée\"... là, ma…","created_at":"2021-08-13T06:00:24.000Z","author_id":"411614662","public_metrics":{"retweet_count":12,"reply_count":0,"like_count":0,"quote_count":0}},{"id":"1426058319001706496","lang":"fr","text":"RT @Islametinfo: ⭕ #DrameEnCours #Béjaia #SOS : Le feu encercle de tout bord les villages de Tala Hiba (Toudja). L'évacuation est devenu im…","created_at":"2021-08-13T05:49:32.000Z","author_id":"955588465","public_metrics":{"retweet_count":72,"reply_count":0,"like_count":0,"quote_count":0}},{"id":"1426057713323286530","lang":"fr","text":"RT @RoyalSegolene: Tristesse et soutien à l’Algérie et aux habitants de Kabylie qui subissent  un effroyable incendie #Algerie","created_at":"2021-08-13T05:47:08.000Z","author_id":"2481613313","public_metrics":{"retweet_count":15,"reply_count":0,"like_count":0,"quote_count":0}},{"id":"1426057623766454274","lang":"fr","text":"RT @SecCivileFrance: \uD83C\uDDEB\uD83C\uDDF7\uD83E\uDD1D\uD83C\uDDE9\uD83C\uDDFF Les 2 #Canadair et le Beech sont arrivés en #Algérie.\nLes premiers largages ont été réalisés pour faire face aux…","created_at":"2021-08-13T05:46:47.000Z","author_id":"1516650044","public_metrics":{"retweet_count":327,"reply_count":0,"like_count":0,"quote_count":0}},{"id":"1426057392727412741","lang":"fr","text":"RT @SecCivileFrance: \uD83C\uDDEB\uD83C\uDDF7\uD83E\uDD1D\uD83C\uDDE9\uD83C\uDDFF Les 2 #Canadair et le Beech sont arrivés en #Algérie.\nLes premiers largages ont été réalisés pour faire face aux…","created_at":"2021-08-13T05:45:51.000Z","author_id":"1008279286070108161","public_metrics":{"retweet_count":327,"reply_count":0,"like_count":0,"quote_count":0}},{"id":"1426057122161299457","lang":"fr","text":"RT @AkliStaifi: La Kabylie brûle, l'Algérie brûle...\nqu'Allah viennent en aide au peuple Kabyle et que toutes les victimes mortes par cet i…","created_at":"2021-08-13T05:44:47.000Z","author_id":"752837162584924160","public_metrics":{"retweet_count":4132,"reply_count":0,"like_count":0,"quote_count":0}},{"id":"1426057112896090114","lang":"fr","text":"RT @sofiane19e: \uD83D\uDD34 Douas \nUn frère m'envoie souvent des photos de son magnifique village natal de Kabylie.\n\nVoici 2 photos de celui-ci avant…","created_at":"2021-08-13T05:44:45.000Z","author_id":"1177276268120870912","public_metrics":{"retweet_count":181,"reply_count":0,"like_count":0,"quote_count":0}},{"id":"1426056718610485256","lang":"fr","text":"RT @daoud_kamel: Ce pays est aujourd’hui à un tournant. Il a toutes les raisons de s’effondrer et toutes les autres de se relever (...)On p…","created_at":"2021-08-13T05:43:11.000Z","author_id":"187263779","public_metrics":{"retweet_count":32,"reply_count":0,"like_count":0,"quote_count":0}},{"id":"1426055623729426434","lang":"fr","text":"@BFMTV Merci au gouvernement algérien d'avoir arrêter les pyromanes qui ont mis le feu en Kabylie, Turquie,Grèce, Italie, prochaine étape arrêter le soleil","created_at":"2021-08-13T05:38:50.000Z","author_id":"1345717605907247104","public_metrics":{"retweet_count":0,"reply_count":0,"like_count":0,"quote_count":0}},{"id":"1426055593006145538","lang":"fr","text":"RT @SecCivileFrance: \uD83C\uDDEB\uD83C\uDDF7\uD83E\uDD1D\uD83C\uDDE9\uD83C\uDDFF Les 2 #Canadair et le Beech sont arrivés en #Algérie.\nLes premiers largages ont été réalisés pour faire face aux…","created_at":"2021-08-13T05:38:42.000Z","author_id":"1239266313622753282","public_metrics":{"retweet_count":327,"reply_count":0,"like_count":0,"quote_count":0}},{"id":"1426055563276738560","lang":"fr","text":"RT @HindaBe0rlegui_: Après la Covid-19, le manque d’eau, les chutes de tension, c’est au tour des incendies. \nPlusieurs feu  d’incendie ont…","created_at":"2021-08-13T05:38:35.000Z","author_id":"1098488898","public_metrics":{"retweet_count":181,"reply_count":0,"like_count":0,"quote_count":0}},{"id":"1426055537058357249","lang":"fr","text":"RT @SecCivileFrance: \uD83C\uDDEB\uD83C\uDDF7\uD83E\uDD1D\uD83C\uDDE9\uD83C\uDDFF Les 2 #Canadair et le Beech sont arrivés en #Algérie.\nLes premiers largages ont été réalisés pour faire face aux…","created_at":"2021-08-13T05:38:29.000Z","author_id":"711169270","public_metrics":{"retweet_count":327,"reply_count":0,"like_count":0,"quote_count":0}},{"id":"1426055406120579075","lang":"fr","text":"Algérie : accusé d’avoir tenté de provoquer un incendie, un jeune lynché à mort en Kabylie\n GDarmanin\nMerci de faire le nécessaire pour faire la lumière avec les autorités algériennes sur ce meurtre injuste https://t.co/reRclq02bz","created_at":"2021-08-13T05:37:58.000Z","author_id":"1228032638180642821","public_metrics":{"retweet_count":0,"reply_count":0,"like_count":0,"quote_count":0}},{"id":"1426055203523026944","lang":"fr","text":"RT @SecCivileFrance: \uD83C\uDDEB\uD83C\uDDF7\uD83E\uDD1D\uD83C\uDDE9\uD83C\uDDFF Les 2 #Canadair et le Beech sont arrivés en #Algérie.\nLes premiers largages ont été réalisés pour faire face aux…","created_at":"2021-08-13T05:37:10.000Z","author_id":"2726301785","public_metrics":{"retweet_count":327,"reply_count":0,"like_count":0,"quote_count":0}},{"id":"1426055100557144064","lang":"fr","text":"Algérie : accusé d’avoir tenté de provoquer un incendie, un jeune lynché à mort en Kabylie\n@GDarmanin\nMerci de faire le nécessaire pour faire la lumière avec les autorités algériennes sur ce meurtre injuste https://t.co/DIlylpCKPs","created_at":"2021-08-13T05:36:45.000Z","author_id":"1109717717895049216","public_metrics":{"retweet_count":0,"reply_count":0,"like_count":0,"quote_count":1}},{"id":"1426054769525903361","lang":"fr","text":"RT @Eric_Anceau: La Kabylie en feu !\nUne très forte pensée pour elle. https://t.co/eGJMhOm69n","created_at":"2021-08-13T05:35:26.000Z","attachments":{"media_keys":["3_1425147177882488833"]},"author_id":"1098488898","public_metrics":{"retweet_count":63,"reply_count":0,"like_count":0,"quote_count":0}},{"id":"1426054442063966209","lang":"fr","text":"RT @SecCivileFrance: \uD83C\uDDEB\uD83C\uDDF7\uD83E\uDD1D\uD83C\uDDE9\uD83C\uDDFF Les 2 #Canadair et le Beech sont arrivés en #Algérie.\nLes premiers largages ont été réalisés pour faire face aux…","created_at":"2021-08-13T05:34:08.000Z","author_id":"458233704","public_metrics":{"retweet_count":327,"reply_count":0,"like_count":0,"quote_count":0}},{"id":"1426053629623025671","lang":"fr","text":"RT @sirius1936: KABYLIE EN FEU\nUne pensée pour nos amis algériens eux aussi frappés par les incendies de forêts. https://t.co/0EE92y86ea","created_at":"2021-08-13T05:30:54.000Z","attachments":{"media_keys":["3_1425745645537841153"]},"author_id":"758214788","public_metrics":{"retweet_count":85,"reply_count":0,"like_count":0,"quote_count":0}},{"id":"1426052896173481988","lang":"fr","text":"RT @SecCivileFrance: \uD83C\uDDEB\uD83C\uDDF7\uD83E\uDD1D\uD83C\uDDE9\uD83C\uDDFF Les 2 #Canadair et le Beech sont arrivés en #Algérie.\nLes premiers largages ont été réalisés pour faire face aux…","created_at":"2021-08-13T05:27:59.000Z","author_id":"764903974457737220","public_metrics":{"retweet_count":327,"reply_count":0,"like_count":0,"quote_count":0}},{"id":"1426052682968600578","lang":"fr","text":"RT @sofiane19e: \uD83D\uDD34 Douas \nUn frère m'envoie souvent des photos de son magnifique village natal de Kabylie.\n\nVoici 2 photos de celui-ci avant…","created_at":"2021-08-13T05:27:09.000Z","author_id":"715138392091189249","public_metrics":{"retweet_count":181,"reply_count":0,"like_count":0,"quote_count":0}},{"id":"1426051747550834690","lang":"fr","text":"RT @Tizi_Ouzou15: Après la Covid-19, le manque d’eau, les chutes de tension, c’est au tour des incendies. \nPlusieurs feu  d’incendie ont ét…","created_at":"2021-08-13T05:23:26.000Z","author_id":"3127830074","public_metrics":{"retweet_count":2897,"reply_count":0,"like_count":0,"quote_count":0}},{"id":"1426051666990845952","lang":"fr","text":"RT @sofiane19e: \uD83D\uDD34 Douas \nUn frère m'envoie souvent des photos de son magnifique village natal de Kabylie.\n\nVoici 2 photos de celui-ci avant…","created_at":"2021-08-13T05:23:06.000Z","author_id":"148128568","public_metrics":{"retweet_count":181,"reply_count":0,"like_count":0,"quote_count":0}},{"id":"1426050481852387331","lang":"fr","text":"RT @SecCivileFrance: \uD83C\uDDEB\uD83C\uDDF7\uD83E\uDD1D\uD83C\uDDE9\uD83C\uDDFF Les 2 #Canadair et le Beech sont arrivés en #Algérie.\nLes premiers largages ont été réalisés pour faire face aux…","created_at":"2021-08-13T05:18:24.000Z","author_id":"867770142691917825","public_metrics":{"retweet_count":327,"reply_count":0,"like_count":0,"quote_count":0}},{"id":"1426050479138738178","lang":"fr","text":"RT @SecCivileFrance: \uD83C\uDDEB\uD83C\uDDF7\uD83E\uDD1D\uD83C\uDDE9\uD83C\uDDFF Les 2 #Canadair et le Beech sont arrivés en #Algérie.\nLes premiers largages ont été réalisés pour faire face aux…","created_at":"2021-08-13T05:18:23.000Z","author_id":"1316462764332920832","public_metrics":{"retweet_count":327,"reply_count":0,"like_count":0,"quote_count":0}},{"id":"1426048956325314561","lang":"fr","text":"RT @mosquee_savigny: Une forte pensée pour nos frères et sœurs en #Algerie particulièrement en #Kabylie qui luttent contre les incendie\nNe…","created_at":"2021-08-13T05:12:20.000Z","author_id":"1580602808","public_metrics":{"retweet_count":5,"reply_count":0,"like_count":0,"quote_count":0}},{"id":"1426048761328029697","lang":"fr","text":"RT @sofiane19e: \uD83D\uDD34 Douas \nUn frère m'envoie souvent des photos de son magnifique village natal de Kabylie.\n\nVoici 2 photos de celui-ci avant…","created_at":"2021-08-13T05:11:34.000Z","author_id":"2194751006","public_metrics":{"retweet_count":181,"reply_count":0,"like_count":0,"quote_count":0}},{"id":"1426048759604125696","lang":"fr","text":"RT @_xAa09: vous préférez parler de Messi que de parler de la Kabylie qui est en train de prendre feu brf","created_at":"2021-08-13T05:11:33.000Z","author_id":"991767336553246720","public_metrics":{"retweet_count":1108,"reply_count":0,"like_count":0,"quote_count":0}},{"id":"1426048613147451392","lang":"fr","text":"RT @SecCivileFrance: \uD83C\uDDEB\uD83C\uDDF7\uD83E\uDD1D\uD83C\uDDE9\uD83C\uDDFF Les 2 #Canadair et le Beech sont arrivés en #Algérie.\nLes premiers largages ont été réalisés pour faire face aux…","created_at":"2021-08-13T05:10:58.000Z","author_id":"1171333579","public_metrics":{"retweet_count":327,"reply_count":0,"like_count":0,"quote_count":0}},{"id":"1426048374332182530","lang":"fr","text":"RT @Cita_Friends: J'ai jamais autant détester un gouvernement le gouvernement Algérien a vraiment refuser 2 canadaires pour aider les feu e…","created_at":"2021-08-13T05:10:01.000Z","author_id":"3415708721","public_metrics":{"retweet_count":19,"reply_count":0,"like_count":0,"quote_count":0}},{"id":"1426047959414841346","lang":"fr","text":"RT @SecCivileFrance: \uD83C\uDDEB\uD83C\uDDF7\uD83E\uDD1D\uD83C\uDDE9\uD83C\uDDFF Les 2 #Canadair et le Beech sont arrivés en #Algérie.\nLes premiers largages ont été réalisés pour faire face aux…","created_at":"2021-08-13T05:08:22.000Z","author_id":"2840350025","public_metrics":{"retweet_count":327,"reply_count":0,"like_count":0,"quote_count":0}},{"id":"1426047739972964354","lang":"fr","text":"RT @bejaia_lyon: Tout était planifié. Les traces de feu et d’essence ne trompent pas. \uD83D\uDE22\uD83D\uDE22\uD83D\uDE22\uD83D\uDE22\uD83D\uDE22\uD83D\uDE22\uD83D\uDE22\uD83D\uDE22#kabylie #kabyliebrule #AlgeriaIsBurning #alg…","created_at":"2021-08-13T05:07:30.000Z","author_id":"845943896647589888","public_metrics":{"retweet_count":8,"reply_count":0,"like_count":0,"quote_count":0}},{"id":"1426047501401051138","lang":"fr","text":"RT @SecCivileFrance: \uD83C\uDDEB\uD83C\uDDF7\uD83E\uDD1D\uD83C\uDDE9\uD83C\uDDFF Les 2 #Canadair et le Beech sont arrivés en #Algérie.\nLes premiers largages ont été réalisés pour faire face aux…","created_at":"2021-08-13T05:06:33.000Z","author_id":"563129202","public_metrics":{"retweet_count":327,"reply_count":0,"like_count":0,"quote_count":0}}],"includes":{"media":[{"media_key":"3_1426080860395249666","type":"photo","url":"https://pbs.twimg.com/media/E8p0_KDXoAIdK2a.jpg"},{"media_key":"3_1425147177882488833","type":"photo","url":"https://pbs.twimg.com/media/E8cjzrpWEAEHkVa.jpg"},{"media_key":"3_1425745645537841153","type":"photo","url":"https://pbs.twimg.com/media/E8lEHFZX0AE6k45.jpg"}]},"meta":{"newest_id":"1426083636420489219","oldest_id":"1426047501401051138","result_count":100,"next_token":"b26v89c19zqg8o3fpdm8zjhmebcyoecc7o41di3yb1665"}}