{"data":[{"lang":"fr","public_metrics":{"retweet_count":20,"reply_count":0,"like_count":0,"quote_count":0},"created_at":"2021-08-13T05:03:39.000Z","id":"1426046771998900226","author_id":"1279011173640417282","text":"RT @usmh_asma: Le village Taourirt Mokrane a Tizi Ouzou atteint par un énorme incendie \uD83E\uDD72 #Tizi_Ouzou #Kabylie #feu #TiziBrule #algerie #Kab…"},{"lang":"fr","public_metrics":{"retweet_count":327,"reply_count":0,"like_count":0,"quote_count":0},"created_at":"2021-08-13T05:00:29.000Z","id":"1426045972132548610","author_id":"1175795885852241920","text":"RT @SecCivileFrance: \uD83C\uDDEB\uD83C\uDDF7\uD83E\uDD1D\uD83C\uDDE9\uD83C\uDDFF Les 2 #Canadair et le Beech sont arrivés en #Algérie.\nLes premiers largages ont été réalisés pour faire face aux…"},{"lang":"fr","attachments":{"media_keys":["3_1426045363279040515"]},"public_metrics":{"retweet_count":0,"reply_count":0,"like_count":0,"quote_count":0},"created_at":"2021-08-13T04:58:04.000Z","id":"1426045367305609219","author_id":"1328495835093606400","text":"@MehdiMaouche @BenoitPayan @marseille @MarinsPompiers Oui c’est les meurtriers du mak qui ont mis le feu en Kabylie https://t.co/bgvOkQSrG0"},{"lang":"fr","attachments":{"media_keys":["3_1425147177882488833"]},"public_metrics":{"retweet_count":63,"reply_count":0,"like_count":0,"quote_count":0},"created_at":"2021-08-13T04:57:14.000Z","id":"1426045156281790465","author_id":"880119314203934721","text":"RT @Eric_Anceau: La Kabylie en feu !\nUne très forte pensée pour elle. https://t.co/eGJMhOm69n"},{"lang":"fr","public_metrics":{"retweet_count":916,"reply_count":0,"like_count":0,"quote_count":0},"created_at":"2021-08-13T04:56:57.000Z","id":"1426045085901369344","author_id":"1354732475499610114","text":"RT @_fitamine: L’Homme qui a été lynché brûle vif accusé d’avoir de vouloir allumer un incendie, était en réalité un artiste de Miliana qui…"},{"lang":"fr","public_metrics":{"retweet_count":5,"reply_count":0,"like_count":0,"quote_count":0},"created_at":"2021-08-13T04:56:11.000Z","id":"1426044892392865794","author_id":"2757456557","text":"RT @mosquee_savigny: Une forte pensée pour nos frères et sœurs en #Algerie particulièrement en #Kabylie qui luttent contre les incendie\nNe…"},{"lang":"fr","public_metrics":{"retweet_count":327,"reply_count":0,"like_count":0,"quote_count":0},"created_at":"2021-08-13T04:50:12.000Z","id":"1426043387782836226","author_id":"379072298","text":"RT @SecCivileFrance: \uD83C\uDDEB\uD83C\uDDF7\uD83E\uDD1D\uD83C\uDDE9\uD83C\uDDFF Les 2 #Canadair et le Beech sont arrivés en #Algérie.\nLes premiers largages ont été réalisés pour faire face aux…"},{"lang":"fr","public_metrics":{"retweet_count":327,"reply_count":0,"like_count":0,"quote_count":0},"created_at":"2021-08-13T04:49:20.000Z","id":"1426043167942524936","author_id":"141850744","text":"RT @SecCivileFrance: \uD83C\uDDEB\uD83C\uDDF7\uD83E\uDD1D\uD83C\uDDE9\uD83C\uDDFF Les 2 #Canadair et le Beech sont arrivés en #Algérie.\nLes premiers largages ont été réalisés pour faire face aux…"},{"lang":"fr","public_metrics":{"retweet_count":181,"reply_count":0,"like_count":0,"quote_count":0},"created_at":"2021-08-13T04:47:40.000Z","id":"1426042747023241216","author_id":"414052180","text":"RT @sofiane19e: \uD83D\uDD34 Douas \nUn frère m'envoie souvent des photos de son magnifique village natal de Kabylie.\n\nVoici 2 photos de celui-ci avant…"},{"lang":"fr","public_metrics":{"retweet_count":916,"reply_count":0,"like_count":0,"quote_count":0},"created_at":"2021-08-13T04:47:20.000Z","id":"1426042665183764484","author_id":"919348319712931840","text":"RT @_fitamine: L’Homme qui a été lynché brûle vif accusé d’avoir de vouloir allumer un incendie, était en réalité un artiste de Miliana qui…"},{"lang":"en","attachments":{"media_keys":["3_1426042047115546629"]},"public_metrics":{"retweet_count":0,"reply_count":0,"like_count":1,"quote_count":1},"created_at":"2021-08-13T04:44:53.000Z","id":"1426042050177380352","author_id":"1064585223101431811","text":"This is a preplanned by billgates. depopulation worldwide vaccines company under in to billgates and Target fire worldwide forest shortage foods\n#تيزي_وزو_تحترق \n#تيزي_وزو \n#Algerie \n#Algeria \n#Kabylie https://t.co/7kVDmLxZWG"},{"lang":"en","attachments":{"media_keys":["3_1426041898175717380"]},"public_metrics":{"retweet_count":0,"reply_count":6,"like_count":2,"quote_count":1},"created_at":"2021-08-13T04:44:18.000Z","id":"1426041901405384705","author_id":"1064585223101431811","text":"This is a preplanned by billgates. depopulation worldwide vaccines company under in to billgates and Target fire worldwide forest shortage foods\n#تيزي_وزو_تحترق \n#تيزي_وزو \n#Algerie \n#Algeria \n#Kabylie https://t.co/Izkw7KXAdV"},{"lang":"en","attachments":{"media_keys":["3_1425252039798427648"]},"public_metrics":{"retweet_count":817,"reply_count":0,"like_count":0,"quote_count":0},"created_at":"2021-08-13T04:43:47.000Z","id":"1426041772225048577","author_id":"1277727553202110467","text":"RT @KhaledBeydoun: Prayers up for Algeria \uD83C\uDDE9\uD83C\uDDFF— at least 42 people killed by fires raging in Kabylie region https://t.co/UQR1iI34Rk"},{"lang":"en","attachments":{"media_keys":["3_1426041736892125186"]},"public_metrics":{"retweet_count":0,"reply_count":1,"like_count":0,"quote_count":1},"created_at":"2021-08-13T04:43:40.000Z","id":"1426041741057183746","author_id":"1064585223101431811","text":"This is a preplanned by billgates. depopulation worldwide vaccines company under in to billgates and Target fire worldwide forest shortage foods\n#تيزي_وزو_تحترق \n#تيزي_وزو \n#Algerie \n#Algeria \n#Kabylie https://t.co/Lt22xWGAgT"},{"lang":"fr","public_metrics":{"retweet_count":327,"reply_count":0,"like_count":0,"quote_count":0},"created_at":"2021-08-13T04:41:19.000Z","id":"1426041148917927938","author_id":"707876052","text":"RT @SecCivileFrance: \uD83C\uDDEB\uD83C\uDDF7\uD83E\uDD1D\uD83C\uDDE9\uD83C\uDDFF Les 2 #Canadair et le Beech sont arrivés en #Algérie.\nLes premiers largages ont été réalisés pour faire face aux…"},{"lang":"fr","public_metrics":{"retweet_count":327,"reply_count":0,"like_count":0,"quote_count":0},"created_at":"2021-08-13T04:36:54.000Z","id":"1426040039675502593","author_id":"970701101338189824","text":"RT @SecCivileFrance: \uD83C\uDDEB\uD83C\uDDF7\uD83E\uDD1D\uD83C\uDDE9\uD83C\uDDFF Les 2 #Canadair et le Beech sont arrivés en #Algérie.\nLes premiers largages ont été réalisés pour faire face aux…"},{"lang":"fr","attachments":{"media_keys":["3_1425745645537841153"]},"public_metrics":{"retweet_count":85,"reply_count":0,"like_count":0,"quote_count":0},"created_at":"2021-08-13T04:31:14.000Z","id":"1426038610994814976","author_id":"971752890544148480","text":"RT @sirius1936: KABYLIE EN FEU\nUne pensée pour nos amis algériens eux aussi frappés par les incendies de forêts. https://t.co/0EE92y86ea"},{"lang":"fr","public_metrics":{"retweet_count":181,"reply_count":0,"like_count":0,"quote_count":0},"created_at":"2021-08-13T04:25:43.000Z","id":"1426037223569383426","author_id":"761580352955621376","text":"RT @HindaBe0rlegui_: Après la Covid-19, le manque d’eau, les chutes de tension, c’est au tour des incendies. \nPlusieurs feu  d’incendie ont…"},{"lang":"fr","public_metrics":{"retweet_count":181,"reply_count":0,"like_count":0,"quote_count":0},"created_at":"2021-08-13T04:16:25.000Z","id":"1426034883948912641","author_id":"731965471583522816","text":"RT @sofiane19e: \uD83D\uDD34 Douas \nUn frère m'envoie souvent des photos de son magnifique village natal de Kabylie.\n\nVoici 2 photos de celui-ci avant…"},{"lang":"fr","public_metrics":{"retweet_count":1108,"reply_count":0,"like_count":0,"quote_count":0},"created_at":"2021-08-13T04:15:07.000Z","id":"1426034556910637057","author_id":"3438711783","text":"RT @_xAa09: vous préférez parler de Messi que de parler de la Kabylie qui est en train de prendre feu brf"},{"lang":"en","public_metrics":{"retweet_count":150,"reply_count":0,"like_count":0,"quote_count":0},"created_at":"2021-08-13T04:13:47.000Z","id":"1426034221693472768","author_id":"1226749602440908800","text":"RT @Reuters: Forest fires in Algeria killed 42 people, including 25 soldiers deployed to help put out the blaze, as thick clouds of smoke c…"},{"lang":"fr","public_metrics":{"retweet_count":5,"reply_count":0,"like_count":0,"quote_count":0},"created_at":"2021-08-13T04:08:28.000Z","id":"1426032882993311749","author_id":"1342119153738641409","text":"RT @miassa65115794: Algérie mon amour, Algérie pour toujours. (Cr:Koussai.26 ig) #SaveAlgeria #AlgeriaIsBurning #savedz #Tiziouzou #TiziOuz…"},{"lang":"fr","public_metrics":{"retweet_count":74,"reply_count":0,"like_count":0,"quote_count":0},"created_at":"2021-08-13T04:07:35.000Z","id":"1426032660196073475","author_id":"1370866376236281861","text":"RT @TariqibnZiyad__: Si la charia était instauré en Algérie cet innocent qui est venu aider ces frères en Kabylie ne serait pas brûlé vif c…"},{"lang":"fr","public_metrics":{"retweet_count":2897,"reply_count":0,"like_count":0,"quote_count":0},"created_at":"2021-08-13T04:02:50.000Z","id":"1426031465914056714","author_id":"2374426763","text":"RT @Tizi_Ouzou15: Après la Covid-19, le manque d’eau, les chutes de tension, c’est au tour des incendies. \nPlusieurs feu  d’incendie ont ét…"},{"lang":"fr","public_metrics":{"retweet_count":181,"reply_count":0,"like_count":0,"quote_count":0},"created_at":"2021-08-13T03:57:40.000Z","id":"1426030165814034439","author_id":"1276493577837830145","text":"RT @sofiane19e: \uD83D\uDD34 Douas \nUn frère m'envoie souvent des photos de son magnifique village natal de Kabylie.\n\nVoici 2 photos de celui-ci avant…"},{"lang":"fr","attachments":{"media_keys":["3_1425745645537841153"]},"public_metrics":{"retweet_count":85,"reply_count":0,"like_count":0,"quote_count":0},"created_at":"2021-08-13T03:57:32.000Z","id":"1426030132972691462","author_id":"1445030941","text":"RT @sirius1936: KABYLIE EN FEU\nUne pensée pour nos amis algériens eux aussi frappés par les incendies de forêts. https://t.co/0EE92y86ea"},{"lang":"fr","public_metrics":{"retweet_count":23,"reply_count":0,"like_count":0,"quote_count":0},"created_at":"2021-08-13T03:56:37.000Z","id":"1426029900713058309","author_id":"1342119153738641409","text":"RT @salim_sadeg: Les salauds ont mis le feu à mon paradis \nLa #Kabylie #brûle \uD83D\uDE22\nÔ dieu \uD83E\uDD32\n#FiresInAlgeria #algeriaisburning #feuxDeForet #ka…"},{"lang":"fr","public_metrics":{"retweet_count":1108,"reply_count":0,"like_count":0,"quote_count":0},"created_at":"2021-08-13T03:41:12.000Z","id":"1426026020298268674","author_id":"1329855433247510530","text":"RT @_xAa09: vous préférez parler de Messi que de parler de la Kabylie qui est en train de prendre feu brf"},{"lang":"fr","public_metrics":{"retweet_count":46,"reply_count":0,"like_count":0,"quote_count":0},"created_at":"2021-08-13T03:33:11.000Z","id":"1426024002410123270","author_id":"1880540359","text":"RT @amishc1: C'est grave ce qui se passe dans le monde.... \nLa guerre en Palestine, les inondations en Chine, l'incendie en Turquie, la cri…"},{"lang":"fr","public_metrics":{"retweet_count":32,"reply_count":0,"like_count":0,"quote_count":0},"created_at":"2021-08-13T03:30:08.000Z","id":"1426023235578171396","author_id":"581124768","text":"RT @daoud_kamel: Ce pays est aujourd’hui à un tournant. Il a toutes les raisons de s’effondrer et toutes les autres de se relever (...)On p…"},{"lang":"fr","public_metrics":{"retweet_count":1108,"reply_count":0,"like_count":0,"quote_count":0},"created_at":"2021-08-13T03:27:38.000Z","id":"1426022606352887809","author_id":"1193841956813713408","text":"RT @_xAa09: vous préférez parler de Messi que de parler de la Kabylie qui est en train de prendre feu brf"},{"lang":"fr","public_metrics":{"retweet_count":0,"reply_count":0,"like_count":0,"quote_count":0},"created_at":"2021-08-13T03:25:08.000Z","id":"1426021976737525763","author_id":"1305155251654320128","text":"Urgence incendie en Kabylie\nQuel que soit le montant, chacun peut participer à cette cagnotte. Pas besoin de créer un compte ou de s'inscrire, c'est rapide et les paiements par Carte Bancaire sont 100% sécurisés.\n\nhttps://t.co/kSImU4Sx4C"},{"lang":"fr","public_metrics":{"retweet_count":327,"reply_count":0,"like_count":0,"quote_count":0},"created_at":"2021-08-13T03:25:06.000Z","id":"1426021969846317059","author_id":"716954623194636288","text":"RT @SecCivileFrance: \uD83C\uDDEB\uD83C\uDDF7\uD83E\uDD1D\uD83C\uDDE9\uD83C\uDDFF Les 2 #Canadair et le Beech sont arrivés en #Algérie.\nLes premiers largages ont été réalisés pour faire face aux…"},{"lang":"fr","public_metrics":{"retweet_count":1,"reply_count":0,"like_count":1,"quote_count":0},"created_at":"2021-08-13T03:22:37.000Z","id":"1426021344903303174","author_id":"1234290692043792384","text":"Urgence incendie en Kabylie\nQuel que soit le montant, chacun peut participer à cette cagnotte. Pas besoin de créer un compte ou de s'inscrire, c'est rapide et les paiements par Carte Bancaire sont 100% sécurisés.\n\nhttps://t.co/1tm1Ds2ERW"},{"lang":"fr","public_metrics":{"retweet_count":2897,"reply_count":0,"like_count":0,"quote_count":0},"created_at":"2021-08-13T03:19:11.000Z","id":"1426020482063740931","author_id":"1178087044096151554","text":"RT @Tizi_Ouzou15: Après la Covid-19, le manque d’eau, les chutes de tension, c’est au tour des incendies. \nPlusieurs feu  d’incendie ont ét…"},{"lang":"fr","public_metrics":{"retweet_count":327,"reply_count":0,"like_count":0,"quote_count":0},"created_at":"2021-08-13T03:18:35.000Z","id":"1426020329961496577","author_id":"1429588272","text":"RT @SecCivileFrance: \uD83C\uDDEB\uD83C\uDDF7\uD83E\uDD1D\uD83C\uDDE9\uD83C\uDDFF Les 2 #Canadair et le Beech sont arrivés en #Algérie.\nLes premiers largages ont été réalisés pour faire face aux…"},{"lang":"fr","public_metrics":{"retweet_count":10,"reply_count":0,"like_count":0,"quote_count":0},"created_at":"2021-08-13T03:17:50.000Z","id":"1426020143088513024","author_id":"1545976878","text":"RT @stinplaiziiir: Kendira est en feu \uD83D\uDE14\nBarbacha est en feu \uD83D\uDE14\nAfroune est en feu \uD83D\uDE14\n\nLa Kabylie est en feu \uD83D\uDE14\nL’Algerie est en feu \uD83D\uDE14\n\nEntendo…"},{"lang":"fr","public_metrics":{"retweet_count":2,"reply_count":0,"like_count":0,"quote_count":0},"created_at":"2021-08-13T03:17:24.000Z","id":"1426020032623091714","author_id":"1193786760356085761","text":"RT @RGOLDALL: Ils ne peuvent pas accepter t’éteindre le feu qu’ils ont allumés volontairement. \nLes français auraient dû gagner la guerre e…"},{"lang":"fr","public_metrics":{"retweet_count":1,"reply_count":2,"like_count":1,"quote_count":0},"created_at":"2021-08-13T03:13:53.000Z","id":"1426019149143216129","author_id":"1410263166488039433","text":"@rexis_anas C la même chose en kabylie, qu'Allah viennent en aide à tout ses pays pris en feu \uD83E\uDD32(Maroc,Algérie, Tunisie)"},{"lang":"en","public_metrics":{"retweet_count":373,"reply_count":0,"like_count":0,"quote_count":0},"created_at":"2021-08-13T02:57:13.000Z","id":"1426014953211777035","author_id":"432474718","text":"RT @Reuters: Forest fires in Algeria killed 42 people, including 25 soldiers deployed to help put out the blaze, the government said, as th…"},{"lang":"fr","public_metrics":{"retweet_count":23,"reply_count":0,"like_count":0,"quote_count":0},"created_at":"2021-08-13T02:56:38.000Z","id":"1426014804494462979","author_id":"1538615934","text":"RT @salim_sadeg: Les salauds ont mis le feu à mon paradis \nLa #Kabylie #brûle \uD83D\uDE22\nÔ dieu \uD83E\uDD32\n#FiresInAlgeria #algeriaisburning #feuxDeForet #ka…"},{"lang":"fr","public_metrics":{"retweet_count":0,"reply_count":0,"like_count":0,"quote_count":0},"created_at":"2021-08-13T02:54:56.000Z","id":"1426014378843836416","author_id":"821790461878796295","text":"@ghizoulaa Lah yekter khirkoum, de tous les coins on reçoit de l'aide en ce moment et on sauvera notre kabylie et toutes les autres wilaya atteintes d'incendie et notre pays ❤️"},{"lang":"fr","public_metrics":{"retweet_count":327,"reply_count":0,"like_count":0,"quote_count":0},"created_at":"2021-08-13T02:54:21.000Z","id":"1426014230164160513","author_id":"1305155251654320128","text":"RT @SecCivileFrance: \uD83C\uDDEB\uD83C\uDDF7\uD83E\uDD1D\uD83C\uDDE9\uD83C\uDDFF Les 2 #Canadair et le Beech sont arrivés en #Algérie.\nLes premiers largages ont été réalisés pour faire face aux…"},{"lang":"fr","public_metrics":{"retweet_count":24,"reply_count":0,"like_count":0,"quote_count":0},"created_at":"2021-08-13T02:49:31.000Z","id":"1426013015464456193","author_id":"1340653121207463936","text":"RT @Dllisra: Qu’Allah vienne en aide à L’Algérie, entre le feu en Kabylie et le corona on s’en sort vraiment plus"},{"lang":"fr","public_metrics":{"retweet_count":327,"reply_count":0,"like_count":0,"quote_count":0},"created_at":"2021-08-13T02:49:00.000Z","id":"1426012886204403714","author_id":"803726570661773312","text":"RT @SecCivileFrance: \uD83C\uDDEB\uD83C\uDDF7\uD83E\uDD1D\uD83C\uDDE9\uD83C\uDDFF Les 2 #Canadair et le Beech sont arrivés en #Algérie.\nLes premiers largages ont été réalisés pour faire face aux…"},{"lang":"en","public_metrics":{"retweet_count":6,"reply_count":0,"like_count":0,"quote_count":0},"created_at":"2021-08-13T02:47:05.000Z","id":"1426012404140359689","author_id":"1412856962455412747","text":"RT @TheWatchers_: ICYMI: Destructive wildfires leave at least 65 dead in northern Algeria https://t.co/PDDlMZGgwv #wildfire #fire #Algeria…"},{"lang":"fr","public_metrics":{"retweet_count":10,"reply_count":0,"like_count":0,"quote_count":0},"created_at":"2021-08-13T02:45:51.000Z","id":"1426012092163928066","author_id":"705988475078709248","text":"RT @stinplaiziiir: Kendira est en feu \uD83D\uDE14\nBarbacha est en feu \uD83D\uDE14\nAfroune est en feu \uD83D\uDE14\n\nLa Kabylie est en feu \uD83D\uDE14\nL’Algerie est en feu \uD83D\uDE14\n\nEntendo…"},{"lang":"fr","public_metrics":{"retweet_count":28,"reply_count":0,"like_count":0,"quote_count":0},"created_at":"2021-08-13T02:37:39.000Z","id":"1426010028620849166","author_id":"826774113238786048","text":"RT @DWatsonfdz: \uD83C\uDDE9\uD83C\uDDFF\uD83C\uDDEB\uD83C\uDDF7 Conformément à l'annonce de Macron cette semaine, les 2 canadaires CL-415 de la sécurité civile française viennent d'a…"},{"lang":"fr","public_metrics":{"retweet_count":1108,"reply_count":0,"like_count":0,"quote_count":0},"created_at":"2021-08-13T02:35:34.000Z","id":"1426009502390837262","author_id":"1020056432958459904","text":"RT @_xAa09: vous préférez parler de Messi que de parler de la Kabylie qui est en train de prendre feu brf"},{"lang":"fr","public_metrics":{"retweet_count":11,"reply_count":0,"like_count":0,"quote_count":0},"created_at":"2021-08-13T02:35:00.000Z","id":"1426009363932749824","author_id":"745737485804781568","text":"RT @GhilasAinouche: URGENT !\nUn départ de feu à l'instant entre #AKFADOU et #TIBANE (Vgayet). Faites attention mes ami.e.s !\nSOYEZ VIGILANT…"},{"lang":"fr","public_metrics":{"retweet_count":1,"reply_count":0,"like_count":0,"quote_count":0},"created_at":"2021-08-13T02:30:13.000Z","id":"1426008159584407555","author_id":"1162029372339097602","text":"RT @shineeonlyfan: Donc la y a des fils de pute en Kabylie qui ont brûlé vife un jeune homme et la police est de mèche tout ça parce que as…"},{"lang":"en","public_metrics":{"retweet_count":5,"reply_count":0,"like_count":0,"quote_count":0},"created_at":"2021-08-13T02:22:34.000Z","id":"1426006232624599045","author_id":"1167951236240330752","text":"RT @inquirerdotnet: Forest fires in Algeria killed 42 people on Tuesday, including 25 soldiers deployed to help put out the blaze, the gove…"},{"lang":"fr","public_metrics":{"retweet_count":0,"reply_count":1,"like_count":0,"quote_count":0},"created_at":"2021-08-13T02:21:43.000Z","id":"1426006019189186560","author_id":"1404006093307719680","text":"@chahrazzzz Y’aura pas de feu à Alger jte dis c que en Kabylie où ils ont jeté des trucs inflammables"},{"lang":"fr","public_metrics":{"retweet_count":327,"reply_count":0,"like_count":0,"quote_count":0},"created_at":"2021-08-13T02:17:32.000Z","id":"1426004967438094347","author_id":"1421960601627156486","text":"RT @SecCivileFrance: \uD83C\uDDEB\uD83C\uDDF7\uD83E\uDD1D\uD83C\uDDE9\uD83C\uDDFF Les 2 #Canadair et le Beech sont arrivés en #Algérie.\nLes premiers largages ont été réalisés pour faire face aux…"},{"lang":"fr","public_metrics":{"retweet_count":1108,"reply_count":0,"like_count":0,"quote_count":0},"created_at":"2021-08-13T02:16:00.000Z","id":"1426004579666235396","author_id":"1389638357916033024","text":"RT @_xAa09: vous préférez parler de Messi que de parler de la Kabylie qui est en train de prendre feu brf"},{"lang":"fr","public_metrics":{"retweet_count":3,"reply_count":0,"like_count":0,"quote_count":0},"created_at":"2021-08-13T02:10:24.000Z","id":"1426003172666003463","author_id":"1421960601627156486","text":"RT @affassplus: Le pouvoir algériens refuse l aide internationale pourquoi?? C'est juste criminels!!\nLe gouvernement algérien a juste montr…"},{"lang":"fr","public_metrics":{"retweet_count":995,"reply_count":0,"like_count":0,"quote_count":0},"created_at":"2021-08-13T02:08:00.000Z","id":"1426002566211645442","author_id":"947612573368643584","text":"RT @Videos2Riles: Pour aider les victimes d'incendie en Kabylie \nIl existe une cagnotte sur Paypal que je vous partage \nhttps://t.co/t0Spnp…"},{"lang":"fr","public_metrics":{"retweet_count":0,"reply_count":0,"like_count":0,"quote_count":0},"created_at":"2021-08-13T02:04:59.000Z","id":"1426001807931756555","author_id":"1301533915744796672","text":"Incendies en Algérie: l’émouvant message de Belmadi aux victimes et aux héros en « première ligne » https://t.co/vRPKdp8e2N via Le Score \nBelmadi Algerie Kabylie incendie"},{"lang":"fr","public_metrics":{"retweet_count":2,"reply_count":0,"like_count":0,"quote_count":0},"created_at":"2021-08-13T02:01:35.000Z","id":"1426000950607679497","author_id":"1421960601627156486","text":"RT @RGOLDALL: Ils ne peuvent pas accepter t’éteindre le feu qu’ils ont allumés volontairement. \nLes français auraient dû gagner la guerre e…"},{"lang":"fr","public_metrics":{"retweet_count":0,"reply_count":0,"like_count":0,"quote_count":0},"created_at":"2021-08-13T02:00:40.000Z","id":"1426000723284791308","author_id":"1258038420871557121","text":"Incendies en Algérie: l’émouvant message de Belmadi aux victimes et aux héros en « première ligne » https://t.co/UbObuXnOmV via @Le Score \n#Belmadi #Algerie #Kabylie #incendie"},{"lang":"en","public_metrics":{"retweet_count":6,"reply_count":0,"like_count":0,"quote_count":0},"created_at":"2021-08-13T02:00:05.000Z","id":"1426000574097629192","author_id":"855620360728870912","text":"RT @TheWatchers_: ICYMI: Destructive wildfires leave at least 65 dead in northern Algeria https://t.co/PDDlMZGgwv #wildfire #fire #Algeria…"},{"lang":"fr","public_metrics":{"retweet_count":2,"reply_count":0,"like_count":0,"quote_count":0},"created_at":"2021-08-13T01:59:57.000Z","id":"1426000540140511234","author_id":"1421960601627156486","text":"RT @HamchacheRyadh: l'Algérie déclare la guerre officiellement à la Kabylie, des centaines militants politique Kabyle sont mets en prison,…"},{"lang":"fr","public_metrics":{"retweet_count":19,"reply_count":0,"like_count":0,"quote_count":0},"created_at":"2021-08-13T01:55:28.000Z","id":"1425999412422221829","author_id":"33945435","text":"RT @FMAGHREB2: Ce visage est celui du jeune algérien #DjamelBensmail , originaire de #Miliana . \nCe visage sera pour toujours le symbole d’…"},{"lang":"fr","attachments":{"media_keys":["3_1424865639177588738"]},"public_metrics":{"retweet_count":14,"reply_count":0,"like_count":0,"quote_count":0},"created_at":"2021-08-13T01:55:22.000Z","id":"1425999386497142791","author_id":"1323716498867822592","text":"RT @dI929LC8qPCOtCq: LA KABYLIE EST EN FEU, AUCUNE RÉGION N'EST EPARGNÉE PAR CET ACTE CRIMINEL. https://t.co/qCw9LkSyTD\n#HelpKabylia https:…"},{"lang":"fr","public_metrics":{"retweet_count":327,"reply_count":0,"like_count":0,"quote_count":0},"created_at":"2021-08-13T01:54:13.000Z","id":"1425999099195805700","author_id":"1493811092","text":"RT @SecCivileFrance: \uD83C\uDDEB\uD83C\uDDF7\uD83E\uDD1D\uD83C\uDDE9\uD83C\uDDFF Les 2 #Canadair et le Beech sont arrivés en #Algérie.\nLes premiers largages ont été réalisés pour faire face aux…"},{"lang":"fr","public_metrics":{"retweet_count":2897,"reply_count":0,"like_count":0,"quote_count":0},"created_at":"2021-08-13T01:52:22.000Z","id":"1425998630847188996","author_id":"1264958359767220231","text":"RT @Tizi_Ouzou15: Après la Covid-19, le manque d’eau, les chutes de tension, c’est au tour des incendies. \nPlusieurs feu  d’incendie ont ét…"},{"lang":"fr","public_metrics":{"retweet_count":17,"reply_count":0,"like_count":0,"quote_count":0},"created_at":"2021-08-13T01:46:35.000Z","id":"1425997175725641739","author_id":"1385843286343098371","text":"RT @sandraregol: Pensées pour la Kabylie en feu. Une catastrophe d'une ampleur jamais vue en Algérie, jamais vue chez les amazigh. La planè…"},{"lang":"fr","public_metrics":{"retweet_count":12,"reply_count":0,"like_count":0,"quote_count":0},"created_at":"2021-08-13T01:45:28.000Z","id":"1425996897521709062","author_id":"1109274421544521728","text":"RT @AznayAqbayli: En #Kabylie les expressions comme \"Mettre un pays à feu et à sang\", \"appliquer la politique de la terre brûlée\"... là, ma…"},{"lang":"fr","public_metrics":{"retweet_count":8,"reply_count":0,"like_count":0,"quote_count":0},"created_at":"2021-08-13T01:41:52.000Z","id":"1425995990084067330","author_id":"1308874119077916673","text":"RT @Ibn_al_kutub_: - inondations monstre en Europe et en Asie\n- 5 tempêtes depuis le 01/07\n- l'Incendie en Turquie et Grèce, 105K hectares…"},{"lang":"fr","public_metrics":{"retweet_count":327,"reply_count":0,"like_count":0,"quote_count":0},"created_at":"2021-08-13T01:39:48.000Z","id":"1425995472058060807","author_id":"2449992689","text":"RT @SecCivileFrance: \uD83C\uDDEB\uD83C\uDDF7\uD83E\uDD1D\uD83C\uDDE9\uD83C\uDDFF Les 2 #Canadair et le Beech sont arrivés en #Algérie.\nLes premiers largages ont été réalisés pour faire face aux…"},{"lang":"fr","public_metrics":{"retweet_count":0,"reply_count":2,"like_count":1,"quote_count":1},"created_at":"2021-08-13T01:38:35.000Z","id":"1425995164057800707","author_id":"1389303924922925056","text":"@nsdzi @lyyFiaa Oui j’ai bien compris mais il parle de ca par rapport au récents événements en Kabylie. Il insulte les arabes car la plus part de ce qui sont venus mettre le feu en Kabylie sont des arabes"},{"lang":"fr","public_metrics":{"retweet_count":995,"reply_count":0,"like_count":0,"quote_count":0},"created_at":"2021-08-13T01:37:48.000Z","id":"1425994967424634883","author_id":"1385204793019404291","text":"RT @Videos2Riles: Pour aider les victimes d'incendie en Kabylie \nIl existe une cagnotte sur Paypal que je vous partage \nhttps://t.co/t0Spnp…"},{"lang":"en","public_metrics":{"retweet_count":163,"reply_count":0,"like_count":0,"quote_count":0},"created_at":"2021-08-13T01:34:46.000Z","id":"1425994203033710601","author_id":"70482533","text":"RT @GheZinou: Unfortunately, around 25 forest fires are currently ravaging small villages across Tizi Ouzou in the Kabylie region in #Alger…"},{"lang":"fr","public_metrics":{"retweet_count":327,"reply_count":0,"like_count":0,"quote_count":0},"created_at":"2021-08-13T01:34:39.000Z","id":"1425994173837103114","author_id":"1288893333272694784","text":"RT @SecCivileFrance: \uD83C\uDDEB\uD83C\uDDF7\uD83E\uDD1D\uD83C\uDDE9\uD83C\uDDFF Les 2 #Canadair et le Beech sont arrivés en #Algérie.\nLes premiers largages ont été réalisés pour faire face aux…"},{"lang":"fr","public_metrics":{"retweet_count":995,"reply_count":0,"like_count":0,"quote_count":0},"created_at":"2021-08-13T01:34:21.000Z","id":"1425994097135964162","author_id":"736718905","text":"RT @Videos2Riles: Pour aider les victimes d'incendie en Kabylie \nIl existe une cagnotte sur Paypal que je vous partage \nhttps://t.co/t0Spnp…"},{"lang":"fr","public_metrics":{"retweet_count":1,"reply_count":0,"like_count":1,"quote_count":0},"created_at":"2021-08-13T01:32:41.000Z","id":"1425993680285061122","author_id":"1346537967691694084","text":"Anonymes ou pas: Ils pleurent leur Kabylie en feu et fustigent l’impéritie de l’Etat – https://t.co/oUu6Bhs5le https://t.co/lEShra3rvX"},{"lang":"fr","public_metrics":{"retweet_count":5,"reply_count":0,"like_count":0,"quote_count":0},"created_at":"2021-08-13T01:31:23.000Z","id":"1425993353498398720","author_id":"1404195402853883914","text":"RT @cehel55: L’asso Tiwizi organise une collecte de #dons dand le #valdemarne du 12 au 15 août pr les sinistrés des #incendie de #kabylie e…"},{"lang":"fr","public_metrics":{"retweet_count":0,"reply_count":0,"like_count":0,"quote_count":0},"created_at":"2021-08-13T01:30:44.000Z","id":"1425993188511260674","author_id":"217822031","text":"Anonymes ou pas: Ils pleurent leur Kabylie en feu et fustigent l’impéritie de l’Etat – https://t.co/w7ybKpV0Y1 https://t.co/Xs2LW8ndcf"},{"lang":"fr","public_metrics":{"retweet_count":2897,"reply_count":0,"like_count":0,"quote_count":0},"created_at":"2021-08-13T01:30:20.000Z","id":"1425993087176908809","author_id":"1404195402853883914","text":"RT @Tizi_Ouzou15: Après la Covid-19, le manque d’eau, les chutes de tension, c’est au tour des incendies. \nPlusieurs feu  d’incendie ont ét…"},{"lang":"fr","public_metrics":{"retweet_count":327,"reply_count":0,"like_count":0,"quote_count":0},"created_at":"2021-08-13T01:25:47.000Z","id":"1425991944363204616","author_id":"412978471","text":"RT @SecCivileFrance: \uD83C\uDDEB\uD83C\uDDF7\uD83E\uDD1D\uD83C\uDDE9\uD83C\uDDFF Les 2 #Canadair et le Beech sont arrivés en #Algérie.\nLes premiers largages ont été réalisés pour faire face aux…"},{"lang":"fr","public_metrics":{"retweet_count":916,"reply_count":0,"like_count":0,"quote_count":0},"created_at":"2021-08-13T01:24:44.000Z","id":"1425991678465347589","author_id":"4893619869","text":"RT @_fitamine: L’Homme qui a été lynché brûle vif accusé d’avoir de vouloir allumer un incendie, était en réalité un artiste de Miliana qui…"},{"lang":"en","public_metrics":{"retweet_count":169,"reply_count":0,"like_count":0,"quote_count":0},"created_at":"2021-08-13T01:22:23.000Z","id":"1425991087940849668","author_id":"1105170756873437185","text":"RT @AyaMrmK: More than 30 fires in 14 different regions , 3 dead due to these fires.\n Algeria is burning\nIt's so sad to see this, i feel pa…"},{"lang":"fr","public_metrics":{"retweet_count":327,"reply_count":0,"like_count":0,"quote_count":0},"created_at":"2021-08-13T01:16:54.000Z","id":"1425989706517553158","author_id":"4061960481","text":"RT @SecCivileFrance: \uD83C\uDDEB\uD83C\uDDF7\uD83E\uDD1D\uD83C\uDDE9\uD83C\uDDFF Les 2 #Canadair et le Beech sont arrivés en #Algérie.\nLes premiers largages ont été réalisés pour faire face aux…"},{"lang":"en","public_metrics":{"retweet_count":373,"reply_count":0,"like_count":0,"quote_count":0},"created_at":"2021-08-13T01:16:14.000Z","id":"1425989541375082501","author_id":"1148984100868374528","text":"RT @Reuters: Forest fires in Algeria killed 42 people, including 25 soldiers deployed to help put out the blaze, the government said, as th…"},{"lang":"fr","attachments":{"media_keys":["3_1425745645537841153"]},"public_metrics":{"retweet_count":85,"reply_count":0,"like_count":0,"quote_count":0},"created_at":"2021-08-13T01:13:13.000Z","id":"1425988780931092480","author_id":"479980548","text":"RT @sirius1936: KABYLIE EN FEU\nUne pensée pour nos amis algériens eux aussi frappés par les incendies de forêts. https://t.co/0EE92y86ea"},{"lang":"fr","public_metrics":{"retweet_count":327,"reply_count":0,"like_count":0,"quote_count":0},"created_at":"2021-08-13T01:10:20.000Z","id":"1425988054939054081","author_id":"1213452096663506944","text":"RT @SecCivileFrance: \uD83C\uDDEB\uD83C\uDDF7\uD83E\uDD1D\uD83C\uDDE9\uD83C\uDDFF Les 2 #Canadair et le Beech sont arrivés en #Algérie.\nLes premiers largages ont été réalisés pour faire face aux…"},{"lang":"fr","public_metrics":{"retweet_count":327,"reply_count":0,"like_count":0,"quote_count":0},"created_at":"2021-08-13T01:08:07.000Z","id":"1425987495146180609","author_id":"1106720518621802496","text":"RT @SecCivileFrance: \uD83C\uDDEB\uD83C\uDDF7\uD83E\uDD1D\uD83C\uDDE9\uD83C\uDDFF Les 2 #Canadair et le Beech sont arrivés en #Algérie.\nLes premiers largages ont été réalisés pour faire face aux…"},{"lang":"fr","public_metrics":{"retweet_count":327,"reply_count":0,"like_count":0,"quote_count":0},"created_at":"2021-08-13T01:04:47.000Z","id":"1425986657455587331","author_id":"3666655642","text":"RT @SecCivileFrance: \uD83C\uDDEB\uD83C\uDDF7\uD83E\uDD1D\uD83C\uDDE9\uD83C\uDDFF Les 2 #Canadair et le Beech sont arrivés en #Algérie.\nLes premiers largages ont été réalisés pour faire face aux…"},{"lang":"en","public_metrics":{"retweet_count":169,"reply_count":0,"like_count":0,"quote_count":0},"created_at":"2021-08-13T01:03:29.000Z","id":"1425986331272957954","author_id":"1246664071","text":"RT @AyaMrmK: More than 30 fires in 14 different regions , 3 dead due to these fires.\n Algeria is burning\nIt's so sad to see this, i feel pa…"},{"lang":"fr","public_metrics":{"retweet_count":1,"reply_count":1,"like_count":2,"quote_count":0},"created_at":"2021-08-13T01:02:35.000Z","id":"1425986102666711044","author_id":"2876172395","text":"Les gens meurent dans les montagnes de la Kabylie, et tu as des cons comme ça qui ne paie pas 1 euros d’impôts j’en suis sûr qui pleurent sur les réseaux par ce que des Canadairs sont envoyé là-bas pour lutter contre le feu et aider la population locale https://t.co/DSgDoZ0Fho"},{"lang":"fr","public_metrics":{"retweet_count":327,"reply_count":0,"like_count":0,"quote_count":0},"created_at":"2021-08-13T00:58:35.000Z","id":"1425985097551990784","author_id":"570416226","text":"RT @SecCivileFrance: \uD83C\uDDEB\uD83C\uDDF7\uD83E\uDD1D\uD83C\uDDE9\uD83C\uDDFF Les 2 #Canadair et le Beech sont arrivés en #Algérie.\nLes premiers largages ont été réalisés pour faire face aux…"},{"lang":"fr","attachments":{"media_keys":["3_1425745645537841153"]},"public_metrics":{"retweet_count":85,"reply_count":0,"like_count":0,"quote_count":0},"created_at":"2021-08-13T00:57:47.000Z","id":"1425984895474601986","author_id":"1076917899347062784","text":"RT @sirius1936: KABYLIE EN FEU\nUne pensée pour nos amis algériens eux aussi frappés par les incendies de forêts. https://t.co/0EE92y86ea"},{"lang":"fr","public_metrics":{"retweet_count":14,"reply_count":0,"like_count":0,"quote_count":0},"created_at":"2021-08-13T00:57:02.000Z","id":"1425984707150417926","author_id":"1305436756343508993","text":"RT @razika_matcho: Pour ceux qui veulent faire un don, s'il vous plaît contacter @mehditrt_ \nIl déplace et collecte vos dons.\n\nRt svp\n\n#sav…"},{"lang":"fr","public_metrics":{"retweet_count":4,"reply_count":0,"like_count":0,"quote_count":0},"created_at":"2021-08-13T00:56:51.000Z","id":"1425984662141390851","author_id":"1305436756343508993","text":"RT @Association_LS: La kabylie prend feu, des familles, enfants  se sont retrouvés sans refuge, aujourd'hui il est de notre ultime devoir d…"},{"lang":"fr","public_metrics":{"retweet_count":64,"reply_count":0,"like_count":0,"quote_count":0},"created_at":"2021-08-13T00:56:45.000Z","id":"1425984634974789634","author_id":"1305436756343508993","text":"RT @mertmozel: pour toute personne qui a besoin de déplacement pour les dons (hydra, le val, el biar, alger centre…etc) veuillez contacter…"},{"lang":"fr","public_metrics":{"retweet_count":327,"reply_count":0,"like_count":0,"quote_count":0},"created_at":"2021-08-13T00:54:04.000Z","id":"1425983959964561410","author_id":"382842742","text":"RT @SecCivileFrance: \uD83C\uDDEB\uD83C\uDDF7\uD83E\uDD1D\uD83C\uDDE9\uD83C\uDDFF Les 2 #Canadair et le Beech sont arrivés en #Algérie.\nLes premiers largages ont été réalisés pour faire face aux…"},{"lang":"fr","attachments":{"media_keys":["3_1424875017012224002","3_1424875017045749760","3_1424875017016328197","3_1424875017020583938"]},"public_metrics":{"retweet_count":196,"reply_count":0,"like_count":0,"quote_count":0},"created_at":"2021-08-13T00:54:01.000Z","id":"1425983948052733954","author_id":"1143641154522681344","text":"RT @smylvg: Ma Kabylie est en feu. \nQue Dieu nous vienne en aide \uD83D\uDE4F\uD83C\uDFFB.\n#Kabylie https://t.co/FJMVSMEvrb"},{"lang":"fr","public_metrics":{"retweet_count":327,"reply_count":0,"like_count":0,"quote_count":0},"created_at":"2021-08-13T00:51:33.000Z","id":"1425983328897937411","author_id":"802888676036448257","text":"RT @SecCivileFrance: \uD83C\uDDEB\uD83C\uDDF7\uD83E\uDD1D\uD83C\uDDE9\uD83C\uDDFF Les 2 #Canadair et le Beech sont arrivés en #Algérie.\nLes premiers largages ont été réalisés pour faire face aux…"},{"lang":"en","public_metrics":{"retweet_count":6,"reply_count":0,"like_count":0,"quote_count":0},"created_at":"2021-08-13T00:50:41.000Z","id":"1425983108990574593","author_id":"184065182","text":"RT @TheWatchers_: ICYMI: Destructive wildfires leave at least 65 dead in northern Algeria https://t.co/PDDlMZGgwv #wildfire #fire #Algeria…"},{"lang":"en","public_metrics":{"retweet_count":6,"reply_count":0,"like_count":0,"quote_count":0},"created_at":"2021-08-13T00:50:27.000Z","id":"1425983051029491715","author_id":"3366909892","text":"RT @TheWatchers_: ICYMI: Destructive wildfires leave at least 65 dead in northern Algeria https://t.co/PDDlMZGgwv #wildfire #fire #Algeria…"}],"includes":{"media":[{"media_key":"3_1426045363279040515","type":"photo","url":"https://pbs.twimg.com/media/E8pUs8_XEAMb2VO.jpg"},{"media_key":"3_1425147177882488833","type":"photo","url":"https://pbs.twimg.com/media/E8cjzrpWEAEHkVa.jpg"},{"media_key":"3_1426042047115546629","type":"photo","url":"https://pbs.twimg.com/media/E8pRr7UX0AU84hJ.jpg"},{"media_key":"3_1426041898175717380","type":"photo","url":"https://pbs.twimg.com/media/E8pRjQeWYAQcmkg.jpg"},{"media_key":"3_1425252039798427648","type":"photo","url":"https://pbs.twimg.com/media/E8eDLcuWEAAHQzL.jpg"},{"media_key":"3_1426041736892125186","type":"photo","url":"https://pbs.twimg.com/media/E8pRZ3pWEAIe7TS.jpg"},{"media_key":"3_1425745645537841153","type":"photo","url":"https://pbs.twimg.com/media/E8lEHFZX0AE6k45.jpg"},{"media_key":"3_1424865639177588738","type":"photo","url":"https://pbs.twimg.com/media/E8Yjv-PXEAIokoT.jpg"},{"media_key":"3_1424875017012224002","type":"photo","url":"https://pbs.twimg.com/media/E8YsR1ZXoAIEyNU.jpg"},{"media_key":"3_1424875017045749760","type":"photo","url":"https://pbs.twimg.com/media/E8YsR1hXMAALI6f.jpg"},{"media_key":"3_1424875017016328197","type":"photo","url":"https://pbs.twimg.com/media/E8YsR1aWQAUlIkh.jpg"},{"media_key":"3_1424875017020583938","type":"photo","url":"https://pbs.twimg.com/media/E8YsR1bXMAIwDIN.jpg"}]},"meta":{"newest_id":"1426046771998900226","oldest_id":"1425983051029491715","result_count":100,"next_token":"b26v89c19zqg8o3fpdm8kx3esuyei046ghmk8zftg89dp"}}