{"data":[{"id":"1425983007060643852","public_metrics":{"retweet_count":2897,"reply_count":0,"like_count":0,"quote_count":0},"created_at":"2021-08-13T00:50:17.000Z","text":"RT @Tizi_Ouzou15: Après la Covid-19, le manque d’eau, les chutes de tension, c’est au tour des incendies. \nPlusieurs feu  d’incendie ont ét…","lang":"fr","author_id":"1309957800743837697"},{"id":"1425982908200857605","public_metrics":{"retweet_count":327,"reply_count":0,"like_count":0,"quote_count":0},"created_at":"2021-08-13T00:49:53.000Z","text":"RT @SecCivileFrance: \uD83C\uDDEB\uD83C\uDDF7\uD83E\uDD1D\uD83C\uDDE9\uD83C\uDDFF Les 2 #Canadair et le Beech sont arrivés en #Algérie.\nLes premiers largages ont été réalisés pour faire face aux…","lang":"fr","author_id":"2573638150"},{"id":"1425982663878397958","public_metrics":{"retweet_count":1,"reply_count":0,"like_count":1,"quote_count":0},"created_at":"2021-08-13T00:48:55.000Z","text":"@sergiodde en Kabylie 72 départs de feu différents,tous d'origine criminel,sans moyen ce pays a vu tous ces oliviers qui promettaient une belle récolte brûlés,et ce n'est pas anodin, c'est une de leur ressource, et ils ne pourront plus cultiver leur terre,","lang":"fr","author_id":"1310377790936580096"},{"id":"1425982406390022144","public_metrics":{"retweet_count":6,"reply_count":0,"like_count":0,"quote_count":0},"created_at":"2021-08-13T00:47:53.000Z","text":"RT @TheWatchers_: ICYMI: Destructive wildfires leave at least 65 dead in northern Algeria https://t.co/PDDlMZGgwv #wildfire #fire #Algeria…","lang":"en","author_id":"1221720800102797312"},{"id":"1425982298151915521","public_metrics":{"retweet_count":327,"reply_count":0,"like_count":0,"quote_count":0},"created_at":"2021-08-13T00:47:28.000Z","text":"RT @SecCivileFrance: \uD83C\uDDEB\uD83C\uDDF7\uD83E\uDD1D\uD83C\uDDE9\uD83C\uDDFF Les 2 #Canadair et le Beech sont arrivés en #Algérie.\nLes premiers largages ont été réalisés pour faire face aux…","lang":"fr","author_id":"765207713429282817"},{"id":"1425982169852399626","public_metrics":{"retweet_count":327,"reply_count":0,"like_count":0,"quote_count":0},"created_at":"2021-08-13T00:46:57.000Z","text":"RT @SecCivileFrance: \uD83C\uDDEB\uD83C\uDDF7\uD83E\uDD1D\uD83C\uDDE9\uD83C\uDDFF Les 2 #Canadair et le Beech sont arrivés en #Algérie.\nLes premiers largages ont été réalisés pour faire face aux…","lang":"fr","author_id":"837298711613034498"},{"id":"1425980913846992899","public_metrics":{"retweet_count":0,"reply_count":0,"like_count":0,"quote_count":0},"created_at":"2021-08-13T00:41:57.000Z","text":"@theogghizlane @razika_matcho Voici une carte Google maps qui ne regroupe que quelques uns des messages twitter(avec le liens des tweets)pour venir en aide a la population Algerienne\n\nhttps://t.co/6mgpW3sJUB \n\n#Algerie #SOS_FEU_ALGERIE  #PrayForAlgeria #PrayForKabylia #Kabylie #AlgeriaIsBurning","lang":"fr","author_id":"1324111502027218952"},{"id":"1425980811833221120","public_metrics":{"retweet_count":0,"reply_count":0,"like_count":0,"quote_count":0},"created_at":"2021-08-13T00:41:33.000Z","text":"@razika_matcho Voici une carte Google maps qui ne regroupe que quelques uns des messages twitter(avec le liens des tweets)pour venir en aide a la population Algerienne\n\nhttps://t.co/6mgpW3sJUB \n\n#Algerie #SOS_FEU_ALGERIE  #PrayForAlgeria #PrayForKabylia #Kabylie #AlgeriaIsBurning","lang":"fr","author_id":"1324111502027218952"},{"id":"1425980690596696070","public_metrics":{"retweet_count":373,"reply_count":0,"like_count":0,"quote_count":0},"created_at":"2021-08-13T00:41:04.000Z","text":"RT @Reuters: Forest fires in Algeria killed 42 people, including 25 soldiers deployed to help put out the blaze, the government said, as th…","lang":"en","author_id":"1280398681661816832"},{"id":"1425979307281854469","public_metrics":{"retweet_count":327,"reply_count":0,"like_count":0,"quote_count":0},"created_at":"2021-08-13T00:35:34.000Z","text":"RT @SecCivileFrance: \uD83C\uDDEB\uD83C\uDDF7\uD83E\uDD1D\uD83C\uDDE9\uD83C\uDDFF Les 2 #Canadair et le Beech sont arrivés en #Algérie.\nLes premiers largages ont été réalisés pour faire face aux…","lang":"fr","author_id":"2904153783"},{"id":"1425978822676127752","public_metrics":{"retweet_count":6,"reply_count":0,"like_count":0,"quote_count":0},"created_at":"2021-08-13T00:33:39.000Z","text":"RT @TheWatchers_: ICYMI: Destructive wildfires leave at least 65 dead in northern Algeria https://t.co/PDDlMZGgwv #wildfire #fire #Algeria…","lang":"en","author_id":"1466349024"},{"id":"1425978713741664260","public_metrics":{"retweet_count":1,"reply_count":0,"like_count":4,"quote_count":0},"attachments":{"media_keys":["3_1425978709551591427"]},"created_at":"2021-08-13T00:33:13.000Z","text":"‼️MERCI DE RELAYER‼️\nLe village de Zoubga (Illilten, Daira d’Iferhounene) met à disposition sa bouche incendie et accueillera toute personne en Kabylie ayant besoin d’eau. \n\n#kabyliebrule #tiwizi #Tizi_Ouzou https://t.co/Z5kg7P7l5s","lang":"fr","author_id":"463133503"},{"id":"1425978513505542147","public_metrics":{"retweet_count":327,"reply_count":0,"like_count":0,"quote_count":0},"created_at":"2021-08-13T00:32:25.000Z","text":"RT @SecCivileFrance: \uD83C\uDDEB\uD83C\uDDF7\uD83E\uDD1D\uD83C\uDDE9\uD83C\uDDFF Les 2 #Canadair et le Beech sont arrivés en #Algérie.\nLes premiers largages ont été réalisés pour faire face aux…","lang":"fr","author_id":"1166141218063081472"},{"id":"1425977907114127367","public_metrics":{"retweet_count":74,"reply_count":0,"like_count":0,"quote_count":0},"created_at":"2021-08-13T00:30:01.000Z","text":"RT @TariqibnZiyad__: Si la charia était instauré en Algérie cet innocent qui est venu aider ces frères en Kabylie ne serait pas brûlé vif c…","lang":"fr","author_id":"1152334562644713472"},{"id":"1425977127497838597","public_metrics":{"retweet_count":327,"reply_count":0,"like_count":0,"quote_count":0},"created_at":"2021-08-13T00:26:55.000Z","text":"RT @SecCivileFrance: \uD83C\uDDEB\uD83C\uDDF7\uD83E\uDD1D\uD83C\uDDE9\uD83C\uDDFF Les 2 #Canadair et le Beech sont arrivés en #Algérie.\nLes premiers largages ont été réalisés pour faire face aux…","lang":"fr","author_id":"1303662892047310849"},{"id":"1425976919057735681","public_metrics":{"retweet_count":8,"reply_count":0,"like_count":0,"quote_count":0},"created_at":"2021-08-13T00:26:05.000Z","text":"RT @futurasciences: [\uD83C\uDF0D] Canada, USA, Grèce, Turquie, et maintenant l' #Algerie ! Plus de 70 départs de feu se sont déclarés en début de sem…","lang":"fr","author_id":"74445036"},{"id":"1425976911038193666","public_metrics":{"retweet_count":916,"reply_count":0,"like_count":0,"quote_count":0},"created_at":"2021-08-13T00:26:03.000Z","text":"RT @_fitamine: L’Homme qui a été lynché brûle vif accusé d’avoir de vouloir allumer un incendie, était en réalité un artiste de Miliana qui…","lang":"fr","author_id":"862928662311686146"},{"id":"1425976477686931462","public_metrics":{"retweet_count":6,"reply_count":0,"like_count":9,"quote_count":2},"created_at":"2021-08-13T00:24:20.000Z","text":"ICYMI: Destructive wildfires leave at least 65 dead in northern Algeria https://t.co/PDDlMZGgwv #wildfire #fire #Algeria #TiziOuzou #Kabyle","lang":"en","author_id":"272160238"},{"id":"1425976282379079686","public_metrics":{"retweet_count":327,"reply_count":0,"like_count":0,"quote_count":0},"created_at":"2021-08-13T00:23:33.000Z","text":"RT @SecCivileFrance: \uD83C\uDDEB\uD83C\uDDF7\uD83E\uDD1D\uD83C\uDDE9\uD83C\uDDFF Les 2 #Canadair et le Beech sont arrivés en #Algérie.\nLes premiers largages ont été réalisés pour faire face aux…","lang":"fr","author_id":"898956356098682880"},{"id":"1425975390862987268","public_metrics":{"retweet_count":327,"reply_count":0,"like_count":0,"quote_count":0},"created_at":"2021-08-13T00:20:01.000Z","text":"RT @SecCivileFrance: \uD83C\uDDEB\uD83C\uDDF7\uD83E\uDD1D\uD83C\uDDE9\uD83C\uDDFF Les 2 #Canadair et le Beech sont arrivés en #Algérie.\nLes premiers largages ont été réalisés pour faire face aux…","lang":"fr","author_id":"1281914872524046348"},{"id":"1425975093675499520","public_metrics":{"retweet_count":327,"reply_count":0,"like_count":0,"quote_count":0},"created_at":"2021-08-13T00:18:50.000Z","text":"RT @SecCivileFrance: \uD83C\uDDEB\uD83C\uDDF7\uD83E\uDD1D\uD83C\uDDE9\uD83C\uDDFF Les 2 #Canadair et le Beech sont arrivés en #Algérie.\nLes premiers largages ont été réalisés pour faire face aux…","lang":"fr","author_id":"2762774671"},{"id":"1425973996676435971","public_metrics":{"retweet_count":85,"reply_count":0,"like_count":0,"quote_count":0},"attachments":{"media_keys":["3_1425745645537841153"]},"created_at":"2021-08-13T00:14:28.000Z","text":"RT @sirius1936: KABYLIE EN FEU\nUne pensée pour nos amis algériens eux aussi frappés par les incendies de forêts. https://t.co/0EE92y86ea","lang":"fr","author_id":"240697075"},{"id":"1425973995342647299","public_metrics":{"retweet_count":85,"reply_count":0,"like_count":0,"quote_count":0},"attachments":{"media_keys":["3_1425745645537841153"]},"created_at":"2021-08-13T00:14:28.000Z","text":"RT @sirius1936: KABYLIE EN FEU\nUne pensée pour nos amis algériens eux aussi frappés par les incendies de forêts. https://t.co/0EE92y86ea","lang":"fr","author_id":"1247275170768850944"},{"id":"1425973860722221056","public_metrics":{"retweet_count":327,"reply_count":0,"like_count":0,"quote_count":0},"created_at":"2021-08-13T00:13:56.000Z","text":"RT @SecCivileFrance: \uD83C\uDDEB\uD83C\uDDF7\uD83E\uDD1D\uD83C\uDDE9\uD83C\uDDFF Les 2 #Canadair et le Beech sont arrivés en #Algérie.\nLes premiers largages ont été réalisés pour faire face aux…","lang":"fr","author_id":"2786248210"},{"id":"1425973360652177410","public_metrics":{"retweet_count":4,"reply_count":2,"like_count":13,"quote_count":0},"created_at":"2021-08-13T00:11:57.000Z","text":"Bien des stratèges existent afin de prévenir d'un feu de grand ampleur.\n\nAnciennement en Kabylie, les villageois retiraient les herbes sèches des terres (zarb) et les donnaient en qualité d'aliments au bétail.\n\nCes herbes jaunes participent grandement à la propagation rapide d'1","lang":"fr","author_id":"1334391550739148800"},{"id":"1425973298928697349","public_metrics":{"retweet_count":327,"reply_count":0,"like_count":0,"quote_count":0},"created_at":"2021-08-13T00:11:42.000Z","text":"RT @SecCivileFrance: \uD83C\uDDEB\uD83C\uDDF7\uD83E\uDD1D\uD83C\uDDE9\uD83C\uDDFF Les 2 #Canadair et le Beech sont arrivés en #Algérie.\nLes premiers largages ont été réalisés pour faire face aux…","lang":"fr","author_id":"2471776916"},{"id":"1425972738494246918","public_metrics":{"retweet_count":85,"reply_count":0,"like_count":0,"quote_count":0},"attachments":{"media_keys":["3_1425745645537841153"]},"created_at":"2021-08-13T00:09:28.000Z","text":"RT @sirius1936: KABYLIE EN FEU\nUne pensée pour nos amis algériens eux aussi frappés par les incendies de forêts. https://t.co/0EE92y86ea","lang":"fr","author_id":"2155559022"},{"id":"1425972725810667525","public_metrics":{"retweet_count":85,"reply_count":0,"like_count":0,"quote_count":0},"attachments":{"media_keys":["3_1425745645537841153"]},"created_at":"2021-08-13T00:09:25.000Z","text":"RT @sirius1936: KABYLIE EN FEU\nUne pensée pour nos amis algériens eux aussi frappés par les incendies de forêts. https://t.co/0EE92y86ea","lang":"fr","author_id":"3746935457"},{"id":"1425972357102030849","public_metrics":{"retweet_count":327,"reply_count":0,"like_count":0,"quote_count":0},"created_at":"2021-08-13T00:07:57.000Z","text":"RT @SecCivileFrance: \uD83C\uDDEB\uD83C\uDDF7\uD83E\uDD1D\uD83C\uDDE9\uD83C\uDDFF Les 2 #Canadair et le Beech sont arrivés en #Algérie.\nLes premiers largages ont été réalisés pour faire face aux…","lang":"fr","author_id":"50874766"},{"id":"1425972201166184448","public_metrics":{"retweet_count":327,"reply_count":0,"like_count":0,"quote_count":0},"created_at":"2021-08-13T00:07:20.000Z","text":"RT @SecCivileFrance: \uD83C\uDDEB\uD83C\uDDF7\uD83E\uDD1D\uD83C\uDDE9\uD83C\uDDFF Les 2 #Canadair et le Beech sont arrivés en #Algérie.\nLes premiers largages ont été réalisés pour faire face aux…","lang":"fr","author_id":"3341952915"},{"id":"1425971614441779200","public_metrics":{"retweet_count":327,"reply_count":0,"like_count":0,"quote_count":0},"created_at":"2021-08-13T00:05:00.000Z","text":"RT @SecCivileFrance: \uD83C\uDDEB\uD83C\uDDF7\uD83E\uDD1D\uD83C\uDDE9\uD83C\uDDFF Les 2 #Canadair et le Beech sont arrivés en #Algérie.\nLes premiers largages ont été réalisés pour faire face aux…","lang":"fr","author_id":"740844847"},{"id":"1425970847827861505","public_metrics":{"retweet_count":138,"reply_count":0,"like_count":0,"quote_count":0},"created_at":"2021-08-13T00:01:58.000Z","text":"RT @TLKabyles: \uD83D\uDD35 \"Ouais mais les feux c'est partout en Algérie\"\n\n1- Chaque année que Dieu fait, les forêts de la Kabylie prennent feu.\nChaq…","lang":"fr","author_id":"1113046776204988418"},{"id":"1425970784242130945","public_metrics":{"retweet_count":327,"reply_count":0,"like_count":0,"quote_count":0},"created_at":"2021-08-13T00:01:42.000Z","text":"RT @SecCivileFrance: \uD83C\uDDEB\uD83C\uDDF7\uD83E\uDD1D\uD83C\uDDE9\uD83C\uDDFF Les 2 #Canadair et le Beech sont arrivés en #Algérie.\nLes premiers largages ont été réalisés pour faire face aux…","lang":"fr","author_id":"1054007130943090689"},{"id":"1425970703346638850","public_metrics":{"retweet_count":1,"reply_count":0,"like_count":0,"quote_count":0},"attachments":{"media_keys":["3_1425970563231723521","3_1425970563223277572","3_1425970563244253185"]},"created_at":"2021-08-13T00:01:23.000Z","text":"RT @KhermSarah: on en parle pas assez du feu en kabylie on entend pas que du vaccin https://t.co/GMRJfcxPUL","lang":"fr","author_id":"1230438614867357697"},{"id":"1425970570257121284","public_metrics":{"retweet_count":1,"reply_count":0,"like_count":1,"quote_count":0},"attachments":{"media_keys":["3_1425970563231723521","3_1425970563223277572","3_1425970563244253185"]},"created_at":"2021-08-13T00:00:51.000Z","text":"on en parle pas assez du feu en kabylie on entend pas que du vaccin https://t.co/GMRJfcxPUL","lang":"fr","author_id":"1227524056964096001"},{"id":"1425970433443119106","public_metrics":{"retweet_count":1,"reply_count":0,"like_count":0,"quote_count":0},"created_at":"2021-08-13T00:00:19.000Z","text":"RT @meeel213: en 1 journée y’a quand même eu 32 départs de feu en kabylie … Qu’Allah leur vienne en aide","lang":"fr","author_id":"1037482456050491392"},{"id":"1425970266191142922","public_metrics":{"retweet_count":2897,"reply_count":0,"like_count":0,"quote_count":0},"created_at":"2021-08-12T23:59:39.000Z","text":"RT @Tizi_Ouzou15: Après la Covid-19, le manque d’eau, les chutes de tension, c’est au tour des incendies. \nPlusieurs feu  d’incendie ont ét…","lang":"fr","author_id":"854637535"},{"id":"1425969981364346880","public_metrics":{"retweet_count":327,"reply_count":0,"like_count":0,"quote_count":0},"created_at":"2021-08-12T23:58:31.000Z","text":"RT @SecCivileFrance: \uD83C\uDDEB\uD83C\uDDF7\uD83E\uDD1D\uD83C\uDDE9\uD83C\uDDFF Les 2 #Canadair et le Beech sont arrivés en #Algérie.\nLes premiers largages ont été réalisés pour faire face aux…","lang":"fr","author_id":"1341511156540841991"},{"id":"1425969511132450825","public_metrics":{"retweet_count":327,"reply_count":0,"like_count":0,"quote_count":0},"created_at":"2021-08-12T23:56:39.000Z","text":"RT @SecCivileFrance: \uD83C\uDDEB\uD83C\uDDF7\uD83E\uDD1D\uD83C\uDDE9\uD83C\uDDFF Les 2 #Canadair et le Beech sont arrivés en #Algérie.\nLes premiers largages ont été réalisés pour faire face aux…","lang":"fr","author_id":"1348993247780200448"},{"id":"1425969409307328516","public_metrics":{"retweet_count":327,"reply_count":0,"like_count":0,"quote_count":0},"created_at":"2021-08-12T23:56:15.000Z","text":"RT @SecCivileFrance: \uD83C\uDDEB\uD83C\uDDF7\uD83E\uDD1D\uD83C\uDDE9\uD83C\uDDFF Les 2 #Canadair et le Beech sont arrivés en #Algérie.\nLes premiers largages ont été réalisés pour faire face aux…","lang":"fr","author_id":"2717718052"},{"id":"1425968940187013120","public_metrics":{"retweet_count":181,"reply_count":0,"like_count":0,"quote_count":0},"created_at":"2021-08-12T23:54:23.000Z","text":"RT @sofiane19e: \uD83D\uDD34 Douas \nUn frère m'envoie souvent des photos de son magnifique village natal de Kabylie.\n\nVoici 2 photos de celui-ci avant…","lang":"fr","author_id":"930921240482779136"},{"id":"1425968311385341960","public_metrics":{"retweet_count":327,"reply_count":0,"like_count":0,"quote_count":0},"created_at":"2021-08-12T23:51:53.000Z","text":"RT @SecCivileFrance: \uD83C\uDDEB\uD83C\uDDF7\uD83E\uDD1D\uD83C\uDDE9\uD83C\uDDFF Les 2 #Canadair et le Beech sont arrivés en #Algérie.\nLes premiers largages ont été réalisés pour faire face aux…","lang":"fr","author_id":"1048362129072508928"},{"id":"1425967839740145665","public_metrics":{"retweet_count":2,"reply_count":0,"like_count":1,"quote_count":0},"created_at":"2021-08-12T23:50:00.000Z","text":"l'Algérie déclare la guerre officiellement à la Kabylie, des centaines militants politique Kabyle sont mets en prison, des hôpitaux sans moyens , a chaque jours pas moindre 100 décès , Les 48 heures dernières presque toute la Kabylie qui en feu, des dizaines de morts et blessés .","lang":"fr","author_id":"1388566908312727553"},{"id":"1425967829212348419","public_metrics":{"retweet_count":327,"reply_count":0,"like_count":0,"quote_count":0},"created_at":"2021-08-12T23:49:58.000Z","text":"RT @SecCivileFrance: \uD83C\uDDEB\uD83C\uDDF7\uD83E\uDD1D\uD83C\uDDE9\uD83C\uDDFF Les 2 #Canadair et le Beech sont arrivés en #Algérie.\nLes premiers largages ont été réalisés pour faire face aux…","lang":"fr","author_id":"1008055246483087360"},{"id":"1425967297563353093","public_metrics":{"retweet_count":1,"reply_count":0,"like_count":3,"quote_count":0},"created_at":"2021-08-12T23:47:51.000Z","text":"en 1 journée y’a quand même eu 32 départs de feu en kabylie … Qu’Allah leur vienne en aide","lang":"fr","author_id":"1084458544223653888"},{"id":"1425966966083309568","public_metrics":{"retweet_count":327,"reply_count":0,"like_count":0,"quote_count":0},"created_at":"2021-08-12T23:46:32.000Z","text":"RT @SecCivileFrance: \uD83C\uDDEB\uD83C\uDDF7\uD83E\uDD1D\uD83C\uDDE9\uD83C\uDDFF Les 2 #Canadair et le Beech sont arrivés en #Algérie.\nLes premiers largages ont été réalisés pour faire face aux…","lang":"fr","author_id":"1024764900453834761"},{"id":"1425966951625547778","public_metrics":{"retweet_count":17,"reply_count":0,"like_count":0,"quote_count":0},"created_at":"2021-08-12T23:46:29.000Z","text":"RT @SaveriuL: Le feu brûle la Méditerranée : la Kabylie s’embrase, après la Sardaigne, la Grèce, la Turquie, la Sicile. Près de 70 morts da…","lang":"fr","author_id":"1665455178"},{"id":"1425966280775979011","public_metrics":{"retweet_count":327,"reply_count":0,"like_count":0,"quote_count":0},"created_at":"2021-08-12T23:43:49.000Z","text":"RT @SecCivileFrance: \uD83C\uDDEB\uD83C\uDDF7\uD83E\uDD1D\uD83C\uDDE9\uD83C\uDDFF Les 2 #Canadair et le Beech sont arrivés en #Algérie.\nLes premiers largages ont été réalisés pour faire face aux…","lang":"fr","author_id":"1389360335556161536"},{"id":"1425966197485588484","public_metrics":{"retweet_count":327,"reply_count":0,"like_count":0,"quote_count":0},"created_at":"2021-08-12T23:43:29.000Z","text":"RT @SecCivileFrance: \uD83C\uDDEB\uD83C\uDDF7\uD83E\uDD1D\uD83C\uDDE9\uD83C\uDDFF Les 2 #Canadair et le Beech sont arrivés en #Algérie.\nLes premiers largages ont été réalisés pour faire face aux…","lang":"fr","author_id":"2311794765"},{"id":"1425965917087932418","public_metrics":{"retweet_count":1,"reply_count":2,"like_count":10,"quote_count":0},"created_at":"2021-08-12T23:42:22.000Z","text":"@MrBen78000 @SecCivileFrance @Interieur_Gouv @eu_echo @UEFrance @EU_Commission @ambafrancealger @DGPC_CNI @GDarmanin @MarleneSchiappa @PorteParoleMI @TebbouneAmadjid L’Algérie via son président a le luxe de se priver de 2 Canadairs proposés par le Maroc, alors que le feu continue à consumer la Kabylie ! Comment allez vous expliquer aux sinistrés ce refus ? Il est encore temps de revoir votre position avant qu’il ne soit trop tard !","lang":"fr","author_id":"1139218693227995141"},{"id":"1425965442607288324","public_metrics":{"retweet_count":327,"reply_count":0,"like_count":0,"quote_count":0},"created_at":"2021-08-12T23:40:29.000Z","text":"RT @SecCivileFrance: \uD83C\uDDEB\uD83C\uDDF7\uD83E\uDD1D\uD83C\uDDE9\uD83C\uDDFF Les 2 #Canadair et le Beech sont arrivés en #Algérie.\nLes premiers largages ont été réalisés pour faire face aux…","lang":"fr","author_id":"1424376676289597441"},{"id":"1425965316719382533","public_metrics":{"retweet_count":2,"reply_count":1,"like_count":1,"quote_count":0},"created_at":"2021-08-12T23:39:59.000Z","text":"Ils ne peuvent pas accepter t’éteindre le feu qu’ils ont allumés volontairement. \nLes français auraient dû gagner la guerre en 54!! l’Algérie se porterait beaucoup mieux aujourd’hui. \nKabylie bientôt en Indé, fuck l’état algérien ainsi que tous ses dirigeants. https://t.co/nY5vsdwV0W","lang":"fr","author_id":"1105729228102864896"},{"id":"1425965297970909188","public_metrics":{"retweet_count":181,"reply_count":0,"like_count":0,"quote_count":0},"created_at":"2021-08-12T23:39:54.000Z","text":"RT @sofiane19e: \uD83D\uDD34 Douas \nUn frère m'envoie souvent des photos de son magnifique village natal de Kabylie.\n\nVoici 2 photos de celui-ci avant…","lang":"fr","author_id":"614424718"},{"id":"1425965261304352772","public_metrics":{"retweet_count":181,"reply_count":0,"like_count":0,"quote_count":0},"created_at":"2021-08-12T23:39:46.000Z","text":"RT @sofiane19e: \uD83D\uDD34 Douas \nUn frère m'envoie souvent des photos de son magnifique village natal de Kabylie.\n\nVoici 2 photos de celui-ci avant…","lang":"fr","author_id":"3548368276"},{"id":"1425964408006709250","public_metrics":{"retweet_count":1108,"reply_count":0,"like_count":0,"quote_count":0},"created_at":"2021-08-12T23:36:22.000Z","text":"RT @_xAa09: vous préférez parler de Messi que de parler de la Kabylie qui est en train de prendre feu brf","lang":"fr","author_id":"1095076315986833408"},{"id":"1425964300980695051","public_metrics":{"retweet_count":10,"reply_count":0,"like_count":0,"quote_count":0},"created_at":"2021-08-12T23:35:57.000Z","text":"RT @stinplaiziiir: Kendira est en feu \uD83D\uDE14\nBarbacha est en feu \uD83D\uDE14\nAfroune est en feu \uD83D\uDE14\n\nLa Kabylie est en feu \uD83D\uDE14\nL’Algerie est en feu \uD83D\uDE14\n\nEntendo…","lang":"fr","author_id":"3239104631"},{"id":"1425964045501403136","public_metrics":{"retweet_count":181,"reply_count":0,"like_count":0,"quote_count":0},"created_at":"2021-08-12T23:34:56.000Z","text":"RT @sofiane19e: \uD83D\uDD34 Douas \nUn frère m'envoie souvent des photos de son magnifique village natal de Kabylie.\n\nVoici 2 photos de celui-ci avant…","lang":"fr","author_id":"1103428334694866944"},{"id":"1425963789388820483","public_metrics":{"retweet_count":181,"reply_count":0,"like_count":0,"quote_count":0},"created_at":"2021-08-12T23:33:55.000Z","text":"RT @sofiane19e: \uD83D\uDD34 Douas \nUn frère m'envoie souvent des photos de son magnifique village natal de Kabylie.\n\nVoici 2 photos de celui-ci avant…","lang":"fr","author_id":"1239286738893385728"},{"id":"1425963662011949058","public_metrics":{"retweet_count":3,"reply_count":0,"like_count":0,"quote_count":0},"created_at":"2021-08-12T23:33:24.000Z","text":"RT @rdixhuiit: bravo à toi, grâce à tes partages virtuelle sur un réseau de merde t'as réussi à stopper le feu en Kabylie, la guerre Israël…","lang":"fr","author_id":"970811592123277312"},{"id":"1425963311791812610","public_metrics":{"retweet_count":2897,"reply_count":0,"like_count":0,"quote_count":0},"created_at":"2021-08-12T23:32:01.000Z","text":"RT @Tizi_Ouzou15: Après la Covid-19, le manque d’eau, les chutes de tension, c’est au tour des incendies. \nPlusieurs feu  d’incendie ont ét…","lang":"fr","author_id":"1239566369378754562"},{"id":"1425963285996789760","public_metrics":{"retweet_count":181,"reply_count":0,"like_count":0,"quote_count":0},"created_at":"2021-08-12T23:31:55.000Z","text":"RT @sofiane19e: \uD83D\uDD34 Douas \nUn frère m'envoie souvent des photos de son magnifique village natal de Kabylie.\n\nVoici 2 photos de celui-ci avant…","lang":"fr","author_id":"1134654214389555201"},{"id":"1425963258687721479","public_metrics":{"retweet_count":0,"reply_count":0,"like_count":0,"quote_count":0},"created_at":"2021-08-12T23:31:48.000Z","text":"@Cyrilhanouna C'est pas seulement en kabylie monsieur hanouna. Tout l'est algérien est en feu, notamment skikda, annaba, tarf, jijel.\nMerci bien pour votre pensée ❤","lang":"fr","author_id":"2926809562"},{"id":"1425963065149956102","public_metrics":{"retweet_count":181,"reply_count":7,"like_count":297,"quote_count":13},"attachments":{"media_keys":["3_1425963054450229257","3_1425963058946617353"]},"created_at":"2021-08-12T23:31:02.000Z","text":"\uD83D\uDD34 Douas \nUn frère m'envoie souvent des photos de son magnifique village natal de Kabylie.\n\nVoici 2 photos de celui-ci avant/après l'incendie qui sont un rappel pour les gens qui refléchissent.\n\n\uD83E\uDD32 Qu'Allah apporte son secours à nos frères et soeurs en Algérie et ailleurs. Āmīne https://t.co/1ztY8nJX5A","lang":"fr","author_id":"4309222167"},{"id":"1425962561326010386","public_metrics":{"retweet_count":327,"reply_count":0,"like_count":0,"quote_count":0},"created_at":"2021-08-12T23:29:02.000Z","text":"RT @SecCivileFrance: \uD83C\uDDEB\uD83C\uDDF7\uD83E\uDD1D\uD83C\uDDE9\uD83C\uDDFF Les 2 #Canadair et le Beech sont arrivés en #Algérie.\nLes premiers largages ont été réalisés pour faire face aux…","lang":"fr","author_id":"840016837"},{"id":"1425962489611706369","public_metrics":{"retweet_count":85,"reply_count":0,"like_count":0,"quote_count":0},"attachments":{"media_keys":["3_1425745645537841153"]},"created_at":"2021-08-12T23:28:45.000Z","text":"RT @sirius1936: KABYLIE EN FEU\nUne pensée pour nos amis algériens eux aussi frappés par les incendies de forêts. https://t.co/0EE92y86ea","lang":"fr","author_id":"254915951"},{"id":"1425962132210913282","public_metrics":{"retweet_count":1108,"reply_count":0,"like_count":0,"quote_count":0},"created_at":"2021-08-12T23:27:20.000Z","text":"RT @_xAa09: vous préférez parler de Messi que de parler de la Kabylie qui est en train de prendre feu brf","lang":"fr","author_id":"1301988951700500481"},{"id":"1425961929512833029","public_metrics":{"retweet_count":28,"reply_count":0,"like_count":0,"quote_count":0},"created_at":"2021-08-12T23:26:31.000Z","text":"RT @DWatsonfdz: \uD83C\uDDE9\uD83C\uDDFF\uD83C\uDDEB\uD83C\uDDF7 Conformément à l'annonce de Macron cette semaine, les 2 canadaires CL-415 de la sécurité civile française viennent d'a…","lang":"fr","author_id":"2829944230"},{"id":"1425961918565658629","public_metrics":{"retweet_count":327,"reply_count":0,"like_count":0,"quote_count":0},"created_at":"2021-08-12T23:26:29.000Z","text":"RT @SecCivileFrance: \uD83C\uDDEB\uD83C\uDDF7\uD83E\uDD1D\uD83C\uDDE9\uD83C\uDDFF Les 2 #Canadair et le Beech sont arrivés en #Algérie.\nLes premiers largages ont été réalisés pour faire face aux…","lang":"fr","author_id":"1227175579012804608"},{"id":"1425961762453655558","public_metrics":{"retweet_count":196,"reply_count":0,"like_count":0,"quote_count":0},"attachments":{"media_keys":["3_1424875017012224002","3_1424875017045749760","3_1424875017016328197","3_1424875017020583938"]},"created_at":"2021-08-12T23:25:51.000Z","text":"RT @smylvg: Ma Kabylie est en feu. \nQue Dieu nous vienne en aide \uD83D\uDE4F\uD83C\uDFFB.\n#Kabylie https://t.co/FJMVSMEvrb","lang":"fr","author_id":"1317248702"},{"id":"1425961633604583424","public_metrics":{"retweet_count":1,"reply_count":0,"like_count":0,"quote_count":0},"created_at":"2021-08-12T23:25:21.000Z","text":"RT @Szacassie: \uD83D\uDEA8SALEM RT LES  TWEETS TAE DOK  LES WILAYA EN DANGER OU VILLAGE LES GARS ⚠️⚠️⚠️⚠️ RT TWEETS RECENTS \uD83C\uDD98 FEU SVP \n#savedz #Alger…","lang":"fr","author_id":"1242534777531613184"},{"id":"1425961560120365059","public_metrics":{"retweet_count":327,"reply_count":0,"like_count":0,"quote_count":0},"created_at":"2021-08-12T23:25:03.000Z","text":"RT @SecCivileFrance: \uD83C\uDDEB\uD83C\uDDF7\uD83E\uDD1D\uD83C\uDDE9\uD83C\uDDFF Les 2 #Canadair et le Beech sont arrivés en #Algérie.\nLes premiers largages ont été réalisés pour faire face aux…","lang":"fr","author_id":"1067909929686769667"},{"id":"1425961526012387328","public_metrics":{"retweet_count":1,"reply_count":0,"like_count":1,"quote_count":0},"created_at":"2021-08-12T23:24:55.000Z","text":"\uD83D\uDEA8SALEM RT LES  TWEETS TAE DOK  LES WILAYA EN DANGER OU VILLAGE LES GARS ⚠️⚠️⚠️⚠️ RT TWEETS RECENTS \uD83C\uDD98 FEU SVP \n#savedz #AlgeriaIsBurning #Algerie #SaveAlgeria #kabyliebrule #kabylie_brûle #PrayForAlgeria  #Algeria #Bejaia #bejaiabrule #skikda #annaba #taref #medea #jijel","lang":"fr","author_id":"1213371313395384321"},{"id":"1425961516738691077","public_metrics":{"retweet_count":327,"reply_count":0,"like_count":0,"quote_count":0},"created_at":"2021-08-12T23:24:53.000Z","text":"RT @SecCivileFrance: \uD83C\uDDEB\uD83C\uDDF7\uD83E\uDD1D\uD83C\uDDE9\uD83C\uDDFF Les 2 #Canadair et le Beech sont arrivés en #Algérie.\nLes premiers largages ont été réalisés pour faire face aux…","lang":"fr","author_id":"1297890418324119554"},{"id":"1425961262140346375","public_metrics":{"retweet_count":327,"reply_count":0,"like_count":0,"quote_count":0},"created_at":"2021-08-12T23:23:52.000Z","text":"RT @SecCivileFrance: \uD83C\uDDEB\uD83C\uDDF7\uD83E\uDD1D\uD83C\uDDE9\uD83C\uDDFF Les 2 #Canadair et le Beech sont arrivés en #Algérie.\nLes premiers largages ont été réalisés pour faire face aux…","lang":"fr","author_id":"1393722527449485312"},{"id":"1425961020565213187","public_metrics":{"retweet_count":74,"reply_count":0,"like_count":0,"quote_count":0},"created_at":"2021-08-12T23:22:55.000Z","text":"RT @TariqibnZiyad__: Si la charia était instauré en Algérie cet innocent qui est venu aider ces frères en Kabylie ne serait pas brûlé vif c…","lang":"fr","author_id":"1266765916337045506"},{"id":"1425960911798476802","public_metrics":{"retweet_count":327,"reply_count":0,"like_count":0,"quote_count":0},"created_at":"2021-08-12T23:22:29.000Z","text":"RT @SecCivileFrance: \uD83C\uDDEB\uD83C\uDDF7\uD83E\uDD1D\uD83C\uDDE9\uD83C\uDDFF Les 2 #Canadair et le Beech sont arrivés en #Algérie.\nLes premiers largages ont été réalisés pour faire face aux…","lang":"fr","author_id":"376172543"},{"id":"1425960561435680768","public_metrics":{"retweet_count":2897,"reply_count":0,"like_count":0,"quote_count":0},"created_at":"2021-08-12T23:21:05.000Z","text":"RT @Tizi_Ouzou15: Après la Covid-19, le manque d’eau, les chutes de tension, c’est au tour des incendies. \nPlusieurs feu  d’incendie ont ét…","lang":"fr","author_id":"1215249696727478272"},{"id":"1425959404638191616","public_metrics":{"retweet_count":34,"reply_count":0,"like_count":0,"quote_count":0},"created_at":"2021-08-12T23:16:29.000Z","text":"RT @Thaqvaylithh: Mon village accueille pour ceux au alentour qui veulent s’abriter \n\nLa bas le feu avance vers ismouhal iferhounene et ili…","lang":"fr","author_id":"1405620253829312514"},{"id":"1425958926093373440","public_metrics":{"retweet_count":0,"reply_count":0,"like_count":0,"quote_count":0},"created_at":"2021-08-12T23:14:35.000Z","text":"Voici une carte Google maps qui ne regroupe que quelques uns des messages twitter(avec le liens des tweets)pour venir en aide a la population Algerienne\n\nhttps://t.co/PrJ9pz3MGx \n\n#Algerie #SOS_FEU_ALGERIE  #PrayForAlgeria #PrayForKabylia #Kabylie #AlgeriaIsBurning","lang":"fr","author_id":"1324111502027218952"},{"id":"1425958824884768771","public_metrics":{"retweet_count":26,"reply_count":0,"like_count":0,"quote_count":0},"created_at":"2021-08-12T23:14:11.000Z","text":"RT @RandaHabib: At least 69 people including 28 soldiers have been killed in fires across northern #Algeria.\nThe worst hit area has been Ti…","lang":"en","author_id":"1696633544"},{"id":"1425958671855521801","public_metrics":{"retweet_count":4132,"reply_count":0,"like_count":0,"quote_count":0},"created_at":"2021-08-12T23:13:35.000Z","text":"RT @AkliStaifi: La Kabylie brûle, l'Algérie brûle...\nqu'Allah viennent en aide au peuple Kabyle et que toutes les victimes mortes par cet i…","lang":"fr","author_id":"1380551016177930240"},{"id":"1425958626196398082","public_metrics":{"retweet_count":327,"reply_count":0,"like_count":0,"quote_count":0},"created_at":"2021-08-12T23:13:24.000Z","text":"RT @SecCivileFrance: \uD83C\uDDEB\uD83C\uDDF7\uD83E\uDD1D\uD83C\uDDE9\uD83C\uDDFF Les 2 #Canadair et le Beech sont arrivés en #Algérie.\nLes premiers largages ont été réalisés pour faire face aux…","lang":"fr","author_id":"1077268483975593984"},{"id":"1425958197790220296","public_metrics":{"retweet_count":327,"reply_count":0,"like_count":0,"quote_count":0},"created_at":"2021-08-12T23:11:42.000Z","text":"RT @SecCivileFrance: \uD83C\uDDEB\uD83C\uDDF7\uD83E\uDD1D\uD83C\uDDE9\uD83C\uDDFF Les 2 #Canadair et le Beech sont arrivés en #Algérie.\nLes premiers largages ont été réalisés pour faire face aux…","lang":"fr","author_id":"1076064184109023233"},{"id":"1425958093758816258","public_metrics":{"retweet_count":130,"reply_count":0,"like_count":0,"quote_count":0},"created_at":"2021-08-12T23:11:17.000Z","text":"RT @SawtAlMaghreb: \uD83C\uDDF2\uD83C\uDDE6\uD83C\uDDE9\uD83C\uDDFF | Le gouvernement marocain se dit prêt à mettre en service ses compétences et ses ressources pour aider l’Algérie à…","lang":"fr","author_id":"1153949064326762496"},{"id":"1425957444602236929","public_metrics":{"retweet_count":327,"reply_count":0,"like_count":0,"quote_count":0},"created_at":"2021-08-12T23:08:42.000Z","text":"RT @SecCivileFrance: \uD83C\uDDEB\uD83C\uDDF7\uD83E\uDD1D\uD83C\uDDE9\uD83C\uDDFF Les 2 #Canadair et le Beech sont arrivés en #Algérie.\nLes premiers largages ont été réalisés pour faire face aux…","lang":"fr","author_id":"40918089"},{"id":"1425957391074529281","public_metrics":{"retweet_count":19,"reply_count":0,"like_count":0,"quote_count":0},"created_at":"2021-08-12T23:08:29.000Z","text":"RT @Cita_Friends: J'ai jamais autant détester un gouvernement le gouvernement Algérien a vraiment refuser 2 canadaires pour aider les feu e…","lang":"fr","author_id":"1189638153814056965"},{"id":"1425957321843351555","public_metrics":{"retweet_count":32,"reply_count":0,"like_count":0,"quote_count":0},"created_at":"2021-08-12T23:08:13.000Z","text":"RT @daoud_kamel: Ce pays est aujourd’hui à un tournant. Il a toutes les raisons de s’effondrer et toutes les autres de se relever (...)On p…","lang":"fr","author_id":"1165011876750737410"},{"id":"1425957311844163590","public_metrics":{"retweet_count":327,"reply_count":0,"like_count":0,"quote_count":0},"created_at":"2021-08-12T23:08:10.000Z","text":"RT @SecCivileFrance: \uD83C\uDDEB\uD83C\uDDF7\uD83E\uDD1D\uD83C\uDDE9\uD83C\uDDFF Les 2 #Canadair et le Beech sont arrivés en #Algérie.\nLes premiers largages ont été réalisés pour faire face aux…","lang":"fr","author_id":"3426267292"},{"id":"1425957187315245062","public_metrics":{"retweet_count":327,"reply_count":0,"like_count":0,"quote_count":0},"created_at":"2021-08-12T23:07:41.000Z","text":"RT @SecCivileFrance: \uD83C\uDDEB\uD83C\uDDF7\uD83E\uDD1D\uD83C\uDDE9\uD83C\uDDFF Les 2 #Canadair et le Beech sont arrivés en #Algérie.\nLes premiers largages ont été réalisés pour faire face aux…","lang":"fr","author_id":"749599220009672704"},{"id":"1425957111448719360","public_metrics":{"retweet_count":10,"reply_count":0,"like_count":0,"quote_count":0},"created_at":"2021-08-12T23:07:23.000Z","text":"RT @stinplaiziiir: Kendira est en feu \uD83D\uDE14\nBarbacha est en feu \uD83D\uDE14\nAfroune est en feu \uD83D\uDE14\n\nLa Kabylie est en feu \uD83D\uDE14\nL’Algerie est en feu \uD83D\uDE14\n\nEntendo…","lang":"fr","author_id":"825641351807115264"},{"id":"1425956560501678083","public_metrics":{"retweet_count":74,"reply_count":0,"like_count":0,"quote_count":0},"created_at":"2021-08-12T23:05:11.000Z","text":"RT @TariqibnZiyad__: Si la charia était instauré en Algérie cet innocent qui est venu aider ces frères en Kabylie ne serait pas brûlé vif c…","lang":"fr","author_id":"1045281783842066432"},{"id":"1425956102018150403","public_metrics":{"retweet_count":4132,"reply_count":0,"like_count":0,"quote_count":0},"created_at":"2021-08-12T23:03:22.000Z","text":"RT @AkliStaifi: La Kabylie brûle, l'Algérie brûle...\nqu'Allah viennent en aide au peuple Kabyle et que toutes les victimes mortes par cet i…","lang":"fr","author_id":"1188815874410663937"},{"id":"1425955640552349696","public_metrics":{"retweet_count":1108,"reply_count":0,"like_count":0,"quote_count":0},"created_at":"2021-08-12T23:01:32.000Z","text":"RT @_xAa09: vous préférez parler de Messi que de parler de la Kabylie qui est en train de prendre feu brf","lang":"fr","author_id":"1188815874410663937"},{"id":"1425955500018053127","public_metrics":{"retweet_count":85,"reply_count":0,"like_count":0,"quote_count":0},"attachments":{"media_keys":["3_1425745645537841153"]},"created_at":"2021-08-12T23:00:58.000Z","text":"RT @sirius1936: KABYLIE EN FEU\nUne pensée pour nos amis algériens eux aussi frappés par les incendies de forêts. https://t.co/0EE92y86ea","lang":"fr","author_id":"757767660"},{"id":"1425955095749988357","public_metrics":{"retweet_count":20,"reply_count":0,"like_count":0,"quote_count":0},"created_at":"2021-08-12T22:59:22.000Z","text":"RT @usmh_asma: Le village Taourirt Mokrane a Tizi Ouzou atteint par un énorme incendie \uD83E\uDD72 #Tizi_Ouzou #Kabylie #feu #TiziBrule #algerie #Kab…","lang":"fr","author_id":"1342487516574846980"},{"id":"1425954612654268418","public_metrics":{"retweet_count":85,"reply_count":0,"like_count":0,"quote_count":0},"attachments":{"media_keys":["3_1425745645537841153"]},"created_at":"2021-08-12T22:57:27.000Z","text":"RT @sirius1936: KABYLIE EN FEU\nUne pensée pour nos amis algériens eux aussi frappés par les incendies de forêts. https://t.co/0EE92y86ea","lang":"fr","author_id":"1240255699000664064"},{"id":"1425954378175950848","public_metrics":{"retweet_count":2897,"reply_count":0,"like_count":0,"quote_count":0},"created_at":"2021-08-12T22:56:31.000Z","text":"RT @Tizi_Ouzou15: Après la Covid-19, le manque d’eau, les chutes de tension, c’est au tour des incendies. \nPlusieurs feu  d’incendie ont ét…","lang":"fr","author_id":"1407604960502636544"},{"id":"1425954356558548992","public_metrics":{"retweet_count":916,"reply_count":0,"like_count":0,"quote_count":0},"created_at":"2021-08-12T22:56:26.000Z","text":"RT @_fitamine: L’Homme qui a été lynché brûle vif accusé d’avoir de vouloir allumer un incendie, était en réalité un artiste de Miliana qui…","lang":"fr","author_id":"1288501230730452995"},{"id":"1425954329404575744","public_metrics":{"retweet_count":1108,"reply_count":0,"like_count":0,"quote_count":0},"created_at":"2021-08-12T22:56:19.000Z","text":"RT @_xAa09: vous préférez parler de Messi que de parler de la Kabylie qui est en train de prendre feu brf","lang":"fr","author_id":"3141069237"},{"id":"1425954276031991811","public_metrics":{"retweet_count":85,"reply_count":0,"like_count":0,"quote_count":0},"attachments":{"media_keys":["3_1425745645537841153"]},"created_at":"2021-08-12T22:56:07.000Z","text":"RT @sirius1936: KABYLIE EN FEU\nUne pensée pour nos amis algériens eux aussi frappés par les incendies de forêts. https://t.co/0EE92y86ea","lang":"fr","author_id":"1713160938"}],"includes":{"media":[{"media_key":"3_1425978709551591427","type":"photo","url":"https://pbs.twimg.com/media/E8oYFMgXsAMWSbH.jpg"},{"media_key":"3_1425745645537841153","type":"photo","url":"https://pbs.twimg.com/media/E8lEHFZX0AE6k45.jpg"},{"media_key":"3_1425970563231723521","type":"photo","url":"https://pbs.twimg.com/media/E8oQrBGXMAESn0k.jpg"},{"media_key":"3_1425970563223277572","type":"photo","url":"https://pbs.twimg.com/media/E8oQrBEWUAQMwcP.jpg"},{"media_key":"3_1425970563244253185","type":"photo","url":"https://pbs.twimg.com/media/E8oQrBJWYAErYup.jpg"},{"media_key":"3_1425963054450229257","type":"photo","url":"https://pbs.twimg.com/media/E8oJ18tWQAk7AkN.jpg"},{"media_key":"3_1425963058946617353","type":"photo","url":"https://pbs.twimg.com/media/E8oJ2NdXsAkdJBd.jpg"},{"media_key":"3_1424875017012224002","type":"photo","url":"https://pbs.twimg.com/media/E8YsR1ZXoAIEyNU.jpg"},{"media_key":"3_1424875017045749760","type":"photo","url":"https://pbs.twimg.com/media/E8YsR1hXMAALI6f.jpg"},{"media_key":"3_1424875017016328197","type":"photo","url":"https://pbs.twimg.com/media/E8YsR1aWQAUlIkh.jpg"},{"media_key":"3_1424875017020583938","type":"photo","url":"https://pbs.twimg.com/media/E8YsR1bXMAIwDIN.jpg"}]},"meta":{"newest_id":"1425983007060643852","oldest_id":"1425954276031991811","result_count":100,"next_token":"b26v89c19zqg8o3fpdm8kx2ih3vr5vsdcmkfrtbsbr919"}}