{"data":[{"id":"1425953886247006215","lang":"fr","text":"RT @SecCivileFrance: \uD83C\uDDEB\uD83C\uDDF7\uD83E\uDD1D\uD83C\uDDE9\uD83C\uDDFF Les 2 #Canadair et le Beech sont arrivés en #Algérie.\nLes premiers largages ont été réalisés pour faire face aux…","created_at":"2021-08-12T22:54:34.000Z","author_id":"3352191597","public_metrics":{"retweet_count":327,"reply_count":0,"like_count":0,"quote_count":0}},{"id":"1425953796899983361","lang":"fr","text":"RT @SecCivileFrance: \uD83C\uDDEB\uD83C\uDDF7\uD83E\uDD1D\uD83C\uDDE9\uD83C\uDDFF Les 2 #Canadair et le Beech sont arrivés en #Algérie.\nLes premiers largages ont été réalisés pour faire face aux…","created_at":"2021-08-12T22:54:12.000Z","author_id":"1329303501055397888","public_metrics":{"retweet_count":327,"reply_count":0,"like_count":0,"quote_count":0}},{"id":"1425953766042345472","lang":"en","text":"RT @Reuters: Forest fires in Algeria killed 42 people, including 25 soldiers deployed to help put out the blaze, the government said, as th…","created_at":"2021-08-12T22:54:05.000Z","author_id":"1330355846111404033","public_metrics":{"retweet_count":373,"reply_count":0,"like_count":0,"quote_count":0}},{"id":"1425953447044653067","lang":"fr","text":"RT @SecCivileFrance: \uD83C\uDDEB\uD83C\uDDF7\uD83E\uDD1D\uD83C\uDDE9\uD83C\uDDFF Les 2 #Canadair et le Beech sont arrivés en #Algérie.\nLes premiers largages ont été réalisés pour faire face aux…","created_at":"2021-08-12T22:52:49.000Z","author_id":"628625781","public_metrics":{"retweet_count":327,"reply_count":0,"like_count":0,"quote_count":0}},{"id":"1425953434377797633","lang":"fr","text":"RT @SecCivileFrance: \uD83C\uDDEB\uD83C\uDDF7\uD83E\uDD1D\uD83C\uDDE9\uD83C\uDDFF Les 2 #Canadair et le Beech sont arrivés en #Algérie.\nLes premiers largages ont été réalisés pour faire face aux…","created_at":"2021-08-12T22:52:46.000Z","author_id":"1139284758121373696","public_metrics":{"retweet_count":327,"reply_count":0,"like_count":0,"quote_count":0}},{"id":"1425953147562954756","lang":"fr","text":"RT @AznayAqbayli: En #Kabylie les expressions comme \"Mettre un pays à feu et à sang\", \"appliquer la politique de la terre brûlée\"... là, ma…","created_at":"2021-08-12T22:51:37.000Z","author_id":"1596881311","public_metrics":{"retweet_count":12,"reply_count":0,"like_count":0,"quote_count":0}},{"id":"1425952885091848192","lang":"en","text":"RT @MohandOulmas: My kabylie before the fires. \nWe will rebuild you again...\nPromise of your folks. \n#تيزي_وزو_تحترق \n#تيزي_وزو \n#Algerie…","created_at":"2021-08-12T22:50:35.000Z","author_id":"3120762967","public_metrics":{"retweet_count":90,"reply_count":0,"like_count":0,"quote_count":0}},{"id":"1425952753344389120","lang":"en","text":"Algeria forest fires: Dozens killed in Kabylie region https://t.co/ZN0YQq2FMT https://t.co/kklxTAZTy2","created_at":"2021-08-12T22:50:03.000Z","attachments":{"media_keys":["3_1425952751675056133"]},"author_id":"895812336723779584","public_metrics":{"retweet_count":0,"reply_count":0,"like_count":0,"quote_count":0}},{"id":"1425952415296131076","lang":"fr","text":"RT @AkliStaifi: La Kabylie brûle, l'Algérie brûle...\nqu'Allah viennent en aide au peuple Kabyle et que toutes les victimes mortes par cet i…","created_at":"2021-08-12T22:48:43.000Z","author_id":"768217307248287745","public_metrics":{"retweet_count":4132,"reply_count":0,"like_count":0,"quote_count":0}},{"id":"1425952399747862536","lang":"fr","text":"RT @SecCivileFrance: \uD83C\uDDEB\uD83C\uDDF7\uD83E\uDD1D\uD83C\uDDE9\uD83C\uDDFF Les 2 #Canadair et le Beech sont arrivés en #Algérie.\nLes premiers largages ont été réalisés pour faire face aux…","created_at":"2021-08-12T22:48:39.000Z","author_id":"2332024057","public_metrics":{"retweet_count":327,"reply_count":0,"like_count":0,"quote_count":0}},{"id":"1425951211514122244","lang":"fr","text":"RT @Videos2Riles: Pour aider les victimes d'incendie en Kabylie \nIl existe une cagnotte sur Paypal que je vous partage \nhttps://t.co/t0Spnp…","created_at":"2021-08-12T22:43:56.000Z","author_id":"1180753767421169665","public_metrics":{"retweet_count":995,"reply_count":0,"like_count":0,"quote_count":0}},{"id":"1425950748660183044","lang":"fr","text":"Dans ma mif ils ont dit l’incendie en kabylie a ete declenché par l’etat Algerien pour mettre la pression sur l’indépendance qu’ils veulent comme avec les rifs a al hoceima au maroc en 1957 je crois","created_at":"2021-08-12T22:42:06.000Z","author_id":"1357110826998587393","public_metrics":{"retweet_count":0,"reply_count":2,"like_count":0,"quote_count":0}},{"id":"1425950732784648194","lang":"fr","text":"RT @SecCivileFrance: \uD83C\uDDEB\uD83C\uDDF7\uD83E\uDD1D\uD83C\uDDE9\uD83C\uDDFF Les 2 #Canadair et le Beech sont arrivés en #Algérie.\nLes premiers largages ont été réalisés pour faire face aux…","created_at":"2021-08-12T22:42:02.000Z","author_id":"1323188076","public_metrics":{"retweet_count":327,"reply_count":0,"like_count":0,"quote_count":0}},{"id":"1425950504119685121","lang":"fr","text":"RT @SecCivileFrance: \uD83C\uDDEB\uD83C\uDDF7\uD83E\uDD1D\uD83C\uDDE9\uD83C\uDDFF Les 2 #Canadair et le Beech sont arrivés en #Algérie.\nLes premiers largages ont été réalisés pour faire face aux…","created_at":"2021-08-12T22:41:07.000Z","author_id":"396804963","public_metrics":{"retweet_count":327,"reply_count":0,"like_count":0,"quote_count":0}},{"id":"1425950420967563264","lang":"fr","text":"RT @RoyalSegolene: Tristesse et soutien à l’Algérie et aux habitants de Kabylie qui subissent  un effroyable incendie #Algerie","created_at":"2021-08-12T22:40:47.000Z","author_id":"94973676","public_metrics":{"retweet_count":15,"reply_count":0,"like_count":0,"quote_count":0}},{"id":"1425950072706150401","lang":"fr","text":"@NMar388 C un type qui a voulu aider à éteindre les incendie en Kabylie et ils ont cru que c’était lui qui les a fait partir ils l’ont brûler","created_at":"2021-08-12T22:39:24.000Z","author_id":"1210165903817617408","public_metrics":{"retweet_count":0,"reply_count":2,"like_count":1,"quote_count":0}},{"id":"1425950030251311108","lang":"fr","text":"RT @Pabloneruda54S: \uD83D\uDD34\uD83D\uDCA5\uD83D\uDD25L'#Algérie brûle \nTerribles images de la #Kabylie en feu....\nEn deux jours, le feu a déjà tué plus de 60 personnes.…","created_at":"2021-08-12T22:39:14.000Z","author_id":"1417904362819567619","public_metrics":{"retweet_count":5,"reply_count":0,"like_count":0,"quote_count":0}},{"id":"1425950019404898306","lang":"fr","text":"RT @Hakima19427909: Help Algeria \nAidez Algérie \nOui à l'aide internationale, mon beau pays , ma kabylie brule ,help please \n#Algerie \n#hel…","created_at":"2021-08-12T22:39:12.000Z","author_id":"1417904362819567619","public_metrics":{"retweet_count":3,"reply_count":0,"like_count":0,"quote_count":0}},{"id":"1425949761228660737","lang":"fr","text":"RT @sabkhl: \uD83C\uDDE9\uD83C\uDDFF\uD83C\uDD98 Les flammes atteignent des villages en #Kabylie jamais touchés jusqu'alors. Le feu et  l'absence d'eau depuis plusieurs sem…","created_at":"2021-08-12T22:38:10.000Z","author_id":"1417904362819567619","public_metrics":{"retweet_count":40,"reply_count":0,"like_count":0,"quote_count":0}},{"id":"1425949357543657473","lang":"fr","text":"RT @SecCivileFrance: \uD83C\uDDEB\uD83C\uDDF7\uD83E\uDD1D\uD83C\uDDE9\uD83C\uDDFF Les 2 #Canadair et le Beech sont arrivés en #Algérie.\nLes premiers largages ont été réalisés pour faire face aux…","created_at":"2021-08-12T22:36:34.000Z","author_id":"1355432928","public_metrics":{"retweet_count":327,"reply_count":0,"like_count":0,"quote_count":0}},{"id":"1425949233513914372","lang":"fr","text":"RT @Cita_Friends: J'ai jamais autant détester un gouvernement le gouvernement Algérien a vraiment refuser 2 canadaires pour aider les feu e…","created_at":"2021-08-12T22:36:04.000Z","author_id":"1270826126907256836","public_metrics":{"retweet_count":19,"reply_count":0,"like_count":0,"quote_count":0}},{"id":"1425948876738072582","lang":"fr","text":"RT @Eric_Anceau: La Kabylie en feu !\nUne très forte pensée pour elle. https://t.co/eGJMhOm69n","created_at":"2021-08-12T22:34:39.000Z","attachments":{"media_keys":["3_1425147177882488833"]},"author_id":"435882548","public_metrics":{"retweet_count":63,"reply_count":0,"like_count":0,"quote_count":0}},{"id":"1425948754465763331","lang":"fr","text":"RT @lejuste2019: #Algerie \uD83C\uDDE9\uD83C\uDDFFTizi ouzou Kabylie : un genocide par les feux \uD83D\uDD25\uD83D\uDD25\uD83D\uDD25\uD83D\uDD25ordonné par les généraux criminels Il porte sa mère sur son d…","created_at":"2021-08-12T22:34:10.000Z","author_id":"435882548","public_metrics":{"retweet_count":61,"reply_count":0,"like_count":0,"quote_count":0}},{"id":"1425948676761939968","lang":"fr","text":"RT @_fitamine: L’Homme qui a été lynché brûle vif accusé d’avoir de vouloir allumer un incendie, était en réalité un artiste de Miliana qui…","created_at":"2021-08-12T22:33:52.000Z","author_id":"1386069974276468736","public_metrics":{"retweet_count":916,"reply_count":0,"like_count":0,"quote_count":0}},{"id":"1425948552967200776","lang":"fr","text":"RT @SecCivileFrance: \uD83C\uDDEB\uD83C\uDDF7\uD83E\uDD1D\uD83C\uDDE9\uD83C\uDDFF Les 2 #Canadair et le Beech sont arrivés en #Algérie.\nLes premiers largages ont été réalisés pour faire face aux…","created_at":"2021-08-12T22:33:22.000Z","author_id":"1376911669734092803","public_metrics":{"retweet_count":327,"reply_count":0,"like_count":0,"quote_count":0}},{"id":"1425948379876626435","lang":"en","text":"RT @Reuters: Forest fires in Algeria killed 42 people, including 25 soldiers deployed to help put out the blaze, the government said, as th…","created_at":"2021-08-12T22:32:41.000Z","author_id":"233360799","public_metrics":{"retweet_count":373,"reply_count":0,"like_count":0,"quote_count":0}},{"id":"1425948293549502468","lang":"fr","text":"RT @Tizi_Ouzou15: Après la Covid-19, le manque d’eau, les chutes de tension, c’est au tour des incendies. \nPlusieurs feu  d’incendie ont ét…","created_at":"2021-08-12T22:32:20.000Z","author_id":"3216272393","public_metrics":{"retweet_count":2897,"reply_count":0,"like_count":0,"quote_count":0}},{"id":"1425948114813337600","lang":"fr","text":"RT @_fitamine: L’Homme qui a été lynché brûle vif accusé d’avoir de vouloir allumer un incendie, était en réalité un artiste de Miliana qui…","created_at":"2021-08-12T22:31:38.000Z","author_id":"1287072858703826945","public_metrics":{"retweet_count":916,"reply_count":0,"like_count":0,"quote_count":0}},{"id":"1425947886341312515","lang":"fr","text":"RT @Tizi_Ouzou15: Après la Covid-19, le manque d’eau, les chutes de tension, c’est au tour des incendies. \nPlusieurs feu  d’incendie ont ét…","created_at":"2021-08-12T22:30:43.000Z","author_id":"232893448","public_metrics":{"retweet_count":2897,"reply_count":0,"like_count":0,"quote_count":0}},{"id":"1425947878523015168","lang":"fr","text":"RT @pagekabyle: \uD83C\uDD98️ Déclenchement d'un énorme feu at Wassif, des foyers sont en danger !!! #TiziOuzou #Kabylie https://t.co/3PV1tKhbdO","created_at":"2021-08-12T22:30:41.000Z","attachments":{"media_keys":["7_1424790773518774278"]},"author_id":"1223937262712430592","public_metrics":{"retweet_count":163,"reply_count":0,"like_count":0,"quote_count":0}},{"id":"1425947831471386634","lang":"fr","text":"RT @Tizi_Ouzou15: Après la Covid-19, le manque d’eau, les chutes de tension, c’est au tour des incendies. \nPlusieurs feu  d’incendie ont ét…","created_at":"2021-08-12T22:30:30.000Z","author_id":"1264545240414687232","public_metrics":{"retweet_count":2897,"reply_count":0,"like_count":0,"quote_count":0}},{"id":"1425947673710972929","lang":"fr","text":"RT @Tizi_Ouzou15: Après la Covid-19, le manque d’eau, les chutes de tension, c’est au tour des incendies. \nPlusieurs feu  d’incendie ont ét…","created_at":"2021-08-12T22:29:52.000Z","author_id":"1665605682","public_metrics":{"retweet_count":2897,"reply_count":0,"like_count":0,"quote_count":0}},{"id":"1425947549094096896","lang":"fr","text":"RT @SecCivileFrance: \uD83C\uDDEB\uD83C\uDDF7\uD83E\uDD1D\uD83C\uDDE9\uD83C\uDDFF Les 2 #Canadair et le Beech sont arrivés en #Algérie.\nLes premiers largages ont été réalisés pour faire face aux…","created_at":"2021-08-12T22:29:23.000Z","author_id":"1097066187652063232","public_metrics":{"retweet_count":327,"reply_count":0,"like_count":0,"quote_count":0}},{"id":"1425947530588794889","lang":"fr","text":"RT @AznayAqbayli: En #Kabylie les expressions comme \"Mettre un pays à feu et à sang\", \"appliquer la politique de la terre brûlée\"... là, ma…","created_at":"2021-08-12T22:29:18.000Z","author_id":"599587333","public_metrics":{"retweet_count":12,"reply_count":0,"like_count":0,"quote_count":0}},{"id":"1425947403010691073","lang":"fr","text":"RT @Cita_Friends: J'ai jamais autant détester un gouvernement le gouvernement Algérien a vraiment refuser 2 canadaires pour aider les feu e…","created_at":"2021-08-12T22:28:48.000Z","author_id":"1287332871338942465","public_metrics":{"retweet_count":19,"reply_count":0,"like_count":0,"quote_count":0}},{"id":"1425947150937174027","lang":"fr","text":"RT @usmh_asma: Le village Taourirt Mokrane a Tizi Ouzou atteint par un énorme incendie \uD83E\uDD72 #Tizi_Ouzou #Kabylie #feu #TiziBrule #algerie #Kab…","created_at":"2021-08-12T22:27:48.000Z","author_id":"1382083629153665027","public_metrics":{"retweet_count":20,"reply_count":0,"like_count":0,"quote_count":0}},{"id":"1425947076618342400","lang":"fr","text":"RT @Cita_Friends: J'ai jamais autant détester un gouvernement le gouvernement Algérien a vraiment refuser 2 canadaires pour aider les feu e…","created_at":"2021-08-12T22:27:30.000Z","author_id":"1248306351547256837","public_metrics":{"retweet_count":19,"reply_count":0,"like_count":0,"quote_count":0}},{"id":"1425946920627982346","lang":"fr","text":"RT @_xAa09: vous préférez parler de Messi que de parler de la Kabylie qui est en train de prendre feu brf","created_at":"2021-08-12T22:26:53.000Z","author_id":"1322149869889507328","public_metrics":{"retweet_count":1108,"reply_count":0,"like_count":0,"quote_count":0}},{"id":"1425946871881687043","lang":"fr","text":"RT @SecCivileFrance: \uD83C\uDDEB\uD83C\uDDF7\uD83E\uDD1D\uD83C\uDDE9\uD83C\uDDFF Les 2 #Canadair et le Beech sont arrivés en #Algérie.\nLes premiers largages ont été réalisés pour faire face aux…","created_at":"2021-08-12T22:26:41.000Z","author_id":"1328513556640358402","public_metrics":{"retweet_count":327,"reply_count":0,"like_count":0,"quote_count":0}},{"id":"1425946681024077825","lang":"fr","text":"RT @Tizi_Ouzou15: Après la Covid-19, le manque d’eau, les chutes de tension, c’est au tour des incendies. \nPlusieurs feu  d’incendie ont ét…","created_at":"2021-08-12T22:25:56.000Z","author_id":"819545429511651329","public_metrics":{"retweet_count":2897,"reply_count":0,"like_count":0,"quote_count":0}},{"id":"1425946679442919425","lang":"en","text":"@eu_echo @JosepBorrellF\n@lemondefr @libe @sudouest\n@TIME  @UNHumanRights \nGénocide!\n5 days kabylie is burning \nAlgeria state made a Law to block the Covid aide to kabylia by it's diaspora\nThey ignored the help against a fire by international community\nPeople, animals...are dying! https://t.co/k68AVDqpUp https://t.co/WGACpP87cW","created_at":"2021-08-12T22:25:55.000Z","attachments":{"media_keys":["3_1425946676997632006"]},"author_id":"1241140173922086912","public_metrics":{"retweet_count":0,"reply_count":0,"like_count":1,"quote_count":0}},{"id":"1425946617757196296","lang":"fr","text":"RT @mosquee_savigny: Une forte pensée pour nos frères et sœurs en #Algerie particulièrement en #Kabylie qui luttent contre les incendie\nNe…","created_at":"2021-08-12T22:25:41.000Z","author_id":"3333499419","public_metrics":{"retweet_count":5,"reply_count":0,"like_count":0,"quote_count":0}},{"id":"1425946578687299586","lang":"fr","text":"RT @Tizi_Ouzou15: Après la Covid-19, le manque d’eau, les chutes de tension, c’est au tour des incendies. \nPlusieurs feu  d’incendie ont ét…","created_at":"2021-08-12T22:25:31.000Z","author_id":"2519267212","public_metrics":{"retweet_count":2897,"reply_count":0,"like_count":0,"quote_count":0}},{"id":"1425946533091057666","lang":"fr","text":"RT @chahrazzzz: 25 départs de feu aujourd’hui en Kabylie, c’est horrible https://t.co/vA8UKhswzZ","created_at":"2021-08-12T22:25:20.000Z","attachments":{"media_keys":["3_1424849354947502081","3_1424849354934951937","3_1424849354939064327","3_1424849355727687699"]},"author_id":"819545429511651329","public_metrics":{"retweet_count":573,"reply_count":0,"like_count":0,"quote_count":0}},{"id":"1425946453617352710","lang":"fr","text":"RT @SecCivileFrance: \uD83C\uDDEB\uD83C\uDDF7\uD83E\uDD1D\uD83C\uDDE9\uD83C\uDDFF Les 2 #Canadair et le Beech sont arrivés en #Algérie.\nLes premiers largages ont été réalisés pour faire face aux…","created_at":"2021-08-12T22:25:02.000Z","author_id":"1359988926518341634","public_metrics":{"retweet_count":327,"reply_count":0,"like_count":0,"quote_count":0}},{"id":"1425946420964691970","lang":"fr","text":"RT @mosquee_savigny: Une forte pensée pour nos frères et sœurs en #Algerie particulièrement en #Kabylie qui luttent contre les incendie\nNe…","created_at":"2021-08-12T22:24:54.000Z","author_id":"1377734709191569410","public_metrics":{"retweet_count":5,"reply_count":0,"like_count":0,"quote_count":0}},{"id":"1425946364370952198","lang":"fr","text":"RT @SecCivileFrance: \uD83C\uDDEB\uD83C\uDDF7\uD83E\uDD1D\uD83C\uDDE9\uD83C\uDDFF Les 2 #Canadair et le Beech sont arrivés en #Algérie.\nLes premiers largages ont été réalisés pour faire face aux…","created_at":"2021-08-12T22:24:40.000Z","author_id":"2624747312","public_metrics":{"retweet_count":327,"reply_count":0,"like_count":0,"quote_count":0}},{"id":"1425946061835800578","lang":"fr","text":"RT @SecCivileFrance: \uD83C\uDDEB\uD83C\uDDF7\uD83E\uDD1D\uD83C\uDDE9\uD83C\uDDFF Les 2 #Canadair et le Beech sont arrivés en #Algérie.\nLes premiers largages ont été réalisés pour faire face aux…","created_at":"2021-08-12T22:23:28.000Z","author_id":"4203985966","public_metrics":{"retweet_count":327,"reply_count":0,"like_count":0,"quote_count":0}},{"id":"1425945581424455681","lang":"fr","text":"RT @SecCivileFrance: \uD83C\uDDEB\uD83C\uDDF7\uD83E\uDD1D\uD83C\uDDE9\uD83C\uDDFF Les 2 #Canadair et le Beech sont arrivés en #Algérie.\nLes premiers largages ont été réalisés pour faire face aux…","created_at":"2021-08-12T22:21:34.000Z","author_id":"1241156062478303234","public_metrics":{"retweet_count":327,"reply_count":0,"like_count":0,"quote_count":0}},{"id":"1425945454387376131","lang":"fr","text":"RT @stinplaiziiir: Kendira est en feu \uD83D\uDE14\nBarbacha est en feu \uD83D\uDE14\nAfroune est en feu \uD83D\uDE14\n\nLa Kabylie est en feu \uD83D\uDE14\nL’Algerie est en feu \uD83D\uDE14\n\nEntendo…","created_at":"2021-08-12T22:21:03.000Z","author_id":"533317891","public_metrics":{"retweet_count":10,"reply_count":0,"like_count":0,"quote_count":0}},{"id":"1425945007140261892","lang":"fr","text":"RT @SecCivileFrance: \uD83C\uDDEB\uD83C\uDDF7\uD83E\uDD1D\uD83C\uDDE9\uD83C\uDDFF Les 2 #Canadair et le Beech sont arrivés en #Algérie.\nLes premiers largages ont été réalisés pour faire face aux…","created_at":"2021-08-12T22:19:17.000Z","author_id":"157434483","public_metrics":{"retweet_count":327,"reply_count":0,"like_count":0,"quote_count":0}},{"id":"1425944706022772738","lang":"fr","text":"RT @stinplaiziiir: Kendira est en feu \uD83D\uDE14\nBarbacha est en feu \uD83D\uDE14\nAfroune est en feu \uD83D\uDE14\n\nLa Kabylie est en feu \uD83D\uDE14\nL’Algerie est en feu \uD83D\uDE14\n\nEntendo…","created_at":"2021-08-12T22:18:05.000Z","author_id":"1071831467767054336","public_metrics":{"retweet_count":10,"reply_count":0,"like_count":0,"quote_count":0}},{"id":"1425944477961707521","lang":"fr","text":"RT @Tizi_Ouzou15: Après la Covid-19, le manque d’eau, les chutes de tension, c’est au tour des incendies. \nPlusieurs feu  d’incendie ont ét…","created_at":"2021-08-12T22:17:10.000Z","author_id":"3298167134","public_metrics":{"retweet_count":2897,"reply_count":0,"like_count":0,"quote_count":0}},{"id":"1425944039573098504","lang":"fr","text":"Kendira est en feu \uD83D\uDE14\nBarbacha est en feu \uD83D\uDE14\nAfroune est en feu \uD83D\uDE14\n\nLa Kabylie est en feu \uD83D\uDE14\nL’Algerie est en feu \uD83D\uDE14\n\nEntendons-nous seulement le président Tebboune depuis le début des incendies ?","created_at":"2021-08-12T22:15:26.000Z","author_id":"1160503720351809542","public_metrics":{"retweet_count":10,"reply_count":1,"like_count":30,"quote_count":0}},{"id":"1425944018068901891","lang":"en","text":"RT @FceGreece: #Algeria_On_Fire #Kabylie_Burning \n\nThe Algerian Face of Courage, Dedication and Patriotism .. Not Much Else But Enough to S…","created_at":"2021-08-12T22:15:21.000Z","author_id":"1391922322186047488","public_metrics":{"retweet_count":1,"reply_count":0,"like_count":0,"quote_count":0}},{"id":"1425944003187331074","lang":"en","text":"RT @RimSarah: As if Covid wasn't enough, the Kabylie region in #Algeria is on fire. It is heartbreaking\uD83D\uDE41\uD83D\uDE41\uD83D\uDE41. https://t.co/h6WphhfnzP","created_at":"2021-08-12T22:15:17.000Z","author_id":"1391922322186047488","public_metrics":{"retweet_count":106,"reply_count":0,"like_count":0,"quote_count":0}},{"id":"1425943910183014402","lang":"fr","text":"RT @SecCivileFrance: \uD83C\uDDEB\uD83C\uDDF7\uD83E\uDD1D\uD83C\uDDE9\uD83C\uDDFF Les 2 #Canadair et le Beech sont arrivés en #Algérie.\nLes premiers largages ont été réalisés pour faire face aux…","created_at":"2021-08-12T22:14:55.000Z","author_id":"882359155","public_metrics":{"retweet_count":327,"reply_count":0,"like_count":0,"quote_count":0}},{"id":"1425943658315005957","lang":"fr","text":"Je vois bcp de tweet sur la kabylie . Courage a eux bien sur mais il y a des feux a cote de setif aussi Mais ca cest pas le problème. Le problème cest les kabyles qui disent que cest le gouvernement qui met le feu chaque année or l'année dernière le feu était partout en Algérie","created_at":"2021-08-12T22:13:55.000Z","author_id":"1392370273077403650","public_metrics":{"retweet_count":0,"reply_count":4,"like_count":3,"quote_count":0}},{"id":"1425943544959754242","lang":"fr","text":"RT @Cita_Friends: J'ai jamais autant détester un gouvernement le gouvernement Algérien a vraiment refuser 2 canadaires pour aider les feu e…","created_at":"2021-08-12T22:13:28.000Z","author_id":"1314439581513797633","public_metrics":{"retweet_count":19,"reply_count":0,"like_count":0,"quote_count":0}},{"id":"1425943425094934528","lang":"fr","text":"RT @sirius1936: KABYLIE EN FEU\nUne pensée pour nos amis algériens eux aussi frappés par les incendies de forêts. https://t.co/0EE92y86ea","created_at":"2021-08-12T22:12:59.000Z","attachments":{"media_keys":["3_1425745645537841153"]},"author_id":"1370773801","public_metrics":{"retweet_count":85,"reply_count":0,"like_count":0,"quote_count":0}},{"id":"1425943394795274240","lang":"fr","text":"RT @AznayAqbayli: En #Kabylie les expressions comme \"Mettre un pays à feu et à sang\", \"appliquer la politique de la terre brûlée\"... là, ma…","created_at":"2021-08-12T22:12:52.000Z","author_id":"1180753767421169665","public_metrics":{"retweet_count":12,"reply_count":0,"like_count":0,"quote_count":0}},{"id":"1425943330836320262","lang":"fr","text":"RT @Cita_Friends: J'ai jamais autant détester un gouvernement le gouvernement Algérien a vraiment refuser 2 canadaires pour aider les feu e…","created_at":"2021-08-12T22:12:37.000Z","author_id":"1189313586092527617","public_metrics":{"retweet_count":19,"reply_count":0,"like_count":0,"quote_count":0}},{"id":"1425943231796219913","lang":"fr","text":"RT @sirius1936: KABYLIE EN FEU\nUne pensée pour nos amis algériens eux aussi frappés par les incendies de forêts. https://t.co/0EE92y86ea","created_at":"2021-08-12T22:12:13.000Z","attachments":{"media_keys":["3_1425745645537841153"]},"author_id":"412978471","public_metrics":{"retweet_count":85,"reply_count":0,"like_count":0,"quote_count":0}},{"id":"1425943057359376385","lang":"fr","text":"RT @Videos2Riles: Pour aider les victimes d'incendie en Kabylie \nIl existe une cagnotte sur Paypal que je vous partage \nhttps://t.co/t0Spnp…","created_at":"2021-08-12T22:11:32.000Z","author_id":"1314890502744035329","public_metrics":{"retweet_count":995,"reply_count":0,"like_count":0,"quote_count":0}},{"id":"1425943001952555008","lang":"fr","text":"RT @Tizi_Ouzou15: Après la Covid-19, le manque d’eau, les chutes de tension, c’est au tour des incendies. \nPlusieurs feu  d’incendie ont ét…","created_at":"2021-08-12T22:11:19.000Z","author_id":"1369666776","public_metrics":{"retweet_count":2897,"reply_count":0,"like_count":0,"quote_count":0}},{"id":"1425942917823307786","lang":"fr","text":"RT @Cita_Friends: J'ai jamais autant détester un gouvernement le gouvernement Algérien a vraiment refuser 2 canadaires pour aider les feu e…","created_at":"2021-08-12T22:10:59.000Z","author_id":"1253361333451526148","public_metrics":{"retweet_count":19,"reply_count":0,"like_count":0,"quote_count":0}},{"id":"1425942896302252036","lang":"fr","text":"J’ai vraiment peur le feu se rapproche de plus en plus de mon village en Kabylie","created_at":"2021-08-12T22:10:53.000Z","author_id":"840509742170701824","public_metrics":{"retweet_count":0,"reply_count":2,"like_count":1,"quote_count":0}},{"id":"1425942393547853828","lang":"fr","text":"J’ai grave le seum y’a le feu en Kabylie et j’arrive même ps à joindre mon grand père et mes oncles \uD83E\uDD7A\uD83E\uDD7A","created_at":"2021-08-12T22:08:54.000Z","author_id":"1025144869289902090","public_metrics":{"retweet_count":0,"reply_count":1,"like_count":7,"quote_count":0}},{"id":"1425941675776561157","lang":"fr","text":"RT @SecCivileFrance: \uD83C\uDDEB\uD83C\uDDF7\uD83E\uDD1D\uD83C\uDDE9\uD83C\uDDFF Les 2 #Canadair et le Beech sont arrivés en #Algérie.\nLes premiers largages ont été réalisés pour faire face aux…","created_at":"2021-08-12T22:06:02.000Z","author_id":"1374809161284915210","public_metrics":{"retweet_count":327,"reply_count":0,"like_count":0,"quote_count":0}},{"id":"1425941651541856256","lang":"fr","text":"RT @SecCivileFrance: \uD83C\uDDEB\uD83C\uDDF7\uD83E\uDD1D\uD83C\uDDE9\uD83C\uDDFF Les 2 #Canadair et le Beech sont arrivés en #Algérie.\nLes premiers largages ont été réalisés pour faire face aux…","created_at":"2021-08-12T22:05:57.000Z","author_id":"937271839","public_metrics":{"retweet_count":327,"reply_count":0,"like_count":0,"quote_count":0}},{"id":"1425941630859845632","lang":"fr","text":"RT @Tizi_Ouzou15: Après la Covid-19, le manque d’eau, les chutes de tension, c’est au tour des incendies. \nPlusieurs feu  d’incendie ont ét…","created_at":"2021-08-12T22:05:52.000Z","author_id":"949423382742827008","public_metrics":{"retweet_count":2897,"reply_count":0,"like_count":0,"quote_count":0}},{"id":"1425941544746557444","lang":"fr","text":"RT @pagekabyle: \uD83C\uDD98️ Déclenchement d'un énorme feu at Wassif, des foyers sont en danger !!! #TiziOuzou #Kabylie https://t.co/3PV1tKhbdO","created_at":"2021-08-12T22:05:31.000Z","attachments":{"media_keys":["7_1424790773518774278"]},"author_id":"1157031429697617920","public_metrics":{"retweet_count":163,"reply_count":0,"like_count":0,"quote_count":0}},{"id":"1425941265925935112","lang":"fr","text":"RT @SecCivileFrance: \uD83C\uDDEB\uD83C\uDDF7\uD83E\uDD1D\uD83C\uDDE9\uD83C\uDDFF Les 2 #Canadair et le Beech sont arrivés en #Algérie.\nLes premiers largages ont été réalisés pour faire face aux…","created_at":"2021-08-12T22:04:25.000Z","author_id":"1270842399347167233","public_metrics":{"retweet_count":327,"reply_count":0,"like_count":0,"quote_count":0}},{"id":"1425941221667741698","lang":"fr","text":"RT @SecCivileFrance: \uD83C\uDDEB\uD83C\uDDF7\uD83E\uDD1D\uD83C\uDDE9\uD83C\uDDFF Les 2 #Canadair et le Beech sont arrivés en #Algérie.\nLes premiers largages ont été réalisés pour faire face aux…","created_at":"2021-08-12T22:04:14.000Z","author_id":"236478037","public_metrics":{"retweet_count":327,"reply_count":0,"like_count":0,"quote_count":0}},{"id":"1425941214742908930","lang":"fr","text":"RT @Videos2Riles: Pour aider les victimes d'incendie en Kabylie \nIl existe une cagnotte sur Paypal que je vous partage \nhttps://t.co/t0Spnp…","created_at":"2021-08-12T22:04:12.000Z","author_id":"1350165236070952960","public_metrics":{"retweet_count":995,"reply_count":0,"like_count":0,"quote_count":0}},{"id":"1425941068638457861","lang":"fr","text":"RT @SecCivileFrance: \uD83C\uDDEB\uD83C\uDDF7\uD83E\uDD1D\uD83C\uDDE9\uD83C\uDDFF Les 2 #Canadair et le Beech sont arrivés en #Algérie.\nLes premiers largages ont été réalisés pour faire face aux…","created_at":"2021-08-12T22:03:38.000Z","author_id":"1327070855344648193","public_metrics":{"retweet_count":327,"reply_count":0,"like_count":0,"quote_count":0}},{"id":"1425941048250060800","lang":"fr","text":"RT @Tizi_Ouzou15: Après la Covid-19, le manque d’eau, les chutes de tension, c’est au tour des incendies. \nPlusieurs feu  d’incendie ont ét…","created_at":"2021-08-12T22:03:33.000Z","author_id":"1194910703691423744","public_metrics":{"retweet_count":2897,"reply_count":0,"like_count":0,"quote_count":0}},{"id":"1425940904452427779","lang":"fr","text":"RT @SecCivileFrance: \uD83C\uDDEB\uD83C\uDDF7\uD83E\uDD1D\uD83C\uDDE9\uD83C\uDDFF Les 2 #Canadair et le Beech sont arrivés en #Algérie.\nLes premiers largages ont été réalisés pour faire face aux…","created_at":"2021-08-12T22:02:58.000Z","author_id":"360924843","public_metrics":{"retweet_count":327,"reply_count":0,"like_count":0,"quote_count":0}},{"id":"1425940840149667844","lang":"fr","text":"RT @affassplus: Le pouvoir algériens refuse l aide internationale pourquoi?? C'est juste criminels!!\nLe gouvernement algérien a juste montr…","created_at":"2021-08-12T22:02:43.000Z","author_id":"1251821607594622976","public_metrics":{"retweet_count":3,"reply_count":0,"like_count":0,"quote_count":0}},{"id":"1425940714723192840","lang":"fr","text":"RT @SecCivileFrance: \uD83C\uDDEB\uD83C\uDDF7\uD83E\uDD1D\uD83C\uDDE9\uD83C\uDDFF Les 2 #Canadair et le Beech sont arrivés en #Algérie.\nLes premiers largages ont été réalisés pour faire face aux…","created_at":"2021-08-12T22:02:13.000Z","author_id":"1375479223","public_metrics":{"retweet_count":327,"reply_count":0,"like_count":0,"quote_count":0}},{"id":"1425940712940507139","lang":"fr","text":"RT @_xAa09: vous préférez parler de Messi que de parler de la Kabylie qui est en train de prendre feu brf","created_at":"2021-08-12T22:02:13.000Z","author_id":"4898361779","public_metrics":{"retweet_count":1108,"reply_count":0,"like_count":0,"quote_count":0}},{"id":"1425940669722415104","lang":"fr","text":"RT @SecCivileFrance: \uD83C\uDDEB\uD83C\uDDF7\uD83E\uDD1D\uD83C\uDDE9\uD83C\uDDFF Les 2 #Canadair et le Beech sont arrivés en #Algérie.\nLes premiers largages ont été réalisés pour faire face aux…","created_at":"2021-08-12T22:02:03.000Z","author_id":"744860239707705344","public_metrics":{"retweet_count":327,"reply_count":0,"like_count":0,"quote_count":0}},{"id":"1425940479804379138","lang":"fr","text":"RT @SecCivileFrance: \uD83C\uDDEB\uD83C\uDDF7\uD83E\uDD1D\uD83C\uDDE9\uD83C\uDDFF Les 2 #Canadair et le Beech sont arrivés en #Algérie.\nLes premiers largages ont été réalisés pour faire face aux…","created_at":"2021-08-12T22:01:17.000Z","author_id":"997419432484974592","public_metrics":{"retweet_count":327,"reply_count":0,"like_count":0,"quote_count":0}},{"id":"1425940340264026121","lang":"fr","text":"RT @RoyalSegolene: Tristesse et soutien à l’Algérie et aux habitants de Kabylie qui subissent  un effroyable incendie #Algerie","created_at":"2021-08-12T22:00:44.000Z","author_id":"48389381","public_metrics":{"retweet_count":15,"reply_count":0,"like_count":0,"quote_count":0}},{"id":"1425940279245385745","lang":"fr","text":"RT @Tizi_Ouzou15: Après la Covid-19, le manque d’eau, les chutes de tension, c’est au tour des incendies. \nPlusieurs feu  d’incendie ont ét…","created_at":"2021-08-12T22:00:29.000Z","author_id":"629512069","public_metrics":{"retweet_count":2897,"reply_count":0,"like_count":0,"quote_count":0}},{"id":"1425939856744665090","lang":"fr","text":"RT @_fitamine: L’Homme qui a été lynché brûle vif accusé d’avoir de vouloir allumer un incendie, était en réalité un artiste de Miliana qui…","created_at":"2021-08-12T21:58:49.000Z","author_id":"1306682398747299840","public_metrics":{"retweet_count":916,"reply_count":0,"like_count":0,"quote_count":0}},{"id":"1425939820719837190","lang":"fr","text":"RT @sirius1936: KABYLIE EN FEU\nUne pensée pour nos amis algériens eux aussi frappés par les incendies de forêts. https://t.co/0EE92y86ea","created_at":"2021-08-12T21:58:40.000Z","attachments":{"media_keys":["3_1425745645537841153"]},"author_id":"3305033243","public_metrics":{"retweet_count":85,"reply_count":0,"like_count":0,"quote_count":0}},{"id":"1425939797181407237","lang":"fr","text":"RT @sirius1936: KABYLIE EN FEU\nUne pensée pour nos amis algériens eux aussi frappés par les incendies de forêts. https://t.co/0EE92y86ea","created_at":"2021-08-12T21:58:34.000Z","attachments":{"media_keys":["3_1425745645537841153"]},"author_id":"1387061603737145349","public_metrics":{"retweet_count":85,"reply_count":0,"like_count":0,"quote_count":0}},{"id":"1425939610446831617","lang":"en","text":"RT @Reuters: Residents of the Tizi Ouzou region in Kabylie used tree branches to try to smother burning patches of forest or hurled water f…","created_at":"2021-08-12T21:57:50.000Z","author_id":"1289216693366030340","public_metrics":{"retweet_count":32,"reply_count":0,"like_count":0,"quote_count":0}},{"id":"1425939577181818883","lang":"fr","text":"RT @SecCivileFrance: \uD83C\uDDEB\uD83C\uDDF7\uD83E\uDD1D\uD83C\uDDE9\uD83C\uDDFF Les 2 #Canadair et le Beech sont arrivés en #Algérie.\nLes premiers largages ont été réalisés pour faire face aux…","created_at":"2021-08-12T21:57:42.000Z","author_id":"1078040933768286209","public_metrics":{"retweet_count":327,"reply_count":0,"like_count":0,"quote_count":0}},{"id":"1425939431308021763","lang":"fr","text":"RT @AznayAqbayli: En #Kabylie les expressions comme \"Mettre un pays à feu et à sang\", \"appliquer la politique de la terre brûlée\"... là, ma…","created_at":"2021-08-12T21:57:07.000Z","author_id":"119832224","public_metrics":{"retweet_count":12,"reply_count":0,"like_count":0,"quote_count":0}},{"id":"1425939383065190403","lang":"en","text":"RT @Reuters: The soldiers were killed in different areas, some while trying to extinguish the flames and others after they were cut off by…","created_at":"2021-08-12T21:56:56.000Z","author_id":"1289216693366030340","public_metrics":{"retweet_count":21,"reply_count":0,"like_count":0,"quote_count":0}},{"id":"1425939355781242890","lang":"fr","text":"RT @chahrazzzz: 25 départs de feu aujourd’hui en Kabylie, c’est horrible https://t.co/vA8UKhswzZ","created_at":"2021-08-12T21:56:49.000Z","attachments":{"media_keys":["3_1424849354947502081","3_1424849354934951937","3_1424849354939064327","3_1424849355727687699"]},"author_id":"1035524198012207105","public_metrics":{"retweet_count":573,"reply_count":0,"like_count":0,"quote_count":0}},{"id":"1425939351586889732","lang":"en","text":"RT @Reuters: Forest fires in Algeria killed 42 people, including 25 soldiers deployed to help put out the blaze, the government said, as th…","created_at":"2021-08-12T21:56:48.000Z","author_id":"1289216693366030340","public_metrics":{"retweet_count":373,"reply_count":0,"like_count":0,"quote_count":0}},{"id":"1425939243839393795","lang":"fr","text":"RT @SecCivileFrance: \uD83C\uDDEB\uD83C\uDDF7\uD83E\uDD1D\uD83C\uDDE9\uD83C\uDDFF Les 2 #Canadair et le Beech sont arrivés en #Algérie.\nLes premiers largages ont été réalisés pour faire face aux…","created_at":"2021-08-12T21:56:23.000Z","author_id":"1386607105","public_metrics":{"retweet_count":327,"reply_count":0,"like_count":0,"quote_count":0}},{"id":"1425939025358168072","lang":"fr","text":"RT @SecCivileFrance: \uD83C\uDDEB\uD83C\uDDF7\uD83E\uDD1D\uD83C\uDDE9\uD83C\uDDFF Les 2 #Canadair et le Beech sont arrivés en #Algérie.\nLes premiers largages ont été réalisés pour faire face aux…","created_at":"2021-08-12T21:55:30.000Z","author_id":"557248899","public_metrics":{"retweet_count":327,"reply_count":0,"like_count":0,"quote_count":0}},{"id":"1425938446493831171","lang":"fr","text":"RT @SecCivileFrance: \uD83C\uDDEB\uD83C\uDDF7\uD83E\uDD1D\uD83C\uDDE9\uD83C\uDDFF Les 2 #Canadair et le Beech sont arrivés en #Algérie.\nLes premiers largages ont été réalisés pour faire face aux…","created_at":"2021-08-12T21:53:12.000Z","author_id":"4228304238","public_metrics":{"retweet_count":327,"reply_count":0,"like_count":0,"quote_count":0}},{"id":"1425937722909368327","lang":"fr","text":"RT @Onizuukaabyle: Ma Kabylie prend feu, 19 communes sont entrain de brûler. Pas d’eau, coupures d’électricité très fréquentes, le variant…","created_at":"2021-08-12T21:50:20.000Z","author_id":"2210836327","public_metrics":{"retweet_count":99,"reply_count":0,"like_count":0,"quote_count":0}},{"id":"1425937641028165632","lang":"fr","text":"RT @AznayAqbayli: En #Kabylie les expressions comme \"Mettre un pays à feu et à sang\", \"appliquer la politique de la terre brûlée\"... là, ma…","created_at":"2021-08-12T21:50:00.000Z","author_id":"18115983","public_metrics":{"retweet_count":12,"reply_count":0,"like_count":0,"quote_count":0}},{"id":"1425937557657997319","lang":"fr","text":"RT @smylvg: Ma Kabylie est en feu. \nQue Dieu nous vienne en aide \uD83D\uDE4F\uD83C\uDFFB.\n#Kabylie https://t.co/FJMVSMEvrb","created_at":"2021-08-12T21:49:41.000Z","attachments":{"media_keys":["3_1424875017012224002","3_1424875017045749760","3_1424875017016328197","3_1424875017020583938"]},"author_id":"2210836327","public_metrics":{"retweet_count":196,"reply_count":0,"like_count":0,"quote_count":0}}],"includes":{"media":[{"media_key":"3_1425952751675056133","type":"photo","url":"https://pbs.twimg.com/media/E8oAeP4VIAUaaa-.jpg"},{"media_key":"3_1425147177882488833","type":"photo","url":"https://pbs.twimg.com/media/E8cjzrpWEAEHkVa.jpg"},{"media_key":"7_1424790773518774278","public_metrics":{"view_count":79104},"type":"video"},{"media_key":"3_1425946676997632006","type":"photo","url":"https://pbs.twimg.com/media/E8n68p8XsAYcU2U.jpg"},{"media_key":"3_1424849354947502081","type":"photo","url":"https://pbs.twimg.com/media/E8YU8GwXIAEaVtd.jpg"},{"media_key":"3_1424849354934951937","type":"photo","url":"https://pbs.twimg.com/media/E8YU8GtXoAEXCRu.jpg"},{"media_key":"3_1424849354939064327","type":"photo","url":"https://pbs.twimg.com/media/E8YU8GuWYAcbbO-.jpg"},{"media_key":"3_1424849355727687699","type":"photo","url":"https://pbs.twimg.com/media/E8YU8JqX0BMgrdP.jpg"},{"media_key":"3_1425745645537841153","type":"photo","url":"https://pbs.twimg.com/media/E8lEHFZX0AE6k45.jpg"},{"media_key":"3_1424875017012224002","type":"photo","url":"https://pbs.twimg.com/media/E8YsR1ZXoAIEyNU.jpg"},{"media_key":"3_1424875017045749760","type":"photo","url":"https://pbs.twimg.com/media/E8YsR1hXMAALI6f.jpg"},{"media_key":"3_1424875017016328197","type":"photo","url":"https://pbs.twimg.com/media/E8YsR1aWQAUlIkh.jpg"},{"media_key":"3_1424875017020583938","type":"photo","url":"https://pbs.twimg.com/media/E8YsR1bXMAIwDIN.jpg"}]},"meta":{"newest_id":"1425953886247006215","oldest_id":"1425937557657997319","result_count":100,"next_token":"b26v89c19zqg8o3fpdm8kx1x0tmzhl3dodxzikd5mzn25"}}