{"data":[{"id":"1425937408776880130","lang":"fr","text":"RT @pagekabyle: \uD83C\uDD98️ Déclenchement d'un énorme feu at Wassif, des foyers sont en danger !!! #TiziOuzou #Kabylie https://t.co/3PV1tKhbdO","created_at":"2021-08-12T21:49:05.000Z","attachments":{"media_keys":["7_1424790773518774278"]},"author_id":"1262467757838303233","public_metrics":{"retweet_count":163,"reply_count":0,"like_count":0,"quote_count":0}},{"id":"1425937376124211202","lang":"fr","text":"RT @Tizi_Ouzou15: Après la Covid-19, le manque d’eau, les chutes de tension, c’est au tour des incendies. \nPlusieurs feu  d’incendie ont ét…","created_at":"2021-08-12T21:48:57.000Z","author_id":"2210836327","public_metrics":{"retweet_count":2897,"reply_count":0,"like_count":0,"quote_count":0}},{"id":"1425937135790698502","lang":"fr","text":"RT @pagekabyle: \uD83C\uDD98️ Déclenchement d'un énorme feu at Wassif, des foyers sont en danger !!! #TiziOuzou #Kabylie https://t.co/3PV1tKhbdO","created_at":"2021-08-12T21:48:00.000Z","attachments":{"media_keys":["7_1424790773518774278"]},"author_id":"1300823712254623744","public_metrics":{"retweet_count":163,"reply_count":0,"like_count":0,"quote_count":0}},{"id":"1425937127183994883","lang":"fr","text":"RT @Mrleconstateur: Donc le Maroc, La France et la Tunisie proposent leur aide à l’Algérie pour éteindre le feu en Kabylie mais le gouverne…","created_at":"2021-08-12T21:47:58.000Z","author_id":"1121464996972646400","public_metrics":{"retweet_count":43,"reply_count":0,"like_count":0,"quote_count":0}},{"id":"1425937093398732802","lang":"fr","text":"RT @pagekabyle: \uD83C\uDD98️ Déclenchement d'un énorme feu at Wassif, des foyers sont en danger !!! #TiziOuzou #Kabylie https://t.co/3PV1tKhbdO","created_at":"2021-08-12T21:47:50.000Z","attachments":{"media_keys":["7_1424790773518774278"]},"author_id":"1120384483339821058","public_metrics":{"retweet_count":163,"reply_count":0,"like_count":0,"quote_count":0}},{"id":"1425937009697300488","lang":"fr","text":"RT @AznayAqbayli: En #Kabylie les expressions comme \"Mettre un pays à feu et à sang\", \"appliquer la politique de la terre brûlée\"... là, ma…","created_at":"2021-08-12T21:47:30.000Z","author_id":"1224950457023520768","public_metrics":{"retweet_count":12,"reply_count":0,"like_count":0,"quote_count":0}},{"id":"1425936992282546179","lang":"fr","text":"RT @SecCivileFrance: \uD83C\uDDEB\uD83C\uDDF7\uD83E\uDD1D\uD83C\uDDE9\uD83C\uDDFF Les 2 #Canadair et le Beech sont arrivés en #Algérie.\nLes premiers largages ont été réalisés pour faire face aux…","created_at":"2021-08-12T21:47:26.000Z","author_id":"1245674918","public_metrics":{"retweet_count":327,"reply_count":0,"like_count":0,"quote_count":0}},{"id":"1425936600303874051","lang":"fr","text":"RT @SecCivileFrance: \uD83C\uDDEB\uD83C\uDDF7\uD83E\uDD1D\uD83C\uDDE9\uD83C\uDDFF Les 2 #Canadair et le Beech sont arrivés en #Algérie.\nLes premiers largages ont été réalisés pour faire face aux…","created_at":"2021-08-12T21:45:52.000Z","author_id":"341232103","public_metrics":{"retweet_count":327,"reply_count":0,"like_count":0,"quote_count":0}},{"id":"1425936546553909258","lang":"fr","text":"Quelqu’un  a-t-il entendu parler d’une vidéo survolant un #incendie en #Kabylie \nOn me dit que ⤵️⤵️⤵️⤵️\n(((l’appareil a lâché quelque chose des airs ce qui a amplifié les flammes)))\uD83D\uDD25 \n\uD83E\uDD7A\uD83E\uDD14\uD83E\uDD7A\uD83E\uDD14\uD83E\uDD7A\uD83E\uDD14\uD83E\uDD7A\uD83E\uDD14\uD83E\uDD7A\uD83E\uDD14 https://t.co/KPMiZTSZrC","created_at":"2021-08-12T21:45:39.000Z","author_id":"3253083733","public_metrics":{"retweet_count":0,"reply_count":2,"like_count":0,"quote_count":0}},{"id":"1425936535313076226","lang":"fr","text":"RT @AznayAqbayli: En #Kabylie les expressions comme \"Mettre un pays à feu et à sang\", \"appliquer la politique de la terre brûlée\"... là, ma…","created_at":"2021-08-12T21:45:37.000Z","author_id":"1314890502744035329","public_metrics":{"retweet_count":12,"reply_count":0,"like_count":0,"quote_count":0}},{"id":"1425936463917723658","lang":"fr","text":"RT @pagekabyle: \uD83C\uDD98️ Déclenchement d'un énorme feu at Wassif, des foyers sont en danger !!! #TiziOuzou #Kabylie https://t.co/3PV1tKhbdO","created_at":"2021-08-12T21:45:20.000Z","attachments":{"media_keys":["7_1424790773518774278"]},"author_id":"1199075045005545474","public_metrics":{"retweet_count":163,"reply_count":0,"like_count":0,"quote_count":0}},{"id":"1425936319902109704","lang":"fr","text":"RT @pagekabyle: Une femme pleure ses voisins encerclés par le feu \uD83D\uDE25 #TiziOuzou #Kabylie https://t.co/dISbzs6zhC","created_at":"2021-08-12T21:44:45.000Z","attachments":{"media_keys":["7_1424869669266239495"]},"author_id":"1238950865660239872","public_metrics":{"retweet_count":83,"reply_count":0,"like_count":0,"quote_count":0}},{"id":"1425936288277049346","lang":"fr","text":"RT @DIALGERIE1: #Algérie #Kabylie #Djamel_Bensmain Le père de jeune homme  brulé vif en Kabylie appelle à éteindre le feu de la fitna https…","created_at":"2021-08-12T21:44:38.000Z","author_id":"1416587983260688385","public_metrics":{"retweet_count":1,"reply_count":0,"like_count":0,"quote_count":0}},{"id":"1425936279917694980","lang":"fr","text":"RT @pagekabyle: Une femme pleure ses voisins encerclés par le feu \uD83D\uDE25 #TiziOuzou #Kabylie https://t.co/dISbzs6zhC","created_at":"2021-08-12T21:44:36.000Z","attachments":{"media_keys":["7_1424869669266239495"]},"author_id":"1199075045005545474","public_metrics":{"retweet_count":83,"reply_count":0,"like_count":0,"quote_count":0}},{"id":"1425936254508675074","lang":"fr","text":"RT @AfrikInfo: Incendie en Kabylie : la France envoie deux Canadairs en Algérie https://t.co/EKuP7HXm72","created_at":"2021-08-12T21:44:30.000Z","author_id":"1206275187701952512","public_metrics":{"retweet_count":5,"reply_count":0,"like_count":0,"quote_count":0}},{"id":"1425936146366861316","lang":"fr","text":"RT @karimazerrouki4: #Tizi_Ouzou\nAprès la Covid-19, le manque d’eau, les chutes de tension, c’est au tour des incendies. \nPlusieurs feu  d’…","created_at":"2021-08-12T21:44:04.000Z","author_id":"1206275187701952512","public_metrics":{"retweet_count":129,"reply_count":0,"like_count":0,"quote_count":0}},{"id":"1425936087864729603","lang":"fr","text":"RT @greatyassine: \uD83D\uDEA8\uD83D\uDD25 Urgence incendie en Algérie\nCe n'est pas seulement la Kabylie qui est touchée par les incendies. Il y a aussi Bouira,…","created_at":"2021-08-12T21:43:50.000Z","author_id":"1007068262","public_metrics":{"retweet_count":1,"reply_count":0,"like_count":0,"quote_count":0}},{"id":"1425935998450606081","lang":"fr","text":"RT @SecCivileFrance: \uD83C\uDDEB\uD83C\uDDF7\uD83E\uDD1D\uD83C\uDDE9\uD83C\uDDFF Les 2 #Canadair et le Beech sont arrivés en #Algérie.\nLes premiers largages ont été réalisés pour faire face aux…","created_at":"2021-08-12T21:43:29.000Z","author_id":"489663383","public_metrics":{"retweet_count":327,"reply_count":0,"like_count":0,"quote_count":0}},{"id":"1425935984580079623","lang":"fr","text":"RT @HindaBe0rlegui_: Après la Covid-19, le manque d’eau, les chutes de tension, c’est au tour des incendies. \nPlusieurs feu  d’incendie ont…","created_at":"2021-08-12T21:43:25.000Z","author_id":"1206275187701952512","public_metrics":{"retweet_count":181,"reply_count":0,"like_count":0,"quote_count":0}},{"id":"1425935759278809091","lang":"fr","text":"En #Kabylie les expressions comme \"Mettre un pays à feu et à sang\", \"appliquer la politique de la terre brûlée\"... là, maintenant, on sait ce que c'est.\n#PrayForKabylia\n#Bejaia #Tizi_Ouzou #kabyliebrule https://t.co/JVPO5Buiuk","created_at":"2021-08-12T21:42:32.000Z","attachments":{"media_keys":["3_1425935754140831752"]},"author_id":"74180989","public_metrics":{"retweet_count":12,"reply_count":3,"like_count":14,"quote_count":0}},{"id":"1425935717277052930","lang":"fr","text":"RT @SecCivileFrance: \uD83C\uDDEB\uD83C\uDDF7\uD83E\uDD1D\uD83C\uDDE9\uD83C\uDDFF Les 2 #Canadair et le Beech sont arrivés en #Algérie.\nLes premiers largages ont été réalisés pour faire face aux…","created_at":"2021-08-12T21:42:22.000Z","author_id":"258330696","public_metrics":{"retweet_count":327,"reply_count":0,"like_count":0,"quote_count":0}},{"id":"1425935646745677829","lang":"fr","text":"Le jour où vous comprendrez que c’est le gouvernement algérien qui met le feu a nos terres en kabylie vous verrez","created_at":"2021-08-12T21:42:05.000Z","author_id":"1214257550813585409","public_metrics":{"retweet_count":0,"reply_count":1,"like_count":5,"quote_count":0}},{"id":"1425934874670682113","lang":"fr","text":"RT @SecCivileFrance: \uD83C\uDDEB\uD83C\uDDF7\uD83E\uDD1D\uD83C\uDDE9\uD83C\uDDFF Les 2 #Canadair et le Beech sont arrivés en #Algérie.\nLes premiers largages ont été réalisés pour faire face aux…","created_at":"2021-08-12T21:39:01.000Z","author_id":"1094962387231391744","public_metrics":{"retweet_count":327,"reply_count":0,"like_count":0,"quote_count":0}},{"id":"1425934798242131974","lang":"fr","text":"RT @kabyle: Immense incendie à la forêt du village Amraou #Amizour #Kabylie","created_at":"2021-08-12T21:38:43.000Z","author_id":"763731654049497088","public_metrics":{"retweet_count":7,"reply_count":0,"like_count":0,"quote_count":0}},{"id":"1425934594130518017","lang":"fr","text":"RT @SecCivileFrance: \uD83C\uDDEB\uD83C\uDDF7\uD83E\uDD1D\uD83C\uDDE9\uD83C\uDDFF Les 2 #Canadair et le Beech sont arrivés en #Algérie.\nLes premiers largages ont été réalisés pour faire face aux…","created_at":"2021-08-12T21:37:54.000Z","author_id":"2980983868","public_metrics":{"retweet_count":327,"reply_count":0,"like_count":0,"quote_count":0}},{"id":"1425934278945292288","lang":"fr","text":"RT @SecCivileFrance: \uD83C\uDDEB\uD83C\uDDF7\uD83E\uDD1D\uD83C\uDDE9\uD83C\uDDFF Les 2 #Canadair et le Beech sont arrivés en #Algérie.\nLes premiers largages ont été réalisés pour faire face aux…","created_at":"2021-08-12T21:36:39.000Z","author_id":"4213319368","public_metrics":{"retweet_count":327,"reply_count":0,"like_count":0,"quote_count":0}},{"id":"1425934072174370816","lang":"fr","text":"RT @SecCivileFrance: \uD83C\uDDEB\uD83C\uDDF7\uD83E\uDD1D\uD83C\uDDE9\uD83C\uDDFF Les 2 #Canadair et le Beech sont arrivés en #Algérie.\nLes premiers largages ont été réalisés pour faire face aux…","created_at":"2021-08-12T21:35:50.000Z","author_id":"276515831","public_metrics":{"retweet_count":327,"reply_count":0,"like_count":0,"quote_count":0}},{"id":"1425933751234740224","lang":"en","text":"RT @KhaledBeydoun: Prayers up for Algeria \uD83C\uDDE9\uD83C\uDDFF— at least 42 people killed by fires raging in Kabylie region https://t.co/UQR1iI34Rk","created_at":"2021-08-12T21:34:33.000Z","attachments":{"media_keys":["3_1425252039798427648"]},"author_id":"1172929210597249024","public_metrics":{"retweet_count":817,"reply_count":0,"like_count":0,"quote_count":0}},{"id":"1425933053386444801","lang":"fr","text":"RT @SecCivileFrance: \uD83C\uDDEB\uD83C\uDDF7\uD83E\uDD1D\uD83C\uDDE9\uD83C\uDDFF Les 2 #Canadair et le Beech sont arrivés en #Algérie.\nLes premiers largages ont été réalisés pour faire face aux…","created_at":"2021-08-12T21:31:47.000Z","author_id":"807975069821583360","public_metrics":{"retweet_count":327,"reply_count":0,"like_count":0,"quote_count":0}},{"id":"1425933035829141506","lang":"fr","text":"RT @daoud_kamel: Ce pays est aujourd’hui à un tournant. Il a toutes les raisons de s’effondrer et toutes les autres de se relever (...)On p…","created_at":"2021-08-12T21:31:42.000Z","author_id":"1061332530190839809","public_metrics":{"retweet_count":32,"reply_count":0,"like_count":0,"quote_count":0}},{"id":"1425932949870977026","lang":"fr","text":"RT @SecCivileFrance: \uD83C\uDDEB\uD83C\uDDF7\uD83E\uDD1D\uD83C\uDDE9\uD83C\uDDFF Les 2 #Canadair et le Beech sont arrivés en #Algérie.\nLes premiers largages ont été réalisés pour faire face aux…","created_at":"2021-08-12T21:31:22.000Z","author_id":"1367937264454631439","public_metrics":{"retweet_count":327,"reply_count":0,"like_count":0,"quote_count":0}},{"id":"1425932673600704514","lang":"fr","text":"RT @Videos2Riles: Pour aider les victimes d'incendie en Kabylie \nIl existe une cagnotte sur Paypal que je vous partage \nhttps://t.co/t0Spnp…","created_at":"2021-08-12T21:30:16.000Z","author_id":"797058269156143104","public_metrics":{"retweet_count":995,"reply_count":0,"like_count":0,"quote_count":0}},{"id":"1425932669079203843","lang":"fr","text":"RT @daoud_kamel: Ce pays est aujourd’hui à un tournant. Il a toutes les raisons de s’effondrer et toutes les autres de se relever (...)On p…","created_at":"2021-08-12T21:30:15.000Z","author_id":"164714929","public_metrics":{"retweet_count":32,"reply_count":0,"like_count":0,"quote_count":0}},{"id":"1425932600925958147","lang":"fr","text":"RT @HindaBe0rlegui_: Après la Covid-19, le manque d’eau, les chutes de tension, c’est au tour des incendies. \nPlusieurs feu  d’incendie ont…","created_at":"2021-08-12T21:29:59.000Z","author_id":"1195835672667607040","public_metrics":{"retweet_count":181,"reply_count":0,"like_count":0,"quote_count":0}},{"id":"1425932581594349575","lang":"fr","text":"RT @SecCivileFrance: \uD83C\uDDEB\uD83C\uDDF7\uD83E\uDD1D\uD83C\uDDE9\uD83C\uDDFF Les 2 #Canadair et le Beech sont arrivés en #Algérie.\nLes premiers largages ont été réalisés pour faire face aux…","created_at":"2021-08-12T21:29:54.000Z","author_id":"1312739783744069632","public_metrics":{"retweet_count":327,"reply_count":0,"like_count":0,"quote_count":0}},{"id":"1425932341885775883","lang":"fr","text":"#Algérie #Kabylie #Djamel_Bensmain Le père de jeune homme  brulé vif en Kabylie appelle à éteindre le feu de la fitna https://t.co/bLoi3pgq3V","created_at":"2021-08-12T21:28:57.000Z","author_id":"701001861655040006","public_metrics":{"retweet_count":1,"reply_count":0,"like_count":7,"quote_count":0}},{"id":"1425932301196746752","lang":"en","text":"Try to visit @2algerianstravel Instagram account to understand what is happening in Algeria \uD83C\uDDE9\uD83C\uDDFF she is sharing all about crurent fires in Algeria \n#PrayForAlgeria \n#globalcall \n#Algeria_forest_fires \n#kabylie\n#Algeria https://t.co/KI8dqxVhVF","created_at":"2021-08-12T21:28:47.000Z","attachments":{"media_keys":["3_1425932298223034378"]},"author_id":"2868874131","public_metrics":{"retweet_count":0,"reply_count":0,"like_count":0,"quote_count":0}},{"id":"1425931992043073541","lang":"fr","text":"RT @SecCivileFrance: \uD83C\uDDEB\uD83C\uDDF7\uD83E\uDD1D\uD83C\uDDE9\uD83C\uDDFF Les 2 #Canadair et le Beech sont arrivés en #Algérie.\nLes premiers largages ont été réalisés pour faire face aux…","created_at":"2021-08-12T21:27:34.000Z","author_id":"1352317636575715328","public_metrics":{"retweet_count":327,"reply_count":0,"like_count":0,"quote_count":0}},{"id":"1425931899143434248","lang":"fr","text":"RT @smylvg: Ma Kabylie est en feu. \nQue Dieu nous vienne en aide \uD83D\uDE4F\uD83C\uDFFB.\n#Kabylie https://t.co/FJMVSMEvrb","created_at":"2021-08-12T21:27:11.000Z","attachments":{"media_keys":["3_1424875017012224002","3_1424875017045749760","3_1424875017016328197","3_1424875017020583938"]},"author_id":"1320766436994854912","public_metrics":{"retweet_count":196,"reply_count":0,"like_count":0,"quote_count":0}},{"id":"1425931666233696258","lang":"fr","text":"RT @SecCivileFrance: \uD83C\uDDEB\uD83C\uDDF7\uD83E\uDD1D\uD83C\uDDE9\uD83C\uDDFF Les 2 #Canadair et le Beech sont arrivés en #Algérie.\nLes premiers largages ont été réalisés pour faire face aux…","created_at":"2021-08-12T21:26:16.000Z","author_id":"3245170743","public_metrics":{"retweet_count":327,"reply_count":0,"like_count":0,"quote_count":0}},{"id":"1425931370514223104","lang":"fr","text":"RT @Association_LS: Le feu a atteint la pompe à essence d'El Bir à Barbacha\n\nLe renfort n'est toujours pas là. Les habitants sont entourés…","created_at":"2021-08-12T21:25:05.000Z","author_id":"1160503720351809542","public_metrics":{"retweet_count":1,"reply_count":0,"like_count":0,"quote_count":0}},{"id":"1425931024115056641","lang":"fr","text":"RT @SecCivileFrance: \uD83C\uDDEB\uD83C\uDDF7\uD83E\uDD1D\uD83C\uDDE9\uD83C\uDDFF Les 2 #Canadair et le Beech sont arrivés en #Algérie.\nLes premiers largages ont été réalisés pour faire face aux…","created_at":"2021-08-12T21:23:43.000Z","author_id":"1287068929815388160","public_metrics":{"retweet_count":327,"reply_count":0,"like_count":0,"quote_count":0}},{"id":"1425931013180514309","lang":"fr","text":"RT @SecCivileFrance: \uD83C\uDDEB\uD83C\uDDF7\uD83E\uDD1D\uD83C\uDDE9\uD83C\uDDFF Les 2 #Canadair et le Beech sont arrivés en #Algérie.\nLes premiers largages ont été réalisés pour faire face aux…","created_at":"2021-08-12T21:23:40.000Z","author_id":"950996639610744834","public_metrics":{"retweet_count":327,"reply_count":0,"like_count":0,"quote_count":0}},{"id":"1425931001981673477","lang":"en","text":"RT @Reuters: Forest fires in Algeria killed 42 people, including 25 soldiers deployed to help put out the blaze, the government said, as th…","created_at":"2021-08-12T21:23:38.000Z","author_id":"1974118502","public_metrics":{"retweet_count":373,"reply_count":0,"like_count":0,"quote_count":0}},{"id":"1425930917013598210","lang":"fr","text":"RT @SecCivileFrance: \uD83C\uDDEB\uD83C\uDDF7\uD83E\uDD1D\uD83C\uDDE9\uD83C\uDDFF Les 2 #Canadair et le Beech sont arrivés en #Algérie.\nLes premiers largages ont été réalisés pour faire face aux…","created_at":"2021-08-12T21:23:17.000Z","author_id":"3525472337","public_metrics":{"retweet_count":327,"reply_count":0,"like_count":0,"quote_count":0}},{"id":"1425930543330377732","lang":"fr","text":"RT @daoud_kamel: Ce pays est aujourd’hui à un tournant. Il a toutes les raisons de s’effondrer et toutes les autres de se relever (...)On p…","created_at":"2021-08-12T21:21:48.000Z","author_id":"1322608539358142464","public_metrics":{"retweet_count":32,"reply_count":0,"like_count":0,"quote_count":0}},{"id":"1425930479480578049","lang":"fr","text":"RT @imzalene: Ils sont prisonniers des flammes en ce moment même !\n\n#DrameEnCours #Béjaia #Kabylie #SOS : Les gens sont encerclés de tout b…","created_at":"2021-08-12T21:21:33.000Z","author_id":"842127030430883847","public_metrics":{"retweet_count":49,"reply_count":0,"like_count":0,"quote_count":0}},{"id":"1425930462455816196","lang":"fr","text":"RT @SecCivileFrance: \uD83C\uDDEB\uD83C\uDDF7\uD83E\uDD1D\uD83C\uDDE9\uD83C\uDDFF Les 2 #Canadair et le Beech sont arrivés en #Algérie.\nLes premiers largages ont été réalisés pour faire face aux…","created_at":"2021-08-12T21:21:29.000Z","author_id":"1035818455033937920","public_metrics":{"retweet_count":327,"reply_count":0,"like_count":0,"quote_count":0}},{"id":"1425930363503788043","lang":"fr","text":"RT @chahrazzzz: 25 départs de feu aujourd’hui en Kabylie, c’est horrible https://t.co/vA8UKhswzZ","created_at":"2021-08-12T21:21:05.000Z","attachments":{"media_keys":["3_1424849354947502081","3_1424849354934951937","3_1424849354939064327","3_1424849355727687699"]},"author_id":"1184377448667996160","public_metrics":{"retweet_count":573,"reply_count":0,"like_count":0,"quote_count":0}},{"id":"1425930312194928643","lang":"fr","text":"RT @SecCivileFrance: \uD83C\uDDEB\uD83C\uDDF7\uD83E\uDD1D\uD83C\uDDE9\uD83C\uDDFF Les 2 #Canadair et le Beech sont arrivés en #Algérie.\nLes premiers largages ont été réalisés pour faire face aux…","created_at":"2021-08-12T21:20:53.000Z","author_id":"45365156","public_metrics":{"retweet_count":327,"reply_count":0,"like_count":0,"quote_count":0}},{"id":"1425930219693748233","lang":"fr","text":"RT @Videos2Riles: Pour aider les victimes d'incendie en Kabylie \nIl existe une cagnotte sur Paypal que je vous partage \nhttps://t.co/t0Spnp…","created_at":"2021-08-12T21:20:31.000Z","author_id":"1357450599776796673","public_metrics":{"retweet_count":995,"reply_count":0,"like_count":0,"quote_count":0}},{"id":"1425930212148187136","lang":"fr","text":"RT @futurasciences: [\uD83C\uDF0D] Canada, USA, Grèce, Turquie, et maintenant l' #Algerie ! Plus de 70 départs de feu se sont déclarés en début de sem…","created_at":"2021-08-12T21:20:29.000Z","author_id":"1373304834229669894","public_metrics":{"retweet_count":8,"reply_count":0,"like_count":0,"quote_count":0}},{"id":"1425930007772270602","lang":"fr","text":"RT @SecCivileFrance: \uD83C\uDDEB\uD83C\uDDF7\uD83E\uDD1D\uD83C\uDDE9\uD83C\uDDFF Les 2 #Canadair et le Beech sont arrivés en #Algérie.\nLes premiers largages ont été réalisés pour faire face aux…","created_at":"2021-08-12T21:19:41.000Z","author_id":"463133503","public_metrics":{"retweet_count":327,"reply_count":0,"like_count":0,"quote_count":0}},{"id":"1425929963140681734","lang":"fr","text":"Yavais moyen d’éteindre 2 feu le feu entre le Maroc et l’Algérie et le feu de la Kabylie mais bon https://t.co/vkgOjTZtqq","created_at":"2021-08-12T21:19:30.000Z","author_id":"1289237383288954880","public_metrics":{"retweet_count":0,"reply_count":1,"like_count":1,"quote_count":0}},{"id":"1425929812158332929","lang":"fr","text":"RT @_xAa09: vous préférez parler de Messi que de parler de la Kabylie qui est en train de prendre feu brf","created_at":"2021-08-12T21:18:54.000Z","author_id":"3385680509","public_metrics":{"retweet_count":1108,"reply_count":0,"like_count":0,"quote_count":0}},{"id":"1425929786673844226","lang":"fr","text":"RT @AkliStaifi: La Kabylie brûle, l'Algérie brûle...\nqu'Allah viennent en aide au peuple Kabyle et que toutes les victimes mortes par cet i…","created_at":"2021-08-12T21:18:48.000Z","author_id":"1195384874061967360","public_metrics":{"retweet_count":4132,"reply_count":0,"like_count":0,"quote_count":0}},{"id":"1425929715194421250","lang":"fr","text":"RT @karimazerrouki4: #Tizi_Ouzou\nAprès la Covid-19, le manque d’eau, les chutes de tension, c’est au tour des incendies. \nPlusieurs feu  d’…","created_at":"2021-08-12T21:18:31.000Z","author_id":"1270842399347167233","public_metrics":{"retweet_count":129,"reply_count":0,"like_count":0,"quote_count":0}},{"id":"1425929662027403264","lang":"fr","text":"RT @usmh_asma: Le village Taourirt Mokrane a Tizi Ouzou atteint par un énorme incendie \uD83E\uDD72 #Tizi_Ouzou #Kabylie #feu #TiziBrule #algerie #Kab…","created_at":"2021-08-12T21:18:18.000Z","author_id":"1270842399347167233","public_metrics":{"retweet_count":20,"reply_count":0,"like_count":0,"quote_count":0}},{"id":"1425929518057918469","lang":"fr","text":"RT @SecCivileFrance: \uD83C\uDDEB\uD83C\uDDF7\uD83E\uDD1D\uD83C\uDDE9\uD83C\uDDFF Les 2 #Canadair et le Beech sont arrivés en #Algérie.\nLes premiers largages ont été réalisés pour faire face aux…","created_at":"2021-08-12T21:17:44.000Z","author_id":"4235110042","public_metrics":{"retweet_count":327,"reply_count":0,"like_count":0,"quote_count":0}},{"id":"1425929457823531008","lang":"fr","text":"RT @SecCivileFrance: \uD83C\uDDEB\uD83C\uDDF7\uD83E\uDD1D\uD83C\uDDE9\uD83C\uDDFF Les 2 #Canadair et le Beech sont arrivés en #Algérie.\nLes premiers largages ont été réalisés pour faire face aux…","created_at":"2021-08-12T21:17:29.000Z","author_id":"985100582426959872","public_metrics":{"retweet_count":327,"reply_count":0,"like_count":0,"quote_count":0}},{"id":"1425928829567225860","lang":"fr","text":"RT @sirius1936: KABYLIE EN FEU\nUne pensée pour nos amis algériens eux aussi frappés par les incendies de forêts. https://t.co/0EE92y86ea","created_at":"2021-08-12T21:15:00.000Z","attachments":{"media_keys":["3_1425745645537841153"]},"author_id":"1396518476","public_metrics":{"retweet_count":85,"reply_count":0,"like_count":0,"quote_count":0}},{"id":"1425928805793861635","lang":"fr","text":"RT @SecCivileFrance: \uD83C\uDDEB\uD83C\uDDF7\uD83E\uDD1D\uD83C\uDDE9\uD83C\uDDFF Les 2 #Canadair et le Beech sont arrivés en #Algérie.\nLes premiers largages ont été réalisés pour faire face aux…","created_at":"2021-08-12T21:14:54.000Z","author_id":"1101218641629102080","public_metrics":{"retweet_count":327,"reply_count":0,"like_count":0,"quote_count":0}},{"id":"1425928777801011203","lang":"fr","text":"RT @SecCivileFrance: \uD83C\uDDEB\uD83C\uDDF7\uD83E\uDD1D\uD83C\uDDE9\uD83C\uDDFF Les 2 #Canadair et le Beech sont arrivés en #Algérie.\nLes premiers largages ont été réalisés pour faire face aux…","created_at":"2021-08-12T21:14:47.000Z","author_id":"1366906592","public_metrics":{"retweet_count":327,"reply_count":0,"like_count":0,"quote_count":0}},{"id":"1425928752362622980","lang":"fr","text":"RT @SecCivileFrance: \uD83C\uDDEB\uD83C\uDDF7\uD83E\uDD1D\uD83C\uDDE9\uD83C\uDDFF Les 2 #Canadair et le Beech sont arrivés en #Algérie.\nLes premiers largages ont été réalisés pour faire face aux…","created_at":"2021-08-12T21:14:41.000Z","author_id":"180317088","public_metrics":{"retweet_count":327,"reply_count":0,"like_count":0,"quote_count":0}},{"id":"1425928487576252416","lang":"fr","text":"RT @SecCivileFrance: \uD83C\uDDEB\uD83C\uDDF7\uD83E\uDD1D\uD83C\uDDE9\uD83C\uDDFF Les 2 #Canadair et le Beech sont arrivés en #Algérie.\nLes premiers largages ont été réalisés pour faire face aux…","created_at":"2021-08-12T21:13:38.000Z","author_id":"3234794982","public_metrics":{"retweet_count":327,"reply_count":0,"like_count":0,"quote_count":0}},{"id":"1425928467414241285","lang":"fr","text":"Le feu a atteint la pompe à essence d'El Bir à Barbacha\n\nLe renfort n'est toujours pas là. Les habitants sont entourés par les flammes \n\n#savedz \n#SaveAlgeria \n#Kabylie \n#Bejaia \n#kabyliebrule","created_at":"2021-08-12T21:13:33.000Z","author_id":"1264147179431702528","public_metrics":{"retweet_count":1,"reply_count":0,"like_count":2,"quote_count":0}},{"id":"1425928380134875141","lang":"fr","text":"RT @daoud_kamel: Ce pays est aujourd’hui à un tournant. Il a toutes les raisons de s’effondrer et toutes les autres de se relever (...)On p…","created_at":"2021-08-12T21:13:12.000Z","author_id":"2972740588","public_metrics":{"retweet_count":32,"reply_count":0,"like_count":0,"quote_count":0}},{"id":"1425928345909448707","lang":"fr","text":"RT @SecCivileFrance: \uD83C\uDDEB\uD83C\uDDF7\uD83E\uDD1D\uD83C\uDDE9\uD83C\uDDFF Les 2 #Canadair et le Beech sont arrivés en #Algérie.\nLes premiers largages ont été réalisés pour faire face aux…","created_at":"2021-08-12T21:13:04.000Z","author_id":"2888167138","public_metrics":{"retweet_count":327,"reply_count":0,"like_count":0,"quote_count":0}},{"id":"1425928091273203729","lang":"fr","text":"RT @kevinbossuet: Ce qui se passe en #Kabylie est très grave. Un incendie est en train de ravager la région. Qu’attend le président algérie…","created_at":"2021-08-12T21:12:04.000Z","author_id":"1413495514683879426","public_metrics":{"retweet_count":50,"reply_count":0,"like_count":0,"quote_count":0}},{"id":"1425927813761273857","lang":"fr","text":"RT @SecCivileFrance: \uD83C\uDDEB\uD83C\uDDF7\uD83E\uDD1D\uD83C\uDDE9\uD83C\uDDFF Les 2 #Canadair et le Beech sont arrivés en #Algérie.\nLes premiers largages ont été réalisés pour faire face aux…","created_at":"2021-08-12T21:10:57.000Z","author_id":"45832761","public_metrics":{"retweet_count":327,"reply_count":0,"like_count":0,"quote_count":0}},{"id":"1425927633137717253","lang":"fr","text":"RT @RachidTemal: Pensées et soutien au peuple algérien touché et meurtri par ces nombreux incendies notamment en Kabylie. \nIl faut un souti…","created_at":"2021-08-12T21:10:14.000Z","author_id":"1161778293512781831","public_metrics":{"retweet_count":32,"reply_count":0,"like_count":0,"quote_count":0}},{"id":"1425927438002008067","lang":"fr","text":"RT @SecCivileFrance: \uD83C\uDDEB\uD83C\uDDF7\uD83E\uDD1D\uD83C\uDDE9\uD83C\uDDFF Les 2 #Canadair et le Beech sont arrivés en #Algérie.\nLes premiers largages ont été réalisés pour faire face aux…","created_at":"2021-08-12T21:09:28.000Z","author_id":"925805225377746944","public_metrics":{"retweet_count":327,"reply_count":0,"like_count":0,"quote_count":0}},{"id":"1425927333454786563","lang":"en","text":"RT @KhaledBeydoun: Prayers up for Algeria \uD83C\uDDE9\uD83C\uDDFF— at least 42 people killed by fires raging in Kabylie region https://t.co/UQR1iI34Rk","created_at":"2021-08-12T21:09:03.000Z","attachments":{"media_keys":["3_1425252039798427648"]},"author_id":"709935972536999936","public_metrics":{"retweet_count":817,"reply_count":0,"like_count":0,"quote_count":0}},{"id":"1425927330766233613","lang":"fr","text":"RT @SecCivileFrance: \uD83C\uDDEB\uD83C\uDDF7\uD83E\uDD1D\uD83C\uDDE9\uD83C\uDDFF Les 2 #Canadair et le Beech sont arrivés en #Algérie.\nLes premiers largages ont été réalisés pour faire face aux…","created_at":"2021-08-12T21:09:02.000Z","author_id":"239550185","public_metrics":{"retweet_count":327,"reply_count":0,"like_count":0,"quote_count":0}},{"id":"1425927316618764290","lang":"fr","text":"RT @SecCivileFrance: \uD83C\uDDEB\uD83C\uDDF7\uD83E\uDD1D\uD83C\uDDE9\uD83C\uDDFF Les 2 #Canadair et le Beech sont arrivés en #Algérie.\nLes premiers largages ont été réalisés pour faire face aux…","created_at":"2021-08-12T21:08:59.000Z","author_id":"956802161006039040","public_metrics":{"retweet_count":327,"reply_count":0,"like_count":0,"quote_count":0}},{"id":"1425927246359973893","lang":"fr","text":"@ZemmourEric Sentez vous les odeurs du feu qui consumme les collines de kabylie, vos origines très lointaines pourraient au moins vous arracher un sentiment d'empathie. ne vous inquiétez pas cela ne perturbera ni vos ambitions présidentielles ni votre électorat ultra nationaliste","created_at":"2021-08-12T21:08:42.000Z","author_id":"1262075163300048899","public_metrics":{"retweet_count":0,"reply_count":0,"like_count":0,"quote_count":0}},{"id":"1425927041472507907","lang":"fr","text":"RT @SecCivileFrance: \uD83C\uDDEB\uD83C\uDDF7\uD83E\uDD1D\uD83C\uDDE9\uD83C\uDDFF Les 2 #Canadair et le Beech sont arrivés en #Algérie.\nLes premiers largages ont été réalisés pour faire face aux…","created_at":"2021-08-12T21:07:53.000Z","author_id":"1244293883229544448","public_metrics":{"retweet_count":327,"reply_count":0,"like_count":0,"quote_count":0}},{"id":"1425926987508588547","lang":"fr","text":"RT @affassplus: Le pouvoir algériens refuse l aide internationale pourquoi?? C'est juste criminels!!\nLe gouvernement algérien a juste montr…","created_at":"2021-08-12T21:07:40.000Z","author_id":"1232084537783595008","public_metrics":{"retweet_count":3,"reply_count":0,"like_count":0,"quote_count":0}},{"id":"1425926934832328710","lang":"fr","text":"Avez-vous remarqué que les personnalités et médias français ont tendance à trop citer la #Kabylie concernant les incendies. On croirait presque que c'est un pays. La cagnotte solidaire que je propose n'exclut pas les autres régions de l' #Algérie https://t.co/F7FSGQARiU","created_at":"2021-08-12T21:07:28.000Z","author_id":"16664925","public_metrics":{"retweet_count":1,"reply_count":1,"like_count":1,"quote_count":1}},{"id":"1425926921968308230","lang":"fr","text":"RT @SecCivileFrance: \uD83C\uDDEB\uD83C\uDDF7\uD83E\uDD1D\uD83C\uDDE9\uD83C\uDDFF Les 2 #Canadair et le Beech sont arrivés en #Algérie.\nLes premiers largages ont été réalisés pour faire face aux…","created_at":"2021-08-12T21:07:25.000Z","author_id":"1239585659066691591","public_metrics":{"retweet_count":327,"reply_count":0,"like_count":0,"quote_count":0}},{"id":"1425926815470792708","lang":"fr","text":"RT @SecCivileFrance: \uD83C\uDDEB\uD83C\uDDF7\uD83E\uDD1D\uD83C\uDDE9\uD83C\uDDFF Les 2 #Canadair et le Beech sont arrivés en #Algérie.\nLes premiers largages ont été réalisés pour faire face aux…","created_at":"2021-08-12T21:06:59.000Z","author_id":"768750555715993600","public_metrics":{"retweet_count":327,"reply_count":0,"like_count":0,"quote_count":0}},{"id":"1425926807082123266","lang":"fr","text":"RT @SecCivileFrance: \uD83C\uDDEB\uD83C\uDDF7\uD83E\uDD1D\uD83C\uDDE9\uD83C\uDDFF Les 2 #Canadair et le Beech sont arrivés en #Algérie.\nLes premiers largages ont été réalisés pour faire face aux…","created_at":"2021-08-12T21:06:57.000Z","author_id":"916788799","public_metrics":{"retweet_count":327,"reply_count":0,"like_count":0,"quote_count":0}},{"id":"1425926803923906562","lang":"fr","text":"RT @SecCivileFrance: \uD83C\uDDEB\uD83C\uDDF7\uD83E\uDD1D\uD83C\uDDE9\uD83C\uDDFF Les 2 #Canadair et le Beech sont arrivés en #Algérie.\nLes premiers largages ont été réalisés pour faire face aux…","created_at":"2021-08-12T21:06:57.000Z","author_id":"1076857674","public_metrics":{"retweet_count":327,"reply_count":0,"like_count":0,"quote_count":0}},{"id":"1425926745039978498","lang":"fr","text":"RT @Islametinfo: ⭕ #DrameEnCours #Béjaia #SOS : Le feu encercle de tout bord les villages de Tala Hiba (Toudja). L'évacuation est devenu im…","created_at":"2021-08-12T21:06:43.000Z","author_id":"842127030430883847","public_metrics":{"retweet_count":72,"reply_count":0,"like_count":0,"quote_count":0}},{"id":"1425926702413266946","lang":"fr","text":"RT @bejaia_lyon: Tout était planifié. Les traces de feu et d’essence ne trompent pas. \uD83D\uDE22\uD83D\uDE22\uD83D\uDE22\uD83D\uDE22\uD83D\uDE22\uD83D\uDE22\uD83D\uDE22\uD83D\uDE22#kabylie #kabyliebrule #AlgeriaIsBurning #alg…","created_at":"2021-08-12T21:06:32.000Z","author_id":"854329051288350721","public_metrics":{"retweet_count":8,"reply_count":0,"like_count":0,"quote_count":0}},{"id":"1425926666472329217","lang":"fr","text":"RT @SecCivileFrance: \uD83C\uDDEB\uD83C\uDDF7\uD83E\uDD1D\uD83C\uDDE9\uD83C\uDDFF Les 2 #Canadair et le Beech sont arrivés en #Algérie.\nLes premiers largages ont été réalisés pour faire face aux…","created_at":"2021-08-12T21:06:24.000Z","author_id":"2909731000","public_metrics":{"retweet_count":327,"reply_count":0,"like_count":0,"quote_count":0}},{"id":"1425926665872478213","lang":"fr","text":"RT @SecCivileFrance: \uD83C\uDDEB\uD83C\uDDF7\uD83E\uDD1D\uD83C\uDDE9\uD83C\uDDFF Les 2 #Canadair et le Beech sont arrivés en #Algérie.\nLes premiers largages ont été réalisés pour faire face aux…","created_at":"2021-08-12T21:06:24.000Z","author_id":"968986153994084357","public_metrics":{"retweet_count":327,"reply_count":0,"like_count":0,"quote_count":0}},{"id":"1425926662558978054","lang":"fr","text":"RT @SecCivileFrance: \uD83C\uDDEB\uD83C\uDDF7\uD83E\uDD1D\uD83C\uDDE9\uD83C\uDDFF Les 2 #Canadair et le Beech sont arrivés en #Algérie.\nLes premiers largages ont été réalisés pour faire face aux…","created_at":"2021-08-12T21:06:23.000Z","author_id":"826009201600233474","public_metrics":{"retweet_count":327,"reply_count":0,"like_count":0,"quote_count":0}},{"id":"1425926466592821249","lang":"fr","text":"RT @SecCivileFrance: \uD83C\uDDEB\uD83C\uDDF7\uD83E\uDD1D\uD83C\uDDE9\uD83C\uDDFF Les 2 #Canadair et le Beech sont arrivés en #Algérie.\nLes premiers largages ont été réalisés pour faire face aux…","created_at":"2021-08-12T21:05:36.000Z","author_id":"3217814806","public_metrics":{"retweet_count":327,"reply_count":0,"like_count":0,"quote_count":0}},{"id":"1425926423643054085","lang":"fr","text":"RT @sirius1936: KABYLIE EN FEU\nUne pensée pour nos amis algériens eux aussi frappés par les incendies de forêts. https://t.co/0EE92y86ea","created_at":"2021-08-12T21:05:26.000Z","attachments":{"media_keys":["3_1425745645537841153"]},"author_id":"238703725","public_metrics":{"retweet_count":85,"reply_count":0,"like_count":0,"quote_count":0}},{"id":"1425926403271364610","lang":"fr","text":"RT @SecCivileFrance: \uD83C\uDDEB\uD83C\uDDF7\uD83E\uDD1D\uD83C\uDDE9\uD83C\uDDFF Les 2 #Canadair et le Beech sont arrivés en #Algérie.\nLes premiers largages ont été réalisés pour faire face aux…","created_at":"2021-08-12T21:05:21.000Z","author_id":"1287759796821786624","public_metrics":{"retweet_count":327,"reply_count":0,"like_count":0,"quote_count":0}},{"id":"1425926402436739072","lang":"fr","text":"RT @SecCivileFrance: \uD83C\uDDEB\uD83C\uDDF7\uD83E\uDD1D\uD83C\uDDE9\uD83C\uDDFF Les 2 #Canadair et le Beech sont arrivés en #Algérie.\nLes premiers largages ont été réalisés pour faire face aux…","created_at":"2021-08-12T21:05:21.000Z","author_id":"1193304359557304321","public_metrics":{"retweet_count":327,"reply_count":0,"like_count":0,"quote_count":0}},{"id":"1425926119342153732","lang":"fr","text":"RT @SecCivileFrance: \uD83C\uDDEB\uD83C\uDDF7\uD83E\uDD1D\uD83C\uDDE9\uD83C\uDDFF Les 2 #Canadair et le Beech sont arrivés en #Algérie.\nLes premiers largages ont été réalisés pour faire face aux…","created_at":"2021-08-12T21:04:13.000Z","author_id":"1141469098020364294","public_metrics":{"retweet_count":327,"reply_count":0,"like_count":0,"quote_count":0}},{"id":"1425925985086672930","lang":"fr","text":"RT @SecCivileFrance: \uD83C\uDDEB\uD83C\uDDF7\uD83E\uDD1D\uD83C\uDDE9\uD83C\uDDFF Les 2 #Canadair et le Beech sont arrivés en #Algérie.\nLes premiers largages ont été réalisés pour faire face aux…","created_at":"2021-08-12T21:03:41.000Z","author_id":"1127307613757161472","public_metrics":{"retweet_count":327,"reply_count":0,"like_count":0,"quote_count":0}},{"id":"1425925798511448067","lang":"fr","text":"RT @sirius1936: KABYLIE EN FEU\nUne pensée pour nos amis algériens eux aussi frappés par les incendies de forêts. https://t.co/0EE92y86ea","created_at":"2021-08-12T21:02:57.000Z","attachments":{"media_keys":["3_1425745645537841153"]},"author_id":"1149012357189984257","public_metrics":{"retweet_count":85,"reply_count":0,"like_count":0,"quote_count":0}},{"id":"1425925698296889352","lang":"fr","text":"#kabylie #PrayForKabylia #algerie #algeria \n#الجزائر\nEnlevez vos tenailles!\nKabylie encerclée par le feu depuis 5j!!!\nvous avez empêché l'aide de la communauté internationale comme vous bloquez l'aide de la diaspora\nAvec deux canaderes Fr on a la visite du général et son ministre https://t.co/llzE6fGMgD https://t.co/ZgVRJVIn9D","created_at":"2021-08-12T21:02:33.000Z","attachments":{"media_keys":["3_1425925695570681856"]},"author_id":"1241140173922086912","public_metrics":{"retweet_count":0,"reply_count":0,"like_count":0,"quote_count":0}},{"id":"1425925563471044616","lang":"fr","text":"@Lamaida98Mc @bachirbensell @EmmanuelMacron C le letat qui a provoquer le feu, il veulent erradiquer la kabylie car ce sont nous les vrai vivant d'Algérie avant que dautre la pervertise a l'islam et autre, nous kabylie nous vivant comme ont veut athé ,juif,musulman, chrétien. Et depuis il arrivent au gros moyens","created_at":"2021-08-12T21:02:01.000Z","author_id":"871715276764717060","public_metrics":{"retweet_count":0,"reply_count":0,"like_count":2,"quote_count":0}},{"id":"1425925473700392963","lang":"en","text":"RT @Reuters: Forest fires in Algeria killed 42 people, including 25 soldiers deployed to help put out the blaze, the government said, as th…","created_at":"2021-08-12T21:01:40.000Z","author_id":"1413951258189303815","public_metrics":{"retweet_count":373,"reply_count":0,"like_count":0,"quote_count":0}},{"id":"1425925248092868608","lang":"fr","text":"RT @SecCivileFrance: \uD83C\uDDEB\uD83C\uDDF7\uD83E\uDD1D\uD83C\uDDE9\uD83C\uDDFF Les 2 #Canadair et le Beech sont arrivés en #Algérie.\nLes premiers largages ont été réalisés pour faire face aux…","created_at":"2021-08-12T21:00:46.000Z","author_id":"604883587","public_metrics":{"retweet_count":327,"reply_count":0,"like_count":0,"quote_count":0}},{"id":"1425924897998520330","lang":"fr","text":"RT @sirius1936: KABYLIE EN FEU\nUne pensée pour nos amis algériens eux aussi frappés par les incendies de forêts. https://t.co/0EE92y86ea","created_at":"2021-08-12T20:59:22.000Z","attachments":{"media_keys":["3_1425745645537841153"]},"author_id":"1118912435543511040","public_metrics":{"retweet_count":85,"reply_count":0,"like_count":0,"quote_count":0}}],"includes":{"media":[{"media_key":"7_1424790773518774278","public_metrics":{"view_count":79104},"type":"video"},{"media_key":"7_1424869669266239495","public_metrics":{"view_count":4587},"type":"video"},{"media_key":"3_1425935754140831752","type":"photo","url":"https://pbs.twimg.com/media/E8nxA3IX0AgOI-d.jpg"},{"media_key":"3_1425252039798427648","type":"photo","url":"https://pbs.twimg.com/media/E8eDLcuWEAAHQzL.jpg"},{"media_key":"3_1425932298223034378","type":"photo","url":"https://pbs.twimg.com/media/E8nt3s1XIAojCem.jpg"},{"media_key":"3_1424875017012224002","type":"photo","url":"https://pbs.twimg.com/media/E8YsR1ZXoAIEyNU.jpg"},{"media_key":"3_1424875017045749760","type":"photo","url":"https://pbs.twimg.com/media/E8YsR1hXMAALI6f.jpg"},{"media_key":"3_1424875017016328197","type":"photo","url":"https://pbs.twimg.com/media/E8YsR1aWQAUlIkh.jpg"},{"media_key":"3_1424875017020583938","type":"photo","url":"https://pbs.twimg.com/media/E8YsR1bXMAIwDIN.jpg"},{"media_key":"3_1424849354947502081","type":"photo","url":"https://pbs.twimg.com/media/E8YU8GwXIAEaVtd.jpg"},{"media_key":"3_1424849354934951937","type":"photo","url":"https://pbs.twimg.com/media/E8YU8GtXoAEXCRu.jpg"},{"media_key":"3_1424849354939064327","type":"photo","url":"https://pbs.twimg.com/media/E8YU8GuWYAcbbO-.jpg"},{"media_key":"3_1424849355727687699","type":"photo","url":"https://pbs.twimg.com/media/E8YU8JqX0BMgrdP.jpg"},{"media_key":"3_1425745645537841153","type":"photo","url":"https://pbs.twimg.com/media/E8lEHFZX0AE6k45.jpg"},{"media_key":"3_1425925695570681856","type":"photo","url":"https://pbs.twimg.com/media/E8nn3YCXoAAHusw.jpg"}]},"meta":{"newest_id":"1425937408776880130","oldest_id":"1425924897998520330","result_count":100,"next_token":"b26v89c19zqg8o3fpdm8kx1m3v1f2xtf96rrtzqzt5u2l"}}