{"data":[{"id":"1425924787403067393","public_metrics":{"retweet_count":327,"reply_count":0,"like_count":0,"quote_count":0},"created_at":"2021-08-12T20:58:56.000Z","text":"RT @SecCivileFrance: \uD83C\uDDEB\uD83C\uDDF7\uD83E\uDD1D\uD83C\uDDE9\uD83C\uDDFF Les 2 #Canadair et le Beech sont arrivés en #Algérie.\nLes premiers largages ont été réalisés pour faire face aux…","lang":"fr","author_id":"2201283403"},{"id":"1425924549447663624","public_metrics":{"retweet_count":32,"reply_count":0,"like_count":0,"quote_count":0},"created_at":"2021-08-12T20:57:59.000Z","text":"RT @daoud_kamel: Ce pays est aujourd’hui à un tournant. Il a toutes les raisons de s’effondrer et toutes les autres de se relever (...)On p…","lang":"fr","author_id":"730146887387521030"},{"id":"1425924385563713540","public_metrics":{"retweet_count":1108,"reply_count":0,"like_count":0,"quote_count":0},"created_at":"2021-08-12T20:57:20.000Z","text":"RT @_xAa09: vous préférez parler de Messi que de parler de la Kabylie qui est en train de prendre feu brf","lang":"fr","author_id":"1155430464116744198"},{"id":"1425924169288593412","public_metrics":{"retweet_count":1,"reply_count":0,"like_count":0,"quote_count":0},"created_at":"2021-08-12T20:56:29.000Z","text":"RT @StrikerAmazing: @APS_Algerie #Tebboune criminel !! La junte militaire Algérienne mafieuse a mis le feu délibérément pour terroriser la…","lang":"fr","author_id":"1025803446140776448"},{"id":"1425924146995863557","public_metrics":{"retweet_count":327,"reply_count":0,"like_count":0,"quote_count":0},"created_at":"2021-08-12T20:56:23.000Z","text":"RT @SecCivileFrance: \uD83C\uDDEB\uD83C\uDDF7\uD83E\uDD1D\uD83C\uDDE9\uD83C\uDDFF Les 2 #Canadair et le Beech sont arrivés en #Algérie.\nLes premiers largages ont été réalisés pour faire face aux…","lang":"fr","author_id":"1214006957088002054"},{"id":"1425924117363138565","public_metrics":{"retweet_count":373,"reply_count":0,"like_count":0,"quote_count":0},"created_at":"2021-08-12T20:56:16.000Z","text":"RT @Reuters: Forest fires in Algeria killed 42 people, including 25 soldiers deployed to help put out the blaze, the government said, as th…","lang":"en","author_id":"1319204572292939776"},{"id":"1425923428134051844","public_metrics":{"retweet_count":32,"reply_count":0,"like_count":0,"quote_count":0},"created_at":"2021-08-12T20:53:32.000Z","text":"RT @daoud_kamel: Ce pays est aujourd’hui à un tournant. Il a toutes les raisons de s’effondrer et toutes les autres de se relever (...)On p…","lang":"fr","author_id":"1316790195564445699"},{"id":"1425923310076973056","public_metrics":{"retweet_count":85,"reply_count":0,"like_count":0,"quote_count":0},"attachments":{"media_keys":["3_1425745645537841153"]},"created_at":"2021-08-12T20:53:04.000Z","text":"RT @sirius1936: KABYLIE EN FEU\nUne pensée pour nos amis algériens eux aussi frappés par les incendies de forêts. https://t.co/0EE92y86ea","lang":"fr","author_id":"1051047623350788096"},{"id":"1425923183291600897","public_metrics":{"retweet_count":327,"reply_count":0,"like_count":0,"quote_count":0},"created_at":"2021-08-12T20:52:33.000Z","text":"RT @SecCivileFrance: \uD83C\uDDEB\uD83C\uDDF7\uD83E\uDD1D\uD83C\uDDE9\uD83C\uDDFF Les 2 #Canadair et le Beech sont arrivés en #Algérie.\nLes premiers largages ont été réalisés pour faire face aux…","lang":"fr","author_id":"717927410"},{"id":"1425923111833280521","public_metrics":{"retweet_count":2897,"reply_count":0,"like_count":0,"quote_count":0},"created_at":"2021-08-12T20:52:16.000Z","text":"RT @Tizi_Ouzou15: Après la Covid-19, le manque d’eau, les chutes de tension, c’est au tour des incendies. \nPlusieurs feu  d’incendie ont ét…","lang":"fr","author_id":"3298219009"},{"id":"1425923102366736390","public_metrics":{"retweet_count":0,"reply_count":0,"like_count":0,"quote_count":0},"created_at":"2021-08-12T20:52:14.000Z","text":"Voici la Kabylie ce soir, livrée à elle même, le feu détruit les habitations, la population impuissante face à ces incendies regardent leur maison brûler et quittent les villages. Voila ce qui arrive lorsqu’un gouvernement abandonne son peuple. @TebbouneAmadjid @EmmanuelMacron https://t.co/4NRvepFUNf","lang":"fr","author_id":"1323374721040322568"},{"id":"1425923078039744516","public_metrics":{"retweet_count":0,"reply_count":0,"like_count":0,"quote_count":0},"created_at":"2021-08-12T20:52:08.000Z","text":"L’incendie en Kabylie c’est un incendie criminel en plus de ça un innocent qui est brûlé vif pensant qu’il était le coupable !! Mais où va le monde ?!","lang":"fr","author_id":"1379146868312186886"},{"id":"1425922986314506241","public_metrics":{"retweet_count":817,"reply_count":0,"like_count":0,"quote_count":0},"attachments":{"media_keys":["3_1425252039798427648"]},"created_at":"2021-08-12T20:51:46.000Z","text":"RT @KhaledBeydoun: Prayers up for Algeria \uD83C\uDDE9\uD83C\uDDFF— at least 42 people killed by fires raging in Kabylie region https://t.co/UQR1iI34Rk","lang":"en","author_id":"1113269481487380485"},{"id":"1425922763118858243","public_metrics":{"retweet_count":817,"reply_count":0,"like_count":0,"quote_count":0},"attachments":{"media_keys":["3_1425252039798427648"]},"created_at":"2021-08-12T20:50:53.000Z","text":"RT @KhaledBeydoun: Prayers up for Algeria \uD83C\uDDE9\uD83C\uDDFF— at least 42 people killed by fires raging in Kabylie region https://t.co/UQR1iI34Rk","lang":"en","author_id":"424047059"},{"id":"1425922626359283722","public_metrics":{"retweet_count":74,"reply_count":0,"like_count":0,"quote_count":0},"created_at":"2021-08-12T20:50:21.000Z","text":"RT @TariqibnZiyad__: Si la charia était instauré en Algérie cet innocent qui est venu aider ces frères en Kabylie ne serait pas brûlé vif c…","lang":"fr","author_id":"1295120997234937857"},{"id":"1425922533782663171","public_metrics":{"retweet_count":0,"reply_count":1,"like_count":0,"quote_count":0},"created_at":"2021-08-12T20:49:59.000Z","text":"@BoudiNabil La Kabylie face au feu...","lang":"fr","author_id":"1224007587345117184"},{"id":"1425922470972887046","public_metrics":{"retweet_count":15,"reply_count":0,"like_count":0,"quote_count":0},"created_at":"2021-08-12T20:49:44.000Z","text":"RT @RoyalSegolene: Tristesse et soutien à l’Algérie et aux habitants de Kabylie qui subissent  un effroyable incendie #Algerie","lang":"fr","author_id":"187900223"},{"id":"1425922396939243522","public_metrics":{"retweet_count":74,"reply_count":0,"like_count":0,"quote_count":0},"created_at":"2021-08-12T20:49:26.000Z","text":"RT @TariqibnZiyad__: Si la charia était instauré en Algérie cet innocent qui est venu aider ces frères en Kabylie ne serait pas brûlé vif c…","lang":"fr","author_id":"975260842391465985"},{"id":"1425922111231729665","public_metrics":{"retweet_count":327,"reply_count":0,"like_count":0,"quote_count":0},"created_at":"2021-08-12T20:48:18.000Z","text":"RT @SecCivileFrance: \uD83C\uDDEB\uD83C\uDDF7\uD83E\uDD1D\uD83C\uDDE9\uD83C\uDDFF Les 2 #Canadair et le Beech sont arrivés en #Algérie.\nLes premiers largages ont été réalisés pour faire face aux…","lang":"fr","author_id":"1425206175402967041"},{"id":"1425921870373720064","public_metrics":{"retweet_count":74,"reply_count":0,"like_count":0,"quote_count":0},"created_at":"2021-08-12T20:47:20.000Z","text":"RT @TariqibnZiyad__: Si la charia était instauré en Algérie cet innocent qui est venu aider ces frères en Kabylie ne serait pas brûlé vif c…","lang":"fr","author_id":"1377217509640830976"},{"id":"1425921557310971909","public_metrics":{"retweet_count":196,"reply_count":0,"like_count":0,"quote_count":0},"attachments":{"media_keys":["3_1424875017012224002","3_1424875017045749760","3_1424875017016328197","3_1424875017020583938"]},"created_at":"2021-08-12T20:46:06.000Z","text":"RT @smylvg: Ma Kabylie est en feu. \nQue Dieu nous vienne en aide \uD83D\uDE4F\uD83C\uDFFB.\n#Kabylie https://t.co/FJMVSMEvrb","lang":"fr","author_id":"1272664306354737152"},{"id":"1425921461219385344","public_metrics":{"retweet_count":32,"reply_count":0,"like_count":0,"quote_count":0},"created_at":"2021-08-12T20:45:43.000Z","text":"RT @daoud_kamel: Ce pays est aujourd’hui à un tournant. Il a toutes les raisons de s’effondrer et toutes les autres de se relever (...)On p…","lang":"fr","author_id":"1341367439142088704"},{"id":"1425921392474791938","public_metrics":{"retweet_count":3,"reply_count":0,"like_count":2,"quote_count":0},"attachments":{"media_keys":["3_1425921390214107138"]},"created_at":"2021-08-12T20:45:26.000Z","text":"Le pouvoir algériens refuse l aide internationale pourquoi?? C'est juste criminels!!\nLe gouvernement algérien a juste montré qu il est bien celui qui a mis le feu a la kabylie en refusant l aide internationale c'est du terrorisme l aide humanitaire ne peut pas être refusé!! L ONU https://t.co/NM61YpMbrT","lang":"fr","author_id":"763731654049497088"},{"id":"1425921105072738305","public_metrics":{"retweet_count":327,"reply_count":0,"like_count":0,"quote_count":0},"created_at":"2021-08-12T20:44:18.000Z","text":"RT @SecCivileFrance: \uD83C\uDDEB\uD83C\uDDF7\uD83E\uDD1D\uD83C\uDDE9\uD83C\uDDFF Les 2 #Canadair et le Beech sont arrivés en #Algérie.\nLes premiers largages ont été réalisés pour faire face aux…","lang":"fr","author_id":"2710408944"},{"id":"1425920849689841667","public_metrics":{"retweet_count":327,"reply_count":0,"like_count":0,"quote_count":0},"created_at":"2021-08-12T20:43:17.000Z","text":"RT @SecCivileFrance: \uD83C\uDDEB\uD83C\uDDF7\uD83E\uDD1D\uD83C\uDDE9\uD83C\uDDFF Les 2 #Canadair et le Beech sont arrivés en #Algérie.\nLes premiers largages ont été réalisés pour faire face aux…","lang":"fr","author_id":"854061337185529856"},{"id":"1425920742848442372","public_metrics":{"retweet_count":327,"reply_count":0,"like_count":0,"quote_count":0},"created_at":"2021-08-12T20:42:52.000Z","text":"RT @SecCivileFrance: \uD83C\uDDEB\uD83C\uDDF7\uD83E\uDD1D\uD83C\uDDE9\uD83C\uDDFF Les 2 #Canadair et le Beech sont arrivés en #Algérie.\nLes premiers largages ont été réalisés pour faire face aux…","lang":"fr","author_id":"1375608655"},{"id":"1425920582495969284","public_metrics":{"retweet_count":327,"reply_count":0,"like_count":0,"quote_count":0},"created_at":"2021-08-12T20:42:13.000Z","text":"RT @SecCivileFrance: \uD83C\uDDEB\uD83C\uDDF7\uD83E\uDD1D\uD83C\uDDE9\uD83C\uDDFF Les 2 #Canadair et le Beech sont arrivés en #Algérie.\nLes premiers largages ont été réalisés pour faire face aux…","lang":"fr","author_id":"560120957"},{"id":"1425919906802020354","public_metrics":{"retweet_count":196,"reply_count":0,"like_count":0,"quote_count":0},"attachments":{"media_keys":["3_1424875017012224002","3_1424875017045749760","3_1424875017016328197","3_1424875017020583938"]},"created_at":"2021-08-12T20:39:32.000Z","text":"RT @smylvg: Ma Kabylie est en feu. \nQue Dieu nous vienne en aide \uD83D\uDE4F\uD83C\uDFFB.\n#Kabylie https://t.co/FJMVSMEvrb","lang":"fr","author_id":"761276313726513152"},{"id":"1425919894487457800","public_metrics":{"retweet_count":15,"reply_count":0,"like_count":0,"quote_count":0},"created_at":"2021-08-12T20:39:29.000Z","text":"RT @RoyalSegolene: Tristesse et soutien à l’Algérie et aux habitants de Kabylie qui subissent  un effroyable incendie #Algerie","lang":"fr","author_id":"1858309856"},{"id":"1425919821246566407","public_metrics":{"retweet_count":327,"reply_count":0,"like_count":0,"quote_count":0},"created_at":"2021-08-12T20:39:12.000Z","text":"RT @SecCivileFrance: \uD83C\uDDEB\uD83C\uDDF7\uD83E\uDD1D\uD83C\uDDE9\uD83C\uDDFF Les 2 #Canadair et le Beech sont arrivés en #Algérie.\nLes premiers largages ont été réalisés pour faire face aux…","lang":"fr","author_id":"1074954618"},{"id":"1425919681345490945","public_metrics":{"retweet_count":10,"reply_count":0,"like_count":0,"quote_count":0},"created_at":"2021-08-12T20:38:38.000Z","text":"RT @bejaia_lyon: Hmdl les canadairs sont arrivés et ont éteint plusieurs foyers de feu. \uD83C\uDDE9\uD83C\uDDFF\uD83C\uDDE9\uD83C\uDDFF\uD83C\uDDE9\uD83C\uDDFF\uD83C\uDDE9\uD83C\uDDFF\uD83C\uDDE9\uD83C\uDDFF\uD83C\uDDE9\uD83C\uDDFF\uD83C\uDDE9\uD83C\uDDFF\uD83C\uDDE9\uD83C\uDDFF #kabylie #kabyliebrule #algerie ht…","lang":"fr","author_id":"3346408097"},{"id":"1425919645442265091","public_metrics":{"retweet_count":8,"reply_count":0,"like_count":0,"quote_count":0},"created_at":"2021-08-12T20:38:30.000Z","text":"RT @bejaia_lyon: Tout était planifié. Les traces de feu et d’essence ne trompent pas. \uD83D\uDE22\uD83D\uDE22\uD83D\uDE22\uD83D\uDE22\uD83D\uDE22\uD83D\uDE22\uD83D\uDE22\uD83D\uDE22#kabylie #kabyliebrule #AlgeriaIsBurning #alg…","lang":"fr","author_id":"3346408097"},{"id":"1425919541985546245","public_metrics":{"retweet_count":327,"reply_count":0,"like_count":0,"quote_count":0},"created_at":"2021-08-12T20:38:05.000Z","text":"RT @SecCivileFrance: \uD83C\uDDEB\uD83C\uDDF7\uD83E\uDD1D\uD83C\uDDE9\uD83C\uDDFF Les 2 #Canadair et le Beech sont arrivés en #Algérie.\nLes premiers largages ont été réalisés pour faire face aux…","lang":"fr","author_id":"829683678481616896"},{"id":"1425919514177327109","public_metrics":{"retweet_count":0,"reply_count":1,"like_count":2,"quote_count":0},"created_at":"2021-08-12T20:37:59.000Z","text":"@hitchco00521828 Ma région n’as pas eu bcp d’incendie…on partira en couille si les feux attendront les forêts de palistro ou bouira…y avait quelques incendies mais maîtriser à temps , la cata c’est la haute kabylie","lang":"fr","author_id":"1100050078360895488"},{"id":"1425919229975482374","public_metrics":{"retweet_count":327,"reply_count":0,"like_count":0,"quote_count":0},"created_at":"2021-08-12T20:36:51.000Z","text":"RT @SecCivileFrance: \uD83C\uDDEB\uD83C\uDDF7\uD83E\uDD1D\uD83C\uDDE9\uD83C\uDDFF Les 2 #Canadair et le Beech sont arrivés en #Algérie.\nLes premiers largages ont été réalisés pour faire face aux…","lang":"fr","author_id":"610713210"},{"id":"1425918730261909509","public_metrics":{"retweet_count":0,"reply_count":1,"like_count":1,"quote_count":0},"created_at":"2021-08-12T20:34:52.000Z","text":"en leur disant que nous n'avons pas su comment faire une école républicaine, fonder un parti démocratique, gérer une mosquée citoyenne, faire régner une culture du vivre ensemble.\nCertes il y a une maudite main qui ne cherche qu'allumer le feu de la discorde entre la Kabylie","lang":"fr","author_id":"984542866373599233"},{"id":"1425918604000772101","public_metrics":{"retweet_count":14,"reply_count":0,"like_count":0,"quote_count":0},"attachments":{"media_keys":["3_1424865639177588738"]},"created_at":"2021-08-12T20:34:22.000Z","text":"RT @dI929LC8qPCOtCq: LA KABYLIE EST EN FEU, AUCUNE RÉGION N'EST EPARGNÉE PAR CET ACTE CRIMINEL. https://t.co/qCw9LkSyTD\n#HelpKabylia https:…","lang":"fr","author_id":"1088106432875118597"},{"id":"1425918564201123848","public_metrics":{"retweet_count":327,"reply_count":0,"like_count":0,"quote_count":0},"created_at":"2021-08-12T20:34:12.000Z","text":"RT @SecCivileFrance: \uD83C\uDDEB\uD83C\uDDF7\uD83E\uDD1D\uD83C\uDDE9\uD83C\uDDFF Les 2 #Canadair et le Beech sont arrivés en #Algérie.\nLes premiers largages ont été réalisés pour faire face aux…","lang":"fr","author_id":"709516663683751936"},{"id":"1425918507175354374","public_metrics":{"retweet_count":327,"reply_count":0,"like_count":0,"quote_count":0},"created_at":"2021-08-12T20:33:59.000Z","text":"RT @SecCivileFrance: \uD83C\uDDEB\uD83C\uDDF7\uD83E\uDD1D\uD83C\uDDE9\uD83C\uDDFF Les 2 #Canadair et le Beech sont arrivés en #Algérie.\nLes premiers largages ont été réalisés pour faire face aux…","lang":"fr","author_id":"464804533"},{"id":"1425918483863412757","public_metrics":{"retweet_count":327,"reply_count":0,"like_count":0,"quote_count":0},"created_at":"2021-08-12T20:33:53.000Z","text":"RT @SecCivileFrance: \uD83C\uDDEB\uD83C\uDDF7\uD83E\uDD1D\uD83C\uDDE9\uD83C\uDDFF Les 2 #Canadair et le Beech sont arrivés en #Algérie.\nLes premiers largages ont été réalisés pour faire face aux…","lang":"fr","author_id":"1021844437310353408"},{"id":"1425918365315502083","public_metrics":{"retweet_count":1108,"reply_count":0,"like_count":0,"quote_count":0},"created_at":"2021-08-12T20:33:25.000Z","text":"RT @_xAa09: vous préférez parler de Messi que de parler de la Kabylie qui est en train de prendre feu brf","lang":"fr","author_id":"1249403736952201216"},{"id":"1425918082975948801","public_metrics":{"retweet_count":0,"reply_count":0,"like_count":2,"quote_count":0},"created_at":"2021-08-12T20:32:17.000Z","text":"Ni oublie, ni pardon. Jamais nous ne  pardonneront aux criminels responsables de la perte humaine et des constructions de nos aieux, les larmes amères de colère qui coulent sur nos visages. \n#Algerie #Kabylie #MaKabylieBrule \n#Tizi_Ouzou #AlgeriaIsBurning #Algeria_forest_fires https://t.co/NzPCZLi4oN","lang":"fr","author_id":"1227355398165999616"},{"id":"1425917871373361152","public_metrics":{"retweet_count":327,"reply_count":0,"like_count":0,"quote_count":0},"created_at":"2021-08-12T20:31:27.000Z","text":"RT @SecCivileFrance: \uD83C\uDDEB\uD83C\uDDF7\uD83E\uDD1D\uD83C\uDDE9\uD83C\uDDFF Les 2 #Canadair et le Beech sont arrivés en #Algérie.\nLes premiers largages ont été réalisés pour faire face aux…","lang":"fr","author_id":"2242919449"},{"id":"1425917508352102400","public_metrics":{"retweet_count":9,"reply_count":0,"like_count":0,"quote_count":0},"created_at":"2021-08-12T20:30:00.000Z","text":"RT @NabilaKeramane: De quoi je me mêle, Monsieur le Député? \nCessez de mettre l’huile sur le feu! \nVotre empathie à géométrie variable cach…","lang":"fr","author_id":"422089072"},{"id":"1425917493567229954","public_metrics":{"retweet_count":72,"reply_count":0,"like_count":0,"quote_count":0},"created_at":"2021-08-12T20:29:57.000Z","text":"RT @Islametinfo: ⭕ #DrameEnCours #Béjaia #SOS : Le feu encercle de tout bord les villages de Tala Hiba (Toudja). L'évacuation est devenu im…","lang":"fr","author_id":"328994514"},{"id":"1425917352286228486","public_metrics":{"retweet_count":327,"reply_count":0,"like_count":0,"quote_count":0},"created_at":"2021-08-12T20:29:23.000Z","text":"RT @SecCivileFrance: \uD83C\uDDEB\uD83C\uDDF7\uD83E\uDD1D\uD83C\uDDE9\uD83C\uDDFF Les 2 #Canadair et le Beech sont arrivés en #Algérie.\nLes premiers largages ont été réalisés pour faire face aux…","lang":"fr","author_id":"1043821594852954112"},{"id":"1425917150225698825","public_metrics":{"retweet_count":4132,"reply_count":0,"like_count":0,"quote_count":0},"created_at":"2021-08-12T20:28:35.000Z","text":"RT @AkliStaifi: La Kabylie brûle, l'Algérie brûle...\nqu'Allah viennent en aide au peuple Kabyle et que toutes les victimes mortes par cet i…","lang":"fr","author_id":"728917969363931136"},{"id":"1425916923297079298","public_metrics":{"retweet_count":358,"reply_count":0,"like_count":0,"quote_count":0},"created_at":"2021-08-12T20:27:41.000Z","text":"RT @RachDeVaincre: J’viens d’regarder les story de la miff en Kabylie jai les larmes aux yeux.\nFaites des duaahs. Qu’Allah fasse que la plu…","lang":"fr","author_id":"1254201714011525120"},{"id":"1425916886441766914","public_metrics":{"retweet_count":14,"reply_count":0,"like_count":0,"quote_count":0},"attachments":{"media_keys":["3_1424865639177588738"]},"created_at":"2021-08-12T20:27:32.000Z","text":"RT @dI929LC8qPCOtCq: LA KABYLIE EST EN FEU, AUCUNE RÉGION N'EST EPARGNÉE PAR CET ACTE CRIMINEL. https://t.co/qCw9LkSyTD\n#HelpKabylia https:…","lang":"fr","author_id":"1262172938163441666"},{"id":"1425916564759580675","public_metrics":{"retweet_count":0,"reply_count":2,"like_count":1,"quote_count":0},"created_at":"2021-08-12T20:26:15.000Z","text":"@CDjerbal ils ont dit la même chose l'été passé avec les incendies graves de l'année passé. Mais désolée, en Kabylie ils ont même trouvé soit disant des \"coupables\" alors que l'Algérie brûle Skikda ce soir le feu s'est encore attisé. La Kabylie est très boisée aussi, et pas que chez nous","lang":"fr","author_id":"1421989412339073024"},{"id":"1425916347377147910","public_metrics":{"retweet_count":2897,"reply_count":0,"like_count":0,"quote_count":0},"created_at":"2021-08-12T20:25:24.000Z","text":"RT @Tizi_Ouzou15: Après la Covid-19, le manque d’eau, les chutes de tension, c’est au tour des incendies. \nPlusieurs feu  d’incendie ont ét…","lang":"fr","author_id":"1270461687720808449"},{"id":"1425916066744651780","public_metrics":{"retweet_count":26,"reply_count":0,"like_count":0,"quote_count":0},"created_at":"2021-08-12T20:24:17.000Z","text":"RT @RandaHabib: At least 69 people including 28 soldiers have been killed in fires across northern #Algeria.\nThe worst hit area has been Ti…","lang":"en","author_id":"1056150352142221312"},{"id":"1425915894467858439","public_metrics":{"retweet_count":74,"reply_count":0,"like_count":0,"quote_count":0},"created_at":"2021-08-12T20:23:36.000Z","text":"RT @TariqibnZiyad__: Si la charia était instauré en Algérie cet innocent qui est venu aider ces frères en Kabylie ne serait pas brûlé vif c…","lang":"fr","author_id":"1412302700511961090"},{"id":"1425915320590610434","public_metrics":{"retweet_count":0,"reply_count":1,"like_count":0,"quote_count":0},"created_at":"2021-08-12T20:21:19.000Z","text":"@_Sirany @Onlyyakuza Il s’est fait tué par des gens pcq ils pensaient que c’était lui qui avait allumé le feu en Kabylie alors qu’il a traversé le pays pour venir en aide","lang":"fr","author_id":"1332631439414857728"},{"id":"1425915166252744712","public_metrics":{"retweet_count":916,"reply_count":0,"like_count":0,"quote_count":0},"created_at":"2021-08-12T20:20:42.000Z","text":"RT @_fitamine: L’Homme qui a été lynché brûle vif accusé d’avoir de vouloir allumer un incendie, était en réalité un artiste de Miliana qui…","lang":"fr","author_id":"4186606113"},{"id":"1425915047101046786","public_metrics":{"retweet_count":327,"reply_count":0,"like_count":0,"quote_count":0},"created_at":"2021-08-12T20:20:14.000Z","text":"RT @SecCivileFrance: \uD83C\uDDEB\uD83C\uDDF7\uD83E\uDD1D\uD83C\uDDE9\uD83C\uDDFF Les 2 #Canadair et le Beech sont arrivés en #Algérie.\nLes premiers largages ont été réalisés pour faire face aux…","lang":"fr","author_id":"487474913"},{"id":"1425915007229956103","public_metrics":{"retweet_count":181,"reply_count":0,"like_count":0,"quote_count":0},"created_at":"2021-08-12T20:20:04.000Z","text":"RT @HindaBe0rlegui_: Après la Covid-19, le manque d’eau, les chutes de tension, c’est au tour des incendies. \nPlusieurs feu  d’incendie ont…","lang":"fr","author_id":"1206219923418161155"},{"id":"1425914980411617286","public_metrics":{"retweet_count":327,"reply_count":0,"like_count":0,"quote_count":0},"created_at":"2021-08-12T20:19:58.000Z","text":"RT @SecCivileFrance: \uD83C\uDDEB\uD83C\uDDF7\uD83E\uDD1D\uD83C\uDDE9\uD83C\uDDFF Les 2 #Canadair et le Beech sont arrivés en #Algérie.\nLes premiers largages ont été réalisés pour faire face aux…","lang":"fr","author_id":"311906413"},{"id":"1425914895338455043","public_metrics":{"retweet_count":14,"reply_count":0,"like_count":0,"quote_count":0},"attachments":{"media_keys":["3_1424865639177588738"]},"created_at":"2021-08-12T20:19:37.000Z","text":"RT @dI929LC8qPCOtCq: LA KABYLIE EST EN FEU, AUCUNE RÉGION N'EST EPARGNÉE PAR CET ACTE CRIMINEL. https://t.co/qCw9LkSyTD\n#HelpKabylia https:…","lang":"fr","author_id":"2180161737"},{"id":"1425914866905329665","public_metrics":{"retweet_count":26,"reply_count":0,"like_count":0,"quote_count":0},"created_at":"2021-08-12T20:19:31.000Z","text":"RT @RandaHabib: At least 69 people including 28 soldiers have been killed in fires across northern #Algeria.\nThe worst hit area has been Ti…","lang":"en","author_id":"163508684"},{"id":"1425914798252990477","public_metrics":{"retweet_count":327,"reply_count":0,"like_count":0,"quote_count":0},"created_at":"2021-08-12T20:19:14.000Z","text":"RT @SecCivileFrance: \uD83C\uDDEB\uD83C\uDDF7\uD83E\uDD1D\uD83C\uDDE9\uD83C\uDDFF Les 2 #Canadair et le Beech sont arrivés en #Algérie.\nLes premiers largages ont été réalisés pour faire face aux…","lang":"fr","author_id":"314078302"},{"id":"1425914498364461060","public_metrics":{"retweet_count":0,"reply_count":0,"like_count":3,"quote_count":0},"attachments":{"media_keys":["3_1425914494044213249"]},"created_at":"2021-08-12T20:18:03.000Z","text":"La Kabylie est en feu \uD83D\uDD25 en partie une conséquence évidence sur #changementclimatique et de l’incapacité de nos gouvernements à agir… en grande partie à cause de l’inconséquence du gouvernement algérien, de sa corruption et son racisme intérieur #MaKabylieBrule https://t.co/bZ6DSeFc2A","lang":"fr","author_id":"326012332"},{"id":"1425914495298326545","public_metrics":{"retweet_count":1,"reply_count":0,"like_count":3,"quote_count":0},"created_at":"2021-08-12T20:18:02.000Z","text":"Donc la y a des fils de pute en Kabylie qui ont brûlé vife un jeune homme et la police est de mèche tout ça parce que askip y avait des soupçons sur lui pour les feu en Algérie ?????? La mec c'était un musicien humanitaire il a rien demandé sa mère elle est en pleure....","lang":"fr","author_id":"4018291943"},{"id":"1425914236933378050","public_metrics":{"retweet_count":916,"reply_count":0,"like_count":0,"quote_count":0},"created_at":"2021-08-12T20:17:00.000Z","text":"RT @_fitamine: L’Homme qui a été lynché brûle vif accusé d’avoir de vouloir allumer un incendie, était en réalité un artiste de Miliana qui…","lang":"fr","author_id":"1379194026721751040"},{"id":"1425914096826920967","public_metrics":{"retweet_count":0,"reply_count":1,"like_count":0,"quote_count":0},"created_at":"2021-08-12T20:16:27.000Z","text":"People are dying and suffering from the fires and COVID and these devils don’t give a damn. They are blaming the Amazigh of Kabylie of refusing help, which is a terrible lie. There is no other word to choose for their monstrous actions but genocide.","lang":"en","author_id":"1256580180505657345"},{"id":"1425913923870597129","public_metrics":{"retweet_count":85,"reply_count":0,"like_count":0,"quote_count":0},"attachments":{"media_keys":["3_1425745645537841153"]},"created_at":"2021-08-12T20:15:46.000Z","text":"RT @sirius1936: KABYLIE EN FEU\nUne pensée pour nos amis algériens eux aussi frappés par les incendies de forêts. https://t.co/0EE92y86ea","lang":"fr","author_id":"856327977356992512"},{"id":"1425913771080421380","public_metrics":{"retweet_count":2897,"reply_count":0,"like_count":0,"quote_count":0},"created_at":"2021-08-12T20:15:09.000Z","text":"RT @Tizi_Ouzou15: Après la Covid-19, le manque d’eau, les chutes de tension, c’est au tour des incendies. \nPlusieurs feu  d’incendie ont ét…","lang":"fr","author_id":"2477040773"},{"id":"1425913745721610241","public_metrics":{"retweet_count":90,"reply_count":0,"like_count":0,"quote_count":0},"created_at":"2021-08-12T20:15:03.000Z","text":"RT @MohandOulmas: My kabylie before the fires. \nWe will rebuild you again...\nPromise of your folks. \n#تيزي_وزو_تحترق \n#تيزي_وزو \n#Algerie…","lang":"en","author_id":"1081661912495075333"},{"id":"1425913456478228481","public_metrics":{"retweet_count":373,"reply_count":0,"like_count":0,"quote_count":0},"created_at":"2021-08-12T20:13:54.000Z","text":"RT @Reuters: Forest fires in Algeria killed 42 people, including 25 soldiers deployed to help put out the blaze, the government said, as th…","lang":"en","author_id":"56058169"},{"id":"1425913360575500293","public_metrics":{"retweet_count":48,"reply_count":0,"like_count":0,"quote_count":0},"attachments":{"media_keys":["7_1424855176737918981"]},"created_at":"2021-08-12T20:13:32.000Z","text":"RT @alg_tag: Woman mourns her neighbours surrounded by fire \uD83D\uDD25\uD83D\uDE22.\n\n#تيزي_وزو #تيزي_وزو_تحترق #Kabylie #PrayForAlgeria https://t.co/EIfCI2sNAI","lang":"en","author_id":"806436019063156736"},{"id":"1425913347912966146","public_metrics":{"retweet_count":0,"reply_count":0,"like_count":0,"quote_count":0},"created_at":"2021-08-12T20:13:28.000Z","text":"Incendie en Kabylie : la solidarité seule... \nLes incendies continuent de faire rage en Kabylie. Le dernier bilan fait état de 69 morts dont 28 militaires envoyés pour contrer la progression des flammes.\nhttps://t.co/wO952y8fKd","lang":"fr","author_id":"461393471"},{"id":"1425913327725776900","public_metrics":{"retweet_count":916,"reply_count":0,"like_count":0,"quote_count":0},"created_at":"2021-08-12T20:13:24.000Z","text":"RT @_fitamine: L’Homme qui a été lynché brûle vif accusé d’avoir de vouloir allumer un incendie, était en réalité un artiste de Miliana qui…","lang":"fr","author_id":"1213235392943538176"},{"id":"1425913295962320896","public_metrics":{"retweet_count":0,"reply_count":1,"like_count":0,"quote_count":0},"created_at":"2021-08-12T20:13:16.000Z","text":"@bvccti Je pense surtout que l’Algerie refuse de l’aide tout court, parce que cet incendie était criminel et volontaire et de surcroît, l’endroit n’est pas anodin. On connaît tous les conflits actuels avec la Kabylie.","lang":"fr","author_id":"877167795259224065"},{"id":"1425913216283160576","public_metrics":{"retweet_count":0,"reply_count":1,"like_count":1,"quote_count":0},"created_at":"2021-08-12T20:12:57.000Z","text":"Le gouvernement algérien (maintenant j’en suis sûr) sont les criminels qui on allume le feu étant donné que le hirak et énormément présent en Kabylie, il nous refait une 90 les années noir reviennent!! Qu’Allah abat des calamités sur le gouvernement algérien","lang":"fr","author_id":"1294742974950256642"},{"id":"1425913105641529349","public_metrics":{"retweet_count":15,"reply_count":0,"like_count":0,"quote_count":0},"created_at":"2021-08-12T20:12:31.000Z","text":"RT @RoyalSegolene: Tristesse et soutien à l’Algérie et aux habitants de Kabylie qui subissent  un effroyable incendie #Algerie","lang":"fr","author_id":"501748653"},{"id":"1425912992621809666","public_metrics":{"retweet_count":1780,"reply_count":0,"like_count":0,"quote_count":0},"created_at":"2021-08-12T20:12:04.000Z","text":"RT @Tajmaat_Service: \uD83C\uDDE9\uD83C\uDDFF FLASH - Près de 19 départs de feu ont été recensés en #Kabylie, touchant actuellement 10 communes, les feux s'appro…","lang":"fr","author_id":"837995977923575809"},{"id":"1425912252918550546","public_metrics":{"retweet_count":34,"reply_count":0,"like_count":0,"quote_count":0},"created_at":"2021-08-12T20:09:07.000Z","text":"RT @Thaqvaylithh: Mon village accueille pour ceux au alentour qui veulent s’abriter \n\nLa bas le feu avance vers ismouhal iferhounene et ili…","lang":"fr","author_id":"1358275686423818240"},{"id":"1425911994750808065","public_metrics":{"retweet_count":14,"reply_count":0,"like_count":0,"quote_count":0},"attachments":{"media_keys":["3_1424865639177588738"]},"created_at":"2021-08-12T20:08:06.000Z","text":"RT @dI929LC8qPCOtCq: LA KABYLIE EST EN FEU, AUCUNE RÉGION N'EST EPARGNÉE PAR CET ACTE CRIMINEL. https://t.co/qCw9LkSyTD\n#HelpKabylia https:…","lang":"fr","author_id":"1153791157173915648"},{"id":"1425911936970076161","public_metrics":{"retweet_count":0,"reply_count":1,"like_count":2,"quote_count":0},"created_at":"2021-08-12T20:07:52.000Z","text":"ça m’ft rire les gens ki disent we vous parlez pas de la kabylie ki brûle crari on va changer qlqch ya le feu mettez de l’eau orh","lang":"fr","author_id":"1357800715058622467"},{"id":"1425911903449190401","public_metrics":{"retweet_count":327,"reply_count":0,"like_count":0,"quote_count":0},"created_at":"2021-08-12T20:07:44.000Z","text":"RT @SecCivileFrance: \uD83C\uDDEB\uD83C\uDDF7\uD83E\uDD1D\uD83C\uDDE9\uD83C\uDDFF Les 2 #Canadair et le Beech sont arrivés en #Algérie.\nLes premiers largages ont été réalisés pour faire face aux…","lang":"fr","author_id":"1027233343719591937"},{"id":"1425911853029462018","public_metrics":{"retweet_count":14,"reply_count":0,"like_count":0,"quote_count":0},"attachments":{"media_keys":["3_1424865639177588738"]},"created_at":"2021-08-12T20:07:32.000Z","text":"RT @dI929LC8qPCOtCq: LA KABYLIE EST EN FEU, AUCUNE RÉGION N'EST EPARGNÉE PAR CET ACTE CRIMINEL. https://t.co/qCw9LkSyTD\n#HelpKabylia https:…","lang":"fr","author_id":"3364501048"},{"id":"1425911839834132488","public_metrics":{"retweet_count":14,"reply_count":0,"like_count":0,"quote_count":0},"attachments":{"media_keys":["3_1424865639177588738"]},"created_at":"2021-08-12T20:07:29.000Z","text":"RT @dI929LC8qPCOtCq: LA KABYLIE EST EN FEU, AUCUNE RÉGION N'EST EPARGNÉE PAR CET ACTE CRIMINEL. https://t.co/qCw9LkSyTD\n#HelpKabylia https:…","lang":"fr","author_id":"1392633645832232964"},{"id":"1425911746473173003","public_metrics":{"retweet_count":14,"reply_count":0,"like_count":0,"quote_count":0},"attachments":{"media_keys":["3_1424865639177588738"]},"created_at":"2021-08-12T20:07:07.000Z","text":"RT @dI929LC8qPCOtCq: LA KABYLIE EST EN FEU, AUCUNE RÉGION N'EST EPARGNÉE PAR CET ACTE CRIMINEL. https://t.co/qCw9LkSyTD\n#HelpKabylia https:…","lang":"fr","author_id":"1405742846"},{"id":"1425911621717839882","public_metrics":{"retweet_count":0,"reply_count":0,"like_count":0,"quote_count":0},"created_at":"2021-08-12T20:06:37.000Z","text":"kabyle.kabylie On \uD83D\uDD25 Fire ➗ 2021 https://t.co/xnCJcFzxXc","lang":"en","author_id":"14392535"},{"id":"1425911615686430722","public_metrics":{"retweet_count":74,"reply_count":0,"like_count":0,"quote_count":0},"created_at":"2021-08-12T20:06:35.000Z","text":"RT @TariqibnZiyad__: Si la charia était instauré en Algérie cet innocent qui est venu aider ces frères en Kabylie ne serait pas brûlé vif c…","lang":"fr","author_id":"1355818784636993537"},{"id":"1425911529514446853","public_metrics":{"retweet_count":0,"reply_count":0,"like_count":0,"quote_count":0},"created_at":"2021-08-12T20:06:15.000Z","text":"We demand international interferences and we seek justice for Kabylia and investigation to find out the criminals behind the fires which caused the death of more than 50 Innocent people and animals and many natural damages.\n\n#justice_for_kabylia #kabylie_brûle #savekabylie","lang":"en","author_id":"1425102854696624142"},{"id":"1425910970115842057","public_metrics":{"retweet_count":4,"reply_count":0,"like_count":0,"quote_count":0},"created_at":"2021-08-12T20:04:02.000Z","text":"RT @Soussoide: Qu’Allah protège la Kabylie et toute les régions du monde en feu, la « fierté » au détriment du peuple kabyle, c’est une hon…","lang":"fr","author_id":"287691837"},{"id":"1425910902944149504","public_metrics":{"retweet_count":916,"reply_count":0,"like_count":0,"quote_count":0},"created_at":"2021-08-12T20:03:46.000Z","text":"RT @_fitamine: L’Homme qui a été lynché brûle vif accusé d’avoir de vouloir allumer un incendie, était en réalité un artiste de Miliana qui…","lang":"fr","author_id":"3007931422"},{"id":"1425910756516761607","public_metrics":{"retweet_count":72,"reply_count":0,"like_count":0,"quote_count":0},"created_at":"2021-08-12T20:03:11.000Z","text":"RT @Islametinfo: ⭕ #DrameEnCours #Béjaia #SOS : Le feu encercle de tout bord les villages de Tala Hiba (Toudja). L'évacuation est devenu im…","lang":"fr","author_id":"823859617327357953"},{"id":"1425910702896734222","public_metrics":{"retweet_count":327,"reply_count":0,"like_count":0,"quote_count":0},"created_at":"2021-08-12T20:02:58.000Z","text":"RT @SecCivileFrance: \uD83C\uDDEB\uD83C\uDDF7\uD83E\uDD1D\uD83C\uDDE9\uD83C\uDDFF Les 2 #Canadair et le Beech sont arrivés en #Algérie.\nLes premiers largages ont été réalisés pour faire face aux…","lang":"fr","author_id":"3253461058"},{"id":"1425910667668869121","public_metrics":{"retweet_count":0,"reply_count":0,"like_count":1,"quote_count":0},"created_at":"2021-08-12T20:02:49.000Z","text":"Kabylie en feu toujours \uD83D\uDD25\uD83D\uDD25 appel aux aides internationales, SOS https://t.co/efxNWAHArs via @YouTube","lang":"fr","author_id":"1036146690787618817"},{"id":"1425910498541834248","public_metrics":{"retweet_count":130,"reply_count":0,"like_count":0,"quote_count":0},"created_at":"2021-08-12T20:02:09.000Z","text":"RT @SawtAlMaghreb: \uD83C\uDDF2\uD83C\uDDE6\uD83C\uDDE9\uD83C\uDDFF | Le gouvernement marocain se dit prêt à mettre en service ses compétences et ses ressources pour aider l’Algérie à…","lang":"fr","author_id":"1392189721351266304"},{"id":"1425910433727270918","public_metrics":{"retweet_count":85,"reply_count":0,"like_count":0,"quote_count":0},"attachments":{"media_keys":["3_1425745645537841153"]},"created_at":"2021-08-12T20:01:54.000Z","text":"RT @sirius1936: KABYLIE EN FEU\nUne pensée pour nos amis algériens eux aussi frappés par les incendies de forêts. https://t.co/0EE92y86ea","lang":"fr","author_id":"1273695016444190723"},{"id":"1425910345663664129","public_metrics":{"retweet_count":327,"reply_count":0,"like_count":0,"quote_count":0},"created_at":"2021-08-12T20:01:33.000Z","text":"RT @SecCivileFrance: \uD83C\uDDEB\uD83C\uDDF7\uD83E\uDD1D\uD83C\uDDE9\uD83C\uDDFF Les 2 #Canadair et le Beech sont arrivés en #Algérie.\nLes premiers largages ont été réalisés pour faire face aux…","lang":"fr","author_id":"229520828"},{"id":"1425910206286942210","public_metrics":{"retweet_count":74,"reply_count":0,"like_count":0,"quote_count":0},"created_at":"2021-08-12T20:00:59.000Z","text":"RT @TariqibnZiyad__: Si la charia était instauré en Algérie cet innocent qui est venu aider ces frères en Kabylie ne serait pas brûlé vif c…","lang":"fr","author_id":"1418655499889876992"},{"id":"1425910105799860224","public_metrics":{"retweet_count":327,"reply_count":0,"like_count":0,"quote_count":0},"created_at":"2021-08-12T20:00:36.000Z","text":"RT @SecCivileFrance: \uD83C\uDDEB\uD83C\uDDF7\uD83E\uDD1D\uD83C\uDDE9\uD83C\uDDFF Les 2 #Canadair et le Beech sont arrivés en #Algérie.\nLes premiers largages ont été réalisés pour faire face aux…","lang":"fr","author_id":"184742358"},{"id":"1425910014615691270","public_metrics":{"retweet_count":74,"reply_count":0,"like_count":0,"quote_count":0},"created_at":"2021-08-12T20:00:14.000Z","text":"RT @TariqibnZiyad__: Si la charia était instauré en Algérie cet innocent qui est venu aider ces frères en Kabylie ne serait pas brûlé vif c…","lang":"fr","author_id":"4474268422"},{"id":"1425909920327782420","public_metrics":{"retweet_count":327,"reply_count":0,"like_count":0,"quote_count":0},"created_at":"2021-08-12T19:59:51.000Z","text":"RT @SecCivileFrance: \uD83C\uDDEB\uD83C\uDDF7\uD83E\uDD1D\uD83C\uDDE9\uD83C\uDDFF Les 2 #Canadair et le Beech sont arrivés en #Algérie.\nLes premiers largages ont été réalisés pour faire face aux…","lang":"fr","author_id":"738846471869607937"},{"id":"1425909875394203654","public_metrics":{"retweet_count":327,"reply_count":0,"like_count":0,"quote_count":0},"created_at":"2021-08-12T19:59:41.000Z","text":"RT @SecCivileFrance: \uD83C\uDDEB\uD83C\uDDF7\uD83E\uDD1D\uD83C\uDDE9\uD83C\uDDFF Les 2 #Canadair et le Beech sont arrivés en #Algérie.\nLes premiers largages ont été réalisés pour faire face aux…","lang":"fr","author_id":"1093813146182131712"}],"includes":{"media":[{"media_key":"3_1425745645537841153","type":"photo","url":"https://pbs.twimg.com/media/E8lEHFZX0AE6k45.jpg"},{"media_key":"3_1425252039798427648","type":"photo","url":"https://pbs.twimg.com/media/E8eDLcuWEAAHQzL.jpg"},{"media_key":"3_1424875017012224002","type":"photo","url":"https://pbs.twimg.com/media/E8YsR1ZXoAIEyNU.jpg"},{"media_key":"3_1424875017045749760","type":"photo","url":"https://pbs.twimg.com/media/E8YsR1hXMAALI6f.jpg"},{"media_key":"3_1424875017016328197","type":"photo","url":"https://pbs.twimg.com/media/E8YsR1aWQAUlIkh.jpg"},{"media_key":"3_1424875017020583938","type":"photo","url":"https://pbs.twimg.com/media/E8YsR1bXMAIwDIN.jpg"},{"media_key":"3_1425921390214107138","type":"photo","url":"https://pbs.twimg.com/media/E8nj8xVX0AIu8au.jpg"},{"media_key":"3_1424865639177588738","type":"photo","url":"https://pbs.twimg.com/media/E8Yjv-PXEAIokoT.jpg"},{"media_key":"3_1425914494044213249","type":"photo","url":"https://pbs.twimg.com/media/E8ndrXGWEAEsuem.jpg"},{"media_key":"7_1424855176737918981","public_metrics":{"view_count":4099},"type":"video"}]},"meta":{"newest_id":"1425924787403067393","oldest_id":"1425909875394203654","result_count":99,"next_token":"b26v89c19zqg8o3fpdm8kx10qlefhfee9ykskqwv2lw8t"}}